title,price,categoryName,address,neighborhood,street,city,postalCode,state,countryCode,website,phone,phoneUnformatted,claimThisBusiness,location,totalScore,permanentlyClosed,temporarilyClosed,placeId,categories,fid,cid,reviewsCount,reviewsDistribution,imagesCount,imageCategories,scrapedAt,googleFoodUrl,hotelAds,openingHours,peopleAlsoSearch,placesTags,reviewsTags,additionalInfo,gasPrices,url,searchPageUrl,searchString,language,rank,isAdvertisement,imageUrl,kgmid,domain,scrapedUrls,depth,emails,phones,phonesUncertain,linkedIns,twitters,instagrams,facebooks,youtubes,tiktoks,pinterests,discords,snapchats,threads,telegrams,reddits,whatsapps,reviews,leadsEnrichment
Uniklinik Fogászati és Implantációs Központ Kft.,,Fogászat,"Budapest, Örs vezér tere 2, 1148 Magyarország",XIV. kerület,Örs vezér tere 2,Budapest,1148,,HU,https://www.uniklinik.hu/,+36 1 222 9150,+3612229150,false,"{""lat"":47.5042486,""lng"":19.1351137}",4.8,false,false,ChIJcx-C36ncQUcRHPnMnpWPJY4,"[""Fogászat"",""Fogászati klinika"",""Szájsebész"",""Fogszabályzó szakorvos""]",0x4741dca9df821f73:0x8e258f959eccf91c,10242750800301193500,899,"{""oneStar"":31,""twoStar"":4,""threeStar"":5,""fourStar"":9,""fiveStar"":850}",34,[],2026-02-24T19:36:35.770Z,,[],"[{""day"":""kedd"",""hours"":""7:30 to 20:00""},{""day"":""szerda"",""hours"":""7:30 to 20:00""},{""day"":""csütörtök"",""hours"":""7:30 to 20:00""},{""day"":""péntek"",""hours"":""7:30 to 20:00""},{""day"":""szombat"",""hours"":""7:30 to 20:00""},{""day"":""vasárnap"",""hours"":""Zárva""},{""day"":""hétfő"",""hours"":""7:30 to 20:00""}]",[],[],[],"{""Megközelíthetőség"":[{""Kerekesszékkel megközelíthető mosdó"":true}],""Szolgáltatások"":[{""WC"":true}],""Tervezés"":[{""Időpont szükséges"":true},{""Időpont javasolt"":true}],""Fizetés"":[{""Bankkártyás fizetés"":true},{""Hitelkártyás fizetés"":true},{""NFC-mobilfizetés"":true},{""Hitelkártyák"":true}]}",[],https://www.google.com/maps/search/?api=1&query=Uniklinik%20Fog%C3%A1szati%20%C3%A9s%20Implant%C3%A1ci%C3%B3s%20K%C3%B6zpont%20Kft.&query_place_id=ChIJcx-C36ncQUcRHPnMnpWPJY4,"https://www.google.com/maps/search/fogorvos/@47.481418350000006,19.130015750000002,13z?hl=hu",fogorvos,hu,53,false,https://lh3.googleusercontent.com/p/AF1QipP0oElnfOm-60bvMONsZnyWvQMnjMlLjsL7aaQ=w408-h272-k-no,/g/1tf22w8s,uniklinik.hu,"[""https://www.uniklinik.hu/"",""https://www.uniklinik.hu/klinikarol/"",""https://www.uniklinik.hu/altalanos-szerzodesi-feltetelek/"",""https://www.uniklinik.hu/kapcsolat/"",""https://www.uniklinik.hu/csapatunk/""]",0,[],"[""+3612227250"",""+3612229150""]","[""222 7250"",""222 9150"",""01-09-710831"",""12935394""]",[],"[""https://twitter.com/zugloifogaszat""]","[""https://www.instagram.com/uniklinik_fogaszat""]","[""https://www.facebook.com/uniklinikfogaszat""]",[],[],"[""https://hu.pinterest.com/uniklinikdental""]",[],[],[],[],[],[],,[]
Örs Klinika Fogászati és Szájsebészeti Kft.,,Szájsebész,"Budapest, Örs vezér tere 1, 1148 Magyarország",XIV. kerület,Örs vezér tere 1,Budapest,1148,,HU,https://orsklinika.hu/,+36 30 870 2393,+36308702393,false,"{""lat"":47.5040721,""lng"":19.1351364}",4.3,false,false,ChIJW-lk3ancQUcRBQmwJgMp0V8,"[""Szájsebész""]",0x4741dca9dd64e95b:0x5fd1290326b00905,6904344797246392581,77,"{""oneStar"":11,""twoStar"":2,""threeStar"":1,""fourStar"":2,""fiveStar"":61}",4,[],2026-02-24T19:36:35.769Z,,[],"[{""day"":""kedd"",""hours"":""9:00 to 19:00""},{""day"":""szerda"",""hours"":""9:00 to 19:00""},{""day"":""csütörtök"",""hours"":""9:00 to 19:00""},{""day"":""péntek"",""hours"":""9:00 to 19:00""},{""day"":""szombat"",""hours"":""Zárva""},{""day"":""vasárnap"",""hours"":""Zárva""},{""day"":""hétfő"",""hours"":""9:00 to 19:00""}]",[],[],[],"{""Megközelíthetőség"":[{""Kerekesszékkel megközelíthető mosdó"":true},{""Kerekesszékkel megközelíthető bejárat"":false}],""Szolgáltatások"":[{""WC"":true}],""Tervezés"":[{""Időpont javasolt"":true}],""Fizetés"":[{""Bankkártyás fizetés"":true},{""Hitelkártyás fizetés"":true},{""NFC-mobilfizetés"":true},{""Hitelkártyák"":true}]}",[],https://www.google.com/maps/search/?api=1&query=%C3%96rs%20Klinika%20Fog%C3%A1szati%20%C3%A9s%20Sz%C3%A1jseb%C3%A9szeti%20Kft.&query_place_id=ChIJW-lk3ancQUcRBQmwJgMp0V8,"https://www.google.com/maps/search/fogorvos/@47.481418350000006,19.130015750000002,13z?hl=hu",fogorvos,hu,51,false,https://lh3.googleusercontent.com/gps-cs-s/AHVAwerdn1DwADJPVBxC2xe_7MuAy_ZiSecSAMfQTv9cyyCXIJ8iL-nkNrF-h-GxZ0hEIt_gNKqIQDwBLFgnfWq9r4Deko8X0rqKKAmSI7y7yu9bGrzV5mOrpWdtYXZbHmrwMWaUU2WR=w425-h240-k-no,/g/1tf85v_m,orsklinika.hu,"[""https://www.orsklinika.hu/"",""https://www.orsklinika.hu/rolunk/"",""https://www.orsklinika.hu/arlista/"",""https://www.orsklinika.hu/"",""https://www.orsklinika.hu/kapcsolat/""]",0,"[""recepcio@orsklinika.hu""]","[""+36308702393"",""+3613831681""]","[""30 870 23 93"",""3831681"",""70 763 1141"",""383 1681""]",[],[],[],[],[],[],[],[],[],[],[],[],[],,[]
Evidental Fogászati Központ,,Fogászat,"Budapest, Szabolcska Mihály u. 1, 1114 Magyarország",XI. kerület,Szabolcska Mihály u. 1,Budapest,1114,,HU,http://www.evidental.hu/,+36 30 954 5616,+36309545616,false,"{""lat"":47.4756332,""lng"":19.046517}",4.6,false,false,ChIJt8sRNbLdQUcReWVZMizmIBs,"[""Fogászat""]",0x4741ddb23511cbb7:0x1b20e62c32596579,1954815315776464249,57,"{""oneStar"":5,""twoStar"":0,""threeStar"":2,""fourStar"":0,""fiveStar"":50}",9,[],2026-02-24T19:36:35.770Z,,[],"[{""day"":""kedd"",""hours"":""9:00 to 20:00""},{""day"":""szerda"",""hours"":""9:00 to 20:00""},{""day"":""csütörtök"",""hours"":""9:00 to 20:00""},{""day"":""péntek"",""hours"":""9:00 to 20:00""},{""day"":""szombat"",""hours"":""Zárva""},{""day"":""vasárnap"",""hours"":""Zárva""},{""day"":""hétfő"",""hours"":""9:00 to 20:00""}]",[],[],[],"{""Megközelíthetőség"":[{""Kerekesszékkel megközelíthető bejárat"":false},{""Kerekesszékkel megközelíthető parkoló"":false}],""Szolgáltatások"":[{""WC"":true}],""Tervezés"":[{""Időpont javasolt"":true}]}",[],https://www.google.com/maps/search/?api=1&query=Evidental%20Fog%C3%A1szati%20K%C3%B6zpont&query_place_id=ChIJt8sRNbLdQUcReWVZMizmIBs,"https://www.google.com/maps/search/fogorvos/@47.481418350000006,19.130015750000002,13z?hl=hu",fogorvos,hu,54,false,https://lh3.googleusercontent.com/p/AF1QipNzUtFX6uqx0TkztKkXBXKrhdnExSp00GtwEZY2=w408-h612-k-no,/g/11dxl4xv2y,evidental.hu,"[""http://www.evidental.hu/""]",0,[],[],[],[],[],[],[],[],[],[],[],[],[],[],[],[],,[]
Implantix - Szájsebészet és Fogászat,,Fogászat,"Budapest, Félemelet, Szent István krt. 12, 1137 Magyarország",XIII. kerület,"Félemelet, Szent István krt. 12",Budapest,1137,,HU,https://implantix.hu/,+36 30 316 1029,+36303161029,false,"{""lat"":47.5124453,""lng"":19.0507499}",5,false,false,ChIJU1B0c-_dQUcR6AbEUeawQtE,"[""Fogászat"",""Fogászati klinika"",""Szájsebész"",""Fogfehérítés""]",0x4741ddef73745053:0xd142b0e651c406e8,15078809005650609896,305,"{""oneStar"":3,""twoStar"":0,""threeStar"":0,""fourStar"":0,""fiveStar"":302}",38,[],2026-02-24T19:36:35.769Z,,[],"[{""day"":""kedd"",""hours"":""14:00 to 20:00""},{""day"":""szerda"",""hours"":""8:00 to 20:00""},{""day"":""csütörtök"",""hours"":""8:00 to 20:00""},{""day"":""péntek"",""hours"":""8:00 to 14:00""},{""day"":""szombat"",""hours"":""Zárva""},{""day"":""vasárnap"",""hours"":""Zárva""},{""day"":""hétfő"",""hours"":""8:00 to 20:00""}]",[],[],[],"{""Szolgáltatás beállításai"":[{""Helyszíni szolgáltatások"":true}],""Szolgáltatások"":[{""WC"":true}],""Tervezés"":[{""Időpont szükséges"":true},{""Időpont javasolt"":true}],""Fizetés"":[{""Bankkártyás fizetés"":true},{""Hitelkártyás fizetés"":true},{""NFC-mobilfizetés"":true},{""Hitelkártyák"":true}],""Gyermekek"":[{""Baba-mama szoba"":true}],""Parkolás"":[{""Fizetős parkolóház"":true},{""Fizetős utcai parkolás"":true}]}",[],https://www.google.com/maps/search/?api=1&query=Implantix%20-%20Sz%C3%A1jseb%C3%A9szet%20%C3%A9s%20Fog%C3%A1szat&query_place_id=ChIJU1B0c-_dQUcR6AbEUeawQtE,"https://www.google.com/maps/search/fogorvos/@47.481418350000006,19.130015750000002,13z?hl=hu",fogorvos,hu,50,false,https://lh3.googleusercontent.com/p/AF1QipMarQI9Jz8dGrYcLy-1OMivk0Z_55tKxaGuothe=w408-h272-k-no,/g/11j8_81kd4,implantix.hu,"[""https://implantix.hu/"",""https://implantix.hu/blog/milyen-vizsgalatok-szuksegesek-fogpotlas-elott/"",""https://implantix.hu/blog/a-modern-szajsebeszet-szerepe-a-bolcsessegfogak-kezeleseben/"",""https://implantix.hu/blog/milyen-eletminoseg-javulast-hozhat-egy-jo-fogpotlas/"",""https://implantix.hu/blog/""]",0,"[""%20info@implantix.hu"",""info@implantix.hu""]",[],"[""+36 30 316 1029""]","[""https://www.linkedin.com/company/implantix-sz%C3%A1jseb%C3%A9szet-fog%C3%A1szat""]",[],"[""https://www.instagram.com/implantix_budapest""]","[""https://www.facebook.com/implantixbudapest""]","[""https://www.youtube.com/watch?v=AEUFgmmvzXo"",""https://www.youtube.com/@implantix-implantsesthetic7894""]","[""https://www.tiktok.com/@implantixszjsebsz""]",[],[],[],[],[],[],[],,[]
Dr Soltész Zsófia,,Fogászat,"Budapest, Egressy út 108a, 1149 Magyarország",XIV. kerület,Egressy út 108a,Budapest,1149,,HU,http://www.drsolteszdent.hu/,,,false,"{""lat"":47.5139071,""lng"":19.1182781}",3.6,false,false,ChIJ26i2OvfbQUcRliIfM5oJ9uY,"[""Fogászat""]",0x4741dbf73ab6a8db:0xe6f6099a331f2296,16642500030881538710,38,"{""oneStar"":11,""twoStar"":2,""threeStar"":1,""fourStar"":0,""fiveStar"":24}",3,[],2026-02-24T19:36:35.769Z,,[],[],[],[],[],"{""Megközelíthetőség"":[{""Kerekesszékkel megközelíthető bejárat"":false}],""Szolgáltatások"":[{""WC"":true}],""Tervezés"":[{""Időpont javasolt"":true}]}",[],https://www.google.com/maps/search/?api=1&query=Dr%20Solt%C3%A9sz%20Zs%C3%B3fia&query_place_id=ChIJ26i2OvfbQUcRliIfM5oJ9uY,"https://www.google.com/maps/search/fogorvos/@47.481418350000006,19.130015750000002,13z?hl=hu",fogorvos,hu,42,false,https://lh3.googleusercontent.com/gps-cs-s/AHVAweps_B3_S3mFiaXby_AUDqgJTe4IAGmLLS2xBCbzH0c3yOwk846IDBEttee8oSOCvnUhQzpdYULI8hZRueB7DIcWrtzyHc-06d71BGFxgt44LnbTaVe8HevmAaVGgrjWdEGTNijk=w408-h544-k-no,/g/11t0w5hgh5,drsolteszdent.hu,"[""http://www.drsolteszdent.hu/""]",0,[],[],"[""2010-2016"",""+36-70-631-4315""]",[],[],[],"[""facebook.com/drsolteszdent"",""https://www.facebook.com/drsolteszdent""]",[],[],[],[],[],[],[],[],[],,[]
Dr. Fenyő Attila fogorvos,,Parodontológus,"Budapest, Rákosvölgyi u. 1, 1106 Magyarország",X. kerület,Rákosvölgyi u. 1,Budapest,1106,,HU,http://www.drfenyoa.hu/,+36 1 910 5863,+3619105863,false,"{""lat"":47.4941411,""lng"":19.1632743}",4,false,false,ChIJWVfyk3HcQUcRzDm5d2F-tZQ,"[""Parodontológus"",""Esztétikai fogászat""]",0x4741dc7193f25759:0x94b57e6177b939cc,10715609845483518412,41,"{""oneStar"":10,""twoStar"":0,""threeStar"":0,""fourStar"":0,""fiveStar"":31}",13,[],2026-02-24T19:36:35.769Z,,[],"[{""day"":""kedd"",""hours"":""8:00 to 20:00""},{""day"":""szerda"",""hours"":""8:00 to 20:00""},{""day"":""csütörtök"",""hours"":""8:00 to 20:00""},{""day"":""péntek"",""hours"":""8:00 to 20:00""},{""day"":""szombat"",""hours"":""8:00 to 14:00""},{""day"":""vasárnap"",""hours"":""Zárva""},{""day"":""hétfő"",""hours"":""8:00 to 20:00""}]",[],[],[],"{""Szolgáltatások"":[{""WC"":true}],""Tervezés"":[{""Időpont szükséges"":true},{""Időpont javasolt"":true}],""Fizetés"":[{""Bankkártyás fizetés"":true},{""Hitelkártyás fizetés"":true}]}",[],https://www.google.com/maps/search/?api=1&query=Dr.%20Feny%C5%91%20Attila%20fogorvos&query_place_id=ChIJWVfyk3HcQUcRzDm5d2F-tZQ,"https://www.google.com/maps/search/fogorvos/@47.481418350000006,19.130015750000002,13z?hl=hu",fogorvos,hu,48,false,https://lh3.googleusercontent.com/p/AF1QipOp8GbIwCaMmWe7YTiOP9qo1J0cTb32DzxdkHut=w408-h240-k-no,/g/11g6tyxc6g,drfenyoa.hu,"[""https://www.drfenyoa.hu/"",""https://www.drfenyoa.hu/lead-collection"",""https://www.drfenyoa.hu/"",""https://www.drfenyoa.hu/gyik""]",0,"[""ezustfenyklinikainfo@gmail.com"",""info@ezustfenyklinika.hu"",""drfenyoa@gmail.com""]","[""+3619105863""]","[""910 5863""]","[""https://www.linkedin.com/in/drfenyoa""]",[],"[""https://www.instagram.com/drfenyoa""]","[""https://www.facebook.com/drfenyoa""]",[],[],[],[],[],[],[],[],[],,[]
Differental Fogorvosi Rendelő,,Fogpótlási szakorvos,"Budapest, Csalogány u. 26, 1015 Magyarország",I. kerület,Csalogány u. 26,Budapest,1015,,HU,http://www.differental.hu/,+36 30 960 5255,+36309605255,false,"{""lat"":47.5074479,""lng"":19.0332568}",4.6,false,false,ChIJgxRxYxPdQUcREK4YKHPlQmA,"[""Fogpótlási szakorvos""]",0x4741dd1363711483:0x6042e5732818ae10,6936358658860690960,141,"{""oneStar"":15,""twoStar"":0,""threeStar"":0,""fourStar"":0,""fiveStar"":126}",16,[],2026-02-24T19:36:35.768Z,,[],"[{""day"":""kedd"",""hours"":""9:00 to 19:00""},{""day"":""szerda"",""hours"":""9:00 to 19:00""},{""day"":""csütörtök"",""hours"":""9:00 to 19:00""},{""day"":""péntek"",""hours"":""9:00 to 19:00""},{""day"":""szombat"",""hours"":""Zárva""},{""day"":""vasárnap"",""hours"":""Zárva""},{""day"":""hétfő"",""hours"":""9:00 to 19:00""}]",[],[],[],"{""Szolgáltatás beállításai"":[{""Helyszíni szolgáltatások"":true}],""Szolgáltatások"":[{""WC"":true}],""Tervezés"":[{""Időpont szükséges"":true},{""Időpont javasolt"":true}],""Fizetés"":[{""Bankkártyás fizetés"":true},{""NFC-mobilfizetés"":true},{""Hitelkártyák"":true}]}",[],https://www.google.com/maps/search/?api=1&query=Differental%20Fogorvosi%20Rendel%C5%91&query_place_id=ChIJgxRxYxPdQUcREK4YKHPlQmA,"https://www.google.com/maps/search/fogorvos/@47.481418350000006,19.130015750000002,13z?hl=hu",fogorvos,hu,41,false,https://lh3.googleusercontent.com/p/AF1QipM2Yw5PoKQIEH70TkXJWrmSHCy1eMXKZ1JLo9tH=w408-h272-k-no,/g/11h3m7l_cf,differental.hu,"[""http://www.differental.hu/""]",0,[],[],[],[],[],[],[],[],[],[],[],[],[],[],[],[],,[]
Pintér Kálmán Szakrendelő,,Orvosi rendelő,"Budapest, Nemes u. 18-20, 1188 Magyarország",XVIII. kerület,Nemes u. 18-20,Budapest,1188,,HU,http://www.18euszolg.hu/index.php?lyt=telephely_profile_details&th_id=12&menu_id=42%C3%A9,+36 1 297 2060,+3612972060,true,"{""lat"":47.4058904,""lng"":19.1885918}",2.7,false,false,ChIJA2OHlfnpQUcRVybjSU1fM_A,"[""Orvosi rendelő""]",0x4741e9f995876303:0xf0335f4d49e32657,17308282578471691863,103,"{""oneStar"":54,""twoStar"":1,""threeStar"":5,""fourStar"":12,""fiveStar"":31}",35,[],2026-02-24T19:36:35.655Z,,[],"[{""day"":""kedd"",""hours"":""7:30 to 19:30""},{""day"":""szerda"",""hours"":""7:30 to 19:30""},{""day"":""csütörtök"",""hours"":""7:30 to 19:30""},{""day"":""péntek"",""hours"":""7:30 to 19:30""},{""day"":""szombat"",""hours"":""Zárva""},{""day"":""vasárnap"",""hours"":""Zárva""},{""day"":""hétfő"",""hours"":""7:30 to 19:30""}]",[],[],[],"{""Megközelíthetőség"":[{""Kerekesszékkel megközelíthető bejárat"":true},{""Kerekesszékkel megközelíthető parkoló"":true}],""Fizetés"":[{""Bankkártyás fizetés"":true},{""NFC-mobilfizetés"":true}]}",[],https://www.google.com/maps/search/?api=1&query=Pint%C3%A9r%20K%C3%A1lm%C3%A1n%20Szakrendel%C5%91&query_place_id=ChIJA2OHlfnpQUcRVybjSU1fM_A,"https://www.google.com/maps/search/fogorvos/@47.38873669979684,19.266810937580477,13z?hl=hu",fogorvos,hu,55,false,https://lh3.googleusercontent.com/gps-cs-s/AHVAweqfcksIZvsdpCf-_BiNPGFpPVZ2GzPWLHbytsm9TkzPYTEtDYxN3-eWquzFSHyKaTvZKMZgrQkJf8Ky0VS62DODiu-klgWWpt5tX2fbrniVN1QpFKR5XtZV9YSl-Oc6wVGaXkByhw=w408-h306-k-no,/g/11b6tylkx_,18euszolg.hu,"[""https://www.18euszolg.hu/index.php?lyt=telephely_profile_details&th_id=12&menu_id=42%C3%A9""]",0,[],[],[],[],[],[],[],[],[],[],[],[],[],[],[],[],,[]
Kisfaludy Dental Fogászat,,Fogászat,"Budapest, Kisfaludy u. 59, 1196 Magyarország",XIX. kerület,Kisfaludy u. 59,Budapest,1196,,HU,http://www.kisfaludydental.hu/,+36 20 216 8638,+36202168638,false,"{""lat"":47.4529609,""lng"":19.1400224}",5,false,false,ChIJl5RAYk_DQUcRZ3cuYzXGV7w,"[""Fogászat"",""Szájsebész""]",0x4741c34f62409497:0xbc57c635632e7767,13571533934703834983,54,"{""oneStar"":0,""twoStar"":0,""threeStar"":0,""fourStar"":0,""fiveStar"":54}",10,[],2026-02-24T19:36:35.769Z,,[],"[{""day"":""kedd"",""hours"":""10:00 to 14:00""},{""day"":""szerda"",""hours"":""14:00 to 20:00""},{""day"":""csütörtök"",""hours"":""10:00 to 14:00""},{""day"":""péntek"",""hours"":""10:00 to 14:00""},{""day"":""szombat"",""hours"":""Zárva""},{""day"":""vasárnap"",""hours"":""Zárva""},{""day"":""hétfő"",""hours"":""15:00 to 20:00""}]",[],[],[],"{""Megközelíthetőség"":[{""Kerekesszékkel megközelíthető bejárat"":false},{""Kerekesszékkel megközelíthető ülőhely"":false}],""Szolgáltatások"":[{""WC"":true}],""Tervezés"":[{""Időpont szükséges"":true},{""Időpont javasolt"":true}],""Fizetés"":[{""Bankkártyás fizetés"":true},{""Hitelkártyás fizetés"":true},{""NFC-mobilfizetés"":true},{""Hitelkártyák"":true}],""Parkolás"":[{""Díjmentes utcai parkolás"":true}]}",[],https://www.google.com/maps/search/?api=1&query=Kisfaludy%20Dental%20Fog%C3%A1szat&query_place_id=ChIJl5RAYk_DQUcRZ3cuYzXGV7w,"https://www.google.com/maps/search/fogorvos/@47.481418350000006,19.130015750000002,13z?hl=hu",fogorvos,hu,45,false,https://lh3.googleusercontent.com/p/AF1QipN2fwB6AZ6iaMV0ygY0OlNdB2XIKFkLdfFJEuM2=w408-h272-k-no,/g/11hgz9p77h,kisfaludydental.hu,"[""https://www.kisfaludydental.hu/"",""https://www.kisfaludydental.hu/#"",""https://www.kisfaludydental.hu/arak/"",""https://www.kisfaludydental.hu/"",""https://www.kisfaludydental.hu/rolunk/""]",0,"[""kisfaludydental@gmail.com""]","[""+36202168638""]","[""+36 20 216 86""]",[],[],"[""https://www.instagram.com/kisfaludydental""]","[""https://www.facebook.com/kisfaludydental""]",[],[],[],[],[],[],[],[],[],,[]
Madárfogtechnika,,Fogászati központ,"Budapest, Háromszék u. 25, 1194 Magyarország",XIX. kerület,Háromszék u. 25,Budapest,1194,,HU,http://www.madarfogtechnika.hu/,+36 30 962 0884,+36309620884,false,"{""lat"":47.4322486,""lng"":19.1644805}",4.8,false,false,ChIJTWxftGXCQUcRWJ6VeQtweeg,"[""Fogászati központ"",""Fogtechnikai laboratórium""]",0x4741c265b45f6c4d:0xe879700b79959e58,16751543483568070232,6,"{""oneStar"":0,""twoStar"":0,""threeStar"":0,""fourStar"":1,""fiveStar"":5}",11,[],2026-02-24T19:36:35.655Z,,[],"[{""day"":""kedd"",""hours"":""8:30 to 16:00""},{""day"":""szerda"",""hours"":""8:30 to 16:00""},{""day"":""csütörtök"",""hours"":""8:30 to 16:00""},{""day"":""péntek"",""hours"":""8:30 to 16:00""},{""day"":""szombat"",""hours"":""Zárva""},{""day"":""vasárnap"",""hours"":""Zárva""},{""day"":""hétfő"",""hours"":""8:30 to 16:00""}]",[],[],[],,[],https://www.google.com/maps/search/?api=1&query=Mad%C3%A1rfogtechnika&query_place_id=ChIJTWxftGXCQUcRWJ6VeQtweeg,"https://www.google.com/maps/search/fogorvos/@47.38873669979684,19.266810937580477,13z?hl=hu",fogorvos,hu,54,false,https://lh3.googleusercontent.com/gps-cs-s/AHVAwep__Tpn0tKQh1PtV7jKtn79EzHbiEinB9NrwKHa7sRCzhJgdDfi1peaujTyyWtaE2NJzo_8XEAQPOtlxow0-N52GMxBxYklyd4ln3-NQ5fAW_ZnBIt7-QwdOe-VWSMcu1ZgpwZE=w408-h308-k-no,/g/113fgz0gg,madarfogtechnika.hu,"[""https://madarfogtechnika.hu/""]",0,[],[],[],[],[],[],[],[],[],[],[],[],[],[],[],[],,[]
Dr. Dálnoki Olga - Bőrgyógyász - Kozmetológus főorvos,,Bőrgyógyász,"Budapest, Déva u. 11a, 1182 Magyarország",XVIII. kerület,Déva u. 11a,Budapest,1182,,HU,http://www.bor-kozmetologus.hu/,+36 30 915 0293,+36309150293,false,"{""lat"":47.4314211,""lng"":19.2038817}",4.6,false,false,ChIJf4jWsRjCQUcRq9HD_q2t2Wc,"[""Bőrgyógyász""]",0x4741c218b1d6887f:0x67d9adadfec3d1ab,7483203218667983275,97,"{""oneStar"":10,""twoStar"":1,""threeStar"":0,""fourStar"":0,""fiveStar"":86}",3,[],2026-02-24T19:36:35.655Z,,[],"[{""day"":""kedd"",""hours"":""8:30 to 10:00""},{""day"":""szerda"",""hours"":""16:00 to 19:00""},{""day"":""csütörtök"",""hours"":""Zárva""},{""day"":""péntek"",""hours"":""Zárva""},{""day"":""szombat"",""hours"":""Zárva""},{""day"":""vasárnap"",""hours"":""Zárva""},{""day"":""hétfő"",""hours"":""16:00 to 19:00""}]",[],[],[],"{""Megközelíthetőség"":[{""Kerekesszékkel megközelíthető bejárat"":false},{""Kerekesszékkel megközelíthető mosdó"":false},{""Kerekesszékkel megközelíthető ülőhely"":false}],""Szolgáltatások"":[{""WC"":true}],""Tervezés"":[{""Időpont javasolt"":true}]}",[],https://www.google.com/maps/search/?api=1&query=Dr.%20D%C3%A1lnoki%20Olga%20-%20B%C5%91rgy%C3%B3gy%C3%A1sz%20-%20Kozmetol%C3%B3gus%20f%C5%91orvos&query_place_id=ChIJf4jWsRjCQUcRq9HD_q2t2Wc,"https://www.google.com/maps/search/fogorvos/@47.38873669979684,19.266810937580477,13z?hl=hu",fogorvos,hu,53,false,https://lh3.googleusercontent.com/gps-cs-s/AHVAwer6bJCbK-u-DMum59ztK7ccS3tkl4kA3woSnUYQahW1l-RUOx0bih0-6VLs6pPAAK_lqR6WdM6jD1vbaB6qFLfS2cPP2RwxYpCcs7GntIp8M7q2-QuPn0QLMJUg_lP7Mk2rNr_L=w408-h544-k-no,/g/1ptw2rlm8,bor-kozmetologus.hu,"[""https://bor-kozmetologus.hu/"",""https://bor-kozmetologus.hu/borgyogyaszat/"",""https://bor-kozmetologus.hu/anyajegyvizsgalat/"",""https://bor-kozmetologus.hu/allergiavizsgalat/"",""https://bor-kozmetologus.hu/""]",0,[],[],[],[],[],[],[],[],[],[],[],[],[],[],[],[],,[]
Dental Center Fogorvosi Rendelő,,Fogászati klinika,"Budapest, Párizsi u. 1-2. em, 1052 Magyarország",V. kerület,Párizsi u. 1-2. em,Budapest,1052,,HU,https://dentalcenterkelemen.hu/,+36 1 266 1611,+3612661611,false,"{""lat"":47.493681,""lng"":19.0532137}",4.6,false,false,ChIJG36qSkHcQUcRilIrfbIc6cc,"[""Fogászati klinika""]",0x4741dc414aaa7e1b:0xc7e91cb27d2b528a,14405076436050989706,66,"{""oneStar"":5,""twoStar"":1,""threeStar"":1,""fourStar"":1,""fiveStar"":58}",9,[],2026-02-24T19:36:34.855Z,,[],"[{""day"":""kedd"",""hours"":""9:00 to 19:00""},{""day"":""szerda"",""hours"":""9:00 to 19:00""},{""day"":""csütörtök"",""hours"":""9:00 to 19:00""},{""day"":""péntek"",""hours"":""Zárva""},{""day"":""szombat"",""hours"":""Zárva""},{""day"":""vasárnap"",""hours"":""Zárva""},{""day"":""hétfő"",""hours"":""9:00 to 19:00""}]",[],[],[],"{""Megközelíthetőség"":[{""Kerekesszékkel megközelíthető bejárat"":false},{""Kerekesszékkel megközelíthető parkoló"":false}],""Szolgáltatások"":[{""WC"":true}],""Tervezés"":[{""Időpont javasolt"":true}],""Fizetés"":[{""Bankkártyás fizetés"":true},{""Hitelkártyás fizetés"":true},{""NFC-mobilfizetés"":true}]}",[],https://www.google.com/maps/search/?api=1&query=Dental%20Center%20Fogorvosi%20Rendel%C5%91&query_place_id=ChIJG36qSkHcQUcRilIrfbIc6cc,"https://www.google.com/maps/search/fogorvos/@47.481418350000006,19.130015750000002,13z?hl=hu",fogorvos,hu,40,false,https://lh3.googleusercontent.com/gps-cs-s/AHVAweqL2gcwflHAuRAwpwv_pqONMrRPb2wysmDBSsagFwUb9Xt-24USgqJQ_Gq951hSFjL0wlbNp5gf9IEqLrkIc_qY-w0G46c_SgOtWiOh4uEnFm9atcErcC_CiF-puBIroxXiRMY=w408-h544-k-no,/g/1hhxkzz0d,dentalcenterkelemen.hu,"[""https://dentalcenterkelemen.hu/hu/"",""https://dentalcenterkelemen.hu/hu/kapcsolat.html"",""https://dentalcenterkelemen.hu/en/"",""https://dentalcenterkelemen.hu/hu/szolgaltatasok/digitalis-lenyomatvetel.html"",""https://dentalcenterkelemen.hu/hu/ragyogo-mosoly-teljes-allcsont-helyreallitasa.html""]",0,"[""kelemen@dentalcenterkelemen.hu"",""server@cloudhoreca.com""]","[""+3612350760"",""+3612661611"",""+36309518877""]","[""235-0760"",""266-1611"",""2018.05.28"",""2017.04.05"",""30-951-88-77"",""951-88-77"",""354 4800"",""10505867"",""01-09-074276""]",[],[],[],"[""www.facebook.com/kelemendentalcenter"",""https://www.facebook.com/fogaszatrelaxacioban""]","[""https://www.youtube.com/channel/UCIJS6wROIcb9VEJ6DuzKhvw""]",[],[],[],[],[],[],[],[],,[]
Fog-Ász Kft - Tooth Pro Budapest,,Fogászat,"Budapest, Fehér Hajó u. 8, 1052 Magyarország",V. kerület,Fehér Hajó u. 8,Budapest,1052,,HU,https://toothprobudapest.com/,+36 1 338 3233,+3613383233,false,"{""lat"":47.4960841,""lng"":19.0530543}",4.6,false,false,ChIJRVcrAEHcQUcRV8iyhrU9MBw,"[""Fogászat"",""Esztétikai fogászat"",""Fogászati klinika"",""Fogászati higiéniai szolgáltatások"",""Parodontológia, fogászati implantátumok"",""Gyermekfogorvos""]",0x4741dc41002b5745:0x1c303db586b2c857,2031191281802332247,20,"{""oneStar"":2,""twoStar"":0,""threeStar"":0,""fourStar"":0,""fiveStar"":18}",11,[],2026-02-24T19:36:35.769Z,,[],"[{""day"":""kedd"",""hours"":""13:00 to 20:00""},{""day"":""szerda"",""hours"":""9:00 to 16:00""},{""day"":""csütörtök"",""hours"":""13:00 to 19:00""},{""day"":""péntek"",""hours"":""9:00 to 15:00""},{""day"":""szombat"",""hours"":""Zárva""},{""day"":""vasárnap"",""hours"":""Zárva""},{""day"":""hétfő"",""hours"":""9:00 to 20:00""}]",[],[],[],"{""Megközelíthetőség"":[{""Kerekesszékkel megközelíthető bejárat"":true},{""Kerekesszékkel megközelíthető mosdó"":true}],""Ajánlatok"":[{""Gyermekgyógyászati ellátás"":true}],""Szolgáltatások"":[{""WC"":true}],""Tervezés"":[{""Időpont szükséges"":true},{""Időpont javasolt"":true}],""Fizetés"":[{""Bankkártyás fizetés"":true},{""Hitelkártyás fizetés"":true},{""NFC-mobilfizetés"":true}]}",[],https://www.google.com/maps/search/?api=1&query=Fog-%C3%81sz%20Kft%20-%20Tooth%20Pro%20Budapest&query_place_id=ChIJRVcrAEHcQUcRV8iyhrU9MBw,"https://www.google.com/maps/search/fogorvos/@47.481418350000006,19.130015750000002,13z?hl=hu",fogorvos,hu,49,false,https://lh3.googleusercontent.com/gps-cs-s/AHVAwer_t5YZz7tQ7DU2tchcVgUkAeauCJ4JFQwEZ9HbzoVLIp5WwryyKBbUy9cUDoXKq2V77StBFDZSXWl-l7OEwTZ6wT7J7BGJXF3TE546bxUZchxeMB4g9Ty7YbPAO3bJzpI7_tlc=w408-h275-k-no,/g/1hhxcjxdt,toothprobudapest.com,"[""https://toothprobudapest.com/"",""https://toothprobudapest.com/faqs"",""https://toothprobudapest.com/about"",""https://toothprobudapest.com/contact-us#f023350b-5715-4c08-99e4-e3d9d6a5df55"",""https://toothprobudapest.com/contact-us""]",0,"[""smile@toothprobudapest.com""]","[""+3613383233""]","[""338 3233""]",[],[],[],[],[],[],[],[],[],[],[],[],[],,[]
Béke téri Egészségügyi Szolgáltató Kft.,,Egészségügyi központ,"Budapest, Üllői út 761, 1182 Magyarország",XVIII. kerület,Üllői út 761,Budapest,1182,,HU,http://www.beketerieuszolgaltato.hu/,+36 1 294 6337,+3612946337,true,"{""lat"":47.4281282,""lng"":19.2197919}",3.2,false,false,ChIJ76eTJPPBQUcRvgiP4oMjgS8,"[""Egészségügyi központ""]",0x4741c1f32493a7ef:0x2f812383e28f08be,3423056241127000254,46,"{""oneStar"":14,""twoStar"":2,""threeStar"":9,""fourStar"":4,""fiveStar"":17}",14,[],2026-02-24T19:36:35.655Z,,[],"[{""day"":""kedd"",""hours"":""7:00 to 15:30""},{""day"":""szerda"",""hours"":""12:00 to 19:00""},{""day"":""csütörtök"",""hours"":""7:00 to 18:00""},{""day"":""péntek"",""hours"":""7:00 to 15:30""},{""day"":""szombat"",""hours"":""Zárva""},{""day"":""vasárnap"",""hours"":""Zárva""},{""day"":""hétfő"",""hours"":""12:00 to 19:00""}]",[],[],[],"{""Megközelíthetőség"":[{""Kerekesszékkel megközelíthető bejárat"":true},{""Kerekesszékkel megközelíthető mosdó"":true},{""Kerekesszékkel megközelíthető parkoló"":true}],""Szolgáltatások"":[{""WC"":true}],""Tervezés"":[{""Időpont javasolt"":true}]}",[],https://www.google.com/maps/search/?api=1&query=B%C3%A9ke%20t%C3%A9ri%20Eg%C3%A9szs%C3%A9g%C3%BCgyi%20Szolg%C3%A1ltat%C3%B3%20Kft.&query_place_id=ChIJ76eTJPPBQUcRvgiP4oMjgS8,"https://www.google.com/maps/search/fogorvos/@47.38873669979684,19.266810937580477,13z?hl=hu",fogorvos,hu,52,false,https://lh3.googleusercontent.com/gps-cs-s/AHVAwepgEL5u1t-uaguKii8o5YLolEb6LDQpbLYlcUEl8P9Oe22_Cm3xOvxlWw4uoE82jt0_GZsCPh_6hXHhVnUXuDw9U_KAMtNr4DiMWFMf5XI8d6iwFoq_m0Az0piLWdge2ClzeASrgg=w408-h240-k-no...,/g/1tg_87wf,beketerieuszolgaltato.hu,"[""https://beketerieuszolgaltato.hu/"",""https://beketerieuszolgaltato.hu/koezfinanszirozott-rendelesek/gyogytorna-szakrendeles"",""https://beketerieuszolgaltato.hu/koezfinanszirozott-rendelesek/nogyogyaszat---szakrendeles"",""https://beketerieuszolgaltato.hu/foglalkozas-egeszseguegy"",""https://beketerieuszolgaltato.hu/maganrendelesek/urologiai-maganrendeles""]",0,"[""uzemorvos@beketerieuszolgaltato.hu""]","[""+3612946337"",""+36306990030"",""+36303118388"",""+36306063554""]","[""+36-30-699-0030"",""294-6337"",""294 6337"",""+36 30 699 0030"",""+36-30-311-8388"",""+36-30-606-3554""]",[],[],[],[],[],[],[],[],[],[],[],[],[],,[]
Mia-Manó Rendelő,,Gyermekorvos,"Budapest, Üllői út 761, 1182 Magyarország",XVIII. kerület,Üllői út 761,Budapest,1182,,HU,https://miamanorendelo.hu/,+36 1 604 1262,+3616041262,false,"{""lat"":47.4282429,""lng"":19.2198696}",4.8,false,false,ChIJ7em_PPPBQUcRBzeeUI59vwk,"[""Gyermekorvos"",""Gyermek-egészségügyi központ"",""Orvosi rendelő""]",0x4741c1f33cbfe9ed:0x9bf7d8e509e3707,702418117084460807,20,"{""oneStar"":1,""twoStar"":0,""threeStar"":0,""fourStar"":0,""fiveStar"":19}",6,[],2026-02-24T19:36:35.655Z,,[],"[{""day"":""kedd"",""hours"":""12:00 to 15:00""},{""day"":""szerda"",""hours"":""10:00 to 12:00""},{""day"":""csütörtök"",""hours"":""8:00 to 11:00""},{""day"":""péntek"",""hours"":""9:00 to 12:00""},{""day"":""szombat"",""hours"":""Zárva""},{""day"":""vasárnap"",""hours"":""Zárva""},{""day"":""hétfő"",""hours"":""14:00 to 17:00""}]",[],[],[],"{""A vállalkozástól"":[{""Női tulajdonúként megadva"":true}],""Megközelíthetőség"":[{""Kerekesszékkel megközelíthető bejárat"":true},{""Kerekesszékkel megközelíthető mosdó"":true}],""Szolgáltatások"":[{""WC"":true}],""Tervezés"":[{""Időpont szükséges"":true},{""Időpont javasolt"":true}],""Fizetés"":[{""Bankkártyás fizetés"":true},{""NFC-mobilfizetés"":true},{""Hitelkártyák"":true}]}",[],https://www.google.com/maps/search/?api=1&query=Mia-Man%C3%B3%20Rendel%C5%91&query_place_id=ChIJ7em_PPPBQUcRBzeeUI59vwk,"https://www.google.com/maps/search/fogorvos/@47.38873669979684,19.266810937580477,13z?hl=hu",fogorvos,hu,56,false,https://lh3.googleusercontent.com/gps-cs-s/AHVAweoKDUx-p6u-hqzFP3xuyoQvKwDOP6_0iMRyKBIhpaGSwAqe7gO-k-2kiELAyBILqv-e2nd4EfnQpL5FKrXU1ah6oN1N3xncaLQ-l99HLOXalU3hq8_AP16lZ5a8jVqsm1eObLMP=w533-h240-k-no,/g/11g8xkf0kd,miamanorendelo.hu,"[""https://miamanorendelo.hu/"",""https://miamanorendelo.hu/blog/"",""https://miamanorendelo.hu/allami-rendeles/"",""https://miamanorendelo.hu/#"",""https://miamanorendelo.hu/""]",0,"[""maganrendelo@miamanorendelo.hu""]",[],"[""604-1262"",""2025.03.06""]",[],[],[],[],[],[],[],[],[],[],[],[],[],,[]
MindentMent Fogászati rendelő - XIV. kerület,,Fogászat,"Budapest, Pillangó u. 12, 1149 Magyarország",XIV. kerület,Pillangó u. 12,Budapest,1149,,HU,http://www.mindentment.hu/,+36 1 225 3488,+3612253488,false,"{""lat"":47.5035894,""lng"":19.1172998}",4.4,false,false,ChIJyb-bZX_dQUcR25VAT0ju97w,"[""Fogászat""]",0x4741dd7f659bbfc9:0xbcf7ee484f4095db,13616613992712672731,119,"{""oneStar"":15,""twoStar"":2,""threeStar"":2,""fourStar"":2,""fiveStar"":98}",8,[],2026-02-24T19:36:34.855Z,,[],"[{""day"":""kedd"",""hours"":""8:00 to 20:00""},{""day"":""szerda"",""hours"":""8:00 to 20:00""},{""day"":""csütörtök"",""hours"":""8:00 to 20:00""},{""day"":""péntek"",""hours"":""8:00 to 20:00""},{""day"":""szombat"",""hours"":""Zárva""},{""day"":""vasárnap"",""hours"":""Zárva""},{""day"":""hétfő"",""hours"":""8:00 to 20:00""}]",[],[],[],"{""Megközelíthetőség"":[{""Kerekesszékkel megközelíthető bejárat"":true},{""Kerekesszékkel megközelíthető mosdó"":true},{""Kerekesszékkel megközelíthető parkoló"":true}],""Szolgáltatások"":[{""WC"":true}],""Tervezés"":[{""Időpont javasolt"":true}],""Fizetés"":[{""Bankkártyás fizetés"":true},{""Hitelkártyás fizetés"":true},{""NFC-mobilfizetés"":true}]}",[],https://www.google.com/maps/search/?api=1&query=MindentMent%20Fog%C3%A1szati%20rendel%C5%91%20-%20XIV.%20ker%C3%BClet&query_place_id=ChIJyb-bZX_dQUcR25VAT0ju97w,"https://www.google.com/maps/search/fogorvos/@47.481418350000006,19.130015750000002,13z?hl=hu",fogorvos,hu,39,false,https://lh3.googleusercontent.com/p/AF1QipOrH6g6H_Tzcl7Vmt9g4jr8vnDQF9C_3LGpf3ZI=w408-h271-k-no,/g/11llpfjmfc,mindentment.hu,"[""https://www.mindentment.hu/"",""https://www.mindentment.hu/fogaszat/expressz-fogpotlas"",""https://www.mindentment.hu/fogaszat/impresszum"",""https://www.mindentment.hu/fogaszat/blog"",""https://www.mindentment.hu/fogaszat/tartalom-felhasznalasi-feltetelek""]",0,"[""info@vitalcomp.hu"",""rendelo@mindentment.hu""]","[""+3612253488"",""+36702095390""]","[""+36 70 209 5390"",""225 3488"",""225 348823"",""+36 (70) 209-53"",""225-34-88"",""01-09-704367"",""12806803"",""453 0749"",""12345678"",""2025.03.01""]",[],[],"[""https://www.instagram.com/mindentment""]","[""facebook.com/MindentMent""]","[""https://www.youtube.com/embed/jptBM62svnk"",""https://www.youtube.com/embed/4wIux3aSmNw"",""https://www.youtube.com/embed/DnPQGE0gB18"",""https://www.youtube.com/embed/Ii9zSZ3J6oc"",""https://www.youtube.com/embed/LK0r692l5x8"",""https://www.youtube.com/embed/OgWK5hfpowM"",""https://www.youtube.com/embed/PJcFGkkHWwE"",""https://www.youtube.com/embed/UJ_QnD4bKGs"",""https://www.youtube.com/embed/V-xbjkM5PyE"",""https://www.youtube.com/embed/Z6O70LswS_o"",""https://www.youtube.com/embed/aLDHGbieNgo"",""https://www.youtube.com/embed/aV7YxSqeuA4"",""https://www.youtube.com/embed/bj6nM_zfO6Q"",""https://www.youtube.com/embed/enGETTV7yOg"",""https://www.youtube.com/embed/fOvX4HABotI"",""https://www.youtube.com/embed/gYRkmrJK0CA"",""https://www.youtube.com/embed/n_rZCB3lljI"",""https://www.youtube.com/embed/rCLSmULvT7Q"",""https://www.youtube.com/embed/v6hKc7xRsvM"",""https://www.youtube.com/embed/zoyrex1gt5g"",""www.youtube.com/embed/XxKv3VV47Uo""]","[""https://www.tiktok.com/@mindentment""]",[],[],[],[],[],[],[],,[]
MYdent Fogászat (volt MXdent),,Fogászat,"Budapest, Margit körút 15-17, 1024 Magyarország",II. kerület,Margit körút 15-17,Budapest,1024,,HU,http://www.mydent.hu/,+36 30 350 7928,+36303507928,false,"{""lat"":47.5135668,""lng"":19.0349776}",4.9,false,false,ChIJ321SEh3cQUcRGfJokHppBsI,"[""Fogászat"",""Esztétikai fogászat"",""Fogászati klinika"",""Fogászati higiéniai szolgáltatások"",""Parodontológia, fogászati implantátumok"",""Fogászati radiológia"",""Fogászati központ""]",0x4741dc1d12526ddf:0xc206697a9068f219,13980978068348006937,714,"{""oneStar"":15,""twoStar"":1,""threeStar"":1,""fourStar"":6,""fiveStar"":691}",29,[],2026-02-24T19:36:34.855Z,,[],"[{""day"":""kedd"",""hours"":""8:00 to 18:00""},{""day"":""szerda"",""hours"":""8:00 to 20:00""},{""day"":""csütörtök"",""hours"":""9:00 to 19:00""},{""day"":""péntek"",""hours"":""9:00 to 19:00""},{""day"":""szombat"",""hours"":""Zárva""},{""day"":""vasárnap"",""hours"":""Zárva""},{""day"":""hétfő"",""hours"":""8:00 to 20:00""}]",[],[],[],"{""A vállalkozástól"":[{""Női tulajdonúként megadva"":true}],""Szolgáltatások"":[{""WC"":true}],""Közönség"":[{""Biztonságos hely a transzneműek számára"":true},{""LMBTQ+-barát"":true}],""Tervezés"":[{""Időpont szükséges"":true},{""Időpont javasolt"":true}],""Fizetés"":[{""Bankkártyás fizetés"":true},{""Hitelkártyás fizetés"":true},{""NFC-mobilfizetés"":true}],""Parkolás"":[{""Fizetős parkoló"":true},{""Fizetős utcai parkolás"":true}]}",[],https://www.google.com/maps/search/?api=1&query=MYdent%20Fog%C3%A1szat%20(volt%20MXdent)&query_place_id=ChIJ321SEh3cQUcRGfJokHppBsI,"https://www.google.com/maps/search/fogorvos/@47.481418350000006,19.130015750000002,13z?hl=hu",fogorvos,hu,35,false,https://lh3.googleusercontent.com/p/AF1QipPqiW3t0qFOfRRyT6EYsLL6TBls6HazS9xa1xkk=w408-h272-k-no,/g/1th80qkl,mydent.hu,"[""https://mydent.hu/"",""https://mydent.hu/#"",""https://mydent.hu/fogaszati-blog/"",""https://mydent.hu/"",""https://mydent.hu/aszf-altalanos-szerzodesi-feltetelek/""]",0,"[""info@mydent.hu""]",[],"[""+36 30 350792"",""2008-2025"",""2025.02.06"",""13-09-192945"",""24983679"",""2024.01.01""]",[],"[""https://twitter.com/MXdentFogaszat""]",[],"[""https://www.facebook.com/mxdent.fogaszat""]","[""https://www.youtube.com/user/mxdentfogaszat""]",[],[],[],[],[],[],[],[],,[]
Erzsébet Dentál & Medical,,Fogászat,"Budapest, Lajtha László u. 24, 1203 Magyarország",XX. kerület,Lajtha László u. 24,Budapest,1203,,HU,http://www.erzsebet-fogaszat.hu/,+36 1 284 6596,+3612846596,true,"{""lat"":47.440288,""lng"":19.098418}",4,false,false,ChIJXdRSWE3dQUcRUcuCLLaF850,"[""Fogászat""]",0x4741dd4d5852d45d:0x9df385b62c82cb51,11381587700772686673,142,"{""oneStar"":27,""twoStar"":6,""threeStar"":4,""fourStar"":2,""fiveStar"":103}",15,[],2026-02-24T19:36:34.855Z,,[],"[{""day"":""kedd"",""hours"":""8:00 to 20:00""},{""day"":""szerda"",""hours"":""8:00 to 20:00""},{""day"":""csütörtök"",""hours"":""8:00 to 20:00""},{""day"":""péntek"",""hours"":""8:00 to 20:00""},{""day"":""szombat"",""hours"":""8:00 to 14:00""},{""day"":""vasárnap"",""hours"":""Zárva""},{""day"":""hétfő"",""hours"":""8:00 to 20:00""}]",[],[],[],"{""Megközelíthetőség"":[{""Kerekesszékkel megközelíthető bejárat"":true},{""Kerekesszékkel megközelíthető mosdó"":true},{""Kerekesszékkel megközelíthető parkoló"":true}],""Szolgáltatások"":[{""WC"":true}],""Tervezés"":[{""Időpont javasolt"":true}],""Fizetés"":[{""Bankkártyás fizetés"":true},{""Hitelkártyás fizetés"":true},{""NFC-mobilfizetés"":true}]}",[],https://www.google.com/maps/search/?api=1&query=Erzs%C3%A9bet%20Dent%C3%A1l%20%26%20Medical&query_place_id=ChIJXdRSWE3dQUcRUcuCLLaF850,"https://www.google.com/maps/search/fogorvos/@47.481418350000006,19.130015750000002,13z?hl=hu",fogorvos,hu,31,false,https://lh3.googleusercontent.com/gps-cs-s/AHVAwepb86u9PB1aRifrd-zv9CWHxdlF0_oY1ANEMVNBLmy_7hk1PZXr8oBZfT7yNcZtYnZb15vjCgatMFsZd3SIkEYNjSxBo0lYTVdUQaX-qI78uB1pCf_LrA89vOVEy6FR-ZctxfXF=w426-h240-k-no,/g/11b8t6lvw3,erzsebet-fogaszat.hu,"[""https://www.erzsebet-fogaszat.hu/"",""https://www.erzsebet-fogaszat.hu/szakrendeleseink"",""https://www.erzsebet-fogaszat.hu/fogaszat"",""https://www.erzsebet-fogaszat.hu/impresszum"",""https://www.erzsebet-fogaszat.hu/synlab-vervetel""]",0,"[""erzsebetdental@gmail.com"",""ugyfelszolgalat@creatwork.hu""]","[""+36205666049"",""+36 70 395 5877"",""+3618868845""]","[""566-6049"",""01-09-947735"",""896-3041"",""+36 70 395 5877"",""886 8845"",""4000-7500"",""5000-9600""]",[],[],[],"[""https://www.facebook.com/arvai.barta.med""]",[],[],[],[],[],[],[],[],[],,[]
Egészség és Mosoly Fogászati Rendelő,,Fogászat,"Budapest, Nyugati tér 5-1. emelet 3. ajtó, 1132 Magyarország",XIII. kerület,Nyugati tér 5-1. emelet 3. ajtó,Budapest,1132,,HU,https://mosolyod.hu/,+36 30 092 2559,+36300922559,false,"{""lat"":47.5108717,""lng"":19.0549738}",4.8,false,false,ChIJIWkIf2HdQUcRNzOyK4EcvVc,"[""Fogászat"",""Fogászati klinika"",""Parodontológia, fogászati implantátumok"",""Fogászati központ"",""Szájsebész""]",0x4741dd617f086921:0x57bd1c812bb23337,6322240793007502135,119,"{""oneStar"":5,""twoStar"":1,""threeStar"":1,""fourStar"":0,""fiveStar"":112}",9,[],2026-02-24T19:36:34.854Z,,[],"[{""day"":""kedd"",""hours"":""8:00 to 20:00""},{""day"":""szerda"",""hours"":""8:00 to 20:00""},{""day"":""csütörtök"",""hours"":""8:00 to 20:00""},{""day"":""péntek"",""hours"":""8:00 to 20:00""},{""day"":""szombat"",""hours"":""8:00 to 14:00""},{""day"":""vasárnap"",""hours"":""Zárva""},{""day"":""hétfő"",""hours"":""8:00 to 20:00""}]",[],[],[],"{""Szolgáltatások"":[{""WC"":true}],""Tervezés"":[{""Időpont szükséges"":true},{""Időpont javasolt"":true}],""Fizetés"":[{""Bankkártyás fizetés"":true},{""Hitelkártyás fizetés"":true},{""NFC-mobilfizetés"":true}]}",[],https://www.google.com/maps/search/?api=1&query=Eg%C3%A9szs%C3%A9g%20%C3%A9s%20Mosoly%20Fog%C3%A1szati%20Rendel%C5%91&query_place_id=ChIJIWkIf2HdQUcRNzOyK4EcvVc,"https://www.google.com/maps/search/fogorvos/@47.481418350000006,19.130015750000002,13z?hl=hu",fogorvos,hu,29,false,https://lh3.googleusercontent.com/p/AF1QipPd1n5qXWtchZPzjO1sHYJLEpg6ZHUBWsXAJ27g=w408-h306-k-no,/g/11tjzzc_v6,mosolyod.hu,"[""https://mosolyod.hu/"",""https://mosolyod.hu/online-foglalas/"",""https://mosolyod.hu/fogaszat/"",""https://mosolyod.hu/munkatarsaink-2025/"",""https://mosolyod.hu/""]",0,"[""rendelo@mosolyod.hu""]","[""+36300922559"",""06300922559""]","[""+36 30 092 2559"",""092-2559"",""06 30 092 2559""]",[],[],[],[],[],[],[],[],[],[],[],[],[],,[]
Fehérvári Dental Újbuda,,Fogászat,"Budapest, Fehérvári út 126-128 2-emelet 6, 1116 Magyarország",XI. kerület,Fehérvári út 126-128 2-emelet 6,Budapest,1116,,HU,https://www.fehervari-dental.hu/,+36 1 445 0011,+3614450011,false,"{""lat"":47.4563832,""lng"":19.0405685}",4.8,false,false,ChIJX5fyvRfdQUcRe2pLpdYCSKU,"[""Fogászat""]",0x4741dd17bdf2975f:0xa54802d6a54b6a7b,11909772335500716667,283,"{""oneStar"":14,""twoStar"":3,""threeStar"":1,""fourStar"":2,""fiveStar"":263}",25,[],2026-02-24T19:36:34.854Z,,[],"[{""day"":""kedd"",""hours"":""8:00 to 20:00""},{""day"":""szerda"",""hours"":""8:00 to 20:00""},{""day"":""csütörtök"",""hours"":""8:00 to 20:00""},{""day"":""péntek"",""hours"":""8:00 to 20:00""},{""day"":""szombat"",""hours"":""Zárva""},{""day"":""vasárnap"",""hours"":""Zárva""},{""day"":""hétfő"",""hours"":""8:00 to 20:00""}]",[],[],[],"{""Megközelíthetőség"":[{""Kerekesszékkel megközelíthető bejárat"":true},{""Kerekesszékkel megközelíthető mosdó"":true},{""Kerekesszékkel megközelíthető parkoló"":true}],""Szolgáltatások"":[{""WC"":true}],""Tervezés"":[{""Időpont szükséges"":true},{""Időpont javasolt"":true}],""Fizetés"":[{""Bankkártyás fizetés"":true},{""Hitelkártyás fizetés"":true},{""NFC-mobilfizetés"":true}]}",[],https://www.google.com/maps/search/?api=1&query=Feh%C3%A9rv%C3%A1ri%20Dental%20%C3%9Ajbuda&query_place_id=ChIJX5fyvRfdQUcRe2pLpdYCSKU,"https://www.google.com/maps/search/fogorvos/@47.481418350000006,19.130015750000002,13z?hl=hu",fogorvos,hu,26,false,https://lh3.googleusercontent.com/p/AF1QipNnLmHtghRBmmb8FVk5vf1hoIwec_DGyJe39_QG=w408-h544-k-no,/g/11fwtr0yzh,fehervari-dental.hu,"[""https://www.fehervari-dental.hu/hu/"",""https://www.fehervari-dental.hu/hu/blog/cukorbetegseg-fogaszati-egeszseg"",""https://www.fehervari-dental.hu/hu/blog/taplalkozas-fogaszati-egeszseg-alapos-utmutato"",""https://www.fehervari-dental.hu/hu/impresszum"",""https://www.fehervari-dental.hu/hu/blog""]",0,[],"[""+36 20 417 0167""]","[""+36 20 417 0167"",""445 0011"",""700 3930"",""1234567891011""]",[],"[""https://twitter.com/FehervariDental""]","[""https://instagram.com/fehervaridental_budapest""]","[""https://www.facebook.com/FehervariDental""]","[""https://www.youtube.com/channel/UCjltH63Aig4Tv-tkurWnq-Q""]",[],"[""https://hu.pinterest.com/fehervaridentalfiok""]",[],[],[],[],[],[],,[]
Teleki Dental,,Fogászat,"Budapest, Teleki László tér 8-9, 1086 Magyarország",VIII. kerület,Teleki László tér 8-9,Budapest,1086,,HU,https://www.telekidental.hu/,+36 70 336 2675,+36703362675,false,"{""lat"":47.4929873,""lng"":19.084696}",4.3,false,false,ChIJ94co797dQUcRAAEsapHWaOY,"[""Fogászat"",""Esztétikai fogászat"",""Fogászati klinika"",""Fogászati higiéniai szolgáltatások"",""Parodontológia, fogászati implantátumok"",""Fogászati központ"",""Szájsebész"",""Fogszabályzó szakorvos"",""Gyermekfogorvos""]",0x4741dddeef2887f7:0xe668d6916a2c0100,16602755946341204224,87,"{""oneStar"":13,""twoStar"":2,""threeStar"":0,""fourStar"":1,""fiveStar"":71}",21,[],2026-02-24T19:36:34.854Z,,[],"[{""day"":""kedd"",""hours"":""8:00 to 20:00""},{""day"":""szerda"",""hours"":""8:00 to 20:00""},{""day"":""csütörtök"",""hours"":""8:00 to 20:00""},{""day"":""péntek"",""hours"":""8:00 to 20:00""},{""day"":""szombat"",""hours"":""8:00 to 20:00""},{""day"":""vasárnap"",""hours"":""Zárva""},{""day"":""hétfő"",""hours"":""8:00 to 20:00""}]",[],[],[],"{""Ajánlatok"":[{""Gyermekgyógyászati ellátás"":true}],""Szolgáltatások"":[{""WC"":true}],""Tervezés"":[{""Időpont szükséges"":true},{""Időpont javasolt"":true}],""Fizetés"":[{""Bankkártyás fizetés"":true},{""Hitelkártyás fizetés"":true},{""NFC-mobilfizetés"":true}]}",[],https://www.google.com/maps/search/?api=1&query=Teleki%20Dental&query_place_id=ChIJ94co797dQUcRAAEsapHWaOY,"https://www.google.com/maps/search/fogorvos/@47.481418350000006,19.130015750000002,13z?hl=hu",fogorvos,hu,25,false,https://lh3.googleusercontent.com/p/AF1QipPwoRx_Dn-t_fPuBu3zbxQKPW-KJjUsi5D8PNZv=w408-h544-k-no,/g/11j0w7xz6z,telekidental.hu,"[""https://www.telekidental.hu/hu/"",""https://www.telekidental.hu/hu/blog"",""https://www.telekidental.hu/hu/blog/a-fogselyem-tipusai-kinek-melyiket-erdemes-valasztania"",""https://www.telekidental.hu/hu/impresszum"",""https://www.telekidental.hu/hu/blog/a-fogselyem-hasznalata-erdemes-megfogadni""]",0,[],"[""+36 70 336 2675""]","[""+36 70 336 2675"",""700 3930""]",[],"[""https://twitter.com/TelekiDental""]","[""https://instagram.com/telekidental_budapest""]","[""https://www.facebook.com/telekidental""]","[""https://www.youtube.com/channel/UC3H2GiG29XFDCSf_3yexOQw""]",[],"[""https://hu.pinterest.com/TelekiDentalBudapest""]",[],[],[],[],[],[],,[]
Fogászati ügyelet,,Fogászat,"Budapest, Haris köz 5, 1052 Magyarország",V. kerület,Haris köz 5,Budapest,1052,,HU,https://www.ejjelnappalifogaszat.hu/,+36 20 477 2124,+36204772124,true,"{""lat"":47.4936833,""lng"":19.0544518}",4.2,false,false,ChIJKxa5U0HcQUcRYybOCJHkiPw,"[""Fogászat"",""Fogászati klinika""]",0x4741dc4153b9162b:0xfc88e49108ce2663,18197045605959607907,34,"{""oneStar"":6,""twoStar"":0,""threeStar"":0,""fourStar"":2,""fiveStar"":26}",2,[],2026-02-24T19:36:34.855Z,,[],"[{""day"":""kedd"",""hours"":""0:00-24:00""},{""day"":""szerda"",""hours"":""0:00-24:00""},{""day"":""csütörtök"",""hours"":""0:00-24:00""},{""day"":""péntek"",""hours"":""0:00-24:00""},{""day"":""szombat"",""hours"":""Zárva""},{""day"":""vasárnap"",""hours"":""Zárva""},{""day"":""hétfő"",""hours"":""Zárva""}]",[],[],[],"{""Szolgáltatások"":[{""WC"":true}],""Tervezés"":[{""Időpont javasolt"":true}],""Fizetés"":[{""Bankkártyás fizetés"":true},{""Hitelkártyás fizetés"":true},{""NFC-mobilfizetés"":true}]}",[],https://www.google.com/maps/search/?api=1&query=Fog%C3%A1szati%20%C3%BCgyelet&query_place_id=ChIJKxa5U0HcQUcRYybOCJHkiPw,"https://www.google.com/maps/search/fogorvos/@47.481418350000006,19.130015750000002,13z?hl=hu",fogorvos,hu,32,false,https://streetviewpixels-pa.googleapis.com/v1/thumbnail?panoid=UXJ3-IRsYndPPb2jmkpRtw&cb_client=search.gws-prod.gps&w=408&h=240&yaw=150.39839&pitch=0&thumbfov=100,/g/11j0jjyz9k,ejjelnappalifogaszat.hu,"[""http://www.ejjelnappalifogaszat.hu/"",""http://www.ejjelnappalifogaszat.hu/#"",""https://www.ejjelnappalifogaszat.hu/szolgaltatasaink/"",""https://www.ejjelnappalifogaszat.hu/"",""https://www.ejjelnappalifogaszat.hu/blog/""]",0,"[""ejjelnappalifogaszat@gmail.com""]","[""+0620-477-2124"",""06204772124""]","[""+0620-477-212406"",""266-5309"",""+0620-477-2124"",""+361-266-53-09""]",[],[],[],"[""https://www.facebook.com/ejjelnappalifogaszatugyelet""]",[],[],[],[],[],[],[],[],[],,[]
Siklós Dental Studio Kft.,,Fogszabályzó szakorvos,"Budapest, Cziffra György u. 40, 1182 Magyarország",XVIII. kerület,Cziffra György u. 40,Budapest,1182,,HU,http://www.siklosdentalstudio.hu/,+36 20 435 2883,+36204352883,false,"{""lat"":47.4320702,""lng"":19.1841627}",4.1,false,false,ChIJMVNgwRTCQUcReOBr7wf6lo4,"[""Fogszabályzó szakorvos"",""Fogászat""]",0x4741c214c1605331:0x8e96fa07ef6be078,10274674511880904824,58,"{""oneStar"":10,""twoStar"":2,""threeStar"":1,""fourStar"":2,""fiveStar"":43}",13,[],2026-02-24T19:36:34.837Z,,[],"[{""day"":""kedd"",""hours"":""9:00 to 20:00""},{""day"":""szerda"",""hours"":""9:00 to 20:00""},{""day"":""csütörtök"",""hours"":""9:00 to 20:00""},{""day"":""péntek"",""hours"":""9:00 to 17:00""},{""day"":""szombat"",""hours"":""Zárva""},{""day"":""vasárnap"",""hours"":""Zárva""},{""day"":""hétfő"",""hours"":""9:00 to 20:00""}]",[],[],[],"{""Megközelíthetőség"":[{""Kerekesszékkel megközelíthető mosdó"":true},{""Kerekesszékkel megközelíthető bejárat"":false}],""Szolgáltatások"":[{""WC"":true}],""Tervezés"":[{""Időpont javasolt"":true}],""Fizetés"":[{""Bankkártyás fizetés"":true},{""Hitelkártyás fizetés"":true},{""NFC-mobilfizetés"":true}]}",[],https://www.google.com/maps/search/?api=1&query=Sikl%C3%B3s%20Dental%20Studio%20Kft.&query_place_id=ChIJMVNgwRTCQUcReOBr7wf6lo4,"https://www.google.com/maps/search/fogorvos/@47.38873669979684,19.266810937580477,13z?hl=hu",fogorvos,hu,31,false,https://lh3.googleusercontent.com/gps-cs-s/AHVAweqleeE7JORkEANPQ-Qssv_EPNvosdVI5LwbEIsAfMkkzgtYKyn5tD9O8fbRHqCow20PNwiGy53ILg_msXfSk3IqpVJFwqKRZ1eetST1pob0n9elP6CAxyGHxOUEZJjk3bxTN9Y=w408-h494-k-no,/g/1tdpdzht,siklosdentalstudio.hu,"[""https://siklosdentalstudio.hu/"",""https://siklosdentalstudio.hu/"",""https://siklosdentalstudio.hu/mosolygaleria/"",""https://siklosdentalstudio.hu/szolgaltatasok/"",""https://siklosdentalstudio.hu/arlista/""]",0,"[""info@siklosdentalstudio.hu""]",[],"[""+36 20 435 2883""]",[],[],[],[],[],[],[],[],[],[],[],[],[],,[]
Mosolyprogram - Fogorvos,,Fogászat,"Budapest, Simonyi Zsigmond u 19, 1191 Magyarország",XIX. kerület,Simonyi Zsigmond u 19,Budapest,1191,,HU,http://www.mosolyprogram.com/,+36 70 674 9934,+36706749934,false,"{""lat"":47.4588002,""lng"":19.1491551}",5,false,false,ChIJx2DzfOHCQUcRo6DuLs24gRQ,"[""Fogászat""]",0x4741c2e17cf360c7:0x1481b8cd2eeea0a3,1477665344149430435,12,,2,[],2026-02-24T19:36:33.973Z,,[],"[{""day"":""kedd"",""hours"":""Zárva""},{""day"":""szerda"",""hours"":""10:00 to 20:00""},{""day"":""csütörtök"",""hours"":""Zárva""},{""day"":""péntek"",""hours"":""10:00 to 20:00""},{""day"":""szombat"",""hours"":""Zárva""},{""day"":""vasárnap"",""hours"":""Zárva""},{""day"":""hétfő"",""hours"":""16:00 to 20:00""}]",[],[],[],"{""Szolgáltatások"":[{""WC"":true}],""Tervezés"":[{""Időpont javasolt"":true}]}",[],https://www.google.com/maps/search/?api=1&query=Mosolyprogram%20-%20Fogorvos&query_place_id=ChIJx2DzfOHCQUcRo6DuLs24gRQ,"https://www.google.com/maps/search/fogorvos/@47.481418350000006,19.130015750000002,13z?hl=hu",fogorvos,hu,20,false,https://streetviewpixels-pa.googleapis.com/v1/thumbnail?panoid=3B1Ldma55vRrhd86h_rJDQ&cb_client=search.gws-prod.gps&w=408&h=240&yaw=128.97453&pitch=0&thumbfov=100,/g/11hyt0b9bg,mosolyprogram.com,"[""https://www.mosolyprogram.com/"",""https://www.mosolyprogram.com/teljes-fogpotlas-48-ora-alatt/"",""https://www.mosolyprogram.com/"",""https://www.mosolyprogram.com/impresszum/"",""https://www.mosolyprogram.com/bemutatkozas/""]",0,"[""info@mosolyprogram.com""]","[""+36706749934""]","[""+36 70 674 9934"",""674 9934"",""+3670 674 9934"",""25932140""]",[],[],[],"[""https://www.facebook.com/mosolyprogramfogaszat""]",[],[],[],[],[],[],[],[],[],,[]
Medicare Fogászati Klinika és Implant Központ,,Fogászat,"Budapest, Teréz krt. 55-57, 1062 Magyarország",VI. kerület,Teréz krt. 55-57,Budapest,1062,,HU,http://www.medicaredental.hu/,+36 1 465 3100,+3614653100,false,"{""lat"":47.5100154,""lng"":19.0585893}",4.5,false,false,ChIJg3jkPincQUcRpUvTSaV6ZdY,"[""Fogászat"",""Parodontológia, fogászati implantátumok"",""Fogászati klinika"",""Fogászati központ"",""Szájsebész"",""Fogszabályzó szakorvos""]",0x4741dc293ee47883:0xd6657aa549d34ba5,15448888947091131301,483,"{""oneStar"":41,""twoStar"":14,""threeStar"":9,""fourStar"":25,""fiveStar"":394}",11,[],2026-02-24T19:36:34.854Z,,[],"[{""day"":""kedd"",""hours"":""8:00 to 20:00""},{""day"":""szerda"",""hours"":""8:00 to 20:00""},{""day"":""csütörtök"",""hours"":""8:00 to 20:00""},{""day"":""péntek"",""hours"":""8:00 to 20:00""},{""day"":""szombat"",""hours"":""Zárva""},{""day"":""vasárnap"",""hours"":""Zárva""},{""day"":""hétfő"",""hours"":""8:00 to 20:00""}]",[],[],[],"{""Megközelíthetőség"":[{""Kerekesszékkel megközelíthető bejárat"":true},{""Kerekesszékkel megközelíthető mosdó"":true},{""Kerekesszékkel megközelíthető parkoló"":true}],""Szolgáltatások"":[{""WC"":true}],""Tervezés"":[{""Időpont javasolt"":true}],""Fizetés"":[{""Bankkártyás fizetés"":true},{""Hitelkártyás fizetés"":true},{""NFC-mobilfizetés"":true}]}",[],https://www.google.com/maps/search/?api=1&query=Medicare%20Fog%C3%A1szati%20Klinika%20%C3%A9s%20Implant%20K%C3%B6zpont&query_place_id=ChIJg3jkPincQUcRpUvTSaV6ZdY,"https://www.google.com/maps/search/fogorvos/@47.481418350000006,19.130015750000002,13z?hl=hu",fogorvos,hu,28,false,https://lh3.googleusercontent.com/p/AF1QipOVVwT3orYl7oRob1tzhIuLywk-t418WjF0Vd2a=w408-h306-k-no,/g/1hhx6qshm,,,,[],[],[],[],[],[],[],[],[],[],[],,,,,,,[]
Kálvin Dentál Kft.,,Fogászat,"Budapest, Üllői út 16/B-2. em. 10, 1085 Magyarország",VIII. kerület,Üllői út 16/B-2. em. 10,Budapest,1085,,HU,https://fogaszatugyelet.hu/,+36 20 315 2884,+36203152884,false,"{""lat"":47.488342,""lng"":19.064826}",4,false,false,ChIJr28rOlrcQUcRuco-qm_dfHo,"[""Fogászat""]",0x4741dc5a3a2b6faf:0x7a7cdd6faa3ecab9,8826172841406679737,259,,15,[],2026-02-24T19:36:33.973Z,,[],"[{""day"":""kedd"",""hours"":""9:00 to 21:00""},{""day"":""szerda"",""hours"":""9:00 to 21:00""},{""day"":""csütörtök"",""hours"":""9:00 to 21:00""},{""day"":""péntek"",""hours"":""9:00 to 21:00""},{""day"":""szombat"",""hours"":""9:00 to 21:00""},{""day"":""vasárnap"",""hours"":""9:00 to 21:00""},{""day"":""hétfő"",""hours"":""9:00 to 21:00""}]",[],[],[],"{""Megközelíthetőség"":[{""Kerekesszékkel megközelíthető bejárat"":false},{""Kerekesszékkel megközelíthető parkoló"":false}],""Szolgáltatások"":[{""WC"":true}],""Tervezés"":[{""Időpont javasolt"":true}],""Fizetés"":[{""Bankkártyás fizetés"":true},{""Hitelkártyás fizetés"":true},{""NFC-mobilfizetés"":true}]}",[],https://www.google.com/maps/search/?api=1&query=K%C3%A1lvin%20Dent%C3%A1l%20Kft.&query_place_id=ChIJr28rOlrcQUcRuco-qm_dfHo,"https://www.google.com/maps/search/fogorvos/@47.481418350000006,19.130015750000002,13z?hl=hu",fogorvos,hu,15,false,https://lh3.googleusercontent.com/gps-cs-s/AHVAwepYpGxUbg2E67M5-XKduiGEO9wggLfWEohkfTFQ8W1-jrj_ttsJ003jRygImRggqaYRWUs2JQRWMwNWfSmB7EmrHBTMzVEJe9xGbqHmQLOPR6flIivMhuHbevr4UgSYcAoVMRab=w408-h544-k-no,/g/11cs3kgj7r,fogaszatugyelet.hu,"[""http://fogaszatugyelet.hu/"",""http://fogaszatugyelet.hu/#main"",""http://fogaszatugyelet.hu/#"",""https://fogaszatugyelet.hu/"",""https://fogaszatugyelet.hu/blog/""]",0,[],"[""+36203152884"",""+36204772124"",""0613170060"",""+3620-315-28-84""]","[""3620-315-2884"",""+0620-315-28-84"",""0620-477-21-24"",""061-317-0060"",""0775423"",""769079952"",""0620-315-28-84""]",[],[],[],"[""https://www.facebook.com/fogaszatugyelet""]",[],[],[],[],[],[],[],[],[],,[]
Dentina Team Fogászat Budapest,,Fogászati klinika,"Budapest, Dévai u. 19, 1134 Magyarország",XIII. kerület,Dévai u. 19,Budapest,1134,,HU,http://www.dentina.hu/,+36 70 310 2252,+36703102252,false,"{""lat"":47.5193233,""lng"":19.0645736}",5,false,false,ChIJWVfyk3HcQUcRSogKlZi-0ec,"[""Fogászati klinika"",""Parodontológia, fogászati implantátumok""]",0x4741dc7193f25759:0xe7d1be98950a884a,16704342055438682186,44,,19,[],2026-02-24T19:36:33.973Z,,[],"[{""day"":""kedd"",""hours"":""Zárva""},{""day"":""szerda"",""hours"":""8:00 to 20:00""},{""day"":""csütörtök"",""hours"":""Zárva""},{""day"":""péntek"",""hours"":""Zárva""},{""day"":""szombat"",""hours"":""Zárva""},{""day"":""vasárnap"",""hours"":""Zárva""},{""day"":""hétfő"",""hours"":""8:00 to 20:00""}]",[],[],[],"{""Szolgáltatások"":[{""WC"":true}],""Tervezés"":[{""Időpont javasolt"":true}],""Fizetés"":[{""Bankkártyás fizetés"":true},{""Hitelkártyás fizetés"":true},{""NFC-mobilfizetés"":true}]}",[],https://www.google.com/maps/search/?api=1&query=Dentina%20Team%20Fog%C3%A1szat%20Budapest&query_place_id=ChIJWVfyk3HcQUcRSogKlZi-0ec,"https://www.google.com/maps/search/fogorvos/@47.481418350000006,19.130015750000002,13z?hl=hu",fogorvos,hu,17,false,https://lh3.googleusercontent.com/p/AF1QipPKE_sQUy_3IEH_SUjwj6NsBMSLw03NSz63SrKH=w408-h272-k-no,/g/11dymd6_zw,dentina.hu,"[""https://dentina.hu/"",""https://dentina.hu/"",""https://dentina.hu/teleszkopos-fogsor/"",""https://dentina.hu/teljes-kiveheto-fogsor/"",""https://dentina.hu/kapcsolat/""]",0,"[""info@dentina.hu""]","[""+36 70 310 2252""]","[""+36 70 310 2252""]",[],[],[],[],[],[],[],[],[],[],[],[],[],,[]
Dentabo Fogorvosi Rendelő - Zugló,,Fogászat,"Budapest, Szugló u. 78, 1145 Magyarország",XIV. kerület,Szugló u. 78,Budapest,1145,,HU,http://www.dentabo.hu/,+36 1 363 2734,+3613632734,false,"{""lat"":47.5169254,""lng"":19.1153606}",4.4,false,false,ChIJVxuIdGbbQUcR-R9Yoj-3bw4,"[""Fogászat"",""Esztétikai fogászat"",""Parodontológia, fogászati implantátumok"",""Fogászati központ"",""Szájsebész""]",0x4741db6674881b57:0xe6fb73fa2581ff9,1040251522880380921,59,,23,[],2026-02-24T19:36:33.973Z,,[],"[{""day"":""kedd"",""hours"":""8:00 to 20:00""},{""day"":""szerda"",""hours"":""8:00 to 20:00""},{""day"":""csütörtök"",""hours"":""8:00 to 20:00""},{""day"":""péntek"",""hours"":""8:00 to 20:00""},{""day"":""szombat"",""hours"":""Zárva""},{""day"":""vasárnap"",""hours"":""Zárva""},{""day"":""hétfő"",""hours"":""8:00 to 20:00""}]",[],[],[],"{""Megközelíthetőség"":[{""Kerekesszékkel megközelíthető bejárat"":false},{""Kerekesszékkel megközelíthető parkoló"":false}],""Szolgáltatások"":[{""WC"":true}],""Tervezés"":[{""Időpont javasolt"":true}],""Fizetés"":[{""Bankkártyás fizetés"":true},{""Hitelkártyás fizetés"":true},{""NFC-mobilfizetés"":true}]}",[],https://www.google.com/maps/search/?api=1&query=Dentabo%20Fogorvosi%20Rendel%C5%91%20-%20Zugl%C3%B3&query_place_id=ChIJVxuIdGbbQUcR-R9Yoj-3bw4,"https://www.google.com/maps/search/fogorvos/@47.481418350000006,19.130015750000002,13z?hl=hu",fogorvos,hu,16,false,https://lh3.googleusercontent.com/p/AF1QipOA7RduKRwL3zsMgAXKOz8peAykYwOs16cdiWhM=w408-h612-k-no,/g/1hhvp7dgd,dentabo.hu,"[""https://www.dentabo.hu/"",""https://www.dentabo.hu/magunkrol/"",""https://www.dentabo.hu/#"",""https://www.dentabo.hu/gyakran-ismetelt-kerdesek/"",""https://www.dentabo.hu/""]",0,"[""info@dentabo.hu""]","[""+3613632734"",""+36209575386""]","[""+36 (20) 957 5386"",""363 2734"",""363 27 34"",""2025.06.17"",""2017.06.13"",""2017.08.14"",""2017.08.10"",""2010-2026"",""000-1500""]",[],[],[],"[""https://www.facebook.com/dentabo""]",[],[],[],[],[],[],[],[],[],,[]
SZÉ-DENT Fogászat,,Fogászat,"Budapest, Kiss Ernő u. 23, 1184 Magyarország",XVIII. kerület,Kiss Ernő u. 23,Budapest,1184,,HU,https://sze-dent.hu/,+36 30 642 8914,+36306428914,false,"{""lat"":47.4493233,""lng"":19.1677881}",4.5,false,false,ChIJRxrzlD7CQUcRPMEJsB3ouSo,"[""Fogászat"",""Fogászati higiéniai szolgáltatások"",""Parodontológia, fogászati implantátumok"",""Fogtechnikai laboratórium"",""Fogászati központ"",""Szájsebész"",""Gyermekfogorvos"",""Fogfehérítés""]",0x4741c23e94f31a47:0x2ab9e81db009c13c,3078747034489569596,65,,52,[],2026-02-24T19:36:33.973Z,,[],"[{""day"":""kedd"",""hours"":""8:00 to 18:00""},{""day"":""szerda"",""hours"":""8:00 to 18:00""},{""day"":""csütörtök"",""hours"":""8:00 to 18:00""},{""day"":""péntek"",""hours"":""8:00 to 18:00""},{""day"":""szombat"",""hours"":""Zárva""},{""day"":""vasárnap"",""hours"":""Zárva""},{""day"":""hétfő"",""hours"":""8:00 to 20:00""}]",[],[],[],"{""Ajánlatok"":[{""Esztétikai fogászat"":true},{""Gyermekgyógyászati ellátás"":true},{""Nyugtatásos fogászat"":true}],""Szolgáltatások"":[{""WC"":true}],""Tervezés"":[{""Időpont szükséges"":true},{""Időpont javasolt"":true}],""Fizetés"":[{""Bankkártyás fizetés"":true},{""Hitelkártyás fizetés"":true},{""NFC-mobilfizetés"":true},{""Hitelkártyák"":true}],""Parkolás"":[{""Díjmentes parkoló"":true},{""Díjmentes utcai parkolás"":true},{""Helyszíni parkolás"":true}]}",[],https://www.google.com/maps/search/?api=1&query=SZ%C3%89-DENT%20Fog%C3%A1szat&query_place_id=ChIJRxrzlD7CQUcRPMEJsB3ouSo,"https://www.google.com/maps/search/fogorvos/@47.481418350000006,19.130015750000002,13z?hl=hu",fogorvos,hu,14,false,https://lh3.googleusercontent.com/p/AF1QipMco68tzJDtE_LDX7wgJnIchypV1TJHM-kY9S6a=w408-h271-k-no,/g/1hm4xkvb4,sze-dent.hu,"[""https://sze-dent.hu/"",""https://sze-dent.hu/rolunk/"",""https://sze-dent.hu/"",""https://sze-dent.hu/kapcsolat/"",""https://sze-dent.hu/blog/""]",0,"[""szedent@gmail.com""]","[""+36306428914""]","[""+36 30 642 8914"",""2026.01.16"",""2026.01.07"",""2025.12.02"",""2025.11.14"",""2025.10.30"",""2025.09.10"",""2025.09.04"",""2025.08.04"",""2025.03.04"",""2025.01.29"",""2025.01.13"",""2024.12.06"",""2024.11.10""]","[""https://www.linkedin.com/company/sz%C3%A9-dent-fog%C3%A1szat""]",[],"[""https://www.instagram.com/szedent""]","[""https://www.facebook.com/szedent""]","[""https://www.youtube.com/@szedent-fogaszat""]","[""https://www.tiktok.com/@szedentfogaszat""]",[],[],[],[],[],[],[],,[]
AAA Klinikák Dent Kft,,Fogászat,"Budapest, Tűzoltó u. 70, 1094 Magyarország",IX. kerület,Tűzoltó u. 70,Budapest,1094,,HU,http://fogorvosi-rendelo.hu/,+36 1 215 6872,+3612156872,false,"{""lat"":47.4803167,""lng"":19.0802913}",4.8,false,false,ChIJPUbHFPvcQUcRzAbLsLIgVKc,"[""Fogászat"",""Fogászati klinika"",""Fogászati ügyelet"",""Fogászati központ""]",0x4741dcfb14c7463d:0xa75420b2b0cb06cc,12057298054220023500,105,,11,[],2026-02-24T19:36:33.973Z,,[],[],[],[],[],"{""Megközelíthetőség"":[{""Kerekesszékkel megközelíthető bejárat"":true},{""Kerekesszékkel megközelíthető mosdó"":true},{""Kerekesszékkel megközelíthető ülőhely"":true}],""Fizetés"":[{""Bankkártyás fizetés"":true},{""Hitelkártyás fizetés"":true},{""NFC-mobilfizetés"":true},{""Hitelkártyák"":true}],""Parkolás"":[{""Fizetős utcai parkolás"":true}]}",[],https://www.google.com/maps/search/?api=1&query=AAA%20Klinik%C3%A1k%20Dent%20Kft&query_place_id=ChIJPUbHFPvcQUcRzAbLsLIgVKc,"https://www.google.com/maps/search/fogorvos/@47.481418350000006,19.130015750000002,13z?hl=hu",fogorvos,hu,12,false,https://lh3.googleusercontent.com/p/AF1QipMsrcMQTEhMUnoU5dccJDJTdGNDL-p6WM4Mtm_l=w408-h259-k-no,/g/1tjpp8g3,fogorvosi-rendelo.hu,"[""https://www.fogorvosi-rendelo.hu/"",""https://www.fogorvosi-rendelo.hu/ferencvaros-fogorvos-fogaszat.html"",""https://www.fogorvosi-rendelo.hu/fogaszati-ugyelet-szolgaltatasaink-fogorvos.html"",""https://www.fogorvosi-rendelo.hu/fogorvosi-rendelo-budapest-fogaszat.html"",""https://www.fogorvosi-rendelo.hu/fogorvosi-uegyelet.html""]",0,[],"[""06204853284""]","[""06 20 485 32"",""06 (20) 485 32"",""215 6872"",""06 (20) 485-3284""]",[],[],[],"[""https://www.facebook.com/pages/Fogorvosi-rendel""]",[],[],[],[],[],[],[],[],[],,[]
"Haifa Dent 2 Fogászat, Fogorvosi Rendelő Budapest VII. ker.",,Fogászat,"Budapest, Akácfa u. 10, 1072 Magyarország",VII. kerület,Akácfa u. 10,Budapest,1072,,HU,https://www.haifadent.hu/,+36 20 263 7262,+36202637262,false,"{""lat"":47.4979402,""lng"":19.0681852}",4,false,false,ChIJAc5GIGLdQUcRXWSH1OSQmyk,"[""Fogászat"",""Esztétikai fogászat"",""Fogászati klinika"",""Parodontológia, fogászati implantátumok"",""Fogászati központ"",""Fogászati ügyelet"",""Szájsebész"",""Fogszabályzó szakorvos""]",0x4741dd622046ce01:0x299b90e4d487645d,2998149289437783133,229,,5,[],2026-02-24T19:36:33.973Z,,[],"[{""day"":""kedd"",""hours"":""0:00-24:00""},{""day"":""szerda"",""hours"":""0:00-24:00""},{""day"":""csütörtök"",""hours"":""0:00-24:00""},{""day"":""péntek"",""hours"":""0:00-24:00""},{""day"":""szombat"",""hours"":""0:00-24:00""},{""day"":""vasárnap"",""hours"":""0:00-24:00""},{""day"":""hétfő"",""hours"":""0:00-24:00""}]",[],[],[],"{""Megközelíthetőség"":[{""Kerekesszékkel megközelíthető bejárat"":false},{""Kerekesszékkel megközelíthető parkoló"":false}],""Szolgáltatások"":[{""WC"":true}],""Tervezés"":[{""Időpont szükséges"":true},{""Időpont javasolt"":true}],""Fizetés"":[{""Bankkártyás fizetés"":true},{""Hitelkártyás fizetés"":true},{""NFC-mobilfizetés"":true}]}",[],https://www.google.com/maps/search/?api=1&query=Haifa%20Dent%202%20Fog%C3%A1szat%2C%20Fogorvosi%20Rendel%C5%91%20Budapest%20VII.%20ker.&query_place_id=ChIJAc5GIGLdQUcRXWSH1OSQmyk,"https://www.google.com/maps/search/fogorvos/@47.481418350000006,19.130015750000002,13z?hl=hu",fogorvos,hu,8,false,https://lh3.googleusercontent.com/gps-cs-s/AHVAweq1WaLjtc99XoCW9UgPCRQ_rXEzxxemhObrA2HEo3WFWiZDfRmxMCcaf89L2h2UTghyBWs5qF1wn5Pp84eydMtBJhADt7zzUNkgZ1VC35AS-P1w21QMc6O7xPVtpWf3cD5IbsYc=w408-h435-k-no,/g/11nchvp_lk,haifadent.hu,"[""https://www.haifadent.hu/hu/"",""https://www.haifadent.hu/hu/blog"",""https://www.haifadent.hu/hu/blog/bolcsessegfog-fajdalom"",""https://www.haifadent.hu/hu/impresszum"",""https://www.haifadent.hu/hu/blog/gyermekfogaszat""]",0,[],"[""+36 20 263 7262"",""+36 20 361 0258""]","[""+36 20 263 7262"",""+36 20 361 0258""]",[],"[""https://twitter.com/HaifaDental""]","[""https://instagram.com/haifadent_nonstop""]","[""https://www.facebook.com/HaifaDental""]","[""https://www.youtube.com/channel/UC1hIXazW5r5V-zvwAkLSmaQ""]",[],"[""https://hu.pinterest.com/HaifaDentalBudapest""]",[],[],[],[],[],[],,[]
Árkád Dental,,Fogászat,"Budapest, Árkád, 1106 Magyarország",X. kerület,Árkád,Budapest,1106,,HU,https://www.arkad-dental.hu/,+36 20 851 2171,+36208512171,false,"{""lat"":47.5025975,""lng"":19.1370174}",4.6,false,false,ChIJcemgPqrcQUcRU-hf-XJO4S0,"[""Fogászat"",""Esztétikai fogászat"",""Fogászati klinika"",""Fogászati higiéniai szolgáltatások"",""Parodontológia, fogászati implantátumok"",""Fogászati központ"",""Szájsebész"",""Fogszabályzó szakorvos"",""Gyermekfogorvos""]",0x4741dcaa3ea0e971:0x2de14e72f95fe853,3306009857183705171,968,,27,[],2026-02-24T19:36:33.973Z,,[],"[{""day"":""kedd"",""hours"":""9:00 to 20:00""},{""day"":""szerda"",""hours"":""9:00 to 20:00""},{""day"":""csütörtök"",""hours"":""9:00 to 20:00""},{""day"":""péntek"",""hours"":""9:00 to 20:00""},{""day"":""szombat"",""hours"":""10:00 to 18:00""},{""day"":""vasárnap"",""hours"":""10:00 to 18:00""},{""day"":""hétfő"",""hours"":""9:00 to 20:00""}]",[],[],[],"{""Megközelíthetőség"":[{""Kerekesszékkel megközelíthető bejárat"":true},{""Kerekesszékkel megközelíthető mosdó"":true},{""Kerekesszékkel megközelíthető parkoló"":true}],""Ajánlatok"":[{""Gyermekgyógyászati ellátás"":true}],""Szolgáltatások"":[{""WC"":true}],""Tervezés"":[{""Időpont szükséges"":true},{""Időpont javasolt"":true}],""Fizetés"":[{""Bankkártyás fizetés"":true},{""Hitelkártyás fizetés"":true},{""NFC-mobilfizetés"":true},{""Hitelkártyák"":true}]}",[],https://www.google.com/maps/search/?api=1&query=%C3%81rk%C3%A1d%20Dental&query_place_id=ChIJcemgPqrcQUcRU-hf-XJO4S0,"https://www.google.com/maps/search/fogorvos/@47.481418350000006,19.130015750000002,13z?hl=hu",fogorvos,hu,11,false,https://lh3.googleusercontent.com/gps-cs-s/AHVAwerayHRZVDaTnjz87FCHbwDdWl8ieTCaH9izn7d_c6diCo5tyUEW6N1PFIlCh_8th9UoASAER4wtqx-UaA4XswUb0pJfGckZAzM8C43w-4xusCnezKzRtNgkBDtp9LsaPNMYn2tCCw=w408-h272-k-no,/g/11cnc23ln0,arkad-dental.hu,"[""https://www.arkad-dental.hu/hu/"",""https://www.arkad-dental.hu/hu/blog/gyokerkezeles-budapest"",""https://www.arkad-dental.hu/hu/blog"",""https://www.arkad-dental.hu/hu/impresszum"",""https://www.arkad-dental.hu/hu/blog/gyokerkezeles-menete""]",0,[],"[""+36 20 851 2171""]","[""+36 20 851 2171"",""700 3930""]",[],"[""https://twitter.com/ArkadDental""]","[""https://instagram.com/arkaddental_budapest""]","[""https://www.facebook.com/ArkadDental""]","[""https://www.youtube.com/channel/UC8-5kpX7Lfqb_3zoNU2ClBw""]",[],"[""https://hu.pinterest.com/ArkadDentalBudapest""]",[],[],[],[],[],[],,[]
Haifa Dent,,Fogászat,"Budapest, Akácfa u. 13, 1072 Magyarország",VII. kerület,Akácfa u. 13,Budapest,1072,,HU,https://www.haifadent.hu/hu/,+36 20 361 0258,+36203610258,false,"{""lat"":47.4983005,""lng"":19.0681844}",4.1,false,false,ChIJ6zsXsWfcQUcRsmC5Zw7yq2Q,"[""Fogászat"",""Fogászati ügyelet""]",0x4741dc67b1173beb:0x64abf20e67b960b2,7254157768493981874,756,,23,[],2026-02-24T19:36:33.973Z,,[],[],[],[],[],"{""A vállalkozástól"":[{""Női tulajdonúként megadva"":true}],""Megközelíthetőség"":[{""Kerekesszékkel megközelíthető bejárat"":true}],""Fizetés"":[{""Bankkártyás fizetés"":true},{""Hitelkártyás fizetés"":true},{""NFC-mobilfizetés"":true},{""Hitelkártyák"":true}]}",[],https://www.google.com/maps/search/?api=1&query=Haifa%20Dent&query_place_id=ChIJ6zsXsWfcQUcRsmC5Zw7yq2Q,"https://www.google.com/maps/search/fogorvos/@47.481418350000006,19.130015750000002,13z?hl=hu",fogorvos,hu,5,false,https://lh3.googleusercontent.com/p/AF1QipPLLQjM-MHwrkg8aHn7o912WZQSV4JLr_mPjYCv=w408-h544-k-no,/g/1wnbwsty,haifadent.hu,"[""http://www.haifadent.hu/hu/"",""https://www.haifadent.hu/hu/blog"",""https://www.haifadent.hu/hu/blog/gyermekfogaszat"",""https://www.haifadent.hu/hu/blog/bolcsessegfog-fajdalom"",""https://www.haifadent.hu/hu/impresszum""]",0,[],"[""+36 20 263 7262"",""+36 20 361 0258""]","[""+36 20 263 7262"",""+36 20 361 0258""]",[],"[""https://twitter.com/HaifaDental""]","[""https://instagram.com/haifadent_nonstop""]","[""https://www.facebook.com/HaifaDental""]","[""https://www.youtube.com/channel/UC1hIXazW5r5V-zvwAkLSmaQ""]",[],"[""https://hu.pinterest.com/HaifaDentalBudapest""]",[],[],[],[],[],[],,[]
Zsálya Dental - Dr. Kovács Detre fogorvos Budapest,,Esztétikai fogászat,"Budapest Teréz körút 21 55-ös csengő, 3. emelet, 1067 Magyarország",VI. kerület,"Budapest Teréz körút 21 55-ös csengő, 3. emelet",Budapest,1067,,HU,https://zsalyadental.hu/,+36 20 662 7288,+36206627288,false,"{""lat"":47.5060393,""lng"":19.0626001}",5,false,false,ChIJzzmT_I3dQUcRoGPZFGh0P_8,"[""Esztétikai fogászat""]",0x4741dd8dfc9339cf:0xff3f746814d963a0,18392547393579606944,19,,6,[],2026-02-24T19:36:33.973Z,,[],"[{""day"":""kedd"",""hours"":""8:00 to 20:00""},{""day"":""szerda"",""hours"":""8:00 to 20:00""},{""day"":""csütörtök"",""hours"":""Zárva""},{""day"":""péntek"",""hours"":""8:00 to 14:00""},{""day"":""szombat"",""hours"":""Zárva""},{""day"":""vasárnap"",""hours"":""Zárva""},{""day"":""hétfő"",""hours"":""Zárva""}]",[],[],[],"{""Ajánlatok"":[{""Esztétikai fogászat"":true}],""Szolgáltatások"":[{""WC"":true}],""Tervezés"":[{""Időpont javasolt"":true}],""Fizetés"":[{""Bankkártyás fizetés"":true}],""Parkolás"":[{""Fizetős parkolóház"":true},{""Fizetős utcai parkolás"":true}]}",[],https://www.google.com/maps/search/?api=1&query=Zs%C3%A1lya%20Dental%20-%20Dr.%20Kov%C3%A1cs%20Detre%20fogorvos%20Budapest&query_place_id=ChIJzzmT_I3dQUcRoGPZFGh0P_8,"https://www.google.com/maps/search/fogorvos/@47.481418350000006,19.130015750000002,13z?hl=hu",fogorvos,hu,13,false,https://lh3.googleusercontent.com/p/AF1QipPY0cSW2eS6EJBKxknP2T6SBaTgCFg-GF7s7bnO=w408-h612-k-no,/g/11rgd94n5s,zsalyadental.hu,"[""https://zsalyadental.hu/"",""https://zsalyadental.hu/kezekesek/"",""https://zsalyadental.hu/impresszum/"",""https://zsalyadental.hu/rolunk/"",""https://zsalyadental.hu/""]",0,"[""info@zsalyadental.hu""]",[],"[""27789584"",""+36 20 662 7288""]",[],[],"[""https://www.instagram.com/zsalya_dental""]","[""https://www.facebook.com/zsalyadental""]",[],[],[],[],[],[],[],[],[],,[]
Egressy Dental Kft.,,Fogászat,"Budapest, Egressy út 28-30, 1149 Magyarország",XIV. kerület,Egressy út 28-30,Budapest,1149,,HU,http://www.egressydental.hu/,+36 70 381 5871,+36703815871,false,"{""lat"":47.5081325,""lng"":19.1077103}",4.7,false,false,ChIJs5m5y8TdQUcRR7R3HWULY7g,"[""Fogászat"",""Esztétikai fogászat"",""Fogászati klinika"",""Parodontológia, fogászati implantátumok"",""Fogtechnikai laboratórium"",""Szájsebész"",""Fogszabályzó szakorvos""]",0x4741ddc4cbb999b3:0xb8630b651d77b447,13286475854587081799,599,,57,[],2026-02-24T19:36:33.973Z,,[],"[{""day"":""kedd"",""hours"":""8:00 to 20:00""},{""day"":""szerda"",""hours"":""8:00 to 20:00""},{""day"":""csütörtök"",""hours"":""8:00 to 20:00""},{""day"":""péntek"",""hours"":""8:00 to 20:00""},{""day"":""szombat"",""hours"":""Zárva""},{""day"":""vasárnap"",""hours"":""Zárva""},{""day"":""hétfő"",""hours"":""8:00 to 20:00""}]",[],[],[],"{""Megközelíthetőség"":[{""Kerekesszékkel megközelíthető bejárat"":false},{""Kerekesszékkel megközelíthető parkoló"":false}],""Szolgáltatások"":[{""WC"":true}],""Tervezés"":[{""Időpont szükséges"":true},{""Időpont javasolt"":true}],""Fizetés"":[{""Bankkártyás fizetés"":true},{""Hitelkártyás fizetés"":true},{""NFC-mobilfizetés"":true},{""Hitelkártyák"":true}]}",[],https://www.google.com/maps/search/?api=1&query=Egressy%20Dental%20Kft.&query_place_id=ChIJs5m5y8TdQUcRR7R3HWULY7g,"https://www.google.com/maps/search/fogorvos/@47.481418350000006,19.130015750000002,13z?hl=hu",fogorvos,hu,7,false,https://lh3.googleusercontent.com/p/AF1QipNJqEaelHNzKtpAlX8s01wTQgxdXBQO1fpXFdo9=w408-h272-k-no,/g/1vv2r073,egressydental.hu,"[""https://egressydental.hu/"",""https://egressydental.hu/digitalis-lenyomatvetel/"",""https://egressydental.hu/2025/03/17/igy-teljesitettunk-pacienseink-szerint-2024-ben/"",""https://egressydental.hu/2026/02/20/409-paciens-velemenye-alapjan-igy-teljesitett-az-egressy-dental-2025-ben/"",""https://egressydental.hu/gyakran-ismetelt-kerdesek/""]",0,"[""rendelo@egressydental.hu""]","[""+36 70 381 5871"",""+36 70 595 5524""]","[""+3670 595 5524"",""+3670 381 5871"",""+36 70 381 5871"",""+36 70 595 5524"",""2022.06.06"",""2022.12.02"",""2023.03.17"",""2024.02.15"",""2025.03.17"",""2026.02.20""]",[],[],"[""https://www.instagram.com/egressy_dental_zuglo""]","[""https://www.facebook.com/dental.egressy""]","[""https://www.youtube.com/@egressydentalfogaszatfogte3219""]","[""https://www.tiktok.com/@egressydentalzuglo""]",[],[],[],[],[],[],[],,[]
Fogorvosi rendelő Budapest – Fehér Dental Fogászat,,Fogászat,"Budapest, Gyakorló u. 2, 1106 Magyarország",X. kerület,Gyakorló u. 2,Budapest,1106,,HU,http://www.feherdental.hu/,+36 30 262 8100,+36302628100,false,"{""lat"":47.5014881,""lng"":19.1374021}",4.8,false,false,ChIJA057LarcQUcR9uU58UDrcqs,"[""Fogászat""]",0x4741dcaa2d7b4e03:0xab72eb40f139e5f6,12354195391988229622,406,,9,[],2026-02-24T19:36:33.973Z,,[],"[{""day"":""kedd"",""hours"":""8:00 to 20:00""},{""day"":""szerda"",""hours"":""8:00 to 20:00""},{""day"":""csütörtök"",""hours"":""8:00 to 20:00""},{""day"":""péntek"",""hours"":""8:00 to 20:00""},{""day"":""szombat"",""hours"":""Zárva""},{""day"":""vasárnap"",""hours"":""Zárva""},{""day"":""hétfő"",""hours"":""8:00 to 20:00""}]",[],[],[],"{""Megközelíthetőség"":[{""Kerekesszékkel megközelíthető bejárat"":true},{""Kerekesszékkel megközelíthető mosdó"":true},{""Kerekesszékkel megközelíthető parkoló"":true}],""Szolgáltatások"":[{""WC"":true}],""Tervezés"":[{""Időpont javasolt"":true}],""Fizetés"":[{""Bankkártyás fizetés"":true},{""Hitelkártyás fizetés"":true},{""NFC-mobilfizetés"":true}],""Parkolás"":[{""Fizetős utcai parkolás"":true}]}",[],https://www.google.com/maps/search/?api=1&query=Fogorvosi%20rendel%C5%91%20Budapest%20%E2%80%93%20Feh%C3%A9r%20Dental%20Fog%C3%A1szat&query_place_id=ChIJA057LarcQUcR9uU58UDrcqs,"https://www.google.com/maps/search/fogorvos/@47.481418350000006,19.130015750000002,13z?hl=hu",fogorvos,hu,6,false,https://lh3.googleusercontent.com/p/AF1QipOgdJrN_gYRg664duWtkqmf7m8A6HzrQQTYD2Gk=w408-h306-k-no,/g/1tqt8fxc,feherdental.hu,"[""https://feherdental.hu/"",""https://feherdental.hu/kkv-technologia-plusz-budapest-hitelprogram-ginop-plusz-1-4-4-24/"",""https://feherdental.hu/kategoria/blog/"",""https://feherdental.hu/#"",""https://feherdental.hu/""]",0,"[""info@feherdental.hu""]","[""+36302628100""]","[""26-28-100"",""35.000.000"",""2025.10.31""]",[],[],[],[],[],[],[],[],[],[],[],[],[],,[]
profi-dent,,Fogtechnikai laboratórium,"Budapest, Beregszász u. 20, 1185 Magyarország",XVIII. kerület,Beregszász u. 20,Budapest,1185,,HU,http://profi-fogtechnika.blogspot.hu/2012/10/profi-fogtechnika-babos-dental.html?m=1,+36 1 607 6843,+3616076843,true,"{""lat"":47.4320081,""lng"":19.2150364}",5,false,false,ChIJ12Le74rBQUcRxlMk7pBwNtE,"[""Fogtechnikai laboratórium""]",0x4741c18aefde62d7:0xd1367090ee2453c6,15075360570442273734,2,,1,[],2026-02-24T19:36:33.908Z,,[],"[{""day"":""kedd"",""hours"":""8:00 to 18:00""},{""day"":""szerda"",""hours"":""8:00 to 18:00""},{""day"":""csütörtök"",""hours"":""8:00 to 18:00""},{""day"":""péntek"",""hours"":""8:00 to 18:00""},{""day"":""szombat"",""hours"":""Zárva""},{""day"":""vasárnap"",""hours"":""Zárva""},{""day"":""hétfő"",""hours"":""8:00 to 18:00""}]",[],[],[],,[],https://www.google.com/maps/search/?api=1&query=profi-dent&query_place_id=ChIJ12Le74rBQUcRxlMk7pBwNtE,"https://www.google.com/maps/search/fogorvos/@47.38873669979684,19.266810937580477,13z?hl=hu",fogorvos,hu,20,false,https://streetviewpixels-pa.googleapis.com/v1/thumbnail?panoid=NNV822eNVwRgLS5lWeu0HQ&cb_client=search.gws-prod.gps&w=408&h=240&yaw=309.34378&pitch=0&thumbfov=100,/g/11c1r7dqn9,profi-fogtechnika.blogspot.com,"[""http://profi-fogtechnika.blogspot.com/2012/10/profi-fogtechnika-babos-dental.html?m=1"",""http://profi-fogtechnika.blogspot.com/?m=1"",""http://profi-fogtechnika.blogspot.com/2012/10/profi-fogtechnika-babos-dental.html?m=0"",""http://profi-fogtechnika.blogspot.com/2012/10/profi-fogtechnika-babos-dental.html?showComment=1644645699618&m=1#c50866187929807710"",""http://profi-fogtechnika.blogspot.com/2012/10/profi-fogtechnika-babos-dental.html?m=1""]",0,"[""profi.fogtechnika@g-mail.com"",""hitelgranit@gmail.com""]",[],"[""061 2922524"",""06 20 327340"",""+4917683830359""]",[],[],[],[],[],[],[],[],[],[],[],[],[],,[]
"Gyöngy Fogászat - 9. kerület fogászat, Budapest fogorvos, fájdalommentes, olcsó fogászat",,Fogászat,"Budapest, Páva u. 8, 1094 Magyarország",IX. kerület,Páva u. 8,Budapest,1094,,HU,https://gyongyfogaszat.hu/,+36 20 474 3694,+36204743694,false,"{""lat"":47.4809612,""lng"":19.071761}",4.8,false,false,ChIJnQb82fjcQUcRZgcO_2AwwHU,"[""Fogászat"",""Gyermekfogorvos""]",0x4741dcf8d9fc069d:0x75c03060ff0e0766,8484834891120117606,254,,15,[],2026-02-24T19:36:33.972Z,,[],"[{""day"":""kedd"",""hours"":""Zárva""},{""day"":""szerda"",""hours"":""8:00 to 19:00""},{""day"":""csütörtök"",""hours"":""8:00 to 19:00""},{""day"":""péntek"",""hours"":""Zárva""},{""day"":""szombat"",""hours"":""Zárva""},{""day"":""vasárnap"",""hours"":""Zárva""},{""day"":""hétfő"",""hours"":""8:00 to 19:00""}]",[],[],[],"{""A vállalkozástól"":[{""Női tulajdonúként megadva"":true}],""Ajánlatok"":[{""Gyermekgyógyászati ellátás"":true}],""Szolgáltatások"":[{""WC"":true}],""Tervezés"":[{""Időpont javasolt"":true}],""Fizetés"":[{""Bankkártyás fizetés"":true},{""Hitelkártyás fizetés"":true},{""NFC-mobilfizetés"":true}]}",[],https://www.google.com/maps/search/?api=1&query=Gy%C3%B6ngy%20Fog%C3%A1szat%20-%209.%20ker%C3%BClet%20fog%C3%A1szat%2C%20Budapest%20fogorvos%2C%20f%C3%A1jdalommentes%2C%20olcs%C3%B3%20fog%C3%A1szat&qu...,"https://www.google.com/maps/search/fogorvos/@47.481418350000006,19.130015750000002,13z?hl=hu",fogorvos,hu,1,false,https://lh3.googleusercontent.com/p/AF1QipMWT_vvIXeaxH2-BxqheCFoYYZxxFmbdID5dbur=w460-h240-k-no,/g/11c54f4706,gyongyfogaszat.hu,"[""http://gyongyfogaszat.hu/"",""http://gyongyfogaszat.hu/fogorvos-blog/"",""http://gyongyfogaszat.hu/szolgaltatasok/"",""http://gyongyfogaszat.hu/szolgaltatasok/betet-inlay-onlay/"",""http://gyongyfogaszat.hu/szolgaltatasok/barazdazaras/""]",0,[],[],"[""3000-27000"",""06 20 474 3694"",""+36 20 474 3694""]",[],[],[],"[""https://www.facebook.com/gyongyfogaszat""]",[],[],[],[],[],[],[],[],[],,[]
ÚjBuda Dental,,Fogászat,"Budapest, Szerémi út 7a, 1117 Magyarország",XI. kerület,Szerémi út 7a,Budapest,1117,,HU,https://ujbuda.dental/,+36 20 778 8011,+36207788011,false,"{""lat"":47.466753,""lng"":19.049164}",4.5,false,false,ChIJg518tqXdQUcRzesnhMnYkOI,"[""Fogászat"",""Fogászati klinika""]",0x4741dda5b67c9d83:0xe290d8c98427ebcd,16325787009235282893,66,"{""oneStar"":7,""twoStar"":1,""threeStar"":2,""fourStar"":0,""fiveStar"":56}",49,[],2026-02-24T19:36:34.854Z,,[],"[{""day"":""kedd"",""hours"":""8:00 to 20:00""},{""day"":""szerda"",""hours"":""8:00 to 20:00""},{""day"":""csütörtök"",""hours"":""8:00 to 20:00""},{""day"":""péntek"",""hours"":""8:00 to 14:00""},{""day"":""szombat"",""hours"":""Zárva""},{""day"":""vasárnap"",""hours"":""Zárva""},{""day"":""hétfő"",""hours"":""8:00 to 20:00""}]",[],[],[],"{""Megközelíthetőség"":[{""Kerekesszékkel megközelíthető bejárat"":true}],""Szolgáltatások"":[{""WC"":true}],""Tervezés"":[{""Időpont javasolt"":true}],""Fizetés"":[{""Bankkártyás fizetés"":true},{""Hitelkártyás fizetés"":true},{""NFC-mobilfizetés"":true}],""Parkolás"":[{""Fizetős parkoló"":true},{""Fizetős utcai parkolás"":true}]}",[],https://www.google.com/maps/search/?api=1&query=%C3%9AjBuda%20Dental&query_place_id=ChIJg518tqXdQUcRzesnhMnYkOI,"https://www.google.com/maps/search/fogorvos/@47.481418350000006,19.130015750000002,13z?hl=hu",fogorvos,hu,21,false,https://lh3.googleusercontent.com/p/AF1QipN8KpbIEwdrqjbsRvfI8X4yCvStf3SiR7t_0OJA=w408-h272-k-no,/g/11ckvc43q5,ujbuda.dental,"[""https://ujbuda.dental/"",""https://ujbuda.dental/cdn-cgi/l/email-protection#f69f989099b6839c94839297d892939882979a"",""https://ujbuda.dental/altalanos-szerzodesi-feltetelek-aszf/"",""https://ujbuda.dental/""]",0,[],"[""+36207788011"",""0036207788011""]","[""+36 20 778 8011"",""107.174.232.156"",""01-09-879491"",""13911319"",""15 1178 4009 2060"",""1531 0000 0000""]",[],[],[],"[""https://www.facebook.com/ujbudadental""]","[""https://www.youtube.com/channel/UCDj6OYJI6GXjrx-X-994ybQ""]",[],[],[],[],[],[],[],[],,[]
Fogarasi Dental,,Fogászati klinika,"Budapest, Fogarasi út 145./B, 1141 Magyarország",XIV. kerület,Fogarasi út 145./B,Budapest,1141,,HU,https://fogarasidental.hu/,+36 30 567 6272,+36305676272,false,"{""lat"":47.5149257,""lng"":19.1394895}",5,false,false,ChIJLavjGsPbQUcR5WEpZOXbdiQ,"[""Fogászati klinika""]",0x4741dbc31ae3ab2d:0x2476dbe5642961e5,2627529210891690469,15,"{""oneStar"":0,""twoStar"":0,""threeStar"":0,""fourStar"":0,""fiveStar"":15}",9,[],2026-02-24T19:36:34.855Z,,[],"[{""day"":""kedd"",""hours"":""8:00 to 18:00""},{""day"":""szerda"",""hours"":""8:00 to 18:00""},{""day"":""csütörtök"",""hours"":""8:00 to 18:00""},{""day"":""péntek"",""hours"":""8:00 to 18:00""},{""day"":""szombat"",""hours"":""Zárva""},{""day"":""vasárnap"",""hours"":""Zárva""},{""day"":""hétfő"",""hours"":""8:00 to 18:00""}]",[],[],[],"{""Megközelíthetőség"":[{""Kerekesszékkel megközelíthető bejárat"":true},{""Kerekesszékkel megközelíthető ülőhely"":true}],""Szolgáltatások"":[{""Nemsemleges mosdó"":true},{""WC"":true}],""Tervezés"":[{""Időpont szükséges"":true},{""Időpont javasolt"":true}],""Fizetés"":[{""Bankkártyás fizetés"":true},{""Hitelkártyás fizetés"":true},{""NFC-mobilfizetés"":true},{""Hitelkártyák"":true}]}",[],https://www.google.com/maps/search/?api=1&query=Fogarasi%20Dental&query_place_id=ChIJLavjGsPbQUcR5WEpZOXbdiQ,"https://www.google.com/maps/search/fogorvos/@47.481418350000006,19.130015750000002,13z?hl=hu",fogorvos,hu,33,false,https://lh3.googleusercontent.com/p/AF1QipOMpt1D2ONh7OU9lW0X3fWwImClmBdiXiLtzxKY=w408-h272-k-no,/g/11thd4rmf3,fogarasidental.hu,"[""https://fogarasidental.hu/"",""https://fogarasidental.hu/rolunk/"",""https://fogarasidental.hu/"",""https://fogarasidental.hu/#"",""https://fogarasidental.hu/blog/""]",0,"[""info@fogarasidental.hu""]",[],"[""+36 30 567 62""]",[],[],[],"[""https://www.facebook.com/fogarasidental""]",[],[],[],[],[],[],[],[],[],,[]
Implant Központ Pest,,Fogászat,"Budapest, Nemes u. 125 I-emelet 6-7, 1188 Magyarország",XVIII. kerület,Nemes u. 125 I-emelet 6-7,Budapest,1188,,HU,https://www.implantkozpont.hu/,+36 1 291 4651,+3612914651,false,"{""lat"":47.4159664,""lng"":19.20519}",4.5,false,false,ChIJa6z8J__BQUcRotgVxgwe3Qk,"[""Fogászat"",""Fogászati klinika"",""Fogászati implantológia"",""Fogászati központ"",""Szájsebész"",""Fogszabályzó szakorvos"",""Gyermekfogorvos""]",0x4741c1ff27fcac6b:0x9dd1e0cc615d8a2,710757356406167714,19,,18,[],2026-02-24T19:36:33.907Z,,[],"[{""day"":""kedd"",""hours"":""8:30 to 16:30""},{""day"":""szerda"",""hours"":""8:30 to 16:30""},{""day"":""csütörtök"",""hours"":""8:30 to 16:30""},{""day"":""péntek"",""hours"":""9:00 to 15:00""},{""day"":""szombat"",""hours"":""Zárva""},{""day"":""vasárnap"",""hours"":""Zárva""},{""day"":""hétfő"",""hours"":""10:00 to 18:00""}]",[],[],[],"{""Megközelíthetőség"":[{""Kerekesszékkel megközelíthető mosdó"":true},{""Kerekesszékkel megközelíthető bejárat"":false}],""Közönség"":[{""Biztonságos hely a transzneműek számára"":true},{""LMBTQ+-barát"":true}],""Fizetés"":[{""Bankkártyás fizetés"":true},{""Hitelkártyás fizetés"":true},{""NFC-mobilfizetés"":true}]}",[],https://www.google.com/maps/search/?api=1&query=Implant%20K%C3%B6zpont%20Pest&query_place_id=ChIJa6z8J__BQUcRotgVxgwe3Qk,"https://www.google.com/maps/search/fogorvos/@47.38873669979684,19.266810937580477,13z?hl=hu",fogorvos,hu,9,false,https://lh3.googleusercontent.com/gps-cs-s/AHVAweoLiglzpvv3jASl1DfJXvD1QK_T6bZLOwtSMRBv2CdT4fVV57JWPaAr8I2l2RmVpaS2-I8YVRo3UaRVGjokMybnmucHVHQpK8mFGBW1rpVyRPWgJ6DKRU70wkLau1Kk5Dqdx9dmWg=w408-h279-k-no,/g/1tjz6qv1,implantkozpont.hu,"[""https://www.implantkozpont.hu/"",""https://www.implantkozpont.hu/implantacio-es-fogpotlas/implantacio-es-fogpotlas"",""https://www.implantkozpont.hu/implantacio-es-fogpotlas/straumann"",""https://www.implantkozpont.hu/"",""https://www.implantkozpont.hu/implantacio-es-fogpotlas/azonnali-fogaszati-implantacio""]",0,"[""info@implantkozpont.hu""]","[""+36205571964""]","[""+36 20 557 1964""]",[],[],"[""https://www.instagram.com/implantkozpontbuda""]","[""https://www.facebook.com/implantkozpontbuda""]","[""https://www.youtube.com/channel/UCIn301Du-sHPPZ8LW166MUA"",""https://www.youtube.com/embed/GLxNPLFe50M""]","[""https://www.tiktok.com/@implantkozpontbuda""]",[],[],[],[],[],[],[],,[]
MesterDent Fogászati Rendelő,,Fogászat,"Budapest, Mester u. 5, 1095 Magyarország",IX. kerület,Mester u. 5,Budapest,1095,,HU,http://mesterdent.hu/,+36 30 400 9064,+36304009064,false,"{""lat"":47.4808888,""lng"":19.0698213}",4.9,false,false,ChIJi38kjrfdQUcRVOSJQ9_tKN8,"[""Fogászat""]",0x4741ddb78e247f8b:0xdf28eddf4389e454,16080364012692956244,218,,14,[],2026-02-24T19:36:33.972Z,,[],"[{""day"":""kedd"",""hours"":""8:00 to 20:00""},{""day"":""szerda"",""hours"":""8:00 to 20:00""},{""day"":""csütörtök"",""hours"":""8:00 to 20:00""},{""day"":""péntek"",""hours"":""8:00 to 20:00""},{""day"":""szombat"",""hours"":""Zárva""},{""day"":""vasárnap"",""hours"":""Zárva""},{""day"":""hétfő"",""hours"":""8:00 to 20:00""}]",[],[],[],"{""Szolgáltatások"":[{""WC"":true}],""Tervezés"":[{""Időpont szükséges"":true},{""Időpont javasolt"":true}],""Fizetés"":[{""Bankkártyás fizetés"":true},{""Hitelkártyás fizetés"":true},{""NFC-mobilfizetés"":true},{""Hitelkártyák"":true}]}",[],https://www.google.com/maps/search/?api=1&query=MesterDent%20Fog%C3%A1szati%20Rendel%C5%91&query_place_id=ChIJi38kjrfdQUcRVOSJQ9_tKN8,"https://www.google.com/maps/search/fogorvos/@47.481418350000006,19.130015750000002,13z?hl=hu",fogorvos,hu,2,false,https://lh3.googleusercontent.com/p/AF1QipMupg2WzO1_lunnhFKR0pmnRW0xieXd-78Iz_pH=w408-h272-k-no,/g/11j93027j0,mesterdent.hu,"[""https://www.mesterdent.hu/"",""https://www.mesterdent.hu/impresszum/"",""https://www.mesterdent.hu/blog/2020/12/30/Fogkrem-valasztasi-kisokos/"",""https://www.mesterdent.hu/blog/"",""https://www.mesterdent.hu/blog/2020/04/09/Helyes-taplalkozassal-a-szep-es-egeszseges-fogakert/""]",0,"[""info@mesterdent.hu"",""nepegeszsegugy06@06kh.bfkh.gov.hu"",""info@sztaviweb.hu""]","[""+36 30 400 9064"",""+36304009064""]","[""188896861"",""+36 30 400 9064"",""27971309"",""01-09-359648"",""301 5050""]",[],[],"[""https://www.instagram.com/mesterdent""]","[""https://www.facebook.com/mesterdent"",""facebook.com/mesterdent""]",[],[],[],[],[],[],[],[],[],,[]
Fogorvosi rendelő - Ny&K Dental Bt.,,Fogászat,"Budapest, Hölgy u. 16, 1102 Magyarország",X. kerület,Hölgy u. 16,Budapest,1102,,HU,http://www.fogorvos.co.hu/,+36 30 221 9241,+36302219241,false,"{""lat"":47.4853265,""lng"":19.1272134}",4.7,false,false,ChIJ6dMaiMrcQUcRu8sph8I0ODg,"[""Fogászat"",""Esztétikai fogászat""]",0x4741dcca881ad3e9:0x383834c28729cbbb,4051045874915724219,51,,8,[],2026-02-24T19:36:33.972Z,,[],"[{""day"":""kedd"",""hours"":""8:00 to 21:00""},{""day"":""szerda"",""hours"":""8:00 to 21:00""},{""day"":""csütörtök"",""hours"":""8:00 to 21:00""},{""day"":""péntek"",""hours"":""8:00 to 21:00""},{""day"":""szombat"",""hours"":""Zárva""},{""day"":""vasárnap"",""hours"":""Zárva""},{""day"":""hétfő"",""hours"":""8:00 to 21:00""}]",[],[],[],"{""Megközelíthetőség"":[{""Kerekesszékkel megközelíthető bejárat"":false},{""Kerekesszékkel megközelíthető parkoló"":false}],""Szolgáltatások"":[{""WC"":true}],""Tervezés"":[{""Időpont javasolt"":true}],""Parkolás"":[{""Díjmentes utcai parkolás"":true}]}",[],https://www.google.com/maps/search/?api=1&query=Fogorvosi%20rendel%C5%91%20-%20Ny%26K%20Dental%20Bt.&query_place_id=ChIJ6dMaiMrcQUcRu8sph8I0ODg,"https://www.google.com/maps/search/fogorvos/@47.481418350000006,19.130015750000002,13z?hl=hu",fogorvos,hu,4,false,https://lh3.googleusercontent.com/p/AF1QipPC36ZaZz6Gafrvd-ZQWVz16sbXGrKi6aCvXnw=w408-h544-k-no,/g/11bw2gwm5n,fogorvos.co.hu,"[""https://fogorvos.co.hu/"",""https://fogorvos.co.hu/rendeloink/"",""https://fogorvos.co.hu/kezeles/"",""https://fogorvos.co.hu/fogaszati-arak/"",""https://fogorvos.co.hu/orvosaink/""]",0,[],"[""+36302219241""]","[""+36 30 221 9241""]",[],[],[],[],[],[],[],[],[],[],[],[],[],,[]
LŐRINC DENTAL Fogorvosi és Fogtechnikai Szolgáltató Bt.,,Fogászat,"Budapest, Üllői út 537, 1182 Magyarország",XVIII. kerület,Üllői út 537,Budapest,1182,,HU,https://lorincdental.hu/,+36 1 291 1536,+3612911536,false,"{""lat"":47.4392366,""lng"":19.1876883}",4.7,false,false,ChIJhZnyp0DCQUcRBgoYrvALtwo,"[""Fogászat"",""Fogtechnikai laboratórium"",""Fogszabályzó szakorvos""]",0x4741c240a7f29985:0xab70bf0ae180a06,772098989458196998,104,,4,[],2026-02-24T19:36:33.973Z,,[],"[{""day"":""kedd"",""hours"":""8:00 to 19:00""},{""day"":""szerda"",""hours"":""8:00 to 19:00""},{""day"":""csütörtök"",""hours"":""8:00 to 19:00""},{""day"":""péntek"",""hours"":""8:00 to 19:00""},{""day"":""szombat"",""hours"":""10:00 to 17:00""},{""day"":""vasárnap"",""hours"":""Zárva""},{""day"":""hétfő"",""hours"":""8:00 to 19:00""}]",[],[],[],"{""Szolgáltatások"":[{""WC"":true}],""Tervezés"":[{""Időpont javasolt"":true}]}",[],https://www.google.com/maps/search/?api=1&query=L%C5%90RINC%20DENTAL%20Fogorvosi%20%C3%A9s%20Fogtechnikai%20Szolg%C3%A1ltat%C3%B3%20Bt.&query_place_id=ChIJhZnyp0DCQUcRBgoYrvALtwo,"https://www.google.com/maps/search/fogorvos/@47.481418350000006,19.130015750000002,13z?hl=hu",fogorvos,hu,10,false,https://lh3.googleusercontent.com/p/AF1QipO8EIhKc6P1TOuzBvWdnNjDh4Nz5o9u0qpeIwDi=w408-h272-k-no,/g/1hhw1j20z,lorincdental.hu,"[""https://lorincdental.hu/"",""https://lorincdental.hu/rolunk/"",""https://lorincdental.hu/"",""https://lorincdental.hu/kezelesek/"",""https://lorincdental.hu/munkatarsak/""]",0,"[""info@lorincdental.hu""]","[""+3612911536"",""+36300112218"",""0612911536""]","[""+36 30 011 2218"",""291 1536""]",[],[],[],"[""https://www.facebook.com/lorincdent""]",[],[],[],[],[],[],[],[],[],,[]
Steffi-Dent Bt.,,Fogászat,"Budapest, Abrudbánya u. 7, 1182 Magyarország",XVIII. kerület,Abrudbánya u. 7,Budapest,1182,,HU,http://www.steffident.hu/,,,false,"{""lat"":47.4288597,""lng"":19.2054196}",4.1,false,false,ChIJk6zR5B7CQUcR19rFMjpXg9Y,"[""Fogászat""]",0x4741c21ee4d1ac93:0xd683573a32c5dad7,15457294253537221335,37,,1,[],2026-02-24T19:36:33.908Z,,[],"[{""day"":""kedd"",""hours"":""14:00 to 19:00""},{""day"":""szerda"",""hours"":""8:30 to 13:00""},{""day"":""csütörtök"",""hours"":""14:00 to 19:00""},{""day"":""péntek"",""hours"":""Zárva""},{""day"":""szombat"",""hours"":""Zárva""},{""day"":""vasárnap"",""hours"":""Zárva""},{""day"":""hétfő"",""hours"":""8:30 to 13:00""}]",[],[],[],"{""Megközelíthetőség"":[{""Kerekesszékkel megközelíthető bejárat"":true},{""Kerekesszékkel megközelíthető mosdó"":true},{""Kerekesszékkel megközelíthető parkoló"":true}],""Szolgáltatások"":[{""WC"":true}],""Tervezés"":[{""Időpont javasolt"":true}]}",[],https://www.google.com/maps/search/?api=1&query=Steffi-Dent%20Bt.&query_place_id=ChIJk6zR5B7CQUcR19rFMjpXg9Y,"https://www.google.com/maps/search/fogorvos/@47.38873669979684,19.266810937580477,13z?hl=hu",fogorvos,hu,11,false,https://streetviewpixels-pa.googleapis.com/v1/thumbnail?panoid=HwsEouWUZ6CSAH5YSQnFFg&cb_client=search.gws-prod.gps&w=408&h=240&yaw=289.47748&pitch=0&thumbfov=100,/g/1hhxg_kmm,steffident.hu,"[""https://steffident.hu/hu/sample-page/"",""https://steffident.hu/hu/arlista/"",""https://steffident.hu/hu/galeria/"",""https://steffident.hu/hu/sample-page/"",""https://steffident.hu/en/steffident-main-page/""]",0,"[""schuberth.steffi@steffident.hu"",""drorosz.bernadett@gmail.com"",""hollosg@gmail.com""]",[],"[""+36 30 456 5449"",""+36 30 999 5979"",""+36 30 211 0542"",""+36 70 949 7277""]",[],[],[],[],[],[],[],[],[],[],[],[],[],,[]
Császár Dental - Parodontológiai és Implantológiai Központ,,Parodontológus,"Budapest, Erzsébet krt. 58, 1073 Magyarország",VII. kerület,Erzsébet krt. 58,Budapest,1073,,HU,https://csaszardental.hu/,+36 70 424 7727,+36704247727,false,"{""lat"":47.503099,""lng"":19.0656526}",5,false,false,ChIJjerJk23cQUcR0YIxPd6RjuI,"[""Parodontológus"",""Esztétikai fogászat"",""Fogászati klinika"",""Parodontológia, fogászati implantátumok"",""Fogászat"",""Fogászati központ"",""Szájsebész"",""Fogszabályzó szakorvos""]",0x4741dc6d93c9ea8d:0xe28e91de3d3182d1,16325146082960048849,795,,22,[],2026-02-24T19:36:33.973Z,,[],"[{""day"":""kedd"",""hours"":""9:00 to 19:00""},{""day"":""szerda"",""hours"":""8:00 to 19:00""},{""day"":""csütörtök"",""hours"":""9:00 to 19:00""},{""day"":""péntek"",""hours"":""9:00 to 19:00""},{""day"":""szombat"",""hours"":""10:00 to 16:00""},{""day"":""vasárnap"",""hours"":""Zárva""},{""day"":""hétfő"",""hours"":""9:00 to 19:00""}]",[],[],[],"{""Megközelíthetőség"":[{""Kerekesszékkel megközelíthető bejárat"":false},{""Kerekesszékkel megközelíthető parkoló"":false}],""Szolgáltatások"":[{""WC"":true}],""Tervezés"":[{""Időpont szükséges"":true},{""Időpont javasolt"":true}],""Fizetés"":[{""Bankkártyás fizetés"":true},{""Hitelkártyás fizetés"":true},{""NFC-mobilfizetés"":true}]}",[],https://www.google.com/maps/search/?api=1&query=Cs%C3%A1sz%C3%A1r%20Dental%20-%20Parodontol%C3%B3giai%20%C3%A9s%20Implantol%C3%B3giai%20K%C3%B6zpont&query_place_id=ChIJjerJk23cQUcR0YIxPd6RjuI,"https://www.google.com/maps/search/fogorvos/@47.481418350000006,19.130015750000002,13z?hl=hu",fogorvos,hu,19,false,https://lh3.googleusercontent.com/p/AF1QipMoeOOweQdf0iCS9TcqJHtF8zwPO7BahEoUUaER=w408-h612-k-no,/g/11b7xqz__p,csaszardental.hu,"[""https://csaszardental.hu/"",""https://csaszardental.hu/blog/vagy-a-cigaretta-vagy-a-fogai-a-ketto-egyutt-nem-megy-dontson-most/"",""https://csaszardental.hu/blog/"",""https://csaszardental.hu/impresszum/"",""https://csaszardental.hu/blog/kave-hatasa-a-fogakra/""]",0,[],"[""+36704247727"",""+3617002323""]","[""+36 70 424 7727"",""71559372"",""52689231"",""27422410"",""01-09-381419"",""25138205"",""700 2323"",""1268687""]",[],[],"[""https://www.instagram.com/csaszardental""]","[""https://www.facebook.com/csaszar.dental""]","[""https://www.youtube.com/c/CsászárDentBudapest""]","[""https://www.tiktok.com/@csaszardental/video/7260845368064150810"",""https://www.tiktok.com/@csaszardental""]",[],[],[],[],[],[],[],,[]
Alacska Dental,,Fogászat,"Budapest, Nemes u. 103, 1188 Magyarország",XVIII. kerület,Nemes u. 103,Budapest,1188,,HU,http://alacskadental.hu/,+36 1 607 4401,+3616074401,false,"{""lat"":47.4136133,""lng"":19.2013597}",4,false,false,ChIJ_Qzl4snBQUcRSwUukD1kdr8,"[""Fogászat""]",0x4741c1c9e2e50cfd:0xbf76643d902e054b,13796324724070810955,8,,3,[],2026-02-24T19:36:33.908Z,,[],"[{""day"":""kedd"",""hours"":""14:00 to 19:00""},{""day"":""szerda"",""hours"":""Zárva""},{""day"":""csütörtök"",""hours"":""14:00 to 19:00""},{""day"":""péntek"",""hours"":""Zárva""},{""day"":""szombat"",""hours"":""Zárva""},{""day"":""vasárnap"",""hours"":""Zárva""},{""day"":""hétfő"",""hours"":""Zárva""}]",[],[],[],"{""Szolgáltatások"":[{""WC"":true}],""Tervezés"":[{""Időpont javasolt"":true}],""Fizetés"":[{""Bankkártyás fizetés"":true},{""NFC-mobilfizetés"":true}]}",[],https://www.google.com/maps/search/?api=1&query=Alacska%20Dental&query_place_id=ChIJ_Qzl4snBQUcRSwUukD1kdr8,"https://www.google.com/maps/search/fogorvos/@47.38873669979684,19.266810937580477,13z?hl=hu",fogorvos,hu,10,false,https://lh3.googleusercontent.com/gps-cs-s/AHVAwerfIP0LU0ieEFBCAzIj_yPcLEnuXTdXcDwlkl5w65jYbaN2lQg-xqCFmXr04rHZWn-7r_JJJ86ZohzLEaK5UBlKKGOCeDyTTmHedAGnQGXbsuDGN8JpPDGN9f_tfSd3gPRYqT0s=w408-h272-k-no,/g/11n97k8b75,alacskadental.hu,"[""https://www.alacskadental.hu/"",""https://www.alacskadental.hu/kezelesek"",""https://www.alacskadental.hu/rolam"",""https://www.alacskadental.hu/"",""https://www.alacskadental.hu/galeria""]",0,"[""alacskadental@gmail.com""]",[],"[""+36 30 282 5544"",""6074401""]",[],[],[],"[""https://www.facebook.com/alacskadental""]",[],[],[],[],[],[],[],[],[],,[]
Nemes Dental Center,,Fogászati központ,"Budapest, Nemes u. 51, 1188 Magyarország",XVIII. kerület,Nemes u. 51,Budapest,1188,,HU,http://www.nemesdental.hu/,+36 1 460 0437,+3614600437,false,"{""lat"":47.4089203,""lng"":19.1942338}",4.3,false,false,ChIJdy-YOP_pQUcRQhszxa0RY0U,"[""Fogászati központ""]",0x4741e9ff38982f77:0x456311adc5331b42,4999859449346857794,101,,1,[],2026-02-24T19:36:33.907Z,,[],"[{""day"":""kedd"",""hours"":""8:00 to 12:00, 14:00 to 19:00""},{""day"":""szerda"",""hours"":""8:00 to 12:00, 14:00 to 19:00""},{""day"":""csütörtök"",""hours"":""8:00 to 12:00, 14:00 to 19:00""},{""day"":""péntek"",""hours"":""8:00 to 12:00, 14:00 to 19:00""},{""day"":""szombat"",""hours"":""Zárva""},{""day"":""vasárnap"",""hours"":""Zárva""},{""day"":""hétfő"",""hours"":""14:00 to 19:00""}]",[],[],[],"{""Szolgáltatás beállításai"":[{""Helyszíni szolgáltatások"":true}],""Megközelíthetőség"":[{""Kerekesszékkel megközelíthető bejárat"":true},{""Kerekesszékkel megközelíthető mosdó"":true},{""Kerekesszékkel megközelíthető parkoló"":true},{""Kerekesszékkel megközelíthető ülőhely"":true}],""Szolgáltatások"":[{""Nemsemleges mosdó"":true}],""Közönség"":[{""Biztonságos hely a transzneműek számára"":true},{""LMBTQ+-barát"":true}],""Fizetés"":[{""Bankkártyás fizetés"":true},{""Hitelkártyás fizetés"":true},{""NFC-mobilfizetés"":true},{""Hitelkártyák"":true}],""Parkolás"":[{""Díjmentes parkoló"":true},{""Díjmentes utcai parkolás"":true},{""Helyszíni parkolás"":true}]}",[],https://www.google.com/maps/search/?api=1&query=Nemes%20Dental%20Center&query_place_id=ChIJdy-YOP_pQUcRQhszxa0RY0U,"https://www.google.com/maps/search/fogorvos/@47.38873669979684,19.266810937580477,13z?hl=hu",fogorvos,hu,7,false,https://streetviewpixels-pa.googleapis.com/v1/thumbnail?panoid=s7cyzZ9vo6ZMC77Ec2oLaA&cb_client=search.gws-prod.gps&w=408&h=240&yaw=182.15918&pitch=0&thumbfov=100,/g/11c32f__gx,nemesdental.hu,"[""https://nemesdental.hu/"",""https://nemesdental.hu/szolgaltatasok/#tomesek"",""https://nemesdental.hu/"",""https://nemesdental.hu/#szolgaltatasok"",""https://nemesdental.hu/szolgaltatasok/#diagnosztika""]",0,"[""info@nemesdental.hu""]","[""06703511188"",""+3614600437"",""+36703511188""]","[""+36 70 351 1188"",""460 0437""]",[],[],[],"[""https://www.facebook.com/Nemes-Dental-Center-279987085378290""]",[],[],[],[],[],[],[],[],[],,[]
Madenta Fogászati Központ,,Fogászat,"Budapest, Madách Imre tér 7, 1075 Magyarország",VII. kerület,Madách Imre tér 7,Budapest,1075,,HU,http://www.madenta.hu/,+36 1 267 1601,+3612671601,false,"{""lat"":47.4972638,""lng"":19.0566354}",4.9,false,false,ChIJof067kHcQUcRaoor6__fAQQ,"[""Fogászat"",""Étterem""]",0x4741dc41ee3afda1:0x401dfffeb2b8a6a,288758141383576170,1519,,62,[],2026-02-24T19:36:33.972Z,,[],"[{""day"":""kedd"",""hours"":""9:00 to 19:00""},{""day"":""szerda"",""hours"":""9:00 to 19:00""},{""day"":""csütörtök"",""hours"":""9:00 to 19:00""},{""day"":""péntek"",""hours"":""9:00 to 15:00""},{""day"":""szombat"",""hours"":""Zárva""},{""day"":""vasárnap"",""hours"":""Zárva""},{""day"":""hétfő"",""hours"":""9:00 to 19:00""}]",[],[],[],"{""Szolgáltatás beállításai"":[{""Helyszíni szolgáltatások"":true}],""Megközelíthetőség"":[{""Kerekesszékkel megközelíthető mosdó"":true},{""Kerekesszékkel megközelíthető bejárat"":false}],""Szolgáltatások"":[{""WC"":true}],""Tervezés"":[{""Időpont szükséges"":true},{""Időpont javasolt"":true}],""Fizetés"":[{""Bankkártyás fizetés"":true},{""Hitelkártyás fizetés"":true},{""NFC-mobilfizetés"":true},{""Hitelkártyák"":true}]}",[],https://www.google.com/maps/search/?api=1&query=Madenta%20Fog%C3%A1szati%20K%C3%B6zpont&query_place_id=ChIJof067kHcQUcRaoor6__fAQQ,"https://www.google.com/maps/search/fogorvos/@47.481418350000006,19.130015750000002,13z?hl=hu",fogorvos,hu,3,false,https://lh3.googleusercontent.com/p/AF1QipPxodIeSjWXBkPd1BXaObsSE2P-lmCFAsHA1WiT=w408-h286-k-no,/g/12cpbx29t,madenta.hu,"[""https://madenta.hu/"",""https://madenta.hu/blog-alexander-ideje-mosolyogni/"",""https://madenta.hu/kezelesek/"",""https://madenta.hu/bemutatkozunk/"",""https://madenta.hu/csapatunk/""]",0,"[""info@madenta.hu""]","[""003612671601"",""0036205616365""]","[""267 1601"",""+36 20 561 6365"",""20 561 6365"",""2014-2026""]",[],[],"[""https://www.instagram.com/madenta_fogaszati_kozpont"",""www.instagram.com/madenta_fogaszati_kozpont""]","[""https://www.facebook.com/MadentaFogaszatiKozpont"",""www.facebook.com/MadentaFogaszatiKozpont""]","[""https://www.youtube.com/embed/ie8_GT3n2H8""]",[],[],[],[],[],[],[],[],,[]
Dentobond,,Fogászat,"Budapest, Üllői út, 1091 Magyarország",XVIII. kerület,Üllői út,Budapest,1091,,HU,http://www.dentobond.hu/fogszab.html,+36 30 250 1130,+36302501130,true,"{""lat"":47.4233268,""lng"":19.2345806}",5,false,false,ChIJEy0U9VncQUcRZbBSgAUrfB8,"[""Fogászat""]",0x4741dc59f5142d13:0x1f7c2b058052b065,2268735614915620965,1,,1,[],2026-02-24T19:36:33.908Z,,[],[],[],[],[],"{""Szolgáltatások"":[{""WC"":true}],""Tervezés"":[{""Időpont javasolt"":true}]}",[],https://www.google.com/maps/search/?api=1&query=Dentobond&query_place_id=ChIJEy0U9VncQUcRZbBSgAUrfB8,"https://www.google.com/maps/search/fogorvos/@47.38873669979684,19.266810937580477,13z?hl=hu",fogorvos,hu,15,false,https://streetviewpixels-pa.googleapis.com/v1/thumbnail?panoid=VJwroTX3FSHl80l3AeI4Fw&cb_client=search.gws-prod.gps&w=408&h=240&yaw=240.28539&pitch=0&thumbfov=100,/g/11h_6py_sw,dentobond.hu,"[""http://www.dentobond.hu/fogszab.html"",""http://www.dentobond.hu/egeszseg.html"",""http://www.dentobond.hu/index.html"",""https://dentobond.hu/"",""http://www.dentobond.hu/gyermekfogaszat.html""]",0,"[""info@dentobond.hu"",""egeszsegpenztar@kh.hu"",""info.axa@axa.hu"",""epinfo@dimenziocsoport.hu"",""egeszsegpenztar@egeszsegpenztar.hu"",""ugyfelszolgalat@patikapenztar.hu"",""ugyfelszolgalat@posta.hu"",""egeszsegpenztar@generali.hu"",""ugyfel@mkbep.hu""]",[],"[""+36 (30) 250 1130"",""216-39-03"",""429-7424"",""429-7478"",""335-3355"",""319-5333"",""06 (40) 303-030"",""413-5101"",""06 (80) 201-418"",""472-3240"",""06 (40) 474-747"",""374-8510"",""412-3320"",""239-6749"",""463-4603"",""463-4604"",""210-9770"",""210-9778"",""06 (40) 46-46"",""06 (40) 200-250"",""452 3570"",""268-7614"",""268-7002"",""273-25-76"",""1982-1991"",""1991-2001""]",[],[],[],"[""https://www.facebook.com/pages/Dentobond-Fogszab""]",[],[],[],[],[],[],[],[],[],,[]