[2025-10-01 01:24:31Z INFO HostContext] No proxy settings were found based on environmental variables (http_proxy/https_proxy/HTTP_PROXY/HTTPS_PROXY)
[2025-10-01 01:24:31Z INFO HostContext] Well known directory 'Bin': 'G:\Brunella\actions-runner\bin'
[2025-10-01 01:24:31Z INFO HostContext] Well known directory 'Root': 'G:\Brunella\actions-runner'
[2025-10-01 01:24:31Z INFO HostContext] Well known config file 'Credentials': 'G:\Brunella\actions-runner\.credentials'
[2025-10-01 01:24:31Z INFO HostContext] Well known directory 'Bin': 'G:\Brunella\actions-runner\bin'
[2025-10-01 01:24:31Z INFO HostContext] Well known directory 'Root': 'G:\Brunella\actions-runner'
[2025-10-01 01:24:31Z INFO HostContext] Well known config file 'Runner': 'G:\Brunella\actions-runner\.runner'
[2025-10-01 01:24:31Z INFO Listener] Runner is built for Windows (X64) - win-x64.
[2025-10-01 01:24:31Z INFO Listener] RuntimeInformation: Microsoft Windows 10.0.26100.
[2025-10-01 01:24:31Z INFO Listener] Version: 2.328.0
[2025-10-01 01:24:31Z INFO Listener] Commit: 6f9a9110adce65f44ca6f7c0ae142b9cc6af937b
[2025-10-01 01:24:31Z INFO Listener] Culture: hu-HU
[2025-10-01 01:24:31Z INFO Listener] UI Culture: hu-HU
[2025-10-01 01:24:31Z INFO HostContext] Well known directory 'Bin': 'G:\Brunella\actions-runner\bin'
[2025-10-01 01:24:31Z INFO HostContext] Well known directory 'Root': 'G:\Brunella\actions-runner'
[2025-10-01 01:24:31Z INFO Listener] Validating directory permissions for: 'G:\Brunella\actions-runner'
[2025-10-01 01:24:31Z INFO CommandLineParser] Parse
[2025-10-01 01:24:31Z INFO CommandLineParser] Parsing 3 args
[2025-10-01 01:24:31Z INFO CommandLineParser] parsing argument
[2025-10-01 01:24:31Z INFO CommandLineParser] HasArgs: False
[2025-10-01 01:24:31Z INFO CommandLineParser] Adding Command: run
[2025-10-01 01:24:31Z INFO CommandLineParser] parsing argument
[2025-10-01 01:24:31Z INFO CommandLineParser] HasArgs: True
[2025-10-01 01:24:31Z INFO CommandLineParser] arg: startuptype
[2025-10-01 01:24:31Z INFO CommandLineParser] parsing argument
[2025-10-01 01:24:31Z INFO CommandLineParser] HasArgs: True
[2025-10-01 01:24:31Z INFO CommandLineParser] Adding option 'startuptype': 'service'
[2025-10-01 01:24:31Z INFO Listener] Arguments parsed
[2025-10-01 01:24:31Z INFO Runner] ExecuteCommand
[2025-10-01 01:24:31Z INFO ConfigurationStore] currentAssemblyLocation: G:\Brunella\actions-runner\bin\Runner.Listener.dll
[2025-10-01 01:24:31Z INFO HostContext] Well known directory 'Bin': 'G:\Brunella\actions-runner\bin'
[2025-10-01 01:24:31Z INFO ConfigurationStore] binPath: G:\Brunella\actions-runner\bin
[2025-10-01 01:24:31Z INFO HostContext] Well known directory 'Bin': 'G:\Brunella\actions-runner\bin'
[2025-10-01 01:24:31Z INFO HostContext] Well known directory 'Root': 'G:\Brunella\actions-runner'
[2025-10-01 01:24:31Z INFO ConfigurationStore] RootFolder: G:\Brunella\actions-runner
[2025-10-01 01:24:31Z INFO HostContext] Well known directory 'Bin': 'G:\Brunella\actions-runner\bin'
[2025-10-01 01:24:31Z INFO HostContext] Well known directory 'Root': 'G:\Brunella\actions-runner'
[2025-10-01 01:24:31Z INFO HostContext] Well known config file 'Runner': 'G:\Brunella\actions-runner\.runner'
[2025-10-01 01:24:31Z INFO ConfigurationStore] ConfigFilePath: G:\Brunella\actions-runner\.runner
[2025-10-01 01:24:31Z INFO HostContext] Well known directory 'Bin': 'G:\Brunella\actions-runner\bin'
[2025-10-01 01:24:31Z INFO HostContext] Well known directory 'Root': 'G:\Brunella\actions-runner'
[2025-10-01 01:24:31Z INFO HostContext] Well known config file 'MigratedRunner': 'G:\Brunella\actions-runner\.runner_migrated'
[2025-10-01 01:24:31Z INFO ConfigurationStore] MigratedConfigFilePath: G:\Brunella\actions-runner\.runner_migrated
[2025-10-01 01:24:31Z INFO HostContext] Well known directory 'Bin': 'G:\Brunella\actions-runner\bin'
[2025-10-01 01:24:31Z INFO HostContext] Well known directory 'Root': 'G:\Brunella\actions-runner'
[2025-10-01 01:24:31Z INFO HostContext] Well known config file 'Credentials': 'G:\Brunella\actions-runner\.credentials'
[2025-10-01 01:24:31Z INFO ConfigurationStore] CredFilePath: G:\Brunella\actions-runner\.credentials
[2025-10-01 01:24:31Z INFO HostContext] Well known directory 'Bin': 'G:\Brunella\actions-runner\bin'
[2025-10-01 01:24:31Z INFO HostContext] Well known directory 'Root': 'G:\Brunella\actions-runner'
[2025-10-01 01:24:31Z INFO HostContext] Well known config file 'MigratedCredentials': 'G:\Brunella\actions-runner\.credentials_migrated'
[2025-10-01 01:24:31Z INFO ConfigurationStore] MigratedCredFilePath: G:\Brunella\actions-runner\.credentials_migrated
[2025-10-01 01:24:31Z INFO HostContext] Well known directory 'Bin': 'G:\Brunella\actions-runner\bin'
[2025-10-01 01:24:31Z INFO HostContext] Well known directory 'Root': 'G:\Brunella\actions-runner'
[2025-10-01 01:24:31Z INFO HostContext] Well known config file 'Service': 'G:\Brunella\actions-runner\.service'
[2025-10-01 01:24:31Z INFO ConfigurationStore] ServiceConfigFilePath: G:\Brunella\actions-runner\.service
[2025-10-01 01:24:31Z INFO CommandSettings] Flag 'help': 'False'
[2025-10-01 01:24:31Z INFO CommandSettings] Flag 'version': 'False'
[2025-10-01 01:24:31Z INFO CommandSettings] Flag 'commit': 'False'
[2025-10-01 01:24:31Z INFO CommandSettings] Flag 'check': 'False'
[2025-10-01 01:24:31Z INFO CommandSettings] Command 'configure': 'False'
[2025-10-01 01:24:31Z INFO CommandSettings] Command 'remove': 'False'
[2025-10-01 01:24:31Z INFO CommandSettings] Command 'warmup': 'False'
[2025-10-01 01:24:31Z INFO ConfigurationManager] LoadSettings
[2025-10-01 01:24:31Z INFO ConfigurationStore] IsConfigured()
[2025-10-01 01:24:31Z INFO ConfigurationStore] IsConfigured: True
[2025-10-01 01:24:31Z INFO ConfigurationManager] Is configured: True
[2025-10-01 01:24:31Z INFO ConfigurationStore] Read setting file: 401 chars
[2025-10-01 01:24:31Z INFO ConfigurationManager] Settings Loaded
[2025-10-01 01:24:31Z INFO ConfigurationStore] IsServiceConfigured()
[2025-10-01 01:24:31Z INFO ConfigurationStore] IsServiceConfigured: True
[2025-10-01 01:24:31Z INFO CommandSettings] Command 'run': 'True'
[2025-10-01 01:24:31Z INFO ConfigurationStore] IsConfigured()
[2025-10-01 01:24:31Z INFO ConfigurationStore] IsConfigured: True
[2025-10-01 01:24:31Z INFO ConfigurationManager] Is configured: True
[2025-10-01 01:24:31Z INFO Runner] Set runner startup type - Service
[2025-10-01 01:24:31Z INFO CommandSettings] Flag 'once': 'False'
[2025-10-01 01:24:31Z INFO CommandSettings] Flag 'once': 'False'
[2025-10-01 01:24:31Z INFO Runner] RunAsync
[2025-10-01 01:24:31Z INFO ConfigurationManager] LoadMigratedSettings
[2025-10-01 01:24:31Z INFO ConfigurationStore] IsMigratedConfigured()
[2025-10-01 01:24:31Z INFO ConfigurationStore] IsMigratedConfigured: True
[2025-10-01 01:24:31Z INFO ConfigurationStore] Read migrated setting file: 401 chars
[2025-10-01 01:24:31Z INFO ConfigurationManager] Migrated Settings Loaded
[2025-10-01 01:24:31Z INFO Runner] Loaded migrated settings from .runner_migrated file
[2025-10-01 01:24:31Z INFO Runner] {
  "AgentId": 21,
  "AgentName": "POHIPC",
  "PoolId": 1,
  "PoolName": "Default",
  "ServerUrl": "https://pipelinesghubeus6.actions.githubusercontent.com/hKyNd5hzQTjPqVOxuFp9CyJ2tMUr8ytJJ9FfsFju3bqhBGI0lq/",
  "GitHubUrl": "https://github.com/pohi99999/giada-fervere-website",
  "WorkFolder": "_work",
  "UseV2Flow": true,
  "ServerUrlV2": "https://broker.actions.githubusercontent.com/"
}
[2025-10-01 01:24:31Z INFO Runner] Attempting to create session using migrated settings
[2025-10-01 01:24:31Z INFO Runner] Using BrokerMessageListener
[2025-10-01 01:24:31Z INFO BrokerMessageListener] Using provided settings
[2025-10-01 01:24:31Z INFO BrokerMessageListener] Using migrated settings from .runner_migrated
[2025-10-01 01:24:31Z INFO BrokerMessageListener] {
  "AgentId": 21,
  "AgentName": "POHIPC",
  "PoolId": 1,
  "PoolName": "Default",
  "ServerUrl": "https://pipelinesghubeus6.actions.githubusercontent.com/hKyNd5hzQTjPqVOxuFp9CyJ2tMUr8ytJJ9FfsFju3bqhBGI0lq/",
  "GitHubUrl": "https://github.com/pohi99999/giada-fervere-website",
  "WorkFolder": "_work",
  "UseV2Flow": true,
  "ServerUrlV2": "https://broker.actions.githubusercontent.com/"
}
[2025-10-01 01:24:31Z INFO BrokerMessageListener] Loading Credentials
[2025-10-01 01:24:31Z INFO ConfigurationStore] HasCredentials()
[2025-10-01 01:24:31Z INFO ConfigurationStore] stored True
[2025-10-01 01:24:31Z INFO CredentialManager] GetCredentialProvider
[2025-10-01 01:24:31Z INFO CredentialManager] Creating type OAuth
[2025-10-01 01:24:31Z INFO CredentialManager] Creating credential type: OAuth
[2025-10-01 01:24:32Z INFO HostContext] Well known directory 'Bin': 'G:\Brunella\actions-runner\bin'
[2025-10-01 01:24:32Z INFO HostContext] Well known directory 'Root': 'G:\Brunella\actions-runner'
[2025-10-01 01:24:32Z INFO HostContext] Well known config file 'RSACredentials': 'G:\Brunella\actions-runner\.credentials_rsaparams'
[2025-10-01 01:24:32Z INFO RSAEncryptedFileKeyManager] Loading RSA key parameters from file G:\Brunella\actions-runner\.credentials_rsaparams
[2025-10-01 01:24:32Z INFO BrokerMessageListener] Attempt to create session.
[2025-10-01 01:24:32Z INFO BrokerMessageListener] Connecting to the Broker Server...
[2025-10-01 01:24:32Z INFO ConfigurationStore] HasCredentials()
[2025-10-01 01:24:32Z INFO ConfigurationStore] stored True
[2025-10-01 01:24:32Z INFO CredentialManager] GetCredentialProvider
[2025-10-01 01:24:32Z INFO CredentialManager] Creating type OAuth
[2025-10-01 01:24:32Z INFO CredentialManager] Creating credential type: OAuth
[2025-10-01 01:24:32Z INFO RSAEncryptedFileKeyManager] Loading RSA key parameters from file G:\Brunella\actions-runner\.credentials_rsaparams
[2025-10-01 01:24:32Z INFO BrokerMessageListener] VssConnection created
[2025-10-01 01:24:32Z INFO BrokerMessageListener] Connecting to the Runner server...
[2025-10-01 01:24:32Z INFO RunnerServer] EstablishVssConnection
[2025-10-01 01:24:32Z INFO RunnerServer] Establish connection with 100 seconds timeout.
[2025-10-01 01:24:32Z INFO GitHubActionsService] Starting operation Location.GetConnectionData
[2025-10-01 01:24:32Z INFO RunnerServer] EstablishVssConnection
[2025-10-01 01:24:32Z INFO RunnerServer] Establish connection with 60 seconds timeout.
[2025-10-01 01:24:32Z INFO GitHubActionsService] Starting operation Location.GetConnectionData
[2025-10-01 01:24:32Z INFO RunnerServer] EstablishVssConnection
[2025-10-01 01:24:32Z INFO RunnerServer] Establish connection with 60 seconds timeout.
[2025-10-01 01:24:32Z INFO GitHubActionsService] Starting operation Location.GetConnectionData
[2025-10-01 01:24:33Z ERR  GitHubActionsService] GET request to https://pipelinesghubeus6.actions.githubusercontent.com/hKyNd5hzQTjPqVOxuFp9CyJ2tMUr8ytJJ9FfsFju3bqhBGI0lq/_apis/connectionData?connectOptions=1&lastChangeId=258625537&lastChangeId64=258625537 failed. HTTP Status: NotFound
[2025-10-01 01:24:33Z ERR  GitHubActionsService] GET request to https://pipelinesghubeus6.actions.githubusercontent.com/hKyNd5hzQTjPqVOxuFp9CyJ2tMUr8ytJJ9FfsFju3bqhBGI0lq/_apis/connectionData?connectOptions=1&lastChangeId=258625537&lastChangeId64=258625537 failed. HTTP Status: NotFound
[2025-10-01 01:24:33Z INFO GitHubActionsService] Finished operation Location.GetConnectionData
[2025-10-01 01:24:33Z INFO GitHubActionsService] Finished operation Location.GetConnectionData
[2025-10-01 01:24:33Z INFO RunnerServer] Catch exception during connect. 4 attempt left.
[2025-10-01 01:24:33Z INFO RunnerServer] Catch exception during connect. 4 attempt left.
[2025-10-01 01:24:33Z ERR  GitHubActionsService] GET request to https://pipelinesghubeus6.actions.githubusercontent.com/hKyNd5hzQTjPqVOxuFp9CyJ2tMUr8ytJJ9FfsFju3bqhBGI0lq/_apis/connectionData?connectOptions=1&lastChangeId=258625537&lastChangeId64=258625537 failed. HTTP Status: NotFound
[2025-10-01 01:24:33Z INFO GitHubActionsService] Finished operation Location.GetConnectionData
[2025-10-01 01:24:33Z INFO RunnerServer] Catch exception during connect. 4 attempt left.
[2025-10-01 01:24:33Z ERR  RunnerServer] GitHub.Services.WebApi.VssServiceResponseException: The resource cannot be found.
   at GitHub.Services.WebApi.VssHttpClientBase.HandleResponseAsync(HttpResponseMessage response, CancellationToken cancellationToken)
   at GitHub.Services.WebApi.VssHttpClientBase.SendAsync(HttpRequestMessage message, HttpCompletionOption completionOption, Object userState, CancellationToken cancellationToken)
   at GitHub.Services.WebApi.VssHttpClientBase.SendAsync[T](HttpRequestMessage message, Object userState, CancellationToken cancellationToken)
   at GitHub.Services.Location.Client.LocationHttpClient.GetConnectionDataAsync(ConnectOptions connectOptions, Int64 lastChangeId, CancellationToken cancellationToken, Object userState)
   at GitHub.Services.WebApi.Location.VssServerDataProvider.GetConnectionDataAsync(ConnectOptions connectOptions, Int32 lastChangeId, CancellationToken cancellationToken)
   at GitHub.Services.WebApi.Location.VssServerDataProvider.ConnectAsync(ConnectOptions connectOptions, CancellationToken cancellationToken)
   at GitHub.Runner.Common.RunnerService.EstablishVssConnection(Uri serverUrl, VssCredentials credentials, TimeSpan timeout)
[2025-10-01 01:24:33Z ERR  RunnerServer] GitHub.Services.WebApi.VssServiceResponseException: The resource cannot be found.
   at GitHub.Services.WebApi.VssHttpClientBase.HandleResponseAsync(HttpResponseMessage response, CancellationToken cancellationToken)
   at GitHub.Services.WebApi.VssHttpClientBase.SendAsync(HttpRequestMessage message, HttpCompletionOption completionOption, Object userState, CancellationToken cancellationToken)
   at GitHub.Services.WebApi.VssHttpClientBase.SendAsync[T](HttpRequestMessage message, Object userState, CancellationToken cancellationToken)
   at GitHub.Services.Location.Client.LocationHttpClient.GetConnectionDataAsync(ConnectOptions connectOptions, Int64 lastChangeId, CancellationToken cancellationToken, Object userState)
   at GitHub.Services.WebApi.Location.VssServerDataProvider.GetConnectionDataAsync(ConnectOptions connectOptions, Int32 lastChangeId, CancellationToken cancellationToken)
   at GitHub.Services.WebApi.Location.VssServerDataProvider.ConnectAsync(ConnectOptions connectOptions, CancellationToken cancellationToken)
   at GitHub.Runner.Common.RunnerService.EstablishVssConnection(Uri serverUrl, VssCredentials credentials, TimeSpan timeout)
[2025-10-01 01:24:33Z ERR  RunnerServer] GitHub.Services.WebApi.VssServiceResponseException: The resource cannot be found.
   at GitHub.Services.WebApi.VssHttpClientBase.HandleResponseAsync(HttpResponseMessage response, CancellationToken cancellationToken)
   at GitHub.Services.WebApi.VssHttpClientBase.SendAsync(HttpRequestMessage message, HttpCompletionOption completionOption, Object userState, CancellationToken cancellationToken)
   at GitHub.Services.WebApi.VssHttpClientBase.SendAsync[T](HttpRequestMessage message, Object userState, CancellationToken cancellationToken)
   at GitHub.Services.Location.Client.LocationHttpClient.GetConnectionDataAsync(ConnectOptions connectOptions, Int64 lastChangeId, CancellationToken cancellationToken, Object userState)
   at GitHub.Services.WebApi.Location.VssServerDataProvider.GetConnectionDataAsync(ConnectOptions connectOptions, Int32 lastChangeId, CancellationToken cancellationToken)
   at GitHub.Services.WebApi.Location.VssServerDataProvider.ConnectAsync(ConnectOptions connectOptions, CancellationToken cancellationToken)
   at GitHub.Runner.Common.RunnerService.EstablishVssConnection(Uri serverUrl, VssCredentials credentials, TimeSpan timeout)
[2025-10-01 01:24:33Z INFO GitHubActionsService] Starting operation Location.GetConnectionData
[2025-10-01 01:24:33Z INFO GitHubActionsService] Starting operation Location.GetConnectionData
[2025-10-01 01:24:33Z INFO GitHubActionsService] Starting operation Location.GetConnectionData
[2025-10-01 01:24:33Z ERR  GitHubActionsService] GET request to https://pipelinesghubeus6.actions.githubusercontent.com/hKyNd5hzQTjPqVOxuFp9CyJ2tMUr8ytJJ9FfsFju3bqhBGI0lq/_apis/connectionData?connectOptions=1&lastChangeId=258625537&lastChangeId64=258625537 failed. HTTP Status: NotFound
[2025-10-01 01:24:33Z INFO GitHubActionsService] Finished operation Location.GetConnectionData
[2025-10-01 01:24:33Z INFO RunnerServer] Catch exception during connect. 3 attempt left.
[2025-10-01 01:24:33Z ERR  RunnerServer] GitHub.Services.WebApi.VssServiceResponseException: The resource cannot be found.
   at GitHub.Services.WebApi.VssHttpClientBase.HandleResponseAsync(HttpResponseMessage response, CancellationToken cancellationToken)
   at GitHub.Services.WebApi.VssHttpClientBase.SendAsync(HttpRequestMessage message, HttpCompletionOption completionOption, Object userState, CancellationToken cancellationToken)
   at GitHub.Services.WebApi.VssHttpClientBase.SendAsync[T](HttpRequestMessage message, Object userState, CancellationToken cancellationToken)
   at GitHub.Services.Location.Client.LocationHttpClient.GetConnectionDataAsync(ConnectOptions connectOptions, Int64 lastChangeId, CancellationToken cancellationToken, Object userState)
   at GitHub.Services.WebApi.Location.VssServerDataProvider.GetConnectionDataAsync(ConnectOptions connectOptions, Int32 lastChangeId, CancellationToken cancellationToken)
   at GitHub.Services.WebApi.Location.VssServerDataProvider.ConnectAsync(ConnectOptions connectOptions, CancellationToken cancellationToken)
   at GitHub.Runner.Common.RunnerService.EstablishVssConnection(Uri serverUrl, VssCredentials credentials, TimeSpan timeout)
[2025-10-01 01:24:33Z ERR  GitHubActionsService] GET request to https://pipelinesghubeus6.actions.githubusercontent.com/hKyNd5hzQTjPqVOxuFp9CyJ2tMUr8ytJJ9FfsFju3bqhBGI0lq/_apis/connectionData?connectOptions=1&lastChangeId=258625537&lastChangeId64=258625537 failed. HTTP Status: NotFound
[2025-10-01 01:24:33Z INFO GitHubActionsService] Finished operation Location.GetConnectionData
[2025-10-01 01:24:33Z INFO RunnerServer] Catch exception during connect. 3 attempt left.
[2025-10-01 01:24:33Z ERR  RunnerServer] GitHub.Services.WebApi.VssServiceResponseException: The resource cannot be found.
   at GitHub.Services.WebApi.VssHttpClientBase.HandleResponseAsync(HttpResponseMessage response, CancellationToken cancellationToken)
   at GitHub.Services.WebApi.VssHttpClientBase.SendAsync(HttpRequestMessage message, HttpCompletionOption completionOption, Object userState, CancellationToken cancellationToken)
   at GitHub.Services.WebApi.VssHttpClientBase.SendAsync[T](HttpRequestMessage message, Object userState, CancellationToken cancellationToken)
   at GitHub.Services.Location.Client.LocationHttpClient.GetConnectionDataAsync(ConnectOptions connectOptions, Int64 lastChangeId, CancellationToken cancellationToken, Object userState)
   at GitHub.Services.WebApi.Location.VssServerDataProvider.GetConnectionDataAsync(ConnectOptions connectOptions, Int32 lastChangeId, CancellationToken cancellationToken)
   at GitHub.Services.WebApi.Location.VssServerDataProvider.ConnectAsync(ConnectOptions connectOptions, CancellationToken cancellationToken)
   at GitHub.Runner.Common.RunnerService.EstablishVssConnection(Uri serverUrl, VssCredentials credentials, TimeSpan timeout)
[2025-10-01 01:24:33Z ERR  GitHubActionsService] GET request to https://pipelinesghubeus6.actions.githubusercontent.com/hKyNd5hzQTjPqVOxuFp9CyJ2tMUr8ytJJ9FfsFju3bqhBGI0lq/_apis/connectionData?connectOptions=1&lastChangeId=258625537&lastChangeId64=258625537 failed. HTTP Status: NotFound
[2025-10-01 01:24:33Z INFO GitHubActionsService] Finished operation Location.GetConnectionData
[2025-10-01 01:24:33Z INFO RunnerServer] Catch exception during connect. 3 attempt left.
[2025-10-01 01:24:33Z ERR  RunnerServer] GitHub.Services.WebApi.VssServiceResponseException: The resource cannot be found.
   at GitHub.Services.WebApi.VssHttpClientBase.HandleResponseAsync(HttpResponseMessage response, CancellationToken cancellationToken)
   at GitHub.Services.WebApi.VssHttpClientBase.SendAsync(HttpRequestMessage message, HttpCompletionOption completionOption, Object userState, CancellationToken cancellationToken)
   at GitHub.Services.WebApi.VssHttpClientBase.SendAsync[T](HttpRequestMessage message, Object userState, CancellationToken cancellationToken)
   at GitHub.Services.Location.Client.LocationHttpClient.GetConnectionDataAsync(ConnectOptions connectOptions, Int64 lastChangeId, CancellationToken cancellationToken, Object userState)
   at GitHub.Services.WebApi.Location.VssServerDataProvider.GetConnectionDataAsync(ConnectOptions connectOptions, Int32 lastChangeId, CancellationToken cancellationToken)
   at GitHub.Services.WebApi.Location.VssServerDataProvider.ConnectAsync(ConnectOptions connectOptions, CancellationToken cancellationToken)
   at GitHub.Runner.Common.RunnerService.EstablishVssConnection(Uri serverUrl, VssCredentials credentials, TimeSpan timeout)
[2025-10-01 01:24:33Z INFO GitHubActionsService] Starting operation Location.GetConnectionData
[2025-10-01 01:24:34Z INFO GitHubActionsService] Starting operation Location.GetConnectionData
[2025-10-01 01:24:34Z INFO GitHubActionsService] Starting operation Location.GetConnectionData
[2025-10-01 01:24:34Z ERR  GitHubActionsService] GET request to https://pipelinesghubeus6.actions.githubusercontent.com/hKyNd5hzQTjPqVOxuFp9CyJ2tMUr8ytJJ9FfsFju3bqhBGI0lq/_apis/connectionData?connectOptions=1&lastChangeId=258625537&lastChangeId64=258625537 failed. HTTP Status: NotFound
[2025-10-01 01:24:34Z INFO GitHubActionsService] Finished operation Location.GetConnectionData
[2025-10-01 01:24:34Z INFO RunnerServer] Catch exception during connect. 2 attempt left.
[2025-10-01 01:24:34Z ERR  RunnerServer] GitHub.Services.WebApi.VssServiceResponseException: The resource cannot be found.
   at GitHub.Services.WebApi.VssHttpClientBase.HandleResponseAsync(HttpResponseMessage response, CancellationToken cancellationToken)
   at GitHub.Services.WebApi.VssHttpClientBase.SendAsync(HttpRequestMessage message, HttpCompletionOption completionOption, Object userState, CancellationToken cancellationToken)
   at GitHub.Services.WebApi.VssHttpClientBase.SendAsync[T](HttpRequestMessage message, Object userState, CancellationToken cancellationToken)
   at GitHub.Services.Location.Client.LocationHttpClient.GetConnectionDataAsync(ConnectOptions connectOptions, Int64 lastChangeId, CancellationToken cancellationToken, Object userState)
   at GitHub.Services.WebApi.Location.VssServerDataProvider.GetConnectionDataAsync(ConnectOptions connectOptions, Int32 lastChangeId, CancellationToken cancellationToken)
   at GitHub.Services.WebApi.Location.VssServerDataProvider.ConnectAsync(ConnectOptions connectOptions, CancellationToken cancellationToken)
   at GitHub.Runner.Common.RunnerService.EstablishVssConnection(Uri serverUrl, VssCredentials credentials, TimeSpan timeout)
[2025-10-01 01:24:34Z ERR  GitHubActionsService] GET request to https://pipelinesghubeus6.actions.githubusercontent.com/hKyNd5hzQTjPqVOxuFp9CyJ2tMUr8ytJJ9FfsFju3bqhBGI0lq/_apis/connectionData?connectOptions=1&lastChangeId=258625537&lastChangeId64=258625537 failed. HTTP Status: NotFound
[2025-10-01 01:24:34Z INFO GitHubActionsService] Finished operation Location.GetConnectionData
[2025-10-01 01:24:34Z INFO RunnerServer] Catch exception during connect. 2 attempt left.
[2025-10-01 01:24:34Z ERR  RunnerServer] GitHub.Services.WebApi.VssServiceResponseException: The resource cannot be found.
   at GitHub.Services.WebApi.VssHttpClientBase.HandleResponseAsync(HttpResponseMessage response, CancellationToken cancellationToken)
   at GitHub.Services.WebApi.VssHttpClientBase.SendAsync(HttpRequestMessage message, HttpCompletionOption completionOption, Object userState, CancellationToken cancellationToken)
   at GitHub.Services.WebApi.VssHttpClientBase.SendAsync[T](HttpRequestMessage message, Object userState, CancellationToken cancellationToken)
   at GitHub.Services.Location.Client.LocationHttpClient.GetConnectionDataAsync(ConnectOptions connectOptions, Int64 lastChangeId, CancellationToken cancellationToken, Object userState)
   at GitHub.Services.WebApi.Location.VssServerDataProvider.GetConnectionDataAsync(ConnectOptions connectOptions, Int32 lastChangeId, CancellationToken cancellationToken)
   at GitHub.Services.WebApi.Location.VssServerDataProvider.ConnectAsync(ConnectOptions connectOptions, CancellationToken cancellationToken)
   at GitHub.Runner.Common.RunnerService.EstablishVssConnection(Uri serverUrl, VssCredentials credentials, TimeSpan timeout)
[2025-10-01 01:24:34Z ERR  GitHubActionsService] GET request to https://pipelinesghubeus6.actions.githubusercontent.com/hKyNd5hzQTjPqVOxuFp9CyJ2tMUr8ytJJ9FfsFju3bqhBGI0lq/_apis/connectionData?connectOptions=1&lastChangeId=258625537&lastChangeId64=258625537 failed. HTTP Status: NotFound
[2025-10-01 01:24:34Z INFO GitHubActionsService] Finished operation Location.GetConnectionData
[2025-10-01 01:24:34Z INFO RunnerServer] Catch exception during connect. 2 attempt left.
[2025-10-01 01:24:34Z ERR  RunnerServer] GitHub.Services.WebApi.VssServiceResponseException: The resource cannot be found.
   at GitHub.Services.WebApi.VssHttpClientBase.HandleResponseAsync(HttpResponseMessage response, CancellationToken cancellationToken)
   at GitHub.Services.WebApi.VssHttpClientBase.SendAsync(HttpRequestMessage message, HttpCompletionOption completionOption, Object userState, CancellationToken cancellationToken)
   at GitHub.Services.WebApi.VssHttpClientBase.SendAsync[T](HttpRequestMessage message, Object userState, CancellationToken cancellationToken)
   at GitHub.Services.Location.Client.LocationHttpClient.GetConnectionDataAsync(ConnectOptions connectOptions, Int64 lastChangeId, CancellationToken cancellationToken, Object userState)
   at GitHub.Services.WebApi.Location.VssServerDataProvider.GetConnectionDataAsync(ConnectOptions connectOptions, Int32 lastChangeId, CancellationToken cancellationToken)
   at GitHub.Services.WebApi.Location.VssServerDataProvider.ConnectAsync(ConnectOptions connectOptions, CancellationToken cancellationToken)
   at GitHub.Runner.Common.RunnerService.EstablishVssConnection(Uri serverUrl, VssCredentials credentials, TimeSpan timeout)
[2025-10-01 01:24:34Z INFO GitHubActionsService] Starting operation Location.GetConnectionData
[2025-10-01 01:24:34Z INFO GitHubActionsService] Starting operation Location.GetConnectionData
[2025-10-01 01:24:34Z INFO GitHubActionsService] Starting operation Location.GetConnectionData
[2025-10-01 01:24:35Z ERR  GitHubActionsService] GET request to https://pipelinesghubeus6.actions.githubusercontent.com/hKyNd5hzQTjPqVOxuFp9CyJ2tMUr8ytJJ9FfsFju3bqhBGI0lq/_apis/connectionData?connectOptions=1&lastChangeId=258625537&lastChangeId64=258625537 failed. HTTP Status: NotFound
[2025-10-01 01:24:35Z INFO GitHubActionsService] Finished operation Location.GetConnectionData
[2025-10-01 01:24:35Z INFO RunnerServer] Catch exception during connect. 1 attempt left.
[2025-10-01 01:24:35Z ERR  RunnerServer] GitHub.Services.WebApi.VssServiceResponseException: The resource cannot be found.
   at GitHub.Services.WebApi.VssHttpClientBase.HandleResponseAsync(HttpResponseMessage response, CancellationToken cancellationToken)
   at GitHub.Services.WebApi.VssHttpClientBase.SendAsync(HttpRequestMessage message, HttpCompletionOption completionOption, Object userState, CancellationToken cancellationToken)
   at GitHub.Services.WebApi.VssHttpClientBase.SendAsync[T](HttpRequestMessage message, Object userState, CancellationToken cancellationToken)
   at GitHub.Services.Location.Client.LocationHttpClient.GetConnectionDataAsync(ConnectOptions connectOptions, Int64 lastChangeId, CancellationToken cancellationToken, Object userState)
   at GitHub.Services.WebApi.Location.VssServerDataProvider.GetConnectionDataAsync(ConnectOptions connectOptions, Int32 lastChangeId, CancellationToken cancellationToken)
   at GitHub.Services.WebApi.Location.VssServerDataProvider.ConnectAsync(ConnectOptions connectOptions, CancellationToken cancellationToken)
   at GitHub.Runner.Common.RunnerService.EstablishVssConnection(Uri serverUrl, VssCredentials credentials, TimeSpan timeout)
[2025-10-01 01:24:35Z ERR  GitHubActionsService] GET request to https://pipelinesghubeus6.actions.githubusercontent.com/hKyNd5hzQTjPqVOxuFp9CyJ2tMUr8ytJJ9FfsFju3bqhBGI0lq/_apis/connectionData?connectOptions=1&lastChangeId=258625537&lastChangeId64=258625537 failed. HTTP Status: NotFound
[2025-10-01 01:24:35Z INFO GitHubActionsService] Finished operation Location.GetConnectionData
[2025-10-01 01:24:35Z INFO RunnerServer] Catch exception during connect. 1 attempt left.
[2025-10-01 01:24:35Z ERR  RunnerServer] GitHub.Services.WebApi.VssServiceResponseException: The resource cannot be found.
   at GitHub.Services.WebApi.VssHttpClientBase.HandleResponseAsync(HttpResponseMessage response, CancellationToken cancellationToken)
   at GitHub.Services.WebApi.VssHttpClientBase.SendAsync(HttpRequestMessage message, HttpCompletionOption completionOption, Object userState, CancellationToken cancellationToken)
   at GitHub.Services.WebApi.VssHttpClientBase.SendAsync[T](HttpRequestMessage message, Object userState, CancellationToken cancellationToken)
   at GitHub.Services.Location.Client.LocationHttpClient.GetConnectionDataAsync(ConnectOptions connectOptions, Int64 lastChangeId, CancellationToken cancellationToken, Object userState)
   at GitHub.Services.WebApi.Location.VssServerDataProvider.GetConnectionDataAsync(ConnectOptions connectOptions, Int32 lastChangeId, CancellationToken cancellationToken)
   at GitHub.Services.WebApi.Location.VssServerDataProvider.ConnectAsync(ConnectOptions connectOptions, CancellationToken cancellationToken)
   at GitHub.Runner.Common.RunnerService.EstablishVssConnection(Uri serverUrl, VssCredentials credentials, TimeSpan timeout)
[2025-10-01 01:24:35Z ERR  GitHubActionsService] GET request to https://pipelinesghubeus6.actions.githubusercontent.com/hKyNd5hzQTjPqVOxuFp9CyJ2tMUr8ytJJ9FfsFju3bqhBGI0lq/_apis/connectionData?connectOptions=1&lastChangeId=258625537&lastChangeId64=258625537 failed. HTTP Status: NotFound
[2025-10-01 01:24:35Z INFO GitHubActionsService] Finished operation Location.GetConnectionData
[2025-10-01 01:24:35Z INFO RunnerServer] Catch exception during connect. 1 attempt left.
[2025-10-01 01:24:35Z ERR  RunnerServer] GitHub.Services.WebApi.VssServiceResponseException: The resource cannot be found.
   at GitHub.Services.WebApi.VssHttpClientBase.HandleResponseAsync(HttpResponseMessage response, CancellationToken cancellationToken)
   at GitHub.Services.WebApi.VssHttpClientBase.SendAsync(HttpRequestMessage message, HttpCompletionOption completionOption, Object userState, CancellationToken cancellationToken)
   at GitHub.Services.WebApi.VssHttpClientBase.SendAsync[T](HttpRequestMessage message, Object userState, CancellationToken cancellationToken)
   at GitHub.Services.Location.Client.LocationHttpClient.GetConnectionDataAsync(ConnectOptions connectOptions, Int64 lastChangeId, CancellationToken cancellationToken, Object userState)
   at GitHub.Services.WebApi.Location.VssServerDataProvider.GetConnectionDataAsync(ConnectOptions connectOptions, Int32 lastChangeId, CancellationToken cancellationToken)
   at GitHub.Services.WebApi.Location.VssServerDataProvider.ConnectAsync(ConnectOptions connectOptions, CancellationToken cancellationToken)
   at GitHub.Runner.Common.RunnerService.EstablishVssConnection(Uri serverUrl, VssCredentials credentials, TimeSpan timeout)
[2025-10-01 01:24:35Z INFO GitHubActionsService] Starting operation Location.GetConnectionData
[2025-10-01 01:24:35Z INFO GitHubActionsService] Starting operation Location.GetConnectionData
[2025-10-01 01:24:35Z INFO GitHubActionsService] Starting operation Location.GetConnectionData
[2025-10-01 01:24:36Z ERR  GitHubActionsService] GET request to https://pipelinesghubeus6.actions.githubusercontent.com/hKyNd5hzQTjPqVOxuFp9CyJ2tMUr8ytJJ9FfsFju3bqhBGI0lq/_apis/connectionData?connectOptions=1&lastChangeId=258625537&lastChangeId64=258625537 failed. HTTP Status: NotFound
[2025-10-01 01:24:36Z INFO GitHubActionsService] Finished operation Location.GetConnectionData
[2025-10-01 01:24:36Z ERR  GitHubActionsService] GET request to https://pipelinesghubeus6.actions.githubusercontent.com/hKyNd5hzQTjPqVOxuFp9CyJ2tMUr8ytJJ9FfsFju3bqhBGI0lq/_apis/connectionData?connectOptions=1&lastChangeId=258625537&lastChangeId64=258625537 failed. HTTP Status: NotFound
[2025-10-01 01:24:36Z INFO GitHubActionsService] Finished operation Location.GetConnectionData
[2025-10-01 01:24:36Z ERR  GitHubActionsService] GET request to https://pipelinesghubeus6.actions.githubusercontent.com/hKyNd5hzQTjPqVOxuFp9CyJ2tMUr8ytJJ9FfsFju3bqhBGI0lq/_apis/connectionData?connectOptions=1&lastChangeId=258625537&lastChangeId64=258625537 failed. HTTP Status: NotFound
[2025-10-01 01:24:36Z INFO GitHubActionsService] Finished operation Location.GetConnectionData
[2025-10-01 01:24:36Z ERR  BrokerMessageListener] Catch exception during create session.
[2025-10-01 01:24:36Z ERR  BrokerMessageListener] GitHub.Services.WebApi.VssServiceResponseException: The resource cannot be found.
   at GitHub.Services.WebApi.VssHttpClientBase.HandleResponseAsync(HttpResponseMessage response, CancellationToken cancellationToken)
   at GitHub.Services.WebApi.VssHttpClientBase.SendAsync(HttpRequestMessage message, HttpCompletionOption completionOption, Object userState, CancellationToken cancellationToken)
   at GitHub.Services.WebApi.VssHttpClientBase.SendAsync[T](HttpRequestMessage message, Object userState, CancellationToken cancellationToken)
   at GitHub.Services.Location.Client.LocationHttpClient.GetConnectionDataAsync(ConnectOptions connectOptions, Int64 lastChangeId, CancellationToken cancellationToken, Object userState)
   at GitHub.Services.WebApi.Location.VssServerDataProvider.GetConnectionDataAsync(ConnectOptions connectOptions, Int32 lastChangeId, CancellationToken cancellationToken)
   at GitHub.Services.WebApi.Location.VssServerDataProvider.ConnectAsync(ConnectOptions connectOptions, CancellationToken cancellationToken)
   at GitHub.Runner.Common.RunnerService.EstablishVssConnection(Uri serverUrl, VssCredentials credentials, TimeSpan timeout)
   at GitHub.Runner.Common.RunnerServer.ConnectAsync(Uri serverUrl, VssCredentials credentials)
   at GitHub.Runner.Listener.BrokerMessageListener.CreateSessionAsync(CancellationToken token)
[2025-10-01 01:24:36Z WARN BrokerMessageListener] Migrated settings retry 1 of 3
[2025-10-01 01:24:36Z INFO BrokerMessageListener] Retriable exception: The resource cannot be found.
[2025-10-01 01:24:36Z ERR  Terminal] WRITE ERROR: 2025-10-01 01:24:36Z: Runner connect error: The resource cannot be found.. Retrying until reconnected.
[2025-10-01 01:24:36Z INFO BrokerMessageListener] Sleeping for 30 seconds before retrying.
[2025-10-01 01:25:06Z INFO BrokerMessageListener] Attempt to create session.
[2025-10-01 01:25:06Z INFO BrokerMessageListener] Connecting to the Broker Server...
[2025-10-01 01:25:06Z INFO ConfigurationStore] HasCredentials()
[2025-10-01 01:25:06Z INFO ConfigurationStore] stored True
[2025-10-01 01:25:06Z INFO CredentialManager] GetCredentialProvider
[2025-10-01 01:25:06Z INFO CredentialManager] Creating type OAuth
[2025-10-01 01:25:06Z INFO CredentialManager] Creating credential type: OAuth
[2025-10-01 01:25:06Z INFO RSAEncryptedFileKeyManager] Loading RSA key parameters from file G:\Brunella\actions-runner\.credentials_rsaparams
[2025-10-01 01:25:06Z INFO BrokerMessageListener] VssConnection created
[2025-10-01 01:25:06Z INFO BrokerMessageListener] Connecting to the Runner server...
[2025-10-01 01:25:06Z INFO RunnerServer] EstablishVssConnection
[2025-10-01 01:25:06Z INFO RunnerServer] Establish connection with 100 seconds timeout.
[2025-10-01 01:25:06Z INFO GitHubActionsService] Starting operation Location.GetConnectionData
[2025-10-01 01:25:06Z INFO RunnerServer] EstablishVssConnection
[2025-10-01 01:25:06Z INFO RunnerServer] Establish connection with 60 seconds timeout.
[2025-10-01 01:25:06Z INFO GitHubActionsService] Starting operation Location.GetConnectionData
[2025-10-01 01:25:06Z INFO RunnerServer] EstablishVssConnection
[2025-10-01 01:25:06Z INFO RunnerServer] Establish connection with 60 seconds timeout.
[2025-10-01 01:25:06Z INFO GitHubActionsService] Starting operation Location.GetConnectionData
[2025-10-01 01:25:06Z ERR  GitHubActionsService] GET request to https://pipelinesghubeus6.actions.githubusercontent.com/hKyNd5hzQTjPqVOxuFp9CyJ2tMUr8ytJJ9FfsFju3bqhBGI0lq/_apis/connectionData?connectOptions=1&lastChangeId=258625537&lastChangeId64=258625537 failed. HTTP Status: NotFound
[2025-10-01 01:25:06Z INFO GitHubActionsService] Finished operation Location.GetConnectionData
[2025-10-01 01:25:06Z INFO RunnerServer] Catch exception during connect. 4 attempt left.
[2025-10-01 01:25:06Z ERR  RunnerServer] GitHub.Services.WebApi.VssServiceResponseException: The resource cannot be found.
   at GitHub.Services.WebApi.VssHttpClientBase.HandleResponseAsync(HttpResponseMessage response, CancellationToken cancellationToken)
   at GitHub.Services.WebApi.VssHttpClientBase.SendAsync(HttpRequestMessage message, HttpCompletionOption completionOption, Object userState, CancellationToken cancellationToken)
   at GitHub.Services.WebApi.VssHttpClientBase.SendAsync[T](HttpRequestMessage message, Object userState, CancellationToken cancellationToken)
   at GitHub.Services.Location.Client.LocationHttpClient.GetConnectionDataAsync(ConnectOptions connectOptions, Int64 lastChangeId, CancellationToken cancellationToken, Object userState)
   at GitHub.Services.WebApi.Location.VssServerDataProvider.GetConnectionDataAsync(ConnectOptions connectOptions, Int32 lastChangeId, CancellationToken cancellationToken)
   at GitHub.Services.WebApi.Location.VssServerDataProvider.ConnectAsync(ConnectOptions connectOptions, CancellationToken cancellationToken)
   at GitHub.Runner.Common.RunnerService.EstablishVssConnection(Uri serverUrl, VssCredentials credentials, TimeSpan timeout)
[2025-10-01 01:25:06Z ERR  GitHubActionsService] GET request to https://pipelinesghubeus6.actions.githubusercontent.com/hKyNd5hzQTjPqVOxuFp9CyJ2tMUr8ytJJ9FfsFju3bqhBGI0lq/_apis/connectionData?connectOptions=1&lastChangeId=258625537&lastChangeId64=258625537 failed. HTTP Status: NotFound
[2025-10-01 01:25:06Z INFO GitHubActionsService] Finished operation Location.GetConnectionData
[2025-10-01 01:25:06Z INFO RunnerServer] Catch exception during connect. 4 attempt left.
[2025-10-01 01:25:06Z ERR  RunnerServer] GitHub.Services.WebApi.VssServiceResponseException: The resource cannot be found.
   at GitHub.Services.WebApi.VssHttpClientBase.HandleResponseAsync(HttpResponseMessage response, CancellationToken cancellationToken)
   at GitHub.Services.WebApi.VssHttpClientBase.SendAsync(HttpRequestMessage message, HttpCompletionOption completionOption, Object userState, CancellationToken cancellationToken)
   at GitHub.Services.WebApi.VssHttpClientBase.SendAsync[T](HttpRequestMessage message, Object userState, CancellationToken cancellationToken)
   at GitHub.Services.Location.Client.LocationHttpClient.GetConnectionDataAsync(ConnectOptions connectOptions, Int64 lastChangeId, CancellationToken cancellationToken, Object userState)
   at GitHub.Services.WebApi.Location.VssServerDataProvider.GetConnectionDataAsync(ConnectOptions connectOptions, Int32 lastChangeId, CancellationToken cancellationToken)
   at GitHub.Services.WebApi.Location.VssServerDataProvider.ConnectAsync(ConnectOptions connectOptions, CancellationToken cancellationToken)
   at GitHub.Runner.Common.RunnerService.EstablishVssConnection(Uri serverUrl, VssCredentials credentials, TimeSpan timeout)
[2025-10-01 01:25:06Z ERR  GitHubActionsService] GET request to https://pipelinesghubeus6.actions.githubusercontent.com/hKyNd5hzQTjPqVOxuFp9CyJ2tMUr8ytJJ9FfsFju3bqhBGI0lq/_apis/connectionData?connectOptions=1&lastChangeId=258625537&lastChangeId64=258625537 failed. HTTP Status: NotFound
[2025-10-01 01:25:06Z INFO GitHubActionsService] Finished operation Location.GetConnectionData
[2025-10-01 01:25:06Z INFO RunnerServer] Catch exception during connect. 4 attempt left.
[2025-10-01 01:25:06Z ERR  RunnerServer] GitHub.Services.WebApi.VssServiceResponseException: The resource cannot be found.
   at GitHub.Services.WebApi.VssHttpClientBase.HandleResponseAsync(HttpResponseMessage response, CancellationToken cancellationToken)
   at GitHub.Services.WebApi.VssHttpClientBase.SendAsync(HttpRequestMessage message, HttpCompletionOption completionOption, Object userState, CancellationToken cancellationToken)
   at GitHub.Services.WebApi.VssHttpClientBase.SendAsync[T](HttpRequestMessage message, Object userState, CancellationToken cancellationToken)
   at GitHub.Services.Location.Client.LocationHttpClient.GetConnectionDataAsync(ConnectOptions connectOptions, Int64 lastChangeId, CancellationToken cancellationToken, Object userState)
   at GitHub.Services.WebApi.Location.VssServerDataProvider.GetConnectionDataAsync(ConnectOptions connectOptions, Int32 lastChangeId, CancellationToken cancellationToken)
   at GitHub.Services.WebApi.Location.VssServerDataProvider.ConnectAsync(ConnectOptions connectOptions, CancellationToken cancellationToken)
   at GitHub.Runner.Common.RunnerService.EstablishVssConnection(Uri serverUrl, VssCredentials credentials, TimeSpan timeout)
[2025-10-01 01:25:07Z INFO GitHubActionsService] Starting operation Location.GetConnectionData
[2025-10-01 01:25:07Z INFO GitHubActionsService] Starting operation Location.GetConnectionData
[2025-10-01 01:25:07Z INFO GitHubActionsService] Starting operation Location.GetConnectionData
[2025-10-01 01:25:07Z ERR  GitHubActionsService] GET request to https://pipelinesghubeus6.actions.githubusercontent.com/hKyNd5hzQTjPqVOxuFp9CyJ2tMUr8ytJJ9FfsFju3bqhBGI0lq/_apis/connectionData?connectOptions=1&lastChangeId=258625537&lastChangeId64=258625537 failed. HTTP Status: NotFound
[2025-10-01 01:25:07Z INFO GitHubActionsService] Finished operation Location.GetConnectionData
[2025-10-01 01:25:07Z INFO RunnerServer] Catch exception during connect. 3 attempt left.
[2025-10-01 01:25:07Z ERR  RunnerServer] GitHub.Services.WebApi.VssServiceResponseException: The resource cannot be found.
   at GitHub.Services.WebApi.VssHttpClientBase.HandleResponseAsync(HttpResponseMessage response, CancellationToken cancellationToken)
   at GitHub.Services.WebApi.VssHttpClientBase.SendAsync(HttpRequestMessage message, HttpCompletionOption completionOption, Object userState, CancellationToken cancellationToken)
   at GitHub.Services.WebApi.VssHttpClientBase.SendAsync[T](HttpRequestMessage message, Object userState, CancellationToken cancellationToken)
   at GitHub.Services.Location.Client.LocationHttpClient.GetConnectionDataAsync(ConnectOptions connectOptions, Int64 lastChangeId, CancellationToken cancellationToken, Object userState)
   at GitHub.Services.WebApi.Location.VssServerDataProvider.GetConnectionDataAsync(ConnectOptions connectOptions, Int32 lastChangeId, CancellationToken cancellationToken)
   at GitHub.Services.WebApi.Location.VssServerDataProvider.ConnectAsync(ConnectOptions connectOptions, CancellationToken cancellationToken)
   at GitHub.Runner.Common.RunnerService.EstablishVssConnection(Uri serverUrl, VssCredentials credentials, TimeSpan timeout)
[2025-10-01 01:25:07Z ERR  GitHubActionsService] GET request to https://pipelinesghubeus6.actions.githubusercontent.com/hKyNd5hzQTjPqVOxuFp9CyJ2tMUr8ytJJ9FfsFju3bqhBGI0lq/_apis/connectionData?connectOptions=1&lastChangeId=258625537&lastChangeId64=258625537 failed. HTTP Status: NotFound
[2025-10-01 01:25:07Z INFO GitHubActionsService] Finished operation Location.GetConnectionData
[2025-10-01 01:25:07Z INFO RunnerServer] Catch exception during connect. 3 attempt left.
[2025-10-01 01:25:07Z ERR  RunnerServer] GitHub.Services.WebApi.VssServiceResponseException: The resource cannot be found.
   at GitHub.Services.WebApi.VssHttpClientBase.HandleResponseAsync(HttpResponseMessage response, CancellationToken cancellationToken)
   at GitHub.Services.WebApi.VssHttpClientBase.SendAsync(HttpRequestMessage message, HttpCompletionOption completionOption, Object userState, CancellationToken cancellationToken)
   at GitHub.Services.WebApi.VssHttpClientBase.SendAsync[T](HttpRequestMessage message, Object userState, CancellationToken cancellationToken)
   at GitHub.Services.Location.Client.LocationHttpClient.GetConnectionDataAsync(ConnectOptions connectOptions, Int64 lastChangeId, CancellationToken cancellationToken, Object userState)
   at GitHub.Services.WebApi.Location.VssServerDataProvider.GetConnectionDataAsync(ConnectOptions connectOptions, Int32 lastChangeId, CancellationToken cancellationToken)
   at GitHub.Services.WebApi.Location.VssServerDataProvider.ConnectAsync(ConnectOptions connectOptions, CancellationToken cancellationToken)
   at GitHub.Runner.Common.RunnerService.EstablishVssConnection(Uri serverUrl, VssCredentials credentials, TimeSpan timeout)
[2025-10-01 01:25:07Z ERR  GitHubActionsService] GET request to https://pipelinesghubeus6.actions.githubusercontent.com/hKyNd5hzQTjPqVOxuFp9CyJ2tMUr8ytJJ9FfsFju3bqhBGI0lq/_apis/connectionData?connectOptions=1&lastChangeId=258625537&lastChangeId64=258625537 failed. HTTP Status: NotFound
[2025-10-01 01:25:07Z INFO GitHubActionsService] Finished operation Location.GetConnectionData
[2025-10-01 01:25:07Z INFO RunnerServer] Catch exception during connect. 3 attempt left.
[2025-10-01 01:25:07Z ERR  RunnerServer] GitHub.Services.WebApi.VssServiceResponseException: The resource cannot be found.
   at GitHub.Services.WebApi.VssHttpClientBase.HandleResponseAsync(HttpResponseMessage response, CancellationToken cancellationToken)
   at GitHub.Services.WebApi.VssHttpClientBase.SendAsync(HttpRequestMessage message, HttpCompletionOption completionOption, Object userState, CancellationToken cancellationToken)
   at GitHub.Services.WebApi.VssHttpClientBase.SendAsync[T](HttpRequestMessage message, Object userState, CancellationToken cancellationToken)
   at GitHub.Services.Location.Client.LocationHttpClient.GetConnectionDataAsync(ConnectOptions connectOptions, Int64 lastChangeId, CancellationToken cancellationToken, Object userState)
   at GitHub.Services.WebApi.Location.VssServerDataProvider.GetConnectionDataAsync(ConnectOptions connectOptions, Int32 lastChangeId, CancellationToken cancellationToken)
   at GitHub.Services.WebApi.Location.VssServerDataProvider.ConnectAsync(ConnectOptions connectOptions, CancellationToken cancellationToken)
   at GitHub.Runner.Common.RunnerService.EstablishVssConnection(Uri serverUrl, VssCredentials credentials, TimeSpan timeout)
[2025-10-01 01:25:07Z INFO GitHubActionsService] Starting operation Location.GetConnectionData
[2025-10-01 01:25:07Z INFO GitHubActionsService] Starting operation Location.GetConnectionData
[2025-10-01 01:25:07Z INFO GitHubActionsService] Starting operation Location.GetConnectionData
[2025-10-01 01:25:08Z ERR  GitHubActionsService] GET request to https://pipelinesghubeus6.actions.githubusercontent.com/hKyNd5hzQTjPqVOxuFp9CyJ2tMUr8ytJJ9FfsFju3bqhBGI0lq/_apis/connectionData?connectOptions=1&lastChangeId=258625537&lastChangeId64=258625537 failed. HTTP Status: NotFound
[2025-10-01 01:25:08Z INFO GitHubActionsService] Finished operation Location.GetConnectionData
[2025-10-01 01:25:08Z INFO RunnerServer] Catch exception during connect. 2 attempt left.
[2025-10-01 01:25:08Z ERR  RunnerServer] GitHub.Services.WebApi.VssServiceResponseException: The resource cannot be found.
   at GitHub.Services.WebApi.VssHttpClientBase.HandleResponseAsync(HttpResponseMessage response, CancellationToken cancellationToken)
   at GitHub.Services.WebApi.VssHttpClientBase.SendAsync(HttpRequestMessage message, HttpCompletionOption completionOption, Object userState, CancellationToken cancellationToken)
   at GitHub.Services.WebApi.VssHttpClientBase.SendAsync[T](HttpRequestMessage message, Object userState, CancellationToken cancellationToken)
   at GitHub.Services.Location.Client.LocationHttpClient.GetConnectionDataAsync(ConnectOptions connectOptions, Int64 lastChangeId, CancellationToken cancellationToken, Object userState)
   at GitHub.Services.WebApi.Location.VssServerDataProvider.GetConnectionDataAsync(ConnectOptions connectOptions, Int32 lastChangeId, CancellationToken cancellationToken)
   at GitHub.Services.WebApi.Location.VssServerDataProvider.ConnectAsync(ConnectOptions connectOptions, CancellationToken cancellationToken)
   at GitHub.Runner.Common.RunnerService.EstablishVssConnection(Uri serverUrl, VssCredentials credentials, TimeSpan timeout)
[2025-10-01 01:25:08Z ERR  GitHubActionsService] GET request to https://pipelinesghubeus6.actions.githubusercontent.com/hKyNd5hzQTjPqVOxuFp9CyJ2tMUr8ytJJ9FfsFju3bqhBGI0lq/_apis/connectionData?connectOptions=1&lastChangeId=258625537&lastChangeId64=258625537 failed. HTTP Status: NotFound
[2025-10-01 01:25:08Z INFO GitHubActionsService] Finished operation Location.GetConnectionData
[2025-10-01 01:25:08Z INFO RunnerServer] Catch exception during connect. 2 attempt left.
[2025-10-01 01:25:08Z ERR  RunnerServer] GitHub.Services.WebApi.VssServiceResponseException: The resource cannot be found.
   at GitHub.Services.WebApi.VssHttpClientBase.HandleResponseAsync(HttpResponseMessage response, CancellationToken cancellationToken)
   at GitHub.Services.WebApi.VssHttpClientBase.SendAsync(HttpRequestMessage message, HttpCompletionOption completionOption, Object userState, CancellationToken cancellationToken)
   at GitHub.Services.WebApi.VssHttpClientBase.SendAsync[T](HttpRequestMessage message, Object userState, CancellationToken cancellationToken)
   at GitHub.Services.Location.Client.LocationHttpClient.GetConnectionDataAsync(ConnectOptions connectOptions, Int64 lastChangeId, CancellationToken cancellationToken, Object userState)
   at GitHub.Services.WebApi.Location.VssServerDataProvider.GetConnectionDataAsync(ConnectOptions connectOptions, Int32 lastChangeId, CancellationToken cancellationToken)
   at GitHub.Services.WebApi.Location.VssServerDataProvider.ConnectAsync(ConnectOptions connectOptions, CancellationToken cancellationToken)
   at GitHub.Runner.Common.RunnerService.EstablishVssConnection(Uri serverUrl, VssCredentials credentials, TimeSpan timeout)
[2025-10-01 01:25:08Z ERR  GitHubActionsService] GET request to https://pipelinesghubeus6.actions.githubusercontent.com/hKyNd5hzQTjPqVOxuFp9CyJ2tMUr8ytJJ9FfsFju3bqhBGI0lq/_apis/connectionData?connectOptions=1&lastChangeId=258625537&lastChangeId64=258625537 failed. HTTP Status: NotFound
[2025-10-01 01:25:08Z INFO GitHubActionsService] Finished operation Location.GetConnectionData
[2025-10-01 01:25:08Z INFO RunnerServer] Catch exception during connect. 2 attempt left.
[2025-10-01 01:25:08Z ERR  RunnerServer] GitHub.Services.WebApi.VssServiceResponseException: The resource cannot be found.
   at GitHub.Services.WebApi.VssHttpClientBase.HandleResponseAsync(HttpResponseMessage response, CancellationToken cancellationToken)
   at GitHub.Services.WebApi.VssHttpClientBase.SendAsync(HttpRequestMessage message, HttpCompletionOption completionOption, Object userState, CancellationToken cancellationToken)
   at GitHub.Services.WebApi.VssHttpClientBase.SendAsync[T](HttpRequestMessage message, Object userState, CancellationToken cancellationToken)
   at GitHub.Services.Location.Client.LocationHttpClient.GetConnectionDataAsync(ConnectOptions connectOptions, Int64 lastChangeId, CancellationToken cancellationToken, Object userState)
   at GitHub.Services.WebApi.Location.VssServerDataProvider.GetConnectionDataAsync(ConnectOptions connectOptions, Int32 lastChangeId, CancellationToken cancellationToken)
   at GitHub.Services.WebApi.Location.VssServerDataProvider.ConnectAsync(ConnectOptions connectOptions, CancellationToken cancellationToken)
   at GitHub.Runner.Common.RunnerService.EstablishVssConnection(Uri serverUrl, VssCredentials credentials, TimeSpan timeout)
[2025-10-01 01:25:08Z INFO GitHubActionsService] Starting operation Location.GetConnectionData
[2025-10-01 01:25:08Z INFO GitHubActionsService] Starting operation Location.GetConnectionData
[2025-10-01 01:25:08Z INFO GitHubActionsService] Starting operation Location.GetConnectionData
[2025-10-01 01:25:09Z ERR  GitHubActionsService] GET request to https://pipelinesghubeus6.actions.githubusercontent.com/hKyNd5hzQTjPqVOxuFp9CyJ2tMUr8ytJJ9FfsFju3bqhBGI0lq/_apis/connectionData?connectOptions=1&lastChangeId=258625537&lastChangeId64=258625537 failed. HTTP Status: NotFound
[2025-10-01 01:25:09Z INFO GitHubActionsService] Finished operation Location.GetConnectionData
[2025-10-01 01:25:09Z INFO RunnerServer] Catch exception during connect. 1 attempt left.
[2025-10-01 01:25:09Z ERR  RunnerServer] GitHub.Services.WebApi.VssServiceResponseException: The resource cannot be found.
   at GitHub.Services.WebApi.VssHttpClientBase.HandleResponseAsync(HttpResponseMessage response, CancellationToken cancellationToken)
   at GitHub.Services.WebApi.VssHttpClientBase.SendAsync(HttpRequestMessage message, HttpCompletionOption completionOption, Object userState, CancellationToken cancellationToken)
   at GitHub.Services.WebApi.VssHttpClientBase.SendAsync[T](HttpRequestMessage message, Object userState, CancellationToken cancellationToken)
   at GitHub.Services.Location.Client.LocationHttpClient.GetConnectionDataAsync(ConnectOptions connectOptions, Int64 lastChangeId, CancellationToken cancellationToken, Object userState)
   at GitHub.Services.WebApi.Location.VssServerDataProvider.GetConnectionDataAsync(ConnectOptions connectOptions, Int32 lastChangeId, CancellationToken cancellationToken)
   at GitHub.Services.WebApi.Location.VssServerDataProvider.ConnectAsync(ConnectOptions connectOptions, CancellationToken cancellationToken)
   at GitHub.Runner.Common.RunnerService.EstablishVssConnection(Uri serverUrl, VssCredentials credentials, TimeSpan timeout)
[2025-10-01 01:25:09Z ERR  GitHubActionsService] GET request to https://pipelinesghubeus6.actions.githubusercontent.com/hKyNd5hzQTjPqVOxuFp9CyJ2tMUr8ytJJ9FfsFju3bqhBGI0lq/_apis/connectionData?connectOptions=1&lastChangeId=258625537&lastChangeId64=258625537 failed. HTTP Status: NotFound
[2025-10-01 01:25:09Z INFO GitHubActionsService] Finished operation Location.GetConnectionData
[2025-10-01 01:25:09Z INFO RunnerServer] Catch exception during connect. 1 attempt left.
[2025-10-01 01:25:09Z ERR  RunnerServer] GitHub.Services.WebApi.VssServiceResponseException: The resource cannot be found.
   at GitHub.Services.WebApi.VssHttpClientBase.HandleResponseAsync(HttpResponseMessage response, CancellationToken cancellationToken)
   at GitHub.Services.WebApi.VssHttpClientBase.SendAsync(HttpRequestMessage message, HttpCompletionOption completionOption, Object userState, CancellationToken cancellationToken)
   at GitHub.Services.WebApi.VssHttpClientBase.SendAsync[T](HttpRequestMessage message, Object userState, CancellationToken cancellationToken)
   at GitHub.Services.Location.Client.LocationHttpClient.GetConnectionDataAsync(ConnectOptions connectOptions, Int64 lastChangeId, CancellationToken cancellationToken, Object userState)
   at GitHub.Services.WebApi.Location.VssServerDataProvider.GetConnectionDataAsync(ConnectOptions connectOptions, Int32 lastChangeId, CancellationToken cancellationToken)
   at GitHub.Services.WebApi.Location.VssServerDataProvider.ConnectAsync(ConnectOptions connectOptions, CancellationToken cancellationToken)
   at GitHub.Runner.Common.RunnerService.EstablishVssConnection(Uri serverUrl, VssCredentials credentials, TimeSpan timeout)
[2025-10-01 01:25:09Z INFO GitHubActionsService] Starting operation Location.GetConnectionData
[2025-10-01 01:25:09Z ERR  GitHubActionsService] GET request to https://pipelinesghubeus6.actions.githubusercontent.com/hKyNd5hzQTjPqVOxuFp9CyJ2tMUr8ytJJ9FfsFju3bqhBGI0lq/_apis/connectionData?connectOptions=1&lastChangeId=258625537&lastChangeId64=258625537 failed. HTTP Status: NotFound
[2025-10-01 01:25:09Z INFO GitHubActionsService] Finished operation Location.GetConnectionData
[2025-10-01 01:25:09Z INFO RunnerServer] Catch exception during connect. 1 attempt left.
[2025-10-01 01:25:09Z ERR  RunnerServer] GitHub.Services.WebApi.VssServiceResponseException: The resource cannot be found.
   at GitHub.Services.WebApi.VssHttpClientBase.HandleResponseAsync(HttpResponseMessage response, CancellationToken cancellationToken)
   at GitHub.Services.WebApi.VssHttpClientBase.SendAsync(HttpRequestMessage message, HttpCompletionOption completionOption, Object userState, CancellationToken cancellationToken)
   at GitHub.Services.WebApi.VssHttpClientBase.SendAsync[T](HttpRequestMessage message, Object userState, CancellationToken cancellationToken)
   at GitHub.Services.Location.Client.LocationHttpClient.GetConnectionDataAsync(ConnectOptions connectOptions, Int64 lastChangeId, CancellationToken cancellationToken, Object userState)
   at GitHub.Services.WebApi.Location.VssServerDataProvider.GetConnectionDataAsync(ConnectOptions connectOptions, Int32 lastChangeId, CancellationToken cancellationToken)
   at GitHub.Services.WebApi.Location.VssServerDataProvider.ConnectAsync(ConnectOptions connectOptions, CancellationToken cancellationToken)
   at GitHub.Runner.Common.RunnerService.EstablishVssConnection(Uri serverUrl, VssCredentials credentials, TimeSpan timeout)
[2025-10-01 01:25:09Z INFO GitHubActionsService] Starting operation Location.GetConnectionData
[2025-10-01 01:25:09Z INFO GitHubActionsService] Starting operation Location.GetConnectionData
[2025-10-01 01:25:09Z ERR  GitHubActionsService] GET request to https://pipelinesghubeus6.actions.githubusercontent.com/hKyNd5hzQTjPqVOxuFp9CyJ2tMUr8ytJJ9FfsFju3bqhBGI0lq/_apis/connectionData?connectOptions=1&lastChangeId=258625537&lastChangeId64=258625537 failed. HTTP Status: NotFound
[2025-10-01 01:25:09Z INFO GitHubActionsService] Finished operation Location.GetConnectionData
[2025-10-01 01:25:09Z ERR  GitHubActionsService] GET request to https://pipelinesghubeus6.actions.githubusercontent.com/hKyNd5hzQTjPqVOxuFp9CyJ2tMUr8ytJJ9FfsFju3bqhBGI0lq/_apis/connectionData?connectOptions=1&lastChangeId=258625537&lastChangeId64=258625537 failed. HTTP Status: NotFound
[2025-10-01 01:25:09Z INFO GitHubActionsService] Finished operation Location.GetConnectionData
[2025-10-01 01:25:09Z ERR  GitHubActionsService] GET request to https://pipelinesghubeus6.actions.githubusercontent.com/hKyNd5hzQTjPqVOxuFp9CyJ2tMUr8ytJJ9FfsFju3bqhBGI0lq/_apis/connectionData?connectOptions=1&lastChangeId=258625537&lastChangeId64=258625537 failed. HTTP Status: NotFound
[2025-10-01 01:25:09Z INFO GitHubActionsService] Finished operation Location.GetConnectionData
[2025-10-01 01:25:09Z ERR  BrokerMessageListener] Catch exception during create session.
[2025-10-01 01:25:09Z ERR  BrokerMessageListener] GitHub.Services.WebApi.VssServiceResponseException: The resource cannot be found.
   at GitHub.Services.WebApi.VssHttpClientBase.HandleResponseAsync(HttpResponseMessage response, CancellationToken cancellationToken)
   at GitHub.Services.WebApi.VssHttpClientBase.SendAsync(HttpRequestMessage message, HttpCompletionOption completionOption, Object userState, CancellationToken cancellationToken)
   at GitHub.Services.WebApi.VssHttpClientBase.SendAsync[T](HttpRequestMessage message, Object userState, CancellationToken cancellationToken)
   at GitHub.Services.Location.Client.LocationHttpClient.GetConnectionDataAsync(ConnectOptions connectOptions, Int64 lastChangeId, CancellationToken cancellationToken, Object userState)
   at GitHub.Services.WebApi.Location.VssServerDataProvider.GetConnectionDataAsync(ConnectOptions connectOptions, Int32 lastChangeId, CancellationToken cancellationToken)
   at GitHub.Services.WebApi.Location.VssServerDataProvider.ConnectAsync(ConnectOptions connectOptions, CancellationToken cancellationToken)
   at GitHub.Runner.Common.RunnerService.EstablishVssConnection(Uri serverUrl, VssCredentials credentials, TimeSpan timeout)
   at GitHub.Runner.Common.RunnerServer.ConnectAsync(Uri serverUrl, VssCredentials credentials)
   at GitHub.Runner.Listener.BrokerMessageListener.CreateSessionAsync(CancellationToken token)
[2025-10-01 01:25:09Z WARN BrokerMessageListener] Migrated settings retry 2 of 3
[2025-10-01 01:25:09Z INFO BrokerMessageListener] Retriable exception: The resource cannot be found.
[2025-10-01 01:25:09Z INFO BrokerMessageListener] Sleeping for 30 seconds before retrying.
[2025-10-01 01:25:39Z INFO BrokerMessageListener] Attempt to create session.
[2025-10-01 01:25:39Z INFO BrokerMessageListener] Connecting to the Broker Server...
[2025-10-01 01:25:39Z INFO ConfigurationStore] HasCredentials()
[2025-10-01 01:25:39Z INFO ConfigurationStore] stored True
[2025-10-01 01:25:39Z INFO CredentialManager] GetCredentialProvider
[2025-10-01 01:25:39Z INFO CredentialManager] Creating type OAuth
[2025-10-01 01:25:39Z INFO CredentialManager] Creating credential type: OAuth
[2025-10-01 01:25:39Z INFO RSAEncryptedFileKeyManager] Loading RSA key parameters from file G:\Brunella\actions-runner\.credentials_rsaparams
[2025-10-01 01:25:39Z INFO BrokerMessageListener] VssConnection created
[2025-10-01 01:25:39Z INFO BrokerMessageListener] Connecting to the Runner server...
[2025-10-01 01:25:39Z INFO RunnerServer] EstablishVssConnection
[2025-10-01 01:25:39Z INFO RunnerServer] Establish connection with 100 seconds timeout.
[2025-10-01 01:25:39Z INFO GitHubActionsService] Starting operation Location.GetConnectionData
[2025-10-01 01:25:39Z INFO RunnerServer] EstablishVssConnection
[2025-10-01 01:25:39Z INFO RunnerServer] Establish connection with 60 seconds timeout.
[2025-10-01 01:25:39Z INFO GitHubActionsService] Starting operation Location.GetConnectionData
[2025-10-01 01:25:39Z INFO RunnerServer] EstablishVssConnection
[2025-10-01 01:25:39Z INFO RunnerServer] Establish connection with 60 seconds timeout.
[2025-10-01 01:25:39Z INFO GitHubActionsService] Starting operation Location.GetConnectionData
[2025-10-01 01:25:40Z ERR  GitHubActionsService] GET request to https://pipelinesghubeus6.actions.githubusercontent.com/hKyNd5hzQTjPqVOxuFp9CyJ2tMUr8ytJJ9FfsFju3bqhBGI0lq/_apis/connectionData?connectOptions=1&lastChangeId=258625537&lastChangeId64=258625537 failed. HTTP Status: NotFound
[2025-10-01 01:25:40Z INFO GitHubActionsService] Finished operation Location.GetConnectionData
[2025-10-01 01:25:40Z INFO RunnerServer] Catch exception during connect. 4 attempt left.
[2025-10-01 01:25:40Z ERR  RunnerServer] GitHub.Services.WebApi.VssServiceResponseException: The resource cannot be found.
   at GitHub.Services.WebApi.VssHttpClientBase.HandleResponseAsync(HttpResponseMessage response, CancellationToken cancellationToken)
   at GitHub.Services.WebApi.VssHttpClientBase.SendAsync(HttpRequestMessage message, HttpCompletionOption completionOption, Object userState, CancellationToken cancellationToken)
   at GitHub.Services.WebApi.VssHttpClientBase.SendAsync[T](HttpRequestMessage message, Object userState, CancellationToken cancellationToken)
   at GitHub.Services.Location.Client.LocationHttpClient.GetConnectionDataAsync(ConnectOptions connectOptions, Int64 lastChangeId, CancellationToken cancellationToken, Object userState)
   at GitHub.Services.WebApi.Location.VssServerDataProvider.GetConnectionDataAsync(ConnectOptions connectOptions, Int32 lastChangeId, CancellationToken cancellationToken)
   at GitHub.Services.WebApi.Location.VssServerDataProvider.ConnectAsync(ConnectOptions connectOptions, CancellationToken cancellationToken)
   at GitHub.Runner.Common.RunnerService.EstablishVssConnection(Uri serverUrl, VssCredentials credentials, TimeSpan timeout)
[2025-10-01 01:25:40Z ERR  GitHubActionsService] GET request to https://pipelinesghubeus6.actions.githubusercontent.com/hKyNd5hzQTjPqVOxuFp9CyJ2tMUr8ytJJ9FfsFju3bqhBGI0lq/_apis/connectionData?connectOptions=1&lastChangeId=258625537&lastChangeId64=258625537 failed. HTTP Status: NotFound
[2025-10-01 01:25:40Z INFO GitHubActionsService] Finished operation Location.GetConnectionData
[2025-10-01 01:25:40Z INFO RunnerServer] Catch exception during connect. 4 attempt left.
[2025-10-01 01:25:40Z ERR  RunnerServer] GitHub.Services.WebApi.VssServiceResponseException: The resource cannot be found.
   at GitHub.Services.WebApi.VssHttpClientBase.HandleResponseAsync(HttpResponseMessage response, CancellationToken cancellationToken)
   at GitHub.Services.WebApi.VssHttpClientBase.SendAsync(HttpRequestMessage message, HttpCompletionOption completionOption, Object userState, CancellationToken cancellationToken)
   at GitHub.Services.WebApi.VssHttpClientBase.SendAsync[T](HttpRequestMessage message, Object userState, CancellationToken cancellationToken)
   at GitHub.Services.Location.Client.LocationHttpClient.GetConnectionDataAsync(ConnectOptions connectOptions, Int64 lastChangeId, CancellationToken cancellationToken, Object userState)
   at GitHub.Services.WebApi.Location.VssServerDataProvider.GetConnectionDataAsync(ConnectOptions connectOptions, Int32 lastChangeId, CancellationToken cancellationToken)
   at GitHub.Services.WebApi.Location.VssServerDataProvider.ConnectAsync(ConnectOptions connectOptions, CancellationToken cancellationToken)
   at GitHub.Runner.Common.RunnerService.EstablishVssConnection(Uri serverUrl, VssCredentials credentials, TimeSpan timeout)
[2025-10-01 01:25:40Z ERR  GitHubActionsService] GET request to https://pipelinesghubeus6.actions.githubusercontent.com/hKyNd5hzQTjPqVOxuFp9CyJ2tMUr8ytJJ9FfsFju3bqhBGI0lq/_apis/connectionData?connectOptions=1&lastChangeId=258625537&lastChangeId64=258625537 failed. HTTP Status: NotFound
[2025-10-01 01:25:40Z INFO GitHubActionsService] Finished operation Location.GetConnectionData
[2025-10-01 01:25:40Z INFO RunnerServer] Catch exception during connect. 4 attempt left.
[2025-10-01 01:25:40Z INFO GitHubActionsService] Starting operation Location.GetConnectionData
[2025-10-01 01:25:40Z ERR  RunnerServer] GitHub.Services.WebApi.VssServiceResponseException: The resource cannot be found.
   at GitHub.Services.WebApi.VssHttpClientBase.HandleResponseAsync(HttpResponseMessage response, CancellationToken cancellationToken)
   at GitHub.Services.WebApi.VssHttpClientBase.SendAsync(HttpRequestMessage message, HttpCompletionOption completionOption, Object userState, CancellationToken cancellationToken)
   at GitHub.Services.WebApi.VssHttpClientBase.SendAsync[T](HttpRequestMessage message, Object userState, CancellationToken cancellationToken)
   at GitHub.Services.Location.Client.LocationHttpClient.GetConnectionDataAsync(ConnectOptions connectOptions, Int64 lastChangeId, CancellationToken cancellationToken, Object userState)
   at GitHub.Services.WebApi.Location.VssServerDataProvider.GetConnectionDataAsync(ConnectOptions connectOptions, Int32 lastChangeId, CancellationToken cancellationToken)
   at GitHub.Services.WebApi.Location.VssServerDataProvider.ConnectAsync(ConnectOptions connectOptions, CancellationToken cancellationToken)
   at GitHub.Runner.Common.RunnerService.EstablishVssConnection(Uri serverUrl, VssCredentials credentials, TimeSpan timeout)
[2025-10-01 01:25:40Z INFO GitHubActionsService] Starting operation Location.GetConnectionData
[2025-10-01 01:25:40Z INFO GitHubActionsService] Starting operation Location.GetConnectionData
[2025-10-01 01:25:41Z ERR  GitHubActionsService] GET request to https://pipelinesghubeus6.actions.githubusercontent.com/hKyNd5hzQTjPqVOxuFp9CyJ2tMUr8ytJJ9FfsFju3bqhBGI0lq/_apis/connectionData?connectOptions=1&lastChangeId=258625537&lastChangeId64=258625537 failed. HTTP Status: NotFound
[2025-10-01 01:25:41Z INFO GitHubActionsService] Finished operation Location.GetConnectionData
[2025-10-01 01:25:41Z INFO RunnerServer] Catch exception during connect. 3 attempt left.
[2025-10-01 01:25:41Z ERR  RunnerServer] GitHub.Services.WebApi.VssServiceResponseException: The resource cannot be found.
   at GitHub.Services.WebApi.VssHttpClientBase.HandleResponseAsync(HttpResponseMessage response, CancellationToken cancellationToken)
   at GitHub.Services.WebApi.VssHttpClientBase.SendAsync(HttpRequestMessage message, HttpCompletionOption completionOption, Object userState, CancellationToken cancellationToken)
   at GitHub.Services.WebApi.VssHttpClientBase.SendAsync[T](HttpRequestMessage message, Object userState, CancellationToken cancellationToken)
   at GitHub.Services.Location.Client.LocationHttpClient.GetConnectionDataAsync(ConnectOptions connectOptions, Int64 lastChangeId, CancellationToken cancellationToken, Object userState)
   at GitHub.Services.WebApi.Location.VssServerDataProvider.GetConnectionDataAsync(ConnectOptions connectOptions, Int32 lastChangeId, CancellationToken cancellationToken)
   at GitHub.Services.WebApi.Location.VssServerDataProvider.ConnectAsync(ConnectOptions connectOptions, CancellationToken cancellationToken)
   at GitHub.Runner.Common.RunnerService.EstablishVssConnection(Uri serverUrl, VssCredentials credentials, TimeSpan timeout)
[2025-10-01 01:25:41Z ERR  GitHubActionsService] GET request to https://pipelinesghubeus6.actions.githubusercontent.com/hKyNd5hzQTjPqVOxuFp9CyJ2tMUr8ytJJ9FfsFju3bqhBGI0lq/_apis/connectionData?connectOptions=1&lastChangeId=258625537&lastChangeId64=258625537 failed. HTTP Status: NotFound
[2025-10-01 01:25:41Z INFO GitHubActionsService] Finished operation Location.GetConnectionData
[2025-10-01 01:25:41Z INFO RunnerServer] Catch exception during connect. 3 attempt left.
[2025-10-01 01:25:41Z ERR  RunnerServer] GitHub.Services.WebApi.VssServiceResponseException: The resource cannot be found.
   at GitHub.Services.WebApi.VssHttpClientBase.HandleResponseAsync(HttpResponseMessage response, CancellationToken cancellationToken)
   at GitHub.Services.WebApi.VssHttpClientBase.SendAsync(HttpRequestMessage message, HttpCompletionOption completionOption, Object userState, CancellationToken cancellationToken)
   at GitHub.Services.WebApi.VssHttpClientBase.SendAsync[T](HttpRequestMessage message, Object userState, CancellationToken cancellationToken)
   at GitHub.Services.Location.Client.LocationHttpClient.GetConnectionDataAsync(ConnectOptions connectOptions, Int64 lastChangeId, CancellationToken cancellationToken, Object userState)
   at GitHub.Services.WebApi.Location.VssServerDataProvider.GetConnectionDataAsync(ConnectOptions connectOptions, Int32 lastChangeId, CancellationToken cancellationToken)
   at GitHub.Services.WebApi.Location.VssServerDataProvider.ConnectAsync(ConnectOptions connectOptions, CancellationToken cancellationToken)
   at GitHub.Runner.Common.RunnerService.EstablishVssConnection(Uri serverUrl, VssCredentials credentials, TimeSpan timeout)
[2025-10-01 01:25:41Z INFO GitHubActionsService] Starting operation Location.GetConnectionData
[2025-10-01 01:25:41Z ERR  GitHubActionsService] GET request to https://pipelinesghubeus6.actions.githubusercontent.com/hKyNd5hzQTjPqVOxuFp9CyJ2tMUr8ytJJ9FfsFju3bqhBGI0lq/_apis/connectionData?connectOptions=1&lastChangeId=258625537&lastChangeId64=258625537 failed. HTTP Status: NotFound
[2025-10-01 01:25:41Z INFO GitHubActionsService] Finished operation Location.GetConnectionData
[2025-10-01 01:25:41Z INFO RunnerServer] Catch exception during connect. 3 attempt left.
[2025-10-01 01:25:41Z ERR  RunnerServer] GitHub.Services.WebApi.VssServiceResponseException: The resource cannot be found.
   at GitHub.Services.WebApi.VssHttpClientBase.HandleResponseAsync(HttpResponseMessage response, CancellationToken cancellationToken)
   at GitHub.Services.WebApi.VssHttpClientBase.SendAsync(HttpRequestMessage message, HttpCompletionOption completionOption, Object userState, CancellationToken cancellationToken)
   at GitHub.Services.WebApi.VssHttpClientBase.SendAsync[T](HttpRequestMessage message, Object userState, CancellationToken cancellationToken)
   at GitHub.Services.Location.Client.LocationHttpClient.GetConnectionDataAsync(ConnectOptions connectOptions, Int64 lastChangeId, CancellationToken cancellationToken, Object userState)
   at GitHub.Services.WebApi.Location.VssServerDataProvider.GetConnectionDataAsync(ConnectOptions connectOptions, Int32 lastChangeId, CancellationToken cancellationToken)
   at GitHub.Services.WebApi.Location.VssServerDataProvider.ConnectAsync(ConnectOptions connectOptions, CancellationToken cancellationToken)
   at GitHub.Runner.Common.RunnerService.EstablishVssConnection(Uri serverUrl, VssCredentials credentials, TimeSpan timeout)
[2025-10-01 01:25:41Z INFO GitHubActionsService] Starting operation Location.GetConnectionData
[2025-10-01 01:25:41Z INFO GitHubActionsService] Starting operation Location.GetConnectionData
[2025-10-01 01:25:42Z ERR  GitHubActionsService] GET request to https://pipelinesghubeus6.actions.githubusercontent.com/hKyNd5hzQTjPqVOxuFp9CyJ2tMUr8ytJJ9FfsFju3bqhBGI0lq/_apis/connectionData?connectOptions=1&lastChangeId=258625537&lastChangeId64=258625537 failed. HTTP Status: NotFound
[2025-10-01 01:25:42Z INFO GitHubActionsService] Finished operation Location.GetConnectionData
[2025-10-01 01:25:42Z INFO RunnerServer] Catch exception during connect. 2 attempt left.
[2025-10-01 01:25:42Z ERR  RunnerServer] GitHub.Services.WebApi.VssServiceResponseException: The resource cannot be found.
   at GitHub.Services.WebApi.VssHttpClientBase.HandleResponseAsync(HttpResponseMessage response, CancellationToken cancellationToken)
   at GitHub.Services.WebApi.VssHttpClientBase.SendAsync(HttpRequestMessage message, HttpCompletionOption completionOption, Object userState, CancellationToken cancellationToken)
   at GitHub.Services.WebApi.VssHttpClientBase.SendAsync[T](HttpRequestMessage message, Object userState, CancellationToken cancellationToken)
   at GitHub.Services.Location.Client.LocationHttpClient.GetConnectionDataAsync(ConnectOptions connectOptions, Int64 lastChangeId, CancellationToken cancellationToken, Object userState)
   at GitHub.Services.WebApi.Location.VssServerDataProvider.GetConnectionDataAsync(ConnectOptions connectOptions, Int32 lastChangeId, CancellationToken cancellationToken)
   at GitHub.Services.WebApi.Location.VssServerDataProvider.ConnectAsync(ConnectOptions connectOptions, CancellationToken cancellationToken)
   at GitHub.Runner.Common.RunnerService.EstablishVssConnection(Uri serverUrl, VssCredentials credentials, TimeSpan timeout)
[2025-10-01 01:25:42Z ERR  GitHubActionsService] GET request to https://pipelinesghubeus6.actions.githubusercontent.com/hKyNd5hzQTjPqVOxuFp9CyJ2tMUr8ytJJ9FfsFju3bqhBGI0lq/_apis/connectionData?connectOptions=1&lastChangeId=258625537&lastChangeId64=258625537 failed. HTTP Status: NotFound
[2025-10-01 01:25:42Z INFO GitHubActionsService] Finished operation Location.GetConnectionData
[2025-10-01 01:25:42Z INFO RunnerServer] Catch exception during connect. 2 attempt left.
[2025-10-01 01:25:42Z ERR  RunnerServer] GitHub.Services.WebApi.VssServiceResponseException: The resource cannot be found.
   at GitHub.Services.WebApi.VssHttpClientBase.HandleResponseAsync(HttpResponseMessage response, CancellationToken cancellationToken)
   at GitHub.Services.WebApi.VssHttpClientBase.SendAsync(HttpRequestMessage message, HttpCompletionOption completionOption, Object userState, CancellationToken cancellationToken)
   at GitHub.Services.WebApi.VssHttpClientBase.SendAsync[T](HttpRequestMessage message, Object userState, CancellationToken cancellationToken)
   at GitHub.Services.Location.Client.LocationHttpClient.GetConnectionDataAsync(ConnectOptions connectOptions, Int64 lastChangeId, CancellationToken cancellationToken, Object userState)
   at GitHub.Services.WebApi.Location.VssServerDataProvider.GetConnectionDataAsync(ConnectOptions connectOptions, Int32 lastChangeId, CancellationToken cancellationToken)
   at GitHub.Services.WebApi.Location.VssServerDataProvider.ConnectAsync(ConnectOptions connectOptions, CancellationToken cancellationToken)
   at GitHub.Runner.Common.RunnerService.EstablishVssConnection(Uri serverUrl, VssCredentials credentials, TimeSpan timeout)
[2025-10-01 01:25:42Z ERR  GitHubActionsService] GET request to https://pipelinesghubeus6.actions.githubusercontent.com/hKyNd5hzQTjPqVOxuFp9CyJ2tMUr8ytJJ9FfsFju3bqhBGI0lq/_apis/connectionData?connectOptions=1&lastChangeId=258625537&lastChangeId64=258625537 failed. HTTP Status: NotFound
[2025-10-01 01:25:42Z INFO GitHubActionsService] Finished operation Location.GetConnectionData
[2025-10-01 01:25:42Z INFO RunnerServer] Catch exception during connect. 2 attempt left.
[2025-10-01 01:25:42Z ERR  RunnerServer] GitHub.Services.WebApi.VssServiceResponseException: The resource cannot be found.
   at GitHub.Services.WebApi.VssHttpClientBase.HandleResponseAsync(HttpResponseMessage response, CancellationToken cancellationToken)
   at GitHub.Services.WebApi.VssHttpClientBase.SendAsync(HttpRequestMessage message, HttpCompletionOption completionOption, Object userState, CancellationToken cancellationToken)
   at GitHub.Services.WebApi.VssHttpClientBase.SendAsync[T](HttpRequestMessage message, Object userState, CancellationToken cancellationToken)
   at GitHub.Services.Location.Client.LocationHttpClient.GetConnectionDataAsync(ConnectOptions connectOptions, Int64 lastChangeId, CancellationToken cancellationToken, Object userState)
   at GitHub.Services.WebApi.Location.VssServerDataProvider.GetConnectionDataAsync(ConnectOptions connectOptions, Int32 lastChangeId, CancellationToken cancellationToken)
   at GitHub.Services.WebApi.Location.VssServerDataProvider.ConnectAsync(ConnectOptions connectOptions, CancellationToken cancellationToken)
   at GitHub.Runner.Common.RunnerService.EstablishVssConnection(Uri serverUrl, VssCredentials credentials, TimeSpan timeout)
[2025-10-01 01:25:42Z INFO GitHubActionsService] Starting operation Location.GetConnectionData
[2025-10-01 01:25:42Z INFO GitHubActionsService] Starting operation Location.GetConnectionData
[2025-10-01 01:25:42Z INFO GitHubActionsService] Starting operation Location.GetConnectionData
[2025-10-01 01:25:42Z ERR  GitHubActionsService] GET request to https://pipelinesghubeus6.actions.githubusercontent.com/hKyNd5hzQTjPqVOxuFp9CyJ2tMUr8ytJJ9FfsFju3bqhBGI0lq/_apis/connectionData?connectOptions=1&lastChangeId=258625537&lastChangeId64=258625537 failed. HTTP Status: NotFound
[2025-10-01 01:25:42Z INFO GitHubActionsService] Finished operation Location.GetConnectionData
[2025-10-01 01:25:42Z INFO RunnerServer] Catch exception during connect. 1 attempt left.
[2025-10-01 01:25:42Z ERR  RunnerServer] GitHub.Services.WebApi.VssServiceResponseException: The resource cannot be found.
   at GitHub.Services.WebApi.VssHttpClientBase.HandleResponseAsync(HttpResponseMessage response, CancellationToken cancellationToken)
   at GitHub.Services.WebApi.VssHttpClientBase.SendAsync(HttpRequestMessage message, HttpCompletionOption completionOption, Object userState, CancellationToken cancellationToken)
   at GitHub.Services.WebApi.VssHttpClientBase.SendAsync[T](HttpRequestMessage message, Object userState, CancellationToken cancellationToken)
   at GitHub.Services.Location.Client.LocationHttpClient.GetConnectionDataAsync(ConnectOptions connectOptions, Int64 lastChangeId, CancellationToken cancellationToken, Object userState)
   at GitHub.Services.WebApi.Location.VssServerDataProvider.GetConnectionDataAsync(ConnectOptions connectOptions, Int32 lastChangeId, CancellationToken cancellationToken)
   at GitHub.Services.WebApi.Location.VssServerDataProvider.ConnectAsync(ConnectOptions connectOptions, CancellationToken cancellationToken)
   at GitHub.Runner.Common.RunnerService.EstablishVssConnection(Uri serverUrl, VssCredentials credentials, TimeSpan timeout)
[2025-10-01 01:25:42Z ERR  GitHubActionsService] GET request to https://pipelinesghubeus6.actions.githubusercontent.com/hKyNd5hzQTjPqVOxuFp9CyJ2tMUr8ytJJ9FfsFju3bqhBGI0lq/_apis/connectionData?connectOptions=1&lastChangeId=258625537&lastChangeId64=258625537 failed. HTTP Status: NotFound
[2025-10-01 01:25:42Z INFO GitHubActionsService] Finished operation Location.GetConnectionData
[2025-10-01 01:25:42Z INFO RunnerServer] Catch exception during connect. 1 attempt left.
[2025-10-01 01:25:42Z ERR  RunnerServer] GitHub.Services.WebApi.VssServiceResponseException: The resource cannot be found.
   at GitHub.Services.WebApi.VssHttpClientBase.HandleResponseAsync(HttpResponseMessage response, CancellationToken cancellationToken)
   at GitHub.Services.WebApi.VssHttpClientBase.SendAsync(HttpRequestMessage message, HttpCompletionOption completionOption, Object userState, CancellationToken cancellationToken)
   at GitHub.Services.WebApi.VssHttpClientBase.SendAsync[T](HttpRequestMessage message, Object userState, CancellationToken cancellationToken)
   at GitHub.Services.Location.Client.LocationHttpClient.GetConnectionDataAsync(ConnectOptions connectOptions, Int64 lastChangeId, CancellationToken cancellationToken, Object userState)
   at GitHub.Services.WebApi.Location.VssServerDataProvider.GetConnectionDataAsync(ConnectOptions connectOptions, Int32 lastChangeId, CancellationToken cancellationToken)
   at GitHub.Services.WebApi.Location.VssServerDataProvider.ConnectAsync(ConnectOptions connectOptions, CancellationToken cancellationToken)
   at GitHub.Runner.Common.RunnerService.EstablishVssConnection(Uri serverUrl, VssCredentials credentials, TimeSpan timeout)
[2025-10-01 01:25:42Z ERR  GitHubActionsService] GET request to https://pipelinesghubeus6.actions.githubusercontent.com/hKyNd5hzQTjPqVOxuFp9CyJ2tMUr8ytJJ9FfsFju3bqhBGI0lq/_apis/connectionData?connectOptions=1&lastChangeId=258625537&lastChangeId64=258625537 failed. HTTP Status: NotFound
[2025-10-01 01:25:42Z INFO GitHubActionsService] Finished operation Location.GetConnectionData
[2025-10-01 01:25:42Z INFO RunnerServer] Catch exception during connect. 1 attempt left.
[2025-10-01 01:25:42Z ERR  RunnerServer] GitHub.Services.WebApi.VssServiceResponseException: The resource cannot be found.
   at GitHub.Services.WebApi.VssHttpClientBase.HandleResponseAsync(HttpResponseMessage response, CancellationToken cancellationToken)
   at GitHub.Services.WebApi.VssHttpClientBase.SendAsync(HttpRequestMessage message, HttpCompletionOption completionOption, Object userState, CancellationToken cancellationToken)
   at GitHub.Services.WebApi.VssHttpClientBase.SendAsync[T](HttpRequestMessage message, Object userState, CancellationToken cancellationToken)
   at GitHub.Services.Location.Client.LocationHttpClient.GetConnectionDataAsync(ConnectOptions connectOptions, Int64 lastChangeId, CancellationToken cancellationToken, Object userState)
   at GitHub.Services.WebApi.Location.VssServerDataProvider.GetConnectionDataAsync(ConnectOptions connectOptions, Int32 lastChangeId, CancellationToken cancellationToken)
   at GitHub.Services.WebApi.Location.VssServerDataProvider.ConnectAsync(ConnectOptions connectOptions, CancellationToken cancellationToken)
   at GitHub.Runner.Common.RunnerService.EstablishVssConnection(Uri serverUrl, VssCredentials credentials, TimeSpan timeout)
[2025-10-01 01:25:42Z INFO GitHubActionsService] Starting operation Location.GetConnectionData
[2025-10-01 01:25:42Z INFO GitHubActionsService] Starting operation Location.GetConnectionData
[2025-10-01 01:25:43Z INFO GitHubActionsService] Starting operation Location.GetConnectionData
[2025-10-01 01:25:43Z ERR  GitHubActionsService] GET request to https://pipelinesghubeus6.actions.githubusercontent.com/hKyNd5hzQTjPqVOxuFp9CyJ2tMUr8ytJJ9FfsFju3bqhBGI0lq/_apis/connectionData?connectOptions=1&lastChangeId=258625537&lastChangeId64=258625537 failed. HTTP Status: NotFound
[2025-10-01 01:25:43Z INFO GitHubActionsService] Finished operation Location.GetConnectionData
[2025-10-01 01:25:43Z ERR  GitHubActionsService] GET request to https://pipelinesghubeus6.actions.githubusercontent.com/hKyNd5hzQTjPqVOxuFp9CyJ2tMUr8ytJJ9FfsFju3bqhBGI0lq/_apis/connectionData?connectOptions=1&lastChangeId=258625537&lastChangeId64=258625537 failed. HTTP Status: NotFound
[2025-10-01 01:25:43Z INFO GitHubActionsService] Finished operation Location.GetConnectionData
[2025-10-01 01:25:43Z ERR  GitHubActionsService] GET request to https://pipelinesghubeus6.actions.githubusercontent.com/hKyNd5hzQTjPqVOxuFp9CyJ2tMUr8ytJJ9FfsFju3bqhBGI0lq/_apis/connectionData?connectOptions=1&lastChangeId=258625537&lastChangeId64=258625537 failed. HTTP Status: NotFound
[2025-10-01 01:25:43Z INFO GitHubActionsService] Finished operation Location.GetConnectionData
[2025-10-01 01:25:43Z ERR  BrokerMessageListener] Catch exception during create session.
[2025-10-01 01:25:43Z ERR  BrokerMessageListener] GitHub.Services.WebApi.VssServiceResponseException: The resource cannot be found.
   at GitHub.Services.WebApi.VssHttpClientBase.HandleResponseAsync(HttpResponseMessage response, CancellationToken cancellationToken)
   at GitHub.Services.WebApi.VssHttpClientBase.SendAsync(HttpRequestMessage message, HttpCompletionOption completionOption, Object userState, CancellationToken cancellationToken)
   at GitHub.Services.WebApi.VssHttpClientBase.SendAsync[T](HttpRequestMessage message, Object userState, CancellationToken cancellationToken)
   at GitHub.Services.Location.Client.LocationHttpClient.GetConnectionDataAsync(ConnectOptions connectOptions, Int64 lastChangeId, CancellationToken cancellationToken, Object userState)
   at GitHub.Services.WebApi.Location.VssServerDataProvider.GetConnectionDataAsync(ConnectOptions connectOptions, Int32 lastChangeId, CancellationToken cancellationToken)
   at GitHub.Services.WebApi.Location.VssServerDataProvider.ConnectAsync(ConnectOptions connectOptions, CancellationToken cancellationToken)
   at GitHub.Runner.Common.RunnerService.EstablishVssConnection(Uri serverUrl, VssCredentials credentials, TimeSpan timeout)
   at GitHub.Runner.Common.RunnerServer.ConnectAsync(Uri serverUrl, VssCredentials credentials)
   at GitHub.Runner.Listener.BrokerMessageListener.CreateSessionAsync(CancellationToken token)
[2025-10-01 01:25:43Z WARN BrokerMessageListener] Migrated settings retry 3 of 3
[2025-10-01 01:25:43Z WARN BrokerMessageListener] Reached maximum retry attempts for migrated settings. Returning failure to try default settings.
[2025-10-01 01:25:43Z WARN Runner] Failed to create session with migrated settings: Failure
[2025-10-01 01:25:43Z INFO Runner] Falling back to original .runner settings
[2025-10-01 01:25:43Z INFO Runner] Using BrokerMessageListener
[2025-10-01 01:25:43Z INFO BrokerMessageListener] Using provided settings
[2025-10-01 01:25:43Z INFO BrokerMessageListener] {
  "AgentId": 21,
  "AgentName": "POHIPC",
  "PoolId": 1,
  "PoolName": "Default",
  "ServerUrl": "https://pipelinesghubeus6.actions.githubusercontent.com/hKyNd5hzQTjPqVOxuFp9CyJ2tMUr8ytJJ9FfsFju3bqhBGI0lq/",
  "GitHubUrl": "https://github.com/pohi99999/giada-fervere-website",
  "WorkFolder": "_work",
  "UseV2Flow": true,
  "ServerUrlV2": "https://broker.actions.githubusercontent.com/"
}
[2025-10-01 01:25:43Z INFO BrokerMessageListener] Loading Credentials
[2025-10-01 01:25:43Z INFO ConfigurationStore] HasCredentials()
[2025-10-01 01:25:43Z INFO ConfigurationStore] stored True
[2025-10-01 01:25:43Z INFO CredentialManager] GetCredentialProvider
[2025-10-01 01:25:43Z INFO CredentialManager] Creating type OAuth
[2025-10-01 01:25:43Z INFO CredentialManager] Creating credential type: OAuth
[2025-10-01 01:25:43Z INFO RSAEncryptedFileKeyManager] Loading RSA key parameters from file G:\Brunella\actions-runner\.credentials_rsaparams
[2025-10-01 01:25:43Z INFO BrokerMessageListener] Attempt to create session.
[2025-10-01 01:25:43Z INFO BrokerMessageListener] Connecting to the Broker Server...
[2025-10-01 01:25:43Z INFO ConfigurationStore] HasCredentials()
[2025-10-01 01:25:43Z INFO ConfigurationStore] stored True
[2025-10-01 01:25:43Z INFO CredentialManager] GetCredentialProvider
[2025-10-01 01:25:43Z INFO CredentialManager] Creating type OAuth
[2025-10-01 01:25:43Z INFO CredentialManager] Creating credential type: OAuth
[2025-10-01 01:25:43Z INFO RSAEncryptedFileKeyManager] Loading RSA key parameters from file G:\Brunella\actions-runner\.credentials_rsaparams
[2025-10-01 01:25:43Z INFO BrokerMessageListener] VssConnection created
[2025-10-01 01:25:43Z INFO BrokerMessageListener] Connecting to the Runner server...
[2025-10-01 01:25:43Z INFO RunnerServer] EstablishVssConnection
[2025-10-01 01:25:43Z INFO RunnerServer] Establish connection with 100 seconds timeout.
[2025-10-01 01:25:43Z INFO GitHubActionsService] Starting operation Location.GetConnectionData
[2025-10-01 01:25:43Z INFO RunnerServer] EstablishVssConnection
[2025-10-01 01:25:43Z INFO RunnerServer] Establish connection with 60 seconds timeout.
[2025-10-01 01:25:43Z INFO GitHubActionsService] Starting operation Location.GetConnectionData
[2025-10-01 01:25:43Z INFO RunnerServer] EstablishVssConnection
[2025-10-01 01:25:43Z INFO RunnerServer] Establish connection with 60 seconds timeout.
[2025-10-01 01:25:43Z INFO GitHubActionsService] Starting operation Location.GetConnectionData
[2025-10-01 01:25:44Z ERR  GitHubActionsService] GET request to https://pipelinesghubeus6.actions.githubusercontent.com/hKyNd5hzQTjPqVOxuFp9CyJ2tMUr8ytJJ9FfsFju3bqhBGI0lq/_apis/connectionData?connectOptions=1&lastChangeId=258625537&lastChangeId64=258625537 failed. HTTP Status: NotFound
[2025-10-01 01:25:44Z INFO GitHubActionsService] Finished operation Location.GetConnectionData
[2025-10-01 01:25:44Z INFO RunnerServer] Catch exception during connect. 4 attempt left.
[2025-10-01 01:25:44Z ERR  RunnerServer] GitHub.Services.WebApi.VssServiceResponseException: The resource cannot be found.
   at GitHub.Services.WebApi.VssHttpClientBase.HandleResponseAsync(HttpResponseMessage response, CancellationToken cancellationToken)
   at GitHub.Services.WebApi.VssHttpClientBase.SendAsync(HttpRequestMessage message, HttpCompletionOption completionOption, Object userState, CancellationToken cancellationToken)
   at GitHub.Services.WebApi.VssHttpClientBase.SendAsync[T](HttpRequestMessage message, Object userState, CancellationToken cancellationToken)
   at GitHub.Services.Location.Client.LocationHttpClient.GetConnectionDataAsync(ConnectOptions connectOptions, Int64 lastChangeId, CancellationToken cancellationToken, Object userState)
   at GitHub.Services.WebApi.Location.VssServerDataProvider.GetConnectionDataAsync(ConnectOptions connectOptions, Int32 lastChangeId, CancellationToken cancellationToken)
   at GitHub.Services.WebApi.Location.VssServerDataProvider.ConnectAsync(ConnectOptions connectOptions, CancellationToken cancellationToken)
   at GitHub.Runner.Common.RunnerService.EstablishVssConnection(Uri serverUrl, VssCredentials credentials, TimeSpan timeout)
[2025-10-01 01:25:44Z INFO GitHubActionsService] Starting operation Location.GetConnectionData
[2025-10-01 01:25:44Z ERR  GitHubActionsService] GET request to https://pipelinesghubeus6.actions.githubusercontent.com/hKyNd5hzQTjPqVOxuFp9CyJ2tMUr8ytJJ9FfsFju3bqhBGI0lq/_apis/connectionData?connectOptions=1&lastChangeId=258625537&lastChangeId64=258625537 failed. HTTP Status: NotFound
[2025-10-01 01:25:44Z INFO GitHubActionsService] Finished operation Location.GetConnectionData
[2025-10-01 01:25:44Z INFO RunnerServer] Catch exception during connect. 4 attempt left.
[2025-10-01 01:25:44Z ERR  RunnerServer] GitHub.Services.WebApi.VssServiceResponseException: The resource cannot be found.
   at GitHub.Services.WebApi.VssHttpClientBase.HandleResponseAsync(HttpResponseMessage response, CancellationToken cancellationToken)
   at GitHub.Services.WebApi.VssHttpClientBase.SendAsync(HttpRequestMessage message, HttpCompletionOption completionOption, Object userState, CancellationToken cancellationToken)
   at GitHub.Services.WebApi.VssHttpClientBase.SendAsync[T](HttpRequestMessage message, Object userState, CancellationToken cancellationToken)
   at GitHub.Services.Location.Client.LocationHttpClient.GetConnectionDataAsync(ConnectOptions connectOptions, Int64 lastChangeId, CancellationToken cancellationToken, Object userState)
   at GitHub.Services.WebApi.Location.VssServerDataProvider.GetConnectionDataAsync(ConnectOptions connectOptions, Int32 lastChangeId, CancellationToken cancellationToken)
   at GitHub.Services.WebApi.Location.VssServerDataProvider.ConnectAsync(ConnectOptions connectOptions, CancellationToken cancellationToken)
   at GitHub.Runner.Common.RunnerService.EstablishVssConnection(Uri serverUrl, VssCredentials credentials, TimeSpan timeout)
[2025-10-01 01:25:44Z ERR  GitHubActionsService] GET request to https://pipelinesghubeus6.actions.githubusercontent.com/hKyNd5hzQTjPqVOxuFp9CyJ2tMUr8ytJJ9FfsFju3bqhBGI0lq/_apis/connectionData?connectOptions=1&lastChangeId=258625537&lastChangeId64=258625537 failed. HTTP Status: NotFound
[2025-10-01 01:25:44Z INFO GitHubActionsService] Finished operation Location.GetConnectionData
[2025-10-01 01:25:44Z INFO RunnerServer] Catch exception during connect. 4 attempt left.
[2025-10-01 01:25:44Z ERR  RunnerServer] GitHub.Services.WebApi.VssServiceResponseException: The resource cannot be found.
   at GitHub.Services.WebApi.VssHttpClientBase.HandleResponseAsync(HttpResponseMessage response, CancellationToken cancellationToken)
   at GitHub.Services.WebApi.VssHttpClientBase.SendAsync(HttpRequestMessage message, HttpCompletionOption completionOption, Object userState, CancellationToken cancellationToken)
   at GitHub.Services.WebApi.VssHttpClientBase.SendAsync[T](HttpRequestMessage message, Object userState, CancellationToken cancellationToken)
   at GitHub.Services.Location.Client.LocationHttpClient.GetConnectionDataAsync(ConnectOptions connectOptions, Int64 lastChangeId, CancellationToken cancellationToken, Object userState)
   at GitHub.Services.WebApi.Location.VssServerDataProvider.GetConnectionDataAsync(ConnectOptions connectOptions, Int32 lastChangeId, CancellationToken cancellationToken)
   at GitHub.Services.WebApi.Location.VssServerDataProvider.ConnectAsync(ConnectOptions connectOptions, CancellationToken cancellationToken)
   at GitHub.Runner.Common.RunnerService.EstablishVssConnection(Uri serverUrl, VssCredentials credentials, TimeSpan timeout)
[2025-10-01 01:25:44Z INFO GitHubActionsService] Starting operation Location.GetConnectionData
[2025-10-01 01:25:44Z INFO GitHubActionsService] Starting operation Location.GetConnectionData
[2025-10-01 01:25:44Z ERR  GitHubActionsService] GET request to https://pipelinesghubeus6.actions.githubusercontent.com/hKyNd5hzQTjPqVOxuFp9CyJ2tMUr8ytJJ9FfsFju3bqhBGI0lq/_apis/connectionData?connectOptions=1&lastChangeId=258625537&lastChangeId64=258625537 failed. HTTP Status: NotFound
[2025-10-01 01:25:44Z INFO GitHubActionsService] Finished operation Location.GetConnectionData
[2025-10-01 01:25:44Z INFO RunnerServer] Catch exception during connect. 3 attempt left.
[2025-10-01 01:25:44Z ERR  RunnerServer] GitHub.Services.WebApi.VssServiceResponseException: The resource cannot be found.
   at GitHub.Services.WebApi.VssHttpClientBase.HandleResponseAsync(HttpResponseMessage response, CancellationToken cancellationToken)
   at GitHub.Services.WebApi.VssHttpClientBase.SendAsync(HttpRequestMessage message, HttpCompletionOption completionOption, Object userState, CancellationToken cancellationToken)
   at GitHub.Services.WebApi.VssHttpClientBase.SendAsync[T](HttpRequestMessage message, Object userState, CancellationToken cancellationToken)
   at GitHub.Services.Location.Client.LocationHttpClient.GetConnectionDataAsync(ConnectOptions connectOptions, Int64 lastChangeId, CancellationToken cancellationToken, Object userState)
   at GitHub.Services.WebApi.Location.VssServerDataProvider.GetConnectionDataAsync(ConnectOptions connectOptions, Int32 lastChangeId, CancellationToken cancellationToken)
   at GitHub.Services.WebApi.Location.VssServerDataProvider.ConnectAsync(ConnectOptions connectOptions, CancellationToken cancellationToken)
   at GitHub.Runner.Common.RunnerService.EstablishVssConnection(Uri serverUrl, VssCredentials credentials, TimeSpan timeout)
[2025-10-01 01:25:45Z ERR  GitHubActionsService] GET request to https://pipelinesghubeus6.actions.githubusercontent.com/hKyNd5hzQTjPqVOxuFp9CyJ2tMUr8ytJJ9FfsFju3bqhBGI0lq/_apis/connectionData?connectOptions=1&lastChangeId=258625537&lastChangeId64=258625537 failed. HTTP Status: NotFound
[2025-10-01 01:25:45Z INFO GitHubActionsService] Starting operation Location.GetConnectionData
[2025-10-01 01:25:45Z INFO GitHubActionsService] Finished operation Location.GetConnectionData
[2025-10-01 01:25:45Z INFO RunnerServer] Catch exception during connect. 3 attempt left.
[2025-10-01 01:25:45Z ERR  RunnerServer] GitHub.Services.WebApi.VssServiceResponseException: The resource cannot be found.
   at GitHub.Services.WebApi.VssHttpClientBase.HandleResponseAsync(HttpResponseMessage response, CancellationToken cancellationToken)
   at GitHub.Services.WebApi.VssHttpClientBase.SendAsync(HttpRequestMessage message, HttpCompletionOption completionOption, Object userState, CancellationToken cancellationToken)
   at GitHub.Services.WebApi.VssHttpClientBase.SendAsync[T](HttpRequestMessage message, Object userState, CancellationToken cancellationToken)
   at GitHub.Services.Location.Client.LocationHttpClient.GetConnectionDataAsync(ConnectOptions connectOptions, Int64 lastChangeId, CancellationToken cancellationToken, Object userState)
   at GitHub.Services.WebApi.Location.VssServerDataProvider.GetConnectionDataAsync(ConnectOptions connectOptions, Int32 lastChangeId, CancellationToken cancellationToken)
   at GitHub.Services.WebApi.Location.VssServerDataProvider.ConnectAsync(ConnectOptions connectOptions, CancellationToken cancellationToken)
   at GitHub.Runner.Common.RunnerService.EstablishVssConnection(Uri serverUrl, VssCredentials credentials, TimeSpan timeout)
[2025-10-01 01:25:45Z ERR  GitHubActionsService] GET request to https://pipelinesghubeus6.actions.githubusercontent.com/hKyNd5hzQTjPqVOxuFp9CyJ2tMUr8ytJJ9FfsFju3bqhBGI0lq/_apis/connectionData?connectOptions=1&lastChangeId=258625537&lastChangeId64=258625537 failed. HTTP Status: NotFound
[2025-10-01 01:25:45Z INFO GitHubActionsService] Finished operation Location.GetConnectionData
[2025-10-01 01:25:45Z INFO RunnerServer] Catch exception during connect. 3 attempt left.
[2025-10-01 01:25:45Z ERR  RunnerServer] GitHub.Services.WebApi.VssServiceResponseException: The resource cannot be found.
   at GitHub.Services.WebApi.VssHttpClientBase.HandleResponseAsync(HttpResponseMessage response, CancellationToken cancellationToken)
   at GitHub.Services.WebApi.VssHttpClientBase.SendAsync(HttpRequestMessage message, HttpCompletionOption completionOption, Object userState, CancellationToken cancellationToken)
   at GitHub.Services.WebApi.VssHttpClientBase.SendAsync[T](HttpRequestMessage message, Object userState, CancellationToken cancellationToken)
   at GitHub.Services.Location.Client.LocationHttpClient.GetConnectionDataAsync(ConnectOptions connectOptions, Int64 lastChangeId, CancellationToken cancellationToken, Object userState)
   at GitHub.Services.WebApi.Location.VssServerDataProvider.GetConnectionDataAsync(ConnectOptions connectOptions, Int32 lastChangeId, CancellationToken cancellationToken)
   at GitHub.Services.WebApi.Location.VssServerDataProvider.ConnectAsync(ConnectOptions connectOptions, CancellationToken cancellationToken)
   at GitHub.Runner.Common.RunnerService.EstablishVssConnection(Uri serverUrl, VssCredentials credentials, TimeSpan timeout)
[2025-10-01 01:25:45Z INFO GitHubActionsService] Starting operation Location.GetConnectionData
[2025-10-01 01:25:45Z INFO GitHubActionsService] Starting operation Location.GetConnectionData
[2025-10-01 01:25:45Z ERR  GitHubActionsService] GET request to https://pipelinesghubeus6.actions.githubusercontent.com/hKyNd5hzQTjPqVOxuFp9CyJ2tMUr8ytJJ9FfsFju3bqhBGI0lq/_apis/connectionData?connectOptions=1&lastChangeId=258625537&lastChangeId64=258625537 failed. HTTP Status: NotFound
[2025-10-01 01:25:45Z INFO GitHubActionsService] Finished operation Location.GetConnectionData
[2025-10-01 01:25:45Z INFO RunnerServer] Catch exception during connect. 2 attempt left.
[2025-10-01 01:25:45Z ERR  RunnerServer] GitHub.Services.WebApi.VssServiceResponseException: The resource cannot be found.
   at GitHub.Services.WebApi.VssHttpClientBase.HandleResponseAsync(HttpResponseMessage response, CancellationToken cancellationToken)
   at GitHub.Services.WebApi.VssHttpClientBase.SendAsync(HttpRequestMessage message, HttpCompletionOption completionOption, Object userState, CancellationToken cancellationToken)
   at GitHub.Services.WebApi.VssHttpClientBase.SendAsync[T](HttpRequestMessage message, Object userState, CancellationToken cancellationToken)
   at GitHub.Services.Location.Client.LocationHttpClient.GetConnectionDataAsync(ConnectOptions connectOptions, Int64 lastChangeId, CancellationToken cancellationToken, Object userState)
   at GitHub.Services.WebApi.Location.VssServerDataProvider.GetConnectionDataAsync(ConnectOptions connectOptions, Int32 lastChangeId, CancellationToken cancellationToken)
   at GitHub.Services.WebApi.Location.VssServerDataProvider.ConnectAsync(ConnectOptions connectOptions, CancellationToken cancellationToken)
   at GitHub.Runner.Common.RunnerService.EstablishVssConnection(Uri serverUrl, VssCredentials credentials, TimeSpan timeout)
[2025-10-01 01:25:45Z ERR  GitHubActionsService] GET request to https://pipelinesghubeus6.actions.githubusercontent.com/hKyNd5hzQTjPqVOxuFp9CyJ2tMUr8ytJJ9FfsFju3bqhBGI0lq/_apis/connectionData?connectOptions=1&lastChangeId=258625537&lastChangeId64=258625537 failed. HTTP Status: NotFound
[2025-10-01 01:25:45Z INFO GitHubActionsService] Finished operation Location.GetConnectionData
[2025-10-01 01:25:45Z INFO RunnerServer] Catch exception during connect. 2 attempt left.
[2025-10-01 01:25:45Z ERR  RunnerServer] GitHub.Services.WebApi.VssServiceResponseException: The resource cannot be found.
   at GitHub.Services.WebApi.VssHttpClientBase.HandleResponseAsync(HttpResponseMessage response, CancellationToken cancellationToken)
   at GitHub.Services.WebApi.VssHttpClientBase.SendAsync(HttpRequestMessage message, HttpCompletionOption completionOption, Object userState, CancellationToken cancellationToken)
   at GitHub.Services.WebApi.VssHttpClientBase.SendAsync[T](HttpRequestMessage message, Object userState, CancellationToken cancellationToken)
   at GitHub.Services.Location.Client.LocationHttpClient.GetConnectionDataAsync(ConnectOptions connectOptions, Int64 lastChangeId, CancellationToken cancellationToken, Object userState)
   at GitHub.Services.WebApi.Location.VssServerDataProvider.GetConnectionDataAsync(ConnectOptions connectOptions, Int32 lastChangeId, CancellationToken cancellationToken)
   at GitHub.Services.WebApi.Location.VssServerDataProvider.ConnectAsync(ConnectOptions connectOptions, CancellationToken cancellationToken)
   at GitHub.Runner.Common.RunnerService.EstablishVssConnection(Uri serverUrl, VssCredentials credentials, TimeSpan timeout)
[2025-10-01 01:25:45Z INFO GitHubActionsService] Starting operation Location.GetConnectionData
[2025-10-01 01:25:45Z ERR  GitHubActionsService] GET request to https://pipelinesghubeus6.actions.githubusercontent.com/hKyNd5hzQTjPqVOxuFp9CyJ2tMUr8ytJJ9FfsFju3bqhBGI0lq/_apis/connectionData?connectOptions=1&lastChangeId=258625537&lastChangeId64=258625537 failed. HTTP Status: NotFound
[2025-10-01 01:25:45Z INFO GitHubActionsService] Finished operation Location.GetConnectionData
[2025-10-01 01:25:45Z INFO RunnerServer] Catch exception during connect. 2 attempt left.
[2025-10-01 01:25:45Z ERR  RunnerServer] GitHub.Services.WebApi.VssServiceResponseException: The resource cannot be found.
   at GitHub.Services.WebApi.VssHttpClientBase.HandleResponseAsync(HttpResponseMessage response, CancellationToken cancellationToken)
   at GitHub.Services.WebApi.VssHttpClientBase.SendAsync(HttpRequestMessage message, HttpCompletionOption completionOption, Object userState, CancellationToken cancellationToken)
   at GitHub.Services.WebApi.VssHttpClientBase.SendAsync[T](HttpRequestMessage message, Object userState, CancellationToken cancellationToken)
   at GitHub.Services.Location.Client.LocationHttpClient.GetConnectionDataAsync(ConnectOptions connectOptions, Int64 lastChangeId, CancellationToken cancellationToken, Object userState)
   at GitHub.Services.WebApi.Location.VssServerDataProvider.GetConnectionDataAsync(ConnectOptions connectOptions, Int32 lastChangeId, CancellationToken cancellationToken)
   at GitHub.Services.WebApi.Location.VssServerDataProvider.ConnectAsync(ConnectOptions connectOptions, CancellationToken cancellationToken)
   at GitHub.Runner.Common.RunnerService.EstablishVssConnection(Uri serverUrl, VssCredentials credentials, TimeSpan timeout)
[2025-10-01 01:25:45Z INFO GitHubActionsService] Starting operation Location.GetConnectionData
[2025-10-01 01:25:45Z INFO GitHubActionsService] Starting operation Location.GetConnectionData
[2025-10-01 01:25:46Z ERR  GitHubActionsService] GET request to https://pipelinesghubeus6.actions.githubusercontent.com/hKyNd5hzQTjPqVOxuFp9CyJ2tMUr8ytJJ9FfsFju3bqhBGI0lq/_apis/connectionData?connectOptions=1&lastChangeId=258625537&lastChangeId64=258625537 failed. HTTP Status: NotFound
[2025-10-01 01:25:46Z INFO GitHubActionsService] Finished operation Location.GetConnectionData
[2025-10-01 01:25:46Z INFO RunnerServer] Catch exception during connect. 1 attempt left.
[2025-10-01 01:25:46Z ERR  RunnerServer] GitHub.Services.WebApi.VssServiceResponseException: The resource cannot be found.
   at GitHub.Services.WebApi.VssHttpClientBase.HandleResponseAsync(HttpResponseMessage response, CancellationToken cancellationToken)
   at GitHub.Services.WebApi.VssHttpClientBase.SendAsync(HttpRequestMessage message, HttpCompletionOption completionOption, Object userState, CancellationToken cancellationToken)
   at GitHub.Services.WebApi.VssHttpClientBase.SendAsync[T](HttpRequestMessage message, Object userState, CancellationToken cancellationToken)
   at GitHub.Services.Location.Client.LocationHttpClient.GetConnectionDataAsync(ConnectOptions connectOptions, Int64 lastChangeId, CancellationToken cancellationToken, Object userState)
   at GitHub.Services.WebApi.Location.VssServerDataProvider.GetConnectionDataAsync(ConnectOptions connectOptions, Int32 lastChangeId, CancellationToken cancellationToken)
   at GitHub.Services.WebApi.Location.VssServerDataProvider.ConnectAsync(ConnectOptions connectOptions, CancellationToken cancellationToken)
   at GitHub.Runner.Common.RunnerService.EstablishVssConnection(Uri serverUrl, VssCredentials credentials, TimeSpan timeout)
[2025-10-01 01:25:46Z ERR  GitHubActionsService] GET request to https://pipelinesghubeus6.actions.githubusercontent.com/hKyNd5hzQTjPqVOxuFp9CyJ2tMUr8ytJJ9FfsFju3bqhBGI0lq/_apis/connectionData?connectOptions=1&lastChangeId=258625537&lastChangeId64=258625537 failed. HTTP Status: NotFound
[2025-10-01 01:25:46Z INFO GitHubActionsService] Finished operation Location.GetConnectionData
[2025-10-01 01:25:46Z INFO RunnerServer] Catch exception during connect. 1 attempt left.
[2025-10-01 01:25:46Z ERR  RunnerServer] GitHub.Services.WebApi.VssServiceResponseException: The resource cannot be found.
   at GitHub.Services.WebApi.VssHttpClientBase.HandleResponseAsync(HttpResponseMessage response, CancellationToken cancellationToken)
   at GitHub.Services.WebApi.VssHttpClientBase.SendAsync(HttpRequestMessage message, HttpCompletionOption completionOption, Object userState, CancellationToken cancellationToken)
   at GitHub.Services.WebApi.VssHttpClientBase.SendAsync[T](HttpRequestMessage message, Object userState, CancellationToken cancellationToken)
   at GitHub.Services.Location.Client.LocationHttpClient.GetConnectionDataAsync(ConnectOptions connectOptions, Int64 lastChangeId, CancellationToken cancellationToken, Object userState)
   at GitHub.Services.WebApi.Location.VssServerDataProvider.GetConnectionDataAsync(ConnectOptions connectOptions, Int32 lastChangeId, CancellationToken cancellationToken)
   at GitHub.Services.WebApi.Location.VssServerDataProvider.ConnectAsync(ConnectOptions connectOptions, CancellationToken cancellationToken)
   at GitHub.Runner.Common.RunnerService.EstablishVssConnection(Uri serverUrl, VssCredentials credentials, TimeSpan timeout)
[2025-10-01 01:25:46Z INFO GitHubActionsService] Starting operation Location.GetConnectionData
[2025-10-01 01:25:46Z INFO GitHubActionsService] Starting operation Location.GetConnectionData
[2025-10-01 01:25:46Z ERR  GitHubActionsService] GET request to https://pipelinesghubeus6.actions.githubusercontent.com/hKyNd5hzQTjPqVOxuFp9CyJ2tMUr8ytJJ9FfsFju3bqhBGI0lq/_apis/connectionData?connectOptions=1&lastChangeId=258625537&lastChangeId64=258625537 failed. HTTP Status: NotFound
[2025-10-01 01:25:46Z INFO GitHubActionsService] Finished operation Location.GetConnectionData
[2025-10-01 01:25:46Z INFO RunnerServer] Catch exception during connect. 1 attempt left.
[2025-10-01 01:25:46Z ERR  RunnerServer] GitHub.Services.WebApi.VssServiceResponseException: The resource cannot be found.
   at GitHub.Services.WebApi.VssHttpClientBase.HandleResponseAsync(HttpResponseMessage response, CancellationToken cancellationToken)
   at GitHub.Services.WebApi.VssHttpClientBase.SendAsync(HttpRequestMessage message, HttpCompletionOption completionOption, Object userState, CancellationToken cancellationToken)
   at GitHub.Services.WebApi.VssHttpClientBase.SendAsync[T](HttpRequestMessage message, Object userState, CancellationToken cancellationToken)
   at GitHub.Services.Location.Client.LocationHttpClient.GetConnectionDataAsync(ConnectOptions connectOptions, Int64 lastChangeId, CancellationToken cancellationToken, Object userState)
   at GitHub.Services.WebApi.Location.VssServerDataProvider.GetConnectionDataAsync(ConnectOptions connectOptions, Int32 lastChangeId, CancellationToken cancellationToken)
   at GitHub.Services.WebApi.Location.VssServerDataProvider.ConnectAsync(ConnectOptions connectOptions, CancellationToken cancellationToken)
   at GitHub.Runner.Common.RunnerService.EstablishVssConnection(Uri serverUrl, VssCredentials credentials, TimeSpan timeout)
[2025-10-01 01:25:46Z INFO GitHubActionsService] Starting operation Location.GetConnectionData
[2025-10-01 01:25:47Z ERR  GitHubActionsService] GET request to https://pipelinesghubeus6.actions.githubusercontent.com/hKyNd5hzQTjPqVOxuFp9CyJ2tMUr8ytJJ9FfsFju3bqhBGI0lq/_apis/connectionData?connectOptions=1&lastChangeId=258625537&lastChangeId64=258625537 failed. HTTP Status: NotFound
[2025-10-01 01:25:47Z INFO GitHubActionsService] Finished operation Location.GetConnectionData
[2025-10-01 01:25:47Z ERR  GitHubActionsService] GET request to https://pipelinesghubeus6.actions.githubusercontent.com/hKyNd5hzQTjPqVOxuFp9CyJ2tMUr8ytJJ9FfsFju3bqhBGI0lq/_apis/connectionData?connectOptions=1&lastChangeId=258625537&lastChangeId64=258625537 failed. HTTP Status: NotFound
[2025-10-01 01:25:47Z INFO GitHubActionsService] Finished operation Location.GetConnectionData
[2025-10-01 01:25:47Z ERR  GitHubActionsService] GET request to https://pipelinesghubeus6.actions.githubusercontent.com/hKyNd5hzQTjPqVOxuFp9CyJ2tMUr8ytJJ9FfsFju3bqhBGI0lq/_apis/connectionData?connectOptions=1&lastChangeId=258625537&lastChangeId64=258625537 failed. HTTP Status: NotFound
[2025-10-01 01:25:47Z INFO GitHubActionsService] Finished operation Location.GetConnectionData
[2025-10-01 01:25:47Z ERR  BrokerMessageListener] Catch exception during create session.
[2025-10-01 01:25:47Z ERR  BrokerMessageListener] GitHub.Services.WebApi.VssServiceResponseException: The resource cannot be found.
   at GitHub.Services.WebApi.VssHttpClientBase.HandleResponseAsync(HttpResponseMessage response, CancellationToken cancellationToken)
   at GitHub.Services.WebApi.VssHttpClientBase.SendAsync(HttpRequestMessage message, HttpCompletionOption completionOption, Object userState, CancellationToken cancellationToken)
   at GitHub.Services.WebApi.VssHttpClientBase.SendAsync[T](HttpRequestMessage message, Object userState, CancellationToken cancellationToken)
   at GitHub.Services.Location.Client.LocationHttpClient.GetConnectionDataAsync(ConnectOptions connectOptions, Int64 lastChangeId, CancellationToken cancellationToken, Object userState)
   at GitHub.Services.WebApi.Location.VssServerDataProvider.GetConnectionDataAsync(ConnectOptions connectOptions, Int32 lastChangeId, CancellationToken cancellationToken)
   at GitHub.Services.WebApi.Location.VssServerDataProvider.ConnectAsync(ConnectOptions connectOptions, CancellationToken cancellationToken)
   at GitHub.Runner.Common.RunnerService.EstablishVssConnection(Uri serverUrl, VssCredentials credentials, TimeSpan timeout)
   at GitHub.Runner.Common.RunnerServer.ConnectAsync(Uri serverUrl, VssCredentials credentials)
   at GitHub.Runner.Listener.BrokerMessageListener.CreateSessionAsync(CancellationToken token)
[2025-10-01 01:25:47Z INFO BrokerMessageListener] Retriable exception: The resource cannot be found.
[2025-10-01 01:25:47Z ERR  Terminal] WRITE ERROR: 2025-10-01 01:25:47Z: Runner connect error: The resource cannot be found.. Retrying until reconnected.
[2025-10-01 01:25:47Z INFO BrokerMessageListener] Sleeping for 30 seconds before retrying.
[2025-10-01 01:26:17Z INFO BrokerMessageListener] Attempt to create session.
[2025-10-01 01:26:17Z INFO BrokerMessageListener] Connecting to the Broker Server...
[2025-10-01 01:26:17Z INFO ConfigurationStore] HasCredentials()
[2025-10-01 01:26:17Z INFO ConfigurationStore] stored True
[2025-10-01 01:26:17Z INFO CredentialManager] GetCredentialProvider
[2025-10-01 01:26:17Z INFO CredentialManager] Creating type OAuth
[2025-10-01 01:26:17Z INFO CredentialManager] Creating credential type: OAuth
[2025-10-01 01:26:17Z INFO RSAEncryptedFileKeyManager] Loading RSA key parameters from file G:\Brunella\actions-runner\.credentials_rsaparams
[2025-10-01 01:26:17Z INFO BrokerMessageListener] VssConnection created
[2025-10-01 01:26:17Z INFO BrokerMessageListener] Connecting to the Runner server...
[2025-10-01 01:26:17Z INFO RunnerServer] EstablishVssConnection
[2025-10-01 01:26:17Z INFO RunnerServer] Establish connection with 100 seconds timeout.
[2025-10-01 01:26:17Z INFO GitHubActionsService] Starting operation Location.GetConnectionData
[2025-10-01 01:26:17Z INFO RunnerServer] EstablishVssConnection
[2025-10-01 01:26:17Z INFO RunnerServer] Establish connection with 60 seconds timeout.
[2025-10-01 01:26:17Z INFO GitHubActionsService] Starting operation Location.GetConnectionData
[2025-10-01 01:26:17Z INFO RunnerServer] EstablishVssConnection
[2025-10-01 01:26:17Z INFO RunnerServer] Establish connection with 60 seconds timeout.
[2025-10-01 01:26:17Z INFO GitHubActionsService] Starting operation Location.GetConnectionData
[2025-10-01 01:26:17Z ERR  GitHubActionsService] GET request to https://pipelinesghubeus6.actions.githubusercontent.com/hKyNd5hzQTjPqVOxuFp9CyJ2tMUr8ytJJ9FfsFju3bqhBGI0lq/_apis/connectionData?connectOptions=1&lastChangeId=258625537&lastChangeId64=258625537 failed. HTTP Status: NotFound
[2025-10-01 01:26:17Z INFO GitHubActionsService] Finished operation Location.GetConnectionData
[2025-10-01 01:26:17Z INFO RunnerServer] Catch exception during connect. 4 attempt left.
[2025-10-01 01:26:17Z ERR  RunnerServer] GitHub.Services.WebApi.VssServiceResponseException: The resource cannot be found.
   at GitHub.Services.WebApi.VssHttpClientBase.HandleResponseAsync(HttpResponseMessage response, CancellationToken cancellationToken)
   at GitHub.Services.WebApi.VssHttpClientBase.SendAsync(HttpRequestMessage message, HttpCompletionOption completionOption, Object userState, CancellationToken cancellationToken)
   at GitHub.Services.WebApi.VssHttpClientBase.SendAsync[T](HttpRequestMessage message, Object userState, CancellationToken cancellationToken)
   at GitHub.Services.Location.Client.LocationHttpClient.GetConnectionDataAsync(ConnectOptions connectOptions, Int64 lastChangeId, CancellationToken cancellationToken, Object userState)
   at GitHub.Services.WebApi.Location.VssServerDataProvider.GetConnectionDataAsync(ConnectOptions connectOptions, Int32 lastChangeId, CancellationToken cancellationToken)
   at GitHub.Services.WebApi.Location.VssServerDataProvider.ConnectAsync(ConnectOptions connectOptions, CancellationToken cancellationToken)
   at GitHub.Runner.Common.RunnerService.EstablishVssConnection(Uri serverUrl, VssCredentials credentials, TimeSpan timeout)
[2025-10-01 01:26:17Z ERR  GitHubActionsService] GET request to https://pipelinesghubeus6.actions.githubusercontent.com/hKyNd5hzQTjPqVOxuFp9CyJ2tMUr8ytJJ9FfsFju3bqhBGI0lq/_apis/connectionData?connectOptions=1&lastChangeId=258625537&lastChangeId64=258625537 failed. HTTP Status: NotFound
[2025-10-01 01:26:17Z INFO GitHubActionsService] Finished operation Location.GetConnectionData
[2025-10-01 01:26:17Z INFO RunnerServer] Catch exception during connect. 4 attempt left.
[2025-10-01 01:26:17Z ERR  RunnerServer] GitHub.Services.WebApi.VssServiceResponseException: The resource cannot be found.
   at GitHub.Services.WebApi.VssHttpClientBase.HandleResponseAsync(HttpResponseMessage response, CancellationToken cancellationToken)
   at GitHub.Services.WebApi.VssHttpClientBase.SendAsync(HttpRequestMessage message, HttpCompletionOption completionOption, Object userState, CancellationToken cancellationToken)
   at GitHub.Services.WebApi.VssHttpClientBase.SendAsync[T](HttpRequestMessage message, Object userState, CancellationToken cancellationToken)
   at GitHub.Services.Location.Client.LocationHttpClient.GetConnectionDataAsync(ConnectOptions connectOptions, Int64 lastChangeId, CancellationToken cancellationToken, Object userState)
   at GitHub.Services.WebApi.Location.VssServerDataProvider.GetConnectionDataAsync(ConnectOptions connectOptions, Int32 lastChangeId, CancellationToken cancellationToken)
   at GitHub.Services.WebApi.Location.VssServerDataProvider.ConnectAsync(ConnectOptions connectOptions, CancellationToken cancellationToken)
   at GitHub.Runner.Common.RunnerService.EstablishVssConnection(Uri serverUrl, VssCredentials credentials, TimeSpan timeout)
[2025-10-01 01:26:17Z ERR  GitHubActionsService] GET request to https://pipelinesghubeus6.actions.githubusercontent.com/hKyNd5hzQTjPqVOxuFp9CyJ2tMUr8ytJJ9FfsFju3bqhBGI0lq/_apis/connectionData?connectOptions=1&lastChangeId=258625537&lastChangeId64=258625537 failed. HTTP Status: NotFound
[2025-10-01 01:26:17Z INFO GitHubActionsService] Finished operation Location.GetConnectionData
[2025-10-01 01:26:17Z INFO RunnerServer] Catch exception during connect. 4 attempt left.
[2025-10-01 01:26:17Z ERR  RunnerServer] GitHub.Services.WebApi.VssServiceResponseException: The resource cannot be found.
   at GitHub.Services.WebApi.VssHttpClientBase.HandleResponseAsync(HttpResponseMessage response, CancellationToken cancellationToken)
   at GitHub.Services.WebApi.VssHttpClientBase.SendAsync(HttpRequestMessage message, HttpCompletionOption completionOption, Object userState, CancellationToken cancellationToken)
   at GitHub.Services.WebApi.VssHttpClientBase.SendAsync[T](HttpRequestMessage message, Object userState, CancellationToken cancellationToken)
   at GitHub.Services.Location.Client.LocationHttpClient.GetConnectionDataAsync(ConnectOptions connectOptions, Int64 lastChangeId, CancellationToken cancellationToken, Object userState)
   at GitHub.Services.WebApi.Location.VssServerDataProvider.GetConnectionDataAsync(ConnectOptions connectOptions, Int32 lastChangeId, CancellationToken cancellationToken)
   at GitHub.Services.WebApi.Location.VssServerDataProvider.ConnectAsync(ConnectOptions connectOptions, CancellationToken cancellationToken)
   at GitHub.Runner.Common.RunnerService.EstablishVssConnection(Uri serverUrl, VssCredentials credentials, TimeSpan timeout)
[2025-10-01 01:26:17Z INFO GitHubActionsService] Starting operation Location.GetConnectionData
[2025-10-01 01:26:18Z INFO GitHubActionsService] Starting operation Location.GetConnectionData
[2025-10-01 01:26:18Z INFO GitHubActionsService] Starting operation Location.GetConnectionData
[2025-10-01 01:26:18Z ERR  GitHubActionsService] GET request to https://pipelinesghubeus6.actions.githubusercontent.com/hKyNd5hzQTjPqVOxuFp9CyJ2tMUr8ytJJ9FfsFju3bqhBGI0lq/_apis/connectionData?connectOptions=1&lastChangeId=258625537&lastChangeId64=258625537 failed. HTTP Status: NotFound
[2025-10-01 01:26:18Z INFO GitHubActionsService] Finished operation Location.GetConnectionData
[2025-10-01 01:26:18Z INFO RunnerServer] Catch exception during connect. 3 attempt left.
[2025-10-01 01:26:18Z ERR  RunnerServer] GitHub.Services.WebApi.VssServiceResponseException: The resource cannot be found.
   at GitHub.Services.WebApi.VssHttpClientBase.HandleResponseAsync(HttpResponseMessage response, CancellationToken cancellationToken)
   at GitHub.Services.WebApi.VssHttpClientBase.SendAsync(HttpRequestMessage message, HttpCompletionOption completionOption, Object userState, CancellationToken cancellationToken)
   at GitHub.Services.WebApi.VssHttpClientBase.SendAsync[T](HttpRequestMessage message, Object userState, CancellationToken cancellationToken)
   at GitHub.Services.Location.Client.LocationHttpClient.GetConnectionDataAsync(ConnectOptions connectOptions, Int64 lastChangeId, CancellationToken cancellationToken, Object userState)
   at GitHub.Services.WebApi.Location.VssServerDataProvider.GetConnectionDataAsync(ConnectOptions connectOptions, Int32 lastChangeId, CancellationToken cancellationToken)
   at GitHub.Services.WebApi.Location.VssServerDataProvider.ConnectAsync(ConnectOptions connectOptions, CancellationToken cancellationToken)
   at GitHub.Runner.Common.RunnerService.EstablishVssConnection(Uri serverUrl, VssCredentials credentials, TimeSpan timeout)
[2025-10-01 01:26:18Z ERR  GitHubActionsService] GET request to https://pipelinesghubeus6.actions.githubusercontent.com/hKyNd5hzQTjPqVOxuFp9CyJ2tMUr8ytJJ9FfsFju3bqhBGI0lq/_apis/connectionData?connectOptions=1&lastChangeId=258625537&lastChangeId64=258625537 failed. HTTP Status: NotFound
[2025-10-01 01:26:18Z ERR  GitHubActionsService] GET request to https://pipelinesghubeus6.actions.githubusercontent.com/hKyNd5hzQTjPqVOxuFp9CyJ2tMUr8ytJJ9FfsFju3bqhBGI0lq/_apis/connectionData?connectOptions=1&lastChangeId=258625537&lastChangeId64=258625537 failed. HTTP Status: NotFound
[2025-10-01 01:26:18Z INFO GitHubActionsService] Finished operation Location.GetConnectionData
[2025-10-01 01:26:18Z INFO RunnerServer] Catch exception during connect. 3 attempt left.
[2025-10-01 01:26:18Z INFO GitHubActionsService] Finished operation Location.GetConnectionData
[2025-10-01 01:26:18Z INFO RunnerServer] Catch exception during connect. 3 attempt left.
[2025-10-01 01:26:18Z ERR  RunnerServer] GitHub.Services.WebApi.VssServiceResponseException: The resource cannot be found.
   at GitHub.Services.WebApi.VssHttpClientBase.HandleResponseAsync(HttpResponseMessage response, CancellationToken cancellationToken)
   at GitHub.Services.WebApi.VssHttpClientBase.SendAsync(HttpRequestMessage message, HttpCompletionOption completionOption, Object userState, CancellationToken cancellationToken)
   at GitHub.Services.WebApi.VssHttpClientBase.SendAsync[T](HttpRequestMessage message, Object userState, CancellationToken cancellationToken)
   at GitHub.Services.Location.Client.LocationHttpClient.GetConnectionDataAsync(ConnectOptions connectOptions, Int64 lastChangeId, CancellationToken cancellationToken, Object userState)
   at GitHub.Services.WebApi.Location.VssServerDataProvider.GetConnectionDataAsync(ConnectOptions connectOptions, Int32 lastChangeId, CancellationToken cancellationToken)
   at GitHub.Services.WebApi.Location.VssServerDataProvider.ConnectAsync(ConnectOptions connectOptions, CancellationToken cancellationToken)
   at GitHub.Runner.Common.RunnerService.EstablishVssConnection(Uri serverUrl, VssCredentials credentials, TimeSpan timeout)
[2025-10-01 01:26:18Z ERR  RunnerServer] GitHub.Services.WebApi.VssServiceResponseException: The resource cannot be found.
   at GitHub.Services.WebApi.VssHttpClientBase.HandleResponseAsync(HttpResponseMessage response, CancellationToken cancellationToken)
   at GitHub.Services.WebApi.VssHttpClientBase.SendAsync(HttpRequestMessage message, HttpCompletionOption completionOption, Object userState, CancellationToken cancellationToken)
   at GitHub.Services.WebApi.VssHttpClientBase.SendAsync[T](HttpRequestMessage message, Object userState, CancellationToken cancellationToken)
   at GitHub.Services.Location.Client.LocationHttpClient.GetConnectionDataAsync(ConnectOptions connectOptions, Int64 lastChangeId, CancellationToken cancellationToken, Object userState)
   at GitHub.Services.WebApi.Location.VssServerDataProvider.GetConnectionDataAsync(ConnectOptions connectOptions, Int32 lastChangeId, CancellationToken cancellationToken)
   at GitHub.Services.WebApi.Location.VssServerDataProvider.ConnectAsync(ConnectOptions connectOptions, CancellationToken cancellationToken)
   at GitHub.Runner.Common.RunnerService.EstablishVssConnection(Uri serverUrl, VssCredentials credentials, TimeSpan timeout)
[2025-10-01 01:26:18Z INFO GitHubActionsService] Starting operation Location.GetConnectionData
[2025-10-01 01:26:18Z INFO GitHubActionsService] Starting operation Location.GetConnectionData
[2025-10-01 01:26:18Z INFO GitHubActionsService] Starting operation Location.GetConnectionData
[2025-10-01 01:26:19Z ERR  GitHubActionsService] GET request to https://pipelinesghubeus6.actions.githubusercontent.com/hKyNd5hzQTjPqVOxuFp9CyJ2tMUr8ytJJ9FfsFju3bqhBGI0lq/_apis/connectionData?connectOptions=1&lastChangeId=258625537&lastChangeId64=258625537 failed. HTTP Status: NotFound
[2025-10-01 01:26:19Z INFO GitHubActionsService] Finished operation Location.GetConnectionData
[2025-10-01 01:26:19Z INFO RunnerServer] Catch exception during connect. 2 attempt left.
[2025-10-01 01:26:19Z ERR  RunnerServer] GitHub.Services.WebApi.VssServiceResponseException: The resource cannot be found.
   at GitHub.Services.WebApi.VssHttpClientBase.HandleResponseAsync(HttpResponseMessage response, CancellationToken cancellationToken)
   at GitHub.Services.WebApi.VssHttpClientBase.SendAsync(HttpRequestMessage message, HttpCompletionOption completionOption, Object userState, CancellationToken cancellationToken)
   at GitHub.Services.WebApi.VssHttpClientBase.SendAsync[T](HttpRequestMessage message, Object userState, CancellationToken cancellationToken)
   at GitHub.Services.Location.Client.LocationHttpClient.GetConnectionDataAsync(ConnectOptions connectOptions, Int64 lastChangeId, CancellationToken cancellationToken, Object userState)
   at GitHub.Services.WebApi.Location.VssServerDataProvider.GetConnectionDataAsync(ConnectOptions connectOptions, Int32 lastChangeId, CancellationToken cancellationToken)
   at GitHub.Services.WebApi.Location.VssServerDataProvider.ConnectAsync(ConnectOptions connectOptions, CancellationToken cancellationToken)
   at GitHub.Runner.Common.RunnerService.EstablishVssConnection(Uri serverUrl, VssCredentials credentials, TimeSpan timeout)
[2025-10-01 01:26:19Z ERR  GitHubActionsService] GET request to https://pipelinesghubeus6.actions.githubusercontent.com/hKyNd5hzQTjPqVOxuFp9CyJ2tMUr8ytJJ9FfsFju3bqhBGI0lq/_apis/connectionData?connectOptions=1&lastChangeId=258625537&lastChangeId64=258625537 failed. HTTP Status: NotFound
[2025-10-01 01:26:19Z INFO GitHubActionsService] Finished operation Location.GetConnectionData
[2025-10-01 01:26:19Z INFO RunnerServer] Catch exception during connect. 2 attempt left.
[2025-10-01 01:26:19Z ERR  RunnerServer] GitHub.Services.WebApi.VssServiceResponseException: The resource cannot be found.
   at GitHub.Services.WebApi.VssHttpClientBase.HandleResponseAsync(HttpResponseMessage response, CancellationToken cancellationToken)
   at GitHub.Services.WebApi.VssHttpClientBase.SendAsync(HttpRequestMessage message, HttpCompletionOption completionOption, Object userState, CancellationToken cancellationToken)
   at GitHub.Services.WebApi.VssHttpClientBase.SendAsync[T](HttpRequestMessage message, Object userState, CancellationToken cancellationToken)
   at GitHub.Services.Location.Client.LocationHttpClient.GetConnectionDataAsync(ConnectOptions connectOptions, Int64 lastChangeId, CancellationToken cancellationToken, Object userState)
   at GitHub.Services.WebApi.Location.VssServerDataProvider.GetConnectionDataAsync(ConnectOptions connectOptions, Int32 lastChangeId, CancellationToken cancellationToken)
   at GitHub.Services.WebApi.Location.VssServerDataProvider.ConnectAsync(ConnectOptions connectOptions, CancellationToken cancellationToken)
   at GitHub.Runner.Common.RunnerService.EstablishVssConnection(Uri serverUrl, VssCredentials credentials, TimeSpan timeout)
[2025-10-01 01:26:19Z ERR  GitHubActionsService] GET request to https://pipelinesghubeus6.actions.githubusercontent.com/hKyNd5hzQTjPqVOxuFp9CyJ2tMUr8ytJJ9FfsFju3bqhBGI0lq/_apis/connectionData?connectOptions=1&lastChangeId=258625537&lastChangeId64=258625537 failed. HTTP Status: NotFound
[2025-10-01 01:26:19Z INFO GitHubActionsService] Finished operation Location.GetConnectionData
[2025-10-01 01:26:19Z INFO RunnerServer] Catch exception during connect. 2 attempt left.
[2025-10-01 01:26:19Z ERR  RunnerServer] GitHub.Services.WebApi.VssServiceResponseException: The resource cannot be found.
   at GitHub.Services.WebApi.VssHttpClientBase.HandleResponseAsync(HttpResponseMessage response, CancellationToken cancellationToken)
   at GitHub.Services.WebApi.VssHttpClientBase.SendAsync(HttpRequestMessage message, HttpCompletionOption completionOption, Object userState, CancellationToken cancellationToken)
   at GitHub.Services.WebApi.VssHttpClientBase.SendAsync[T](HttpRequestMessage message, Object userState, CancellationToken cancellationToken)
   at GitHub.Services.Location.Client.LocationHttpClient.GetConnectionDataAsync(ConnectOptions connectOptions, Int64 lastChangeId, CancellationToken cancellationToken, Object userState)
   at GitHub.Services.WebApi.Location.VssServerDataProvider.GetConnectionDataAsync(ConnectOptions connectOptions, Int32 lastChangeId, CancellationToken cancellationToken)
   at GitHub.Services.WebApi.Location.VssServerDataProvider.ConnectAsync(ConnectOptions connectOptions, CancellationToken cancellationToken)
   at GitHub.Runner.Common.RunnerService.EstablishVssConnection(Uri serverUrl, VssCredentials credentials, TimeSpan timeout)
[2025-10-01 01:26:19Z INFO GitHubActionsService] Starting operation Location.GetConnectionData
[2025-10-01 01:26:19Z INFO GitHubActionsService] Starting operation Location.GetConnectionData
[2025-10-01 01:26:19Z INFO GitHubActionsService] Starting operation Location.GetConnectionData
[2025-10-01 01:26:20Z ERR  GitHubActionsService] GET request to https://pipelinesghubeus6.actions.githubusercontent.com/hKyNd5hzQTjPqVOxuFp9CyJ2tMUr8ytJJ9FfsFju3bqhBGI0lq/_apis/connectionData?connectOptions=1&lastChangeId=258625537&lastChangeId64=258625537 failed. HTTP Status: NotFound
[2025-10-01 01:26:20Z INFO GitHubActionsService] Finished operation Location.GetConnectionData
[2025-10-01 01:26:20Z INFO RunnerServer] Catch exception during connect. 1 attempt left.
[2025-10-01 01:26:20Z ERR  RunnerServer] GitHub.Services.WebApi.VssServiceResponseException: The resource cannot be found.
   at GitHub.Services.WebApi.VssHttpClientBase.HandleResponseAsync(HttpResponseMessage response, CancellationToken cancellationToken)
   at GitHub.Services.WebApi.VssHttpClientBase.SendAsync(HttpRequestMessage message, HttpCompletionOption completionOption, Object userState, CancellationToken cancellationToken)
   at GitHub.Services.WebApi.VssHttpClientBase.SendAsync[T](HttpRequestMessage message, Object userState, CancellationToken cancellationToken)
   at GitHub.Services.Location.Client.LocationHttpClient.GetConnectionDataAsync(ConnectOptions connectOptions, Int64 lastChangeId, CancellationToken cancellationToken, Object userState)
   at GitHub.Services.WebApi.Location.VssServerDataProvider.GetConnectionDataAsync(ConnectOptions connectOptions, Int32 lastChangeId, CancellationToken cancellationToken)
   at GitHub.Services.WebApi.Location.VssServerDataProvider.ConnectAsync(ConnectOptions connectOptions, CancellationToken cancellationToken)
   at GitHub.Runner.Common.RunnerService.EstablishVssConnection(Uri serverUrl, VssCredentials credentials, TimeSpan timeout)
[2025-10-01 01:26:20Z ERR  GitHubActionsService] GET request to https://pipelinesghubeus6.actions.githubusercontent.com/hKyNd5hzQTjPqVOxuFp9CyJ2tMUr8ytJJ9FfsFju3bqhBGI0lq/_apis/connectionData?connectOptions=1&lastChangeId=258625537&lastChangeId64=258625537 failed. HTTP Status: NotFound
[2025-10-01 01:26:20Z INFO GitHubActionsService] Finished operation Location.GetConnectionData
[2025-10-01 01:26:20Z INFO RunnerServer] Catch exception during connect. 1 attempt left.
[2025-10-01 01:26:20Z ERR  RunnerServer] GitHub.Services.WebApi.VssServiceResponseException: The resource cannot be found.
   at GitHub.Services.WebApi.VssHttpClientBase.HandleResponseAsync(HttpResponseMessage response, CancellationToken cancellationToken)
   at GitHub.Services.WebApi.VssHttpClientBase.SendAsync(HttpRequestMessage message, HttpCompletionOption completionOption, Object userState, CancellationToken cancellationToken)
   at GitHub.Services.WebApi.VssHttpClientBase.SendAsync[T](HttpRequestMessage message, Object userState, CancellationToken cancellationToken)
   at GitHub.Services.Location.Client.LocationHttpClient.GetConnectionDataAsync(ConnectOptions connectOptions, Int64 lastChangeId, CancellationToken cancellationToken, Object userState)
   at GitHub.Services.WebApi.Location.VssServerDataProvider.GetConnectionDataAsync(ConnectOptions connectOptions, Int32 lastChangeId, CancellationToken cancellationToken)
   at GitHub.Services.WebApi.Location.VssServerDataProvider.ConnectAsync(ConnectOptions connectOptions, CancellationToken cancellationToken)
   at GitHub.Runner.Common.RunnerService.EstablishVssConnection(Uri serverUrl, VssCredentials credentials, TimeSpan timeout)
[2025-10-01 01:26:20Z ERR  GitHubActionsService] GET request to https://pipelinesghubeus6.actions.githubusercontent.com/hKyNd5hzQTjPqVOxuFp9CyJ2tMUr8ytJJ9FfsFju3bqhBGI0lq/_apis/connectionData?connectOptions=1&lastChangeId=258625537&lastChangeId64=258625537 failed. HTTP Status: NotFound
[2025-10-01 01:26:20Z INFO GitHubActionsService] Finished operation Location.GetConnectionData
[2025-10-01 01:26:20Z INFO RunnerServer] Catch exception during connect. 1 attempt left.
[2025-10-01 01:26:20Z ERR  RunnerServer] GitHub.Services.WebApi.VssServiceResponseException: The resource cannot be found.
   at GitHub.Services.WebApi.VssHttpClientBase.HandleResponseAsync(HttpResponseMessage response, CancellationToken cancellationToken)
   at GitHub.Services.WebApi.VssHttpClientBase.SendAsync(HttpRequestMessage message, HttpCompletionOption completionOption, Object userState, CancellationToken cancellationToken)
   at GitHub.Services.WebApi.VssHttpClientBase.SendAsync[T](HttpRequestMessage message, Object userState, CancellationToken cancellationToken)
   at GitHub.Services.Location.Client.LocationHttpClient.GetConnectionDataAsync(ConnectOptions connectOptions, Int64 lastChangeId, CancellationToken cancellationToken, Object userState)
   at GitHub.Services.WebApi.Location.VssServerDataProvider.GetConnectionDataAsync(ConnectOptions connectOptions, Int32 lastChangeId, CancellationToken cancellationToken)
   at GitHub.Services.WebApi.Location.VssServerDataProvider.ConnectAsync(ConnectOptions connectOptions, CancellationToken cancellationToken)
   at GitHub.Runner.Common.RunnerService.EstablishVssConnection(Uri serverUrl, VssCredentials credentials, TimeSpan timeout)
[2025-10-01 01:26:20Z INFO GitHubActionsService] Starting operation Location.GetConnectionData
[2025-10-01 01:26:20Z INFO GitHubActionsService] Starting operation Location.GetConnectionData
[2025-10-01 01:26:20Z INFO GitHubActionsService] Starting operation Location.GetConnectionData
[2025-10-01 01:26:20Z ERR  GitHubActionsService] GET request to https://pipelinesghubeus6.actions.githubusercontent.com/hKyNd5hzQTjPqVOxuFp9CyJ2tMUr8ytJJ9FfsFju3bqhBGI0lq/_apis/connectionData?connectOptions=1&lastChangeId=258625537&lastChangeId64=258625537 failed. HTTP Status: NotFound
[2025-10-01 01:26:20Z ERR  GitHubActionsService] GET request to https://pipelinesghubeus6.actions.githubusercontent.com/hKyNd5hzQTjPqVOxuFp9CyJ2tMUr8ytJJ9FfsFju3bqhBGI0lq/_apis/connectionData?connectOptions=1&lastChangeId=258625537&lastChangeId64=258625537 failed. HTTP Status: NotFound
[2025-10-01 01:26:20Z INFO GitHubActionsService] Finished operation Location.GetConnectionData
[2025-10-01 01:26:20Z INFO GitHubActionsService] Finished operation Location.GetConnectionData
[2025-10-01 01:26:20Z ERR  GitHubActionsService] GET request to https://pipelinesghubeus6.actions.githubusercontent.com/hKyNd5hzQTjPqVOxuFp9CyJ2tMUr8ytJJ9FfsFju3bqhBGI0lq/_apis/connectionData?connectOptions=1&lastChangeId=258625537&lastChangeId64=258625537 failed. HTTP Status: NotFound
[2025-10-01 01:26:20Z INFO GitHubActionsService] Finished operation Location.GetConnectionData
[2025-10-01 01:26:20Z ERR  BrokerMessageListener] Catch exception during create session.
[2025-10-01 01:26:20Z ERR  BrokerMessageListener] GitHub.Services.WebApi.VssServiceResponseException: The resource cannot be found.
   at GitHub.Services.WebApi.VssHttpClientBase.HandleResponseAsync(HttpResponseMessage response, CancellationToken cancellationToken)
   at GitHub.Services.WebApi.VssHttpClientBase.SendAsync(HttpRequestMessage message, HttpCompletionOption completionOption, Object userState, CancellationToken cancellationToken)
   at GitHub.Services.WebApi.VssHttpClientBase.SendAsync[T](HttpRequestMessage message, Object userState, CancellationToken cancellationToken)
   at GitHub.Services.Location.Client.LocationHttpClient.GetConnectionDataAsync(ConnectOptions connectOptions, Int64 lastChangeId, CancellationToken cancellationToken, Object userState)
   at GitHub.Services.WebApi.Location.VssServerDataProvider.GetConnectionDataAsync(ConnectOptions connectOptions, Int32 lastChangeId, CancellationToken cancellationToken)
   at GitHub.Services.WebApi.Location.VssServerDataProvider.ConnectAsync(ConnectOptions connectOptions, CancellationToken cancellationToken)
   at GitHub.Runner.Common.RunnerService.EstablishVssConnection(Uri serverUrl, VssCredentials credentials, TimeSpan timeout)
   at GitHub.Runner.Common.RunnerServer.ConnectAsync(Uri serverUrl, VssCredentials credentials)
   at GitHub.Runner.Listener.BrokerMessageListener.CreateSessionAsync(CancellationToken token)
[2025-10-01 01:26:20Z INFO BrokerMessageListener] Retriable exception: The resource cannot be found.
[2025-10-01 01:26:20Z INFO BrokerMessageListener] Sleeping for 30 seconds before retrying.
[2025-10-01 01:26:50Z INFO BrokerMessageListener] Attempt to create session.
[2025-10-01 01:26:50Z INFO BrokerMessageListener] Connecting to the Broker Server...
[2025-10-01 01:26:50Z INFO ConfigurationStore] HasCredentials()
[2025-10-01 01:26:50Z INFO ConfigurationStore] stored True
[2025-10-01 01:26:50Z INFO CredentialManager] GetCredentialProvider
[2025-10-01 01:26:50Z INFO CredentialManager] Creating type OAuth
[2025-10-01 01:26:50Z INFO CredentialManager] Creating credential type: OAuth
[2025-10-01 01:26:50Z INFO RSAEncryptedFileKeyManager] Loading RSA key parameters from file G:\Brunella\actions-runner\.credentials_rsaparams
[2025-10-01 01:26:50Z INFO BrokerMessageListener] VssConnection created
[2025-10-01 01:26:50Z INFO BrokerMessageListener] Connecting to the Runner server...
[2025-10-01 01:26:50Z INFO RunnerServer] EstablishVssConnection
[2025-10-01 01:26:50Z INFO RunnerServer] Establish connection with 100 seconds timeout.
[2025-10-01 01:26:50Z INFO GitHubActionsService] Starting operation Location.GetConnectionData
[2025-10-01 01:26:50Z INFO RunnerServer] EstablishVssConnection
[2025-10-01 01:26:50Z INFO RunnerServer] Establish connection with 60 seconds timeout.
[2025-10-01 01:26:50Z INFO GitHubActionsService] Starting operation Location.GetConnectionData
[2025-10-01 01:26:50Z INFO RunnerServer] EstablishVssConnection
[2025-10-01 01:26:50Z INFO RunnerServer] Establish connection with 60 seconds timeout.
[2025-10-01 01:26:50Z INFO GitHubActionsService] Starting operation Location.GetConnectionData
[2025-10-01 01:26:51Z ERR  GitHubActionsService] GET request to https://pipelinesghubeus6.actions.githubusercontent.com/hKyNd5hzQTjPqVOxuFp9CyJ2tMUr8ytJJ9FfsFju3bqhBGI0lq/_apis/connectionData?connectOptions=1&lastChangeId=258625537&lastChangeId64=258625537 failed. HTTP Status: NotFound
[2025-10-01 01:26:51Z INFO GitHubActionsService] Finished operation Location.GetConnectionData
[2025-10-01 01:26:51Z INFO RunnerServer] Catch exception during connect. 4 attempt left.
[2025-10-01 01:26:51Z ERR  RunnerServer] GitHub.Services.WebApi.VssServiceResponseException: The resource cannot be found.
   at GitHub.Services.WebApi.VssHttpClientBase.HandleResponseAsync(HttpResponseMessage response, CancellationToken cancellationToken)
   at GitHub.Services.WebApi.VssHttpClientBase.SendAsync(HttpRequestMessage message, HttpCompletionOption completionOption, Object userState, CancellationToken cancellationToken)
   at GitHub.Services.WebApi.VssHttpClientBase.SendAsync[T](HttpRequestMessage message, Object userState, CancellationToken cancellationToken)
   at GitHub.Services.Location.Client.LocationHttpClient.GetConnectionDataAsync(ConnectOptions connectOptions, Int64 lastChangeId, CancellationToken cancellationToken, Object userState)
   at GitHub.Services.WebApi.Location.VssServerDataProvider.GetConnectionDataAsync(ConnectOptions connectOptions, Int32 lastChangeId, CancellationToken cancellationToken)
   at GitHub.Services.WebApi.Location.VssServerDataProvider.ConnectAsync(ConnectOptions connectOptions, CancellationToken cancellationToken)
   at GitHub.Runner.Common.RunnerService.EstablishVssConnection(Uri serverUrl, VssCredentials credentials, TimeSpan timeout)
[2025-10-01 01:26:51Z ERR  GitHubActionsService] GET request to https://pipelinesghubeus6.actions.githubusercontent.com/hKyNd5hzQTjPqVOxuFp9CyJ2tMUr8ytJJ9FfsFju3bqhBGI0lq/_apis/connectionData?connectOptions=1&lastChangeId=258625537&lastChangeId64=258625537 failed. HTTP Status: NotFound
[2025-10-01 01:26:51Z INFO GitHubActionsService] Finished operation Location.GetConnectionData
[2025-10-01 01:26:51Z INFO RunnerServer] Catch exception during connect. 4 attempt left.
[2025-10-01 01:26:51Z ERR  RunnerServer] GitHub.Services.WebApi.VssServiceResponseException: The resource cannot be found.
   at GitHub.Services.WebApi.VssHttpClientBase.HandleResponseAsync(HttpResponseMessage response, CancellationToken cancellationToken)
   at GitHub.Services.WebApi.VssHttpClientBase.SendAsync(HttpRequestMessage message, HttpCompletionOption completionOption, Object userState, CancellationToken cancellationToken)
   at GitHub.Services.WebApi.VssHttpClientBase.SendAsync[T](HttpRequestMessage message, Object userState, CancellationToken cancellationToken)
   at GitHub.Services.Location.Client.LocationHttpClient.GetConnectionDataAsync(ConnectOptions connectOptions, Int64 lastChangeId, CancellationToken cancellationToken, Object userState)
   at GitHub.Services.WebApi.Location.VssServerDataProvider.GetConnectionDataAsync(ConnectOptions connectOptions, Int32 lastChangeId, CancellationToken cancellationToken)
   at GitHub.Services.WebApi.Location.VssServerDataProvider.ConnectAsync(ConnectOptions connectOptions, CancellationToken cancellationToken)
   at GitHub.Runner.Common.RunnerService.EstablishVssConnection(Uri serverUrl, VssCredentials credentials, TimeSpan timeout)
[2025-10-01 01:26:51Z INFO GitHubActionsService] Starting operation Location.GetConnectionData
[2025-10-01 01:26:51Z INFO GitHubActionsService] Starting operation Location.GetConnectionData
[2025-10-01 01:26:51Z ERR  GitHubActionsService] GET request to https://pipelinesghubeus6.actions.githubusercontent.com/hKyNd5hzQTjPqVOxuFp9CyJ2tMUr8ytJJ9FfsFju3bqhBGI0lq/_apis/connectionData?connectOptions=1&lastChangeId=258625537&lastChangeId64=258625537 failed. HTTP Status: NotFound
[2025-10-01 01:26:51Z INFO GitHubActionsService] Finished operation Location.GetConnectionData
[2025-10-01 01:26:51Z INFO RunnerServer] Catch exception during connect. 4 attempt left.
[2025-10-01 01:26:51Z ERR  RunnerServer] GitHub.Services.WebApi.VssServiceResponseException: The resource cannot be found.
   at GitHub.Services.WebApi.VssHttpClientBase.HandleResponseAsync(HttpResponseMessage response, CancellationToken cancellationToken)
   at GitHub.Services.WebApi.VssHttpClientBase.SendAsync(HttpRequestMessage message, HttpCompletionOption completionOption, Object userState, CancellationToken cancellationToken)
   at GitHub.Services.WebApi.VssHttpClientBase.SendAsync[T](HttpRequestMessage message, Object userState, CancellationToken cancellationToken)
   at GitHub.Services.Location.Client.LocationHttpClient.GetConnectionDataAsync(ConnectOptions connectOptions, Int64 lastChangeId, CancellationToken cancellationToken, Object userState)
   at GitHub.Services.WebApi.Location.VssServerDataProvider.GetConnectionDataAsync(ConnectOptions connectOptions, Int32 lastChangeId, CancellationToken cancellationToken)
   at GitHub.Services.WebApi.Location.VssServerDataProvider.ConnectAsync(ConnectOptions connectOptions, CancellationToken cancellationToken)
   at GitHub.Runner.Common.RunnerService.EstablishVssConnection(Uri serverUrl, VssCredentials credentials, TimeSpan timeout)
[2025-10-01 01:26:51Z INFO GitHubActionsService] Starting operation Location.GetConnectionData
[2025-10-01 01:26:52Z ERR  GitHubActionsService] GET request to https://pipelinesghubeus6.actions.githubusercontent.com/hKyNd5hzQTjPqVOxuFp9CyJ2tMUr8ytJJ9FfsFju3bqhBGI0lq/_apis/connectionData?connectOptions=1&lastChangeId=258625537&lastChangeId64=258625537 failed. HTTP Status: NotFound
[2025-10-01 01:26:52Z INFO GitHubActionsService] Finished operation Location.GetConnectionData
[2025-10-01 01:26:52Z INFO RunnerServer] Catch exception during connect. 3 attempt left.
[2025-10-01 01:26:52Z ERR  RunnerServer] GitHub.Services.WebApi.VssServiceResponseException: The resource cannot be found.
   at GitHub.Services.WebApi.VssHttpClientBase.HandleResponseAsync(HttpResponseMessage response, CancellationToken cancellationToken)
   at GitHub.Services.WebApi.VssHttpClientBase.SendAsync(HttpRequestMessage message, HttpCompletionOption completionOption, Object userState, CancellationToken cancellationToken)
   at GitHub.Services.WebApi.VssHttpClientBase.SendAsync[T](HttpRequestMessage message, Object userState, CancellationToken cancellationToken)
   at GitHub.Services.Location.Client.LocationHttpClient.GetConnectionDataAsync(ConnectOptions connectOptions, Int64 lastChangeId, CancellationToken cancellationToken, Object userState)
   at GitHub.Services.WebApi.Location.VssServerDataProvider.GetConnectionDataAsync(ConnectOptions connectOptions, Int32 lastChangeId, CancellationToken cancellationToken)
   at GitHub.Services.WebApi.Location.VssServerDataProvider.ConnectAsync(ConnectOptions connectOptions, CancellationToken cancellationToken)
   at GitHub.Runner.Common.RunnerService.EstablishVssConnection(Uri serverUrl, VssCredentials credentials, TimeSpan timeout)
[2025-10-01 01:26:52Z ERR  GitHubActionsService] GET request to https://pipelinesghubeus6.actions.githubusercontent.com/hKyNd5hzQTjPqVOxuFp9CyJ2tMUr8ytJJ9FfsFju3bqhBGI0lq/_apis/connectionData?connectOptions=1&lastChangeId=258625537&lastChangeId64=258625537 failed. HTTP Status: NotFound
[2025-10-01 01:26:52Z INFO GitHubActionsService] Finished operation Location.GetConnectionData
[2025-10-01 01:26:52Z INFO RunnerServer] Catch exception during connect. 3 attempt left.
[2025-10-01 01:26:52Z ERR  RunnerServer] GitHub.Services.WebApi.VssServiceResponseException: The resource cannot be found.
   at GitHub.Services.WebApi.VssHttpClientBase.HandleResponseAsync(HttpResponseMessage response, CancellationToken cancellationToken)
   at GitHub.Services.WebApi.VssHttpClientBase.SendAsync(HttpRequestMessage message, HttpCompletionOption completionOption, Object userState, CancellationToken cancellationToken)
   at GitHub.Services.WebApi.VssHttpClientBase.SendAsync[T](HttpRequestMessage message, Object userState, CancellationToken cancellationToken)
   at GitHub.Services.Location.Client.LocationHttpClient.GetConnectionDataAsync(ConnectOptions connectOptions, Int64 lastChangeId, CancellationToken cancellationToken, Object userState)
   at GitHub.Services.WebApi.Location.VssServerDataProvider.GetConnectionDataAsync(ConnectOptions connectOptions, Int32 lastChangeId, CancellationToken cancellationToken)
   at GitHub.Services.WebApi.Location.VssServerDataProvider.ConnectAsync(ConnectOptions connectOptions, CancellationToken cancellationToken)
   at GitHub.Runner.Common.RunnerService.EstablishVssConnection(Uri serverUrl, VssCredentials credentials, TimeSpan timeout)
[2025-10-01 01:26:52Z ERR  GitHubActionsService] GET request to https://pipelinesghubeus6.actions.githubusercontent.com/hKyNd5hzQTjPqVOxuFp9CyJ2tMUr8ytJJ9FfsFju3bqhBGI0lq/_apis/connectionData?connectOptions=1&lastChangeId=258625537&lastChangeId64=258625537 failed. HTTP Status: NotFound
[2025-10-01 01:26:52Z INFO GitHubActionsService] Finished operation Location.GetConnectionData
[2025-10-01 01:26:52Z INFO RunnerServer] Catch exception during connect. 3 attempt left.
[2025-10-01 01:26:52Z ERR  RunnerServer] GitHub.Services.WebApi.VssServiceResponseException: The resource cannot be found.
   at GitHub.Services.WebApi.VssHttpClientBase.HandleResponseAsync(HttpResponseMessage response, CancellationToken cancellationToken)
   at GitHub.Services.WebApi.VssHttpClientBase.SendAsync(HttpRequestMessage message, HttpCompletionOption completionOption, Object userState, CancellationToken cancellationToken)
   at GitHub.Services.WebApi.VssHttpClientBase.SendAsync[T](HttpRequestMessage message, Object userState, CancellationToken cancellationToken)
   at GitHub.Services.Location.Client.LocationHttpClient.GetConnectionDataAsync(ConnectOptions connectOptions, Int64 lastChangeId, CancellationToken cancellationToken, Object userState)
   at GitHub.Services.WebApi.Location.VssServerDataProvider.GetConnectionDataAsync(ConnectOptions connectOptions, Int32 lastChangeId, CancellationToken cancellationToken)
   at GitHub.Services.WebApi.Location.VssServerDataProvider.ConnectAsync(ConnectOptions connectOptions, CancellationToken cancellationToken)
   at GitHub.Runner.Common.RunnerService.EstablishVssConnection(Uri serverUrl, VssCredentials credentials, TimeSpan timeout)
[2025-10-01 01:26:52Z INFO GitHubActionsService] Starting operation Location.GetConnectionData
[2025-10-01 01:26:52Z INFO GitHubActionsService] Starting operation Location.GetConnectionData
[2025-10-01 01:26:52Z INFO GitHubActionsService] Starting operation Location.GetConnectionData
[2025-10-01 01:26:52Z ERR  GitHubActionsService] GET request to https://pipelinesghubeus6.actions.githubusercontent.com/hKyNd5hzQTjPqVOxuFp9CyJ2tMUr8ytJJ9FfsFju3bqhBGI0lq/_apis/connectionData?connectOptions=1&lastChangeId=258625537&lastChangeId64=258625537 failed. HTTP Status: NotFound
[2025-10-01 01:26:52Z INFO GitHubActionsService] Finished operation Location.GetConnectionData
[2025-10-01 01:26:52Z INFO RunnerServer] Catch exception during connect. 2 attempt left.
[2025-10-01 01:26:52Z ERR  RunnerServer] GitHub.Services.WebApi.VssServiceResponseException: The resource cannot be found.
   at GitHub.Services.WebApi.VssHttpClientBase.HandleResponseAsync(HttpResponseMessage response, CancellationToken cancellationToken)
   at GitHub.Services.WebApi.VssHttpClientBase.SendAsync(HttpRequestMessage message, HttpCompletionOption completionOption, Object userState, CancellationToken cancellationToken)
   at GitHub.Services.WebApi.VssHttpClientBase.SendAsync[T](HttpRequestMessage message, Object userState, CancellationToken cancellationToken)
   at GitHub.Services.Location.Client.LocationHttpClient.GetConnectionDataAsync(ConnectOptions connectOptions, Int64 lastChangeId, CancellationToken cancellationToken, Object userState)
   at GitHub.Services.WebApi.Location.VssServerDataProvider.GetConnectionDataAsync(ConnectOptions connectOptions, Int32 lastChangeId, CancellationToken cancellationToken)
   at GitHub.Services.WebApi.Location.VssServerDataProvider.ConnectAsync(ConnectOptions connectOptions, CancellationToken cancellationToken)
   at GitHub.Runner.Common.RunnerService.EstablishVssConnection(Uri serverUrl, VssCredentials credentials, TimeSpan timeout)
[2025-10-01 01:26:52Z ERR  GitHubActionsService] GET request to https://pipelinesghubeus6.actions.githubusercontent.com/hKyNd5hzQTjPqVOxuFp9CyJ2tMUr8ytJJ9FfsFju3bqhBGI0lq/_apis/connectionData?connectOptions=1&lastChangeId=258625537&lastChangeId64=258625537 failed. HTTP Status: NotFound
[2025-10-01 01:26:52Z INFO GitHubActionsService] Finished operation Location.GetConnectionData
[2025-10-01 01:26:52Z INFO RunnerServer] Catch exception during connect. 2 attempt left.
[2025-10-01 01:26:52Z ERR  RunnerServer] GitHub.Services.WebApi.VssServiceResponseException: The resource cannot be found.
   at GitHub.Services.WebApi.VssHttpClientBase.HandleResponseAsync(HttpResponseMessage response, CancellationToken cancellationToken)
   at GitHub.Services.WebApi.VssHttpClientBase.SendAsync(HttpRequestMessage message, HttpCompletionOption completionOption, Object userState, CancellationToken cancellationToken)
   at GitHub.Services.WebApi.VssHttpClientBase.SendAsync[T](HttpRequestMessage message, Object userState, CancellationToken cancellationToken)
   at GitHub.Services.Location.Client.LocationHttpClient.GetConnectionDataAsync(ConnectOptions connectOptions, Int64 lastChangeId, CancellationToken cancellationToken, Object userState)
   at GitHub.Services.WebApi.Location.VssServerDataProvider.GetConnectionDataAsync(ConnectOptions connectOptions, Int32 lastChangeId, CancellationToken cancellationToken)
   at GitHub.Services.WebApi.Location.VssServerDataProvider.ConnectAsync(ConnectOptions connectOptions, CancellationToken cancellationToken)
   at GitHub.Runner.Common.RunnerService.EstablishVssConnection(Uri serverUrl, VssCredentials credentials, TimeSpan timeout)
[2025-10-01 01:26:52Z INFO GitHubActionsService] Starting operation Location.GetConnectionData
[2025-10-01 01:26:52Z ERR  GitHubActionsService] GET request to https://pipelinesghubeus6.actions.githubusercontent.com/hKyNd5hzQTjPqVOxuFp9CyJ2tMUr8ytJJ9FfsFju3bqhBGI0lq/_apis/connectionData?connectOptions=1&lastChangeId=258625537&lastChangeId64=258625537 failed. HTTP Status: NotFound
[2025-10-01 01:26:52Z INFO GitHubActionsService] Finished operation Location.GetConnectionData
[2025-10-01 01:26:52Z INFO RunnerServer] Catch exception during connect. 2 attempt left.
[2025-10-01 01:26:52Z INFO GitHubActionsService] Starting operation Location.GetConnectionData
[2025-10-01 01:26:52Z ERR  RunnerServer] GitHub.Services.WebApi.VssServiceResponseException: The resource cannot be found.
   at GitHub.Services.WebApi.VssHttpClientBase.HandleResponseAsync(HttpResponseMessage response, CancellationToken cancellationToken)
   at GitHub.Services.WebApi.VssHttpClientBase.SendAsync(HttpRequestMessage message, HttpCompletionOption completionOption, Object userState, CancellationToken cancellationToken)
   at GitHub.Services.WebApi.VssHttpClientBase.SendAsync[T](HttpRequestMessage message, Object userState, CancellationToken cancellationToken)
   at GitHub.Services.Location.Client.LocationHttpClient.GetConnectionDataAsync(ConnectOptions connectOptions, Int64 lastChangeId, CancellationToken cancellationToken, Object userState)
   at GitHub.Services.WebApi.Location.VssServerDataProvider.GetConnectionDataAsync(ConnectOptions connectOptions, Int32 lastChangeId, CancellationToken cancellationToken)
   at GitHub.Services.WebApi.Location.VssServerDataProvider.ConnectAsync(ConnectOptions connectOptions, CancellationToken cancellationToken)
   at GitHub.Runner.Common.RunnerService.EstablishVssConnection(Uri serverUrl, VssCredentials credentials, TimeSpan timeout)
[2025-10-01 01:26:53Z INFO GitHubActionsService] Starting operation Location.GetConnectionData
[2025-10-01 01:26:53Z ERR  GitHubActionsService] GET request to https://pipelinesghubeus6.actions.githubusercontent.com/hKyNd5hzQTjPqVOxuFp9CyJ2tMUr8ytJJ9FfsFju3bqhBGI0lq/_apis/connectionData?connectOptions=1&lastChangeId=258625537&lastChangeId64=258625537 failed. HTTP Status: NotFound
[2025-10-01 01:26:53Z INFO GitHubActionsService] Finished operation Location.GetConnectionData
[2025-10-01 01:26:53Z INFO RunnerServer] Catch exception during connect. 1 attempt left.
[2025-10-01 01:26:53Z ERR  RunnerServer] GitHub.Services.WebApi.VssServiceResponseException: The resource cannot be found.
   at GitHub.Services.WebApi.VssHttpClientBase.HandleResponseAsync(HttpResponseMessage response, CancellationToken cancellationToken)
   at GitHub.Services.WebApi.VssHttpClientBase.SendAsync(HttpRequestMessage message, HttpCompletionOption completionOption, Object userState, CancellationToken cancellationToken)
   at GitHub.Services.WebApi.VssHttpClientBase.SendAsync[T](HttpRequestMessage message, Object userState, CancellationToken cancellationToken)
   at GitHub.Services.Location.Client.LocationHttpClient.GetConnectionDataAsync(ConnectOptions connectOptions, Int64 lastChangeId, CancellationToken cancellationToken, Object userState)
   at GitHub.Services.WebApi.Location.VssServerDataProvider.GetConnectionDataAsync(ConnectOptions connectOptions, Int32 lastChangeId, CancellationToken cancellationToken)
   at GitHub.Services.WebApi.Location.VssServerDataProvider.ConnectAsync(ConnectOptions connectOptions, CancellationToken cancellationToken)
   at GitHub.Runner.Common.RunnerService.EstablishVssConnection(Uri serverUrl, VssCredentials credentials, TimeSpan timeout)
[2025-10-01 01:26:53Z ERR  GitHubActionsService] GET request to https://pipelinesghubeus6.actions.githubusercontent.com/hKyNd5hzQTjPqVOxuFp9CyJ2tMUr8ytJJ9FfsFju3bqhBGI0lq/_apis/connectionData?connectOptions=1&lastChangeId=258625537&lastChangeId64=258625537 failed. HTTP Status: NotFound
[2025-10-01 01:26:53Z INFO GitHubActionsService] Finished operation Location.GetConnectionData
[2025-10-01 01:26:53Z INFO RunnerServer] Catch exception during connect. 1 attempt left.
[2025-10-01 01:26:53Z ERR  RunnerServer] GitHub.Services.WebApi.VssServiceResponseException: The resource cannot be found.
   at GitHub.Services.WebApi.VssHttpClientBase.HandleResponseAsync(HttpResponseMessage response, CancellationToken cancellationToken)
   at GitHub.Services.WebApi.VssHttpClientBase.SendAsync(HttpRequestMessage message, HttpCompletionOption completionOption, Object userState, CancellationToken cancellationToken)
   at GitHub.Services.WebApi.VssHttpClientBase.SendAsync[T](HttpRequestMessage message, Object userState, CancellationToken cancellationToken)
   at GitHub.Services.Location.Client.LocationHttpClient.GetConnectionDataAsync(ConnectOptions connectOptions, Int64 lastChangeId, CancellationToken cancellationToken, Object userState)
   at GitHub.Services.WebApi.Location.VssServerDataProvider.GetConnectionDataAsync(ConnectOptions connectOptions, Int32 lastChangeId, CancellationToken cancellationToken)
   at GitHub.Services.WebApi.Location.VssServerDataProvider.ConnectAsync(ConnectOptions connectOptions, CancellationToken cancellationToken)
   at GitHub.Runner.Common.RunnerService.EstablishVssConnection(Uri serverUrl, VssCredentials credentials, TimeSpan timeout)
[2025-10-01 01:26:53Z INFO GitHubActionsService] Starting operation Location.GetConnectionData
[2025-10-01 01:26:53Z INFO GitHubActionsService] Starting operation Location.GetConnectionData
[2025-10-01 01:26:53Z ERR  GitHubActionsService] GET request to https://pipelinesghubeus6.actions.githubusercontent.com/hKyNd5hzQTjPqVOxuFp9CyJ2tMUr8ytJJ9FfsFju3bqhBGI0lq/_apis/connectionData?connectOptions=1&lastChangeId=258625537&lastChangeId64=258625537 failed. HTTP Status: NotFound
[2025-10-01 01:26:53Z INFO GitHubActionsService] Finished operation Location.GetConnectionData
[2025-10-01 01:26:53Z INFO RunnerServer] Catch exception during connect. 1 attempt left.
[2025-10-01 01:26:53Z ERR  RunnerServer] GitHub.Services.WebApi.VssServiceResponseException: The resource cannot be found.
   at GitHub.Services.WebApi.VssHttpClientBase.HandleResponseAsync(HttpResponseMessage response, CancellationToken cancellationToken)
   at GitHub.Services.WebApi.VssHttpClientBase.SendAsync(HttpRequestMessage message, HttpCompletionOption completionOption, Object userState, CancellationToken cancellationToken)
   at GitHub.Services.WebApi.VssHttpClientBase.SendAsync[T](HttpRequestMessage message, Object userState, CancellationToken cancellationToken)
   at GitHub.Services.Location.Client.LocationHttpClient.GetConnectionDataAsync(ConnectOptions connectOptions, Int64 lastChangeId, CancellationToken cancellationToken, Object userState)
   at GitHub.Services.WebApi.Location.VssServerDataProvider.GetConnectionDataAsync(ConnectOptions connectOptions, Int32 lastChangeId, CancellationToken cancellationToken)
   at GitHub.Services.WebApi.Location.VssServerDataProvider.ConnectAsync(ConnectOptions connectOptions, CancellationToken cancellationToken)
   at GitHub.Runner.Common.RunnerService.EstablishVssConnection(Uri serverUrl, VssCredentials credentials, TimeSpan timeout)
[2025-10-01 01:26:53Z INFO GitHubActionsService] Starting operation Location.GetConnectionData
[2025-10-01 01:26:54Z ERR  GitHubActionsService] GET request to https://pipelinesghubeus6.actions.githubusercontent.com/hKyNd5hzQTjPqVOxuFp9CyJ2tMUr8ytJJ9FfsFju3bqhBGI0lq/_apis/connectionData?connectOptions=1&lastChangeId=258625537&lastChangeId64=258625537 failed. HTTP Status: NotFound
[2025-10-01 01:26:54Z INFO GitHubActionsService] Finished operation Location.GetConnectionData
[2025-10-01 01:26:54Z ERR  GitHubActionsService] GET request to https://pipelinesghubeus6.actions.githubusercontent.com/hKyNd5hzQTjPqVOxuFp9CyJ2tMUr8ytJJ9FfsFju3bqhBGI0lq/_apis/connectionData?connectOptions=1&lastChangeId=258625537&lastChangeId64=258625537 failed. HTTP Status: NotFound
[2025-10-01 01:26:54Z INFO GitHubActionsService] Finished operation Location.GetConnectionData
[2025-10-01 01:26:54Z ERR  GitHubActionsService] GET request to https://pipelinesghubeus6.actions.githubusercontent.com/hKyNd5hzQTjPqVOxuFp9CyJ2tMUr8ytJJ9FfsFju3bqhBGI0lq/_apis/connectionData?connectOptions=1&lastChangeId=258625537&lastChangeId64=258625537 failed. HTTP Status: NotFound
[2025-10-01 01:26:54Z INFO GitHubActionsService] Finished operation Location.GetConnectionData
[2025-10-01 01:26:54Z ERR  BrokerMessageListener] Catch exception during create session.
[2025-10-01 01:26:54Z ERR  BrokerMessageListener] GitHub.Services.WebApi.VssServiceResponseException: The resource cannot be found.
   at GitHub.Services.WebApi.VssHttpClientBase.HandleResponseAsync(HttpResponseMessage response, CancellationToken cancellationToken)
   at GitHub.Services.WebApi.VssHttpClientBase.SendAsync(HttpRequestMessage message, HttpCompletionOption completionOption, Object userState, CancellationToken cancellationToken)
   at GitHub.Services.WebApi.VssHttpClientBase.SendAsync[T](HttpRequestMessage message, Object userState, CancellationToken cancellationToken)
   at GitHub.Services.Location.Client.LocationHttpClient.GetConnectionDataAsync(ConnectOptions connectOptions, Int64 lastChangeId, CancellationToken cancellationToken, Object userState)
   at GitHub.Services.WebApi.Location.VssServerDataProvider.GetConnectionDataAsync(ConnectOptions connectOptions, Int32 lastChangeId, CancellationToken cancellationToken)
   at GitHub.Services.WebApi.Location.VssServerDataProvider.ConnectAsync(ConnectOptions connectOptions, CancellationToken cancellationToken)
   at GitHub.Runner.Common.RunnerService.EstablishVssConnection(Uri serverUrl, VssCredentials credentials, TimeSpan timeout)
   at GitHub.Runner.Common.RunnerServer.ConnectAsync(Uri serverUrl, VssCredentials credentials)
   at GitHub.Runner.Listener.BrokerMessageListener.CreateSessionAsync(CancellationToken token)
[2025-10-01 01:26:54Z INFO BrokerMessageListener] Retriable exception: The resource cannot be found.
[2025-10-01 01:26:54Z INFO BrokerMessageListener] Sleeping for 30 seconds before retrying.
[2025-10-01 01:27:24Z INFO BrokerMessageListener] Attempt to create session.
[2025-10-01 01:27:24Z INFO BrokerMessageListener] Connecting to the Broker Server...
[2025-10-01 01:27:24Z INFO ConfigurationStore] HasCredentials()
[2025-10-01 01:27:24Z INFO ConfigurationStore] stored True
[2025-10-01 01:27:24Z INFO CredentialManager] GetCredentialProvider
[2025-10-01 01:27:24Z INFO CredentialManager] Creating type OAuth
[2025-10-01 01:27:24Z INFO CredentialManager] Creating credential type: OAuth
[2025-10-01 01:27:24Z INFO RSAEncryptedFileKeyManager] Loading RSA key parameters from file G:\Brunella\actions-runner\.credentials_rsaparams
[2025-10-01 01:27:24Z INFO BrokerMessageListener] VssConnection created
[2025-10-01 01:27:24Z INFO BrokerMessageListener] Connecting to the Runner server...
[2025-10-01 01:27:24Z INFO RunnerServer] EstablishVssConnection
[2025-10-01 01:27:24Z INFO RunnerServer] Establish connection with 100 seconds timeout.
[2025-10-01 01:27:24Z INFO GitHubActionsService] Starting operation Location.GetConnectionData
[2025-10-01 01:27:24Z INFO RunnerServer] EstablishVssConnection
[2025-10-01 01:27:24Z INFO RunnerServer] Establish connection with 60 seconds timeout.
[2025-10-01 01:27:24Z INFO GitHubActionsService] Starting operation Location.GetConnectionData
[2025-10-01 01:27:24Z INFO RunnerServer] EstablishVssConnection
[2025-10-01 01:27:24Z INFO RunnerServer] Establish connection with 60 seconds timeout.
[2025-10-01 01:27:24Z INFO GitHubActionsService] Starting operation Location.GetConnectionData
[2025-10-01 01:27:25Z ERR  GitHubActionsService] GET request to https://pipelinesghubeus6.actions.githubusercontent.com/hKyNd5hzQTjPqVOxuFp9CyJ2tMUr8ytJJ9FfsFju3bqhBGI0lq/_apis/connectionData?connectOptions=1&lastChangeId=258625537&lastChangeId64=258625537 failed. HTTP Status: NotFound
[2025-10-01 01:27:25Z INFO GitHubActionsService] Finished operation Location.GetConnectionData
[2025-10-01 01:27:25Z INFO RunnerServer] Catch exception during connect. 4 attempt left.
[2025-10-01 01:27:25Z ERR  RunnerServer] GitHub.Services.WebApi.VssServiceResponseException: The resource cannot be found.
   at GitHub.Services.WebApi.VssHttpClientBase.HandleResponseAsync(HttpResponseMessage response, CancellationToken cancellationToken)
   at GitHub.Services.WebApi.VssHttpClientBase.SendAsync(HttpRequestMessage message, HttpCompletionOption completionOption, Object userState, CancellationToken cancellationToken)
   at GitHub.Services.WebApi.VssHttpClientBase.SendAsync[T](HttpRequestMessage message, Object userState, CancellationToken cancellationToken)
   at GitHub.Services.Location.Client.LocationHttpClient.GetConnectionDataAsync(ConnectOptions connectOptions, Int64 lastChangeId, CancellationToken cancellationToken, Object userState)
   at GitHub.Services.WebApi.Location.VssServerDataProvider.GetConnectionDataAsync(ConnectOptions connectOptions, Int32 lastChangeId, CancellationToken cancellationToken)
   at GitHub.Services.WebApi.Location.VssServerDataProvider.ConnectAsync(ConnectOptions connectOptions, CancellationToken cancellationToken)
   at GitHub.Runner.Common.RunnerService.EstablishVssConnection(Uri serverUrl, VssCredentials credentials, TimeSpan timeout)
[2025-10-01 01:27:25Z ERR  GitHubActionsService] GET request to https://pipelinesghubeus6.actions.githubusercontent.com/hKyNd5hzQTjPqVOxuFp9CyJ2tMUr8ytJJ9FfsFju3bqhBGI0lq/_apis/connectionData?connectOptions=1&lastChangeId=258625537&lastChangeId64=258625537 failed. HTTP Status: NotFound
[2025-10-01 01:27:25Z INFO GitHubActionsService] Finished operation Location.GetConnectionData
[2025-10-01 01:27:25Z INFO RunnerServer] Catch exception during connect. 4 attempt left.
[2025-10-01 01:27:25Z ERR  RunnerServer] GitHub.Services.WebApi.VssServiceResponseException: The resource cannot be found.
   at GitHub.Services.WebApi.VssHttpClientBase.HandleResponseAsync(HttpResponseMessage response, CancellationToken cancellationToken)
   at GitHub.Services.WebApi.VssHttpClientBase.SendAsync(HttpRequestMessage message, HttpCompletionOption completionOption, Object userState, CancellationToken cancellationToken)
   at GitHub.Services.WebApi.VssHttpClientBase.SendAsync[T](HttpRequestMessage message, Object userState, CancellationToken cancellationToken)
   at GitHub.Services.Location.Client.LocationHttpClient.GetConnectionDataAsync(ConnectOptions connectOptions, Int64 lastChangeId, CancellationToken cancellationToken, Object userState)
   at GitHub.Services.WebApi.Location.VssServerDataProvider.GetConnectionDataAsync(ConnectOptions connectOptions, Int32 lastChangeId, CancellationToken cancellationToken)
   at GitHub.Services.WebApi.Location.VssServerDataProvider.ConnectAsync(ConnectOptions connectOptions, CancellationToken cancellationToken)
   at GitHub.Runner.Common.RunnerService.EstablishVssConnection(Uri serverUrl, VssCredentials credentials, TimeSpan timeout)
[2025-10-01 01:27:25Z INFO GitHubActionsService] Starting operation Location.GetConnectionData
[2025-10-01 01:27:25Z INFO GitHubActionsService] Starting operation Location.GetConnectionData
[2025-10-01 01:27:25Z ERR  GitHubActionsService] GET request to https://pipelinesghubeus6.actions.githubusercontent.com/hKyNd5hzQTjPqVOxuFp9CyJ2tMUr8ytJJ9FfsFju3bqhBGI0lq/_apis/connectionData?connectOptions=1&lastChangeId=258625537&lastChangeId64=258625537 failed. HTTP Status: NotFound
[2025-10-01 01:27:25Z INFO GitHubActionsService] Finished operation Location.GetConnectionData
[2025-10-01 01:27:25Z INFO RunnerServer] Catch exception during connect. 4 attempt left.
[2025-10-01 01:27:25Z ERR  RunnerServer] GitHub.Services.WebApi.VssServiceResponseException: The resource cannot be found.
   at GitHub.Services.WebApi.VssHttpClientBase.HandleResponseAsync(HttpResponseMessage response, CancellationToken cancellationToken)
   at GitHub.Services.WebApi.VssHttpClientBase.SendAsync(HttpRequestMessage message, HttpCompletionOption completionOption, Object userState, CancellationToken cancellationToken)
   at GitHub.Services.WebApi.VssHttpClientBase.SendAsync[T](HttpRequestMessage message, Object userState, CancellationToken cancellationToken)
   at GitHub.Services.Location.Client.LocationHttpClient.GetConnectionDataAsync(ConnectOptions connectOptions, Int64 lastChangeId, CancellationToken cancellationToken, Object userState)
   at GitHub.Services.WebApi.Location.VssServerDataProvider.GetConnectionDataAsync(ConnectOptions connectOptions, Int32 lastChangeId, CancellationToken cancellationToken)
   at GitHub.Services.WebApi.Location.VssServerDataProvider.ConnectAsync(ConnectOptions connectOptions, CancellationToken cancellationToken)
   at GitHub.Runner.Common.RunnerService.EstablishVssConnection(Uri serverUrl, VssCredentials credentials, TimeSpan timeout)
[2025-10-01 01:27:25Z INFO GitHubActionsService] Starting operation Location.GetConnectionData
[2025-10-01 01:27:25Z ERR  GitHubActionsService] GET request to https://pipelinesghubeus6.actions.githubusercontent.com/hKyNd5hzQTjPqVOxuFp9CyJ2tMUr8ytJJ9FfsFju3bqhBGI0lq/_apis/connectionData?connectOptions=1&lastChangeId=258625537&lastChangeId64=258625537 failed. HTTP Status: NotFound
[2025-10-01 01:27:25Z INFO GitHubActionsService] Finished operation Location.GetConnectionData
[2025-10-01 01:27:25Z INFO RunnerServer] Catch exception during connect. 3 attempt left.
[2025-10-01 01:27:25Z ERR  RunnerServer] GitHub.Services.WebApi.VssServiceResponseException: The resource cannot be found.
   at GitHub.Services.WebApi.VssHttpClientBase.HandleResponseAsync(HttpResponseMessage response, CancellationToken cancellationToken)
   at GitHub.Services.WebApi.VssHttpClientBase.SendAsync(HttpRequestMessage message, HttpCompletionOption completionOption, Object userState, CancellationToken cancellationToken)
   at GitHub.Services.WebApi.VssHttpClientBase.SendAsync[T](HttpRequestMessage message, Object userState, CancellationToken cancellationToken)
   at GitHub.Services.Location.Client.LocationHttpClient.GetConnectionDataAsync(ConnectOptions connectOptions, Int64 lastChangeId, CancellationToken cancellationToken, Object userState)
   at GitHub.Services.WebApi.Location.VssServerDataProvider.GetConnectionDataAsync(ConnectOptions connectOptions, Int32 lastChangeId, CancellationToken cancellationToken)
   at GitHub.Services.WebApi.Location.VssServerDataProvider.ConnectAsync(ConnectOptions connectOptions, CancellationToken cancellationToken)
   at GitHub.Runner.Common.RunnerService.EstablishVssConnection(Uri serverUrl, VssCredentials credentials, TimeSpan timeout)
[2025-10-01 01:27:25Z ERR  GitHubActionsService] GET request to https://pipelinesghubeus6.actions.githubusercontent.com/hKyNd5hzQTjPqVOxuFp9CyJ2tMUr8ytJJ9FfsFju3bqhBGI0lq/_apis/connectionData?connectOptions=1&lastChangeId=258625537&lastChangeId64=258625537 failed. HTTP Status: NotFound
[2025-10-01 01:27:25Z INFO GitHubActionsService] Finished operation Location.GetConnectionData
[2025-10-01 01:27:25Z INFO RunnerServer] Catch exception during connect. 3 attempt left.
[2025-10-01 01:27:25Z ERR  RunnerServer] GitHub.Services.WebApi.VssServiceResponseException: The resource cannot be found.
   at GitHub.Services.WebApi.VssHttpClientBase.HandleResponseAsync(HttpResponseMessage response, CancellationToken cancellationToken)
   at GitHub.Services.WebApi.VssHttpClientBase.SendAsync(HttpRequestMessage message, HttpCompletionOption completionOption, Object userState, CancellationToken cancellationToken)
   at GitHub.Services.WebApi.VssHttpClientBase.SendAsync[T](HttpRequestMessage message, Object userState, CancellationToken cancellationToken)
   at GitHub.Services.Location.Client.LocationHttpClient.GetConnectionDataAsync(ConnectOptions connectOptions, Int64 lastChangeId, CancellationToken cancellationToken, Object userState)
   at GitHub.Services.WebApi.Location.VssServerDataProvider.GetConnectionDataAsync(ConnectOptions connectOptions, Int32 lastChangeId, CancellationToken cancellationToken)
   at GitHub.Services.WebApi.Location.VssServerDataProvider.ConnectAsync(ConnectOptions connectOptions, CancellationToken cancellationToken)
   at GitHub.Runner.Common.RunnerService.EstablishVssConnection(Uri serverUrl, VssCredentials credentials, TimeSpan timeout)
[2025-10-01 01:27:25Z INFO GitHubActionsService] Starting operation Location.GetConnectionData
[2025-10-01 01:27:25Z INFO GitHubActionsService] Starting operation Location.GetConnectionData
[2025-10-01 01:27:25Z ERR  GitHubActionsService] GET request to https://pipelinesghubeus6.actions.githubusercontent.com/hKyNd5hzQTjPqVOxuFp9CyJ2tMUr8ytJJ9FfsFju3bqhBGI0lq/_apis/connectionData?connectOptions=1&lastChangeId=258625537&lastChangeId64=258625537 failed. HTTP Status: NotFound
[2025-10-01 01:27:25Z INFO GitHubActionsService] Finished operation Location.GetConnectionData
[2025-10-01 01:27:25Z INFO RunnerServer] Catch exception during connect. 3 attempt left.
[2025-10-01 01:27:25Z ERR  RunnerServer] GitHub.Services.WebApi.VssServiceResponseException: The resource cannot be found.
   at GitHub.Services.WebApi.VssHttpClientBase.HandleResponseAsync(HttpResponseMessage response, CancellationToken cancellationToken)
   at GitHub.Services.WebApi.VssHttpClientBase.SendAsync(HttpRequestMessage message, HttpCompletionOption completionOption, Object userState, CancellationToken cancellationToken)
   at GitHub.Services.WebApi.VssHttpClientBase.SendAsync[T](HttpRequestMessage message, Object userState, CancellationToken cancellationToken)
   at GitHub.Services.Location.Client.LocationHttpClient.GetConnectionDataAsync(ConnectOptions connectOptions, Int64 lastChangeId, CancellationToken cancellationToken, Object userState)
   at GitHub.Services.WebApi.Location.VssServerDataProvider.GetConnectionDataAsync(ConnectOptions connectOptions, Int32 lastChangeId, CancellationToken cancellationToken)
   at GitHub.Services.WebApi.Location.VssServerDataProvider.ConnectAsync(ConnectOptions connectOptions, CancellationToken cancellationToken)
   at GitHub.Runner.Common.RunnerService.EstablishVssConnection(Uri serverUrl, VssCredentials credentials, TimeSpan timeout)
[2025-10-01 01:27:26Z INFO GitHubActionsService] Starting operation Location.GetConnectionData
[2025-10-01 01:27:26Z ERR  GitHubActionsService] GET request to https://pipelinesghubeus6.actions.githubusercontent.com/hKyNd5hzQTjPqVOxuFp9CyJ2tMUr8ytJJ9FfsFju3bqhBGI0lq/_apis/connectionData?connectOptions=1&lastChangeId=258625537&lastChangeId64=258625537 failed. HTTP Status: NotFound
[2025-10-01 01:27:26Z INFO GitHubActionsService] Finished operation Location.GetConnectionData
[2025-10-01 01:27:26Z INFO RunnerServer] Catch exception during connect. 2 attempt left.
[2025-10-01 01:27:26Z ERR  RunnerServer] GitHub.Services.WebApi.VssServiceResponseException: The resource cannot be found.
   at GitHub.Services.WebApi.VssHttpClientBase.HandleResponseAsync(HttpResponseMessage response, CancellationToken cancellationToken)
   at GitHub.Services.WebApi.VssHttpClientBase.SendAsync(HttpRequestMessage message, HttpCompletionOption completionOption, Object userState, CancellationToken cancellationToken)
   at GitHub.Services.WebApi.VssHttpClientBase.SendAsync[T](HttpRequestMessage message, Object userState, CancellationToken cancellationToken)
   at GitHub.Services.Location.Client.LocationHttpClient.GetConnectionDataAsync(ConnectOptions connectOptions, Int64 lastChangeId, CancellationToken cancellationToken, Object userState)
   at GitHub.Services.WebApi.Location.VssServerDataProvider.GetConnectionDataAsync(ConnectOptions connectOptions, Int32 lastChangeId, CancellationToken cancellationToken)
   at GitHub.Services.WebApi.Location.VssServerDataProvider.ConnectAsync(ConnectOptions connectOptions, CancellationToken cancellationToken)
   at GitHub.Runner.Common.RunnerService.EstablishVssConnection(Uri serverUrl, VssCredentials credentials, TimeSpan timeout)
[2025-10-01 01:27:26Z ERR  GitHubActionsService] GET request to https://pipelinesghubeus6.actions.githubusercontent.com/hKyNd5hzQTjPqVOxuFp9CyJ2tMUr8ytJJ9FfsFju3bqhBGI0lq/_apis/connectionData?connectOptions=1&lastChangeId=258625537&lastChangeId64=258625537 failed. HTTP Status: NotFound
[2025-10-01 01:27:26Z INFO GitHubActionsService] Finished operation Location.GetConnectionData
[2025-10-01 01:27:26Z INFO RunnerServer] Catch exception during connect. 2 attempt left.
[2025-10-01 01:27:26Z ERR  RunnerServer] GitHub.Services.WebApi.VssServiceResponseException: The resource cannot be found.
   at GitHub.Services.WebApi.VssHttpClientBase.HandleResponseAsync(HttpResponseMessage response, CancellationToken cancellationToken)
   at GitHub.Services.WebApi.VssHttpClientBase.SendAsync(HttpRequestMessage message, HttpCompletionOption completionOption, Object userState, CancellationToken cancellationToken)
   at GitHub.Services.WebApi.VssHttpClientBase.SendAsync[T](HttpRequestMessage message, Object userState, CancellationToken cancellationToken)
   at GitHub.Services.Location.Client.LocationHttpClient.GetConnectionDataAsync(ConnectOptions connectOptions, Int64 lastChangeId, CancellationToken cancellationToken, Object userState)
   at GitHub.Services.WebApi.Location.VssServerDataProvider.GetConnectionDataAsync(ConnectOptions connectOptions, Int32 lastChangeId, CancellationToken cancellationToken)
   at GitHub.Services.WebApi.Location.VssServerDataProvider.ConnectAsync(ConnectOptions connectOptions, CancellationToken cancellationToken)
   at GitHub.Runner.Common.RunnerService.EstablishVssConnection(Uri serverUrl, VssCredentials credentials, TimeSpan timeout)
[2025-10-01 01:27:26Z ERR  GitHubActionsService] GET request to https://pipelinesghubeus6.actions.githubusercontent.com/hKyNd5hzQTjPqVOxuFp9CyJ2tMUr8ytJJ9FfsFju3bqhBGI0lq/_apis/connectionData?connectOptions=1&lastChangeId=258625537&lastChangeId64=258625537 failed. HTTP Status: NotFound
[2025-10-01 01:27:26Z INFO GitHubActionsService] Finished operation Location.GetConnectionData
[2025-10-01 01:27:26Z INFO RunnerServer] Catch exception during connect. 2 attempt left.
[2025-10-01 01:27:26Z INFO GitHubActionsService] Starting operation Location.GetConnectionData
[2025-10-01 01:27:26Z INFO GitHubActionsService] Starting operation Location.GetConnectionData
[2025-10-01 01:27:26Z ERR  RunnerServer] GitHub.Services.WebApi.VssServiceResponseException: The resource cannot be found.
   at GitHub.Services.WebApi.VssHttpClientBase.HandleResponseAsync(HttpResponseMessage response, CancellationToken cancellationToken)
   at GitHub.Services.WebApi.VssHttpClientBase.SendAsync(HttpRequestMessage message, HttpCompletionOption completionOption, Object userState, CancellationToken cancellationToken)
   at GitHub.Services.WebApi.VssHttpClientBase.SendAsync[T](HttpRequestMessage message, Object userState, CancellationToken cancellationToken)
   at GitHub.Services.Location.Client.LocationHttpClient.GetConnectionDataAsync(ConnectOptions connectOptions, Int64 lastChangeId, CancellationToken cancellationToken, Object userState)
   at GitHub.Services.WebApi.Location.VssServerDataProvider.GetConnectionDataAsync(ConnectOptions connectOptions, Int32 lastChangeId, CancellationToken cancellationToken)
   at GitHub.Services.WebApi.Location.VssServerDataProvider.ConnectAsync(ConnectOptions connectOptions, CancellationToken cancellationToken)
   at GitHub.Runner.Common.RunnerService.EstablishVssConnection(Uri serverUrl, VssCredentials credentials, TimeSpan timeout)
[2025-10-01 01:27:26Z INFO GitHubActionsService] Starting operation Location.GetConnectionData
[2025-10-01 01:27:27Z ERR  GitHubActionsService] GET request to https://pipelinesghubeus6.actions.githubusercontent.com/hKyNd5hzQTjPqVOxuFp9CyJ2tMUr8ytJJ9FfsFju3bqhBGI0lq/_apis/connectionData?connectOptions=1&lastChangeId=258625537&lastChangeId64=258625537 failed. HTTP Status: NotFound
[2025-10-01 01:27:27Z INFO GitHubActionsService] Finished operation Location.GetConnectionData
[2025-10-01 01:27:27Z INFO RunnerServer] Catch exception during connect. 1 attempt left.
[2025-10-01 01:27:27Z ERR  RunnerServer] GitHub.Services.WebApi.VssServiceResponseException: The resource cannot be found.
   at GitHub.Services.WebApi.VssHttpClientBase.HandleResponseAsync(HttpResponseMessage response, CancellationToken cancellationToken)
   at GitHub.Services.WebApi.VssHttpClientBase.SendAsync(HttpRequestMessage message, HttpCompletionOption completionOption, Object userState, CancellationToken cancellationToken)
   at GitHub.Services.WebApi.VssHttpClientBase.SendAsync[T](HttpRequestMessage message, Object userState, CancellationToken cancellationToken)
   at GitHub.Services.Location.Client.LocationHttpClient.GetConnectionDataAsync(ConnectOptions connectOptions, Int64 lastChangeId, CancellationToken cancellationToken, Object userState)
   at GitHub.Services.WebApi.Location.VssServerDataProvider.GetConnectionDataAsync(ConnectOptions connectOptions, Int32 lastChangeId, CancellationToken cancellationToken)
   at GitHub.Services.WebApi.Location.VssServerDataProvider.ConnectAsync(ConnectOptions connectOptions, CancellationToken cancellationToken)
   at GitHub.Runner.Common.RunnerService.EstablishVssConnection(Uri serverUrl, VssCredentials credentials, TimeSpan timeout)
[2025-10-01 01:27:27Z ERR  GitHubActionsService] GET request to https://pipelinesghubeus6.actions.githubusercontent.com/hKyNd5hzQTjPqVOxuFp9CyJ2tMUr8ytJJ9FfsFju3bqhBGI0lq/_apis/connectionData?connectOptions=1&lastChangeId=258625537&lastChangeId64=258625537 failed. HTTP Status: NotFound
[2025-10-01 01:27:27Z INFO GitHubActionsService] Finished operation Location.GetConnectionData
[2025-10-01 01:27:27Z INFO RunnerServer] Catch exception during connect. 1 attempt left.
[2025-10-01 01:27:27Z ERR  RunnerServer] GitHub.Services.WebApi.VssServiceResponseException: The resource cannot be found.
   at GitHub.Services.WebApi.VssHttpClientBase.HandleResponseAsync(HttpResponseMessage response, CancellationToken cancellationToken)
   at GitHub.Services.WebApi.VssHttpClientBase.SendAsync(HttpRequestMessage message, HttpCompletionOption completionOption, Object userState, CancellationToken cancellationToken)
   at GitHub.Services.WebApi.VssHttpClientBase.SendAsync[T](HttpRequestMessage message, Object userState, CancellationToken cancellationToken)
   at GitHub.Services.Location.Client.LocationHttpClient.GetConnectionDataAsync(ConnectOptions connectOptions, Int64 lastChangeId, CancellationToken cancellationToken, Object userState)
   at GitHub.Services.WebApi.Location.VssServerDataProvider.GetConnectionDataAsync(ConnectOptions connectOptions, Int32 lastChangeId, CancellationToken cancellationToken)
   at GitHub.Services.WebApi.Location.VssServerDataProvider.ConnectAsync(ConnectOptions connectOptions, CancellationToken cancellationToken)
   at GitHub.Runner.Common.RunnerService.EstablishVssConnection(Uri serverUrl, VssCredentials credentials, TimeSpan timeout)
[2025-10-01 01:27:27Z INFO GitHubActionsService] Starting operation Location.GetConnectionData
[2025-10-01 01:27:27Z INFO GitHubActionsService] Starting operation Location.GetConnectionData
[2025-10-01 01:27:27Z ERR  GitHubActionsService] GET request to https://pipelinesghubeus6.actions.githubusercontent.com/hKyNd5hzQTjPqVOxuFp9CyJ2tMUr8ytJJ9FfsFju3bqhBGI0lq/_apis/connectionData?connectOptions=1&lastChangeId=258625537&lastChangeId64=258625537 failed. HTTP Status: NotFound
[2025-10-01 01:27:27Z INFO GitHubActionsService] Finished operation Location.GetConnectionData
[2025-10-01 01:27:27Z INFO RunnerServer] Catch exception during connect. 1 attempt left.
[2025-10-01 01:27:27Z ERR  RunnerServer] GitHub.Services.WebApi.VssServiceResponseException: The resource cannot be found.
   at GitHub.Services.WebApi.VssHttpClientBase.HandleResponseAsync(HttpResponseMessage response, CancellationToken cancellationToken)
   at GitHub.Services.WebApi.VssHttpClientBase.SendAsync(HttpRequestMessage message, HttpCompletionOption completionOption, Object userState, CancellationToken cancellationToken)
   at GitHub.Services.WebApi.VssHttpClientBase.SendAsync[T](HttpRequestMessage message, Object userState, CancellationToken cancellationToken)
   at GitHub.Services.Location.Client.LocationHttpClient.GetConnectionDataAsync(ConnectOptions connectOptions, Int64 lastChangeId, CancellationToken cancellationToken, Object userState)
   at GitHub.Services.WebApi.Location.VssServerDataProvider.GetConnectionDataAsync(ConnectOptions connectOptions, Int32 lastChangeId, CancellationToken cancellationToken)
   at GitHub.Services.WebApi.Location.VssServerDataProvider.ConnectAsync(ConnectOptions connectOptions, CancellationToken cancellationToken)
   at GitHub.Runner.Common.RunnerService.EstablishVssConnection(Uri serverUrl, VssCredentials credentials, TimeSpan timeout)
[2025-10-01 01:27:27Z INFO GitHubActionsService] Starting operation Location.GetConnectionData
[2025-10-01 01:27:28Z ERR  GitHubActionsService] GET request to https://pipelinesghubeus6.actions.githubusercontent.com/hKyNd5hzQTjPqVOxuFp9CyJ2tMUr8ytJJ9FfsFju3bqhBGI0lq/_apis/connectionData?connectOptions=1&lastChangeId=258625537&lastChangeId64=258625537 failed. HTTP Status: NotFound
[2025-10-01 01:27:28Z ERR  GitHubActionsService] GET request to https://pipelinesghubeus6.actions.githubusercontent.com/hKyNd5hzQTjPqVOxuFp9CyJ2tMUr8ytJJ9FfsFju3bqhBGI0lq/_apis/connectionData?connectOptions=1&lastChangeId=258625537&lastChangeId64=258625537 failed. HTTP Status: NotFound
[2025-10-01 01:27:28Z ERR  GitHubActionsService] GET request to https://pipelinesghubeus6.actions.githubusercontent.com/hKyNd5hzQTjPqVOxuFp9CyJ2tMUr8ytJJ9FfsFju3bqhBGI0lq/_apis/connectionData?connectOptions=1&lastChangeId=258625537&lastChangeId64=258625537 failed. HTTP Status: NotFound
[2025-10-01 01:27:28Z INFO GitHubActionsService] Finished operation Location.GetConnectionData
[2025-10-01 01:27:28Z INFO GitHubActionsService] Finished operation Location.GetConnectionData
[2025-10-01 01:27:28Z INFO GitHubActionsService] Finished operation Location.GetConnectionData
[2025-10-01 01:27:28Z ERR  BrokerMessageListener] Catch exception during create session.
[2025-10-01 01:27:28Z ERR  BrokerMessageListener] GitHub.Services.WebApi.VssServiceResponseException: The resource cannot be found.
   at GitHub.Services.WebApi.VssHttpClientBase.HandleResponseAsync(HttpResponseMessage response, CancellationToken cancellationToken)
   at GitHub.Services.WebApi.VssHttpClientBase.SendAsync(HttpRequestMessage message, HttpCompletionOption completionOption, Object userState, CancellationToken cancellationToken)
   at GitHub.Services.WebApi.VssHttpClientBase.SendAsync[T](HttpRequestMessage message, Object userState, CancellationToken cancellationToken)
   at GitHub.Services.Location.Client.LocationHttpClient.GetConnectionDataAsync(ConnectOptions connectOptions, Int64 lastChangeId, CancellationToken cancellationToken, Object userState)
   at GitHub.Services.WebApi.Location.VssServerDataProvider.GetConnectionDataAsync(ConnectOptions connectOptions, Int32 lastChangeId, CancellationToken cancellationToken)
   at GitHub.Services.WebApi.Location.VssServerDataProvider.ConnectAsync(ConnectOptions connectOptions, CancellationToken cancellationToken)
   at GitHub.Runner.Common.RunnerService.EstablishVssConnection(Uri serverUrl, VssCredentials credentials, TimeSpan timeout)
   at GitHub.Runner.Common.RunnerServer.ConnectAsync(Uri serverUrl, VssCredentials credentials)
   at GitHub.Runner.Listener.BrokerMessageListener.CreateSessionAsync(CancellationToken token)
[2025-10-01 01:27:28Z INFO BrokerMessageListener] Retriable exception: The resource cannot be found.
[2025-10-01 01:27:28Z INFO BrokerMessageListener] Sleeping for 30 seconds before retrying.
[2025-10-01 01:27:58Z INFO BrokerMessageListener] Attempt to create session.
[2025-10-01 01:27:58Z INFO BrokerMessageListener] Connecting to the Broker Server...
[2025-10-01 01:27:58Z INFO ConfigurationStore] HasCredentials()
[2025-10-01 01:27:58Z INFO ConfigurationStore] stored True
[2025-10-01 01:27:58Z INFO CredentialManager] GetCredentialProvider
[2025-10-01 01:27:58Z INFO CredentialManager] Creating type OAuth
[2025-10-01 01:27:58Z INFO CredentialManager] Creating credential type: OAuth
[2025-10-01 01:27:58Z INFO RSAEncryptedFileKeyManager] Loading RSA key parameters from file G:\Brunella\actions-runner\.credentials_rsaparams
[2025-10-01 01:27:58Z INFO BrokerMessageListener] VssConnection created
[2025-10-01 01:27:58Z INFO BrokerMessageListener] Connecting to the Runner server...
[2025-10-01 01:27:58Z INFO RunnerServer] EstablishVssConnection
[2025-10-01 01:27:58Z INFO RunnerServer] Establish connection with 100 seconds timeout.
[2025-10-01 01:27:58Z INFO GitHubActionsService] Starting operation Location.GetConnectionData
[2025-10-01 01:27:58Z INFO RunnerServer] EstablishVssConnection
[2025-10-01 01:27:58Z INFO RunnerServer] Establish connection with 60 seconds timeout.
[2025-10-01 01:27:58Z INFO GitHubActionsService] Starting operation Location.GetConnectionData
[2025-10-01 01:27:58Z INFO RunnerServer] EstablishVssConnection
[2025-10-01 01:27:58Z INFO RunnerServer] Establish connection with 60 seconds timeout.
[2025-10-01 01:27:58Z INFO GitHubActionsService] Starting operation Location.GetConnectionData
[2025-10-01 01:27:58Z ERR  GitHubActionsService] GET request to https://pipelinesghubeus6.actions.githubusercontent.com/hKyNd5hzQTjPqVOxuFp9CyJ2tMUr8ytJJ9FfsFju3bqhBGI0lq/_apis/connectionData?connectOptions=1&lastChangeId=258625537&lastChangeId64=258625537 failed. HTTP Status: NotFound
[2025-10-01 01:27:58Z INFO GitHubActionsService] Finished operation Location.GetConnectionData
[2025-10-01 01:27:58Z INFO RunnerServer] Catch exception during connect. 4 attempt left.
[2025-10-01 01:27:58Z ERR  RunnerServer] GitHub.Services.WebApi.VssServiceResponseException: The resource cannot be found.
   at GitHub.Services.WebApi.VssHttpClientBase.HandleResponseAsync(HttpResponseMessage response, CancellationToken cancellationToken)
   at GitHub.Services.WebApi.VssHttpClientBase.SendAsync(HttpRequestMessage message, HttpCompletionOption completionOption, Object userState, CancellationToken cancellationToken)
   at GitHub.Services.WebApi.VssHttpClientBase.SendAsync[T](HttpRequestMessage message, Object userState, CancellationToken cancellationToken)
   at GitHub.Services.Location.Client.LocationHttpClient.GetConnectionDataAsync(ConnectOptions connectOptions, Int64 lastChangeId, CancellationToken cancellationToken, Object userState)
   at GitHub.Services.WebApi.Location.VssServerDataProvider.GetConnectionDataAsync(ConnectOptions connectOptions, Int32 lastChangeId, CancellationToken cancellationToken)
   at GitHub.Services.WebApi.Location.VssServerDataProvider.ConnectAsync(ConnectOptions connectOptions, CancellationToken cancellationToken)
   at GitHub.Runner.Common.RunnerService.EstablishVssConnection(Uri serverUrl, VssCredentials credentials, TimeSpan timeout)
[2025-10-01 01:27:58Z ERR  GitHubActionsService] GET request to https://pipelinesghubeus6.actions.githubusercontent.com/hKyNd5hzQTjPqVOxuFp9CyJ2tMUr8ytJJ9FfsFju3bqhBGI0lq/_apis/connectionData?connectOptions=1&lastChangeId=258625537&lastChangeId64=258625537 failed. HTTP Status: NotFound
[2025-10-01 01:27:58Z INFO GitHubActionsService] Finished operation Location.GetConnectionData
[2025-10-01 01:27:58Z INFO RunnerServer] Catch exception during connect. 4 attempt left.
[2025-10-01 01:27:58Z ERR  RunnerServer] GitHub.Services.WebApi.VssServiceResponseException: The resource cannot be found.
   at GitHub.Services.WebApi.VssHttpClientBase.HandleResponseAsync(HttpResponseMessage response, CancellationToken cancellationToken)
   at GitHub.Services.WebApi.VssHttpClientBase.SendAsync(HttpRequestMessage message, HttpCompletionOption completionOption, Object userState, CancellationToken cancellationToken)
   at GitHub.Services.WebApi.VssHttpClientBase.SendAsync[T](HttpRequestMessage message, Object userState, CancellationToken cancellationToken)
   at GitHub.Services.Location.Client.LocationHttpClient.GetConnectionDataAsync(ConnectOptions connectOptions, Int64 lastChangeId, CancellationToken cancellationToken, Object userState)
   at GitHub.Services.WebApi.Location.VssServerDataProvider.GetConnectionDataAsync(ConnectOptions connectOptions, Int32 lastChangeId, CancellationToken cancellationToken)
   at GitHub.Services.WebApi.Location.VssServerDataProvider.ConnectAsync(ConnectOptions connectOptions, CancellationToken cancellationToken)
   at GitHub.Runner.Common.RunnerService.EstablishVssConnection(Uri serverUrl, VssCredentials credentials, TimeSpan timeout)
[2025-10-01 01:27:58Z INFO GitHubActionsService] Starting operation Location.GetConnectionData
[2025-10-01 01:27:58Z INFO GitHubActionsService] Starting operation Location.GetConnectionData
[2025-10-01 01:27:58Z ERR  GitHubActionsService] GET request to https://pipelinesghubeus6.actions.githubusercontent.com/hKyNd5hzQTjPqVOxuFp9CyJ2tMUr8ytJJ9FfsFju3bqhBGI0lq/_apis/connectionData?connectOptions=1&lastChangeId=258625537&lastChangeId64=258625537 failed. HTTP Status: NotFound
[2025-10-01 01:27:58Z INFO GitHubActionsService] Finished operation Location.GetConnectionData
[2025-10-01 01:27:58Z INFO RunnerServer] Catch exception during connect. 4 attempt left.
[2025-10-01 01:27:58Z ERR  RunnerServer] GitHub.Services.WebApi.VssServiceResponseException: The resource cannot be found.
   at GitHub.Services.WebApi.VssHttpClientBase.HandleResponseAsync(HttpResponseMessage response, CancellationToken cancellationToken)
   at GitHub.Services.WebApi.VssHttpClientBase.SendAsync(HttpRequestMessage message, HttpCompletionOption completionOption, Object userState, CancellationToken cancellationToken)
   at GitHub.Services.WebApi.VssHttpClientBase.SendAsync[T](HttpRequestMessage message, Object userState, CancellationToken cancellationToken)
   at GitHub.Services.Location.Client.LocationHttpClient.GetConnectionDataAsync(ConnectOptions connectOptions, Int64 lastChangeId, CancellationToken cancellationToken, Object userState)
   at GitHub.Services.WebApi.Location.VssServerDataProvider.GetConnectionDataAsync(ConnectOptions connectOptions, Int32 lastChangeId, CancellationToken cancellationToken)
   at GitHub.Services.WebApi.Location.VssServerDataProvider.ConnectAsync(ConnectOptions connectOptions, CancellationToken cancellationToken)
   at GitHub.Runner.Common.RunnerService.EstablishVssConnection(Uri serverUrl, VssCredentials credentials, TimeSpan timeout)
[2025-10-01 01:27:58Z INFO GitHubActionsService] Starting operation Location.GetConnectionData
[2025-10-01 01:27:59Z ERR  GitHubActionsService] GET request to https://pipelinesghubeus6.actions.githubusercontent.com/hKyNd5hzQTjPqVOxuFp9CyJ2tMUr8ytJJ9FfsFju3bqhBGI0lq/_apis/connectionData?connectOptions=1&lastChangeId=258625537&lastChangeId64=258625537 failed. HTTP Status: NotFound
[2025-10-01 01:27:59Z INFO GitHubActionsService] Finished operation Location.GetConnectionData
[2025-10-01 01:27:59Z INFO RunnerServer] Catch exception during connect. 3 attempt left.
[2025-10-01 01:27:59Z ERR  RunnerServer] GitHub.Services.WebApi.VssServiceResponseException: The resource cannot be found.
   at GitHub.Services.WebApi.VssHttpClientBase.HandleResponseAsync(HttpResponseMessage response, CancellationToken cancellationToken)
   at GitHub.Services.WebApi.VssHttpClientBase.SendAsync(HttpRequestMessage message, HttpCompletionOption completionOption, Object userState, CancellationToken cancellationToken)
   at GitHub.Services.WebApi.VssHttpClientBase.SendAsync[T](HttpRequestMessage message, Object userState, CancellationToken cancellationToken)
   at GitHub.Services.Location.Client.LocationHttpClient.GetConnectionDataAsync(ConnectOptions connectOptions, Int64 lastChangeId, CancellationToken cancellationToken, Object userState)
   at GitHub.Services.WebApi.Location.VssServerDataProvider.GetConnectionDataAsync(ConnectOptions connectOptions, Int32 lastChangeId, CancellationToken cancellationToken)
   at GitHub.Services.WebApi.Location.VssServerDataProvider.ConnectAsync(ConnectOptions connectOptions, CancellationToken cancellationToken)
   at GitHub.Runner.Common.RunnerService.EstablishVssConnection(Uri serverUrl, VssCredentials credentials, TimeSpan timeout)
[2025-10-01 01:27:59Z ERR  GitHubActionsService] GET request to https://pipelinesghubeus6.actions.githubusercontent.com/hKyNd5hzQTjPqVOxuFp9CyJ2tMUr8ytJJ9FfsFju3bqhBGI0lq/_apis/connectionData?connectOptions=1&lastChangeId=258625537&lastChangeId64=258625537 failed. HTTP Status: NotFound
[2025-10-01 01:27:59Z INFO GitHubActionsService] Finished operation Location.GetConnectionData
[2025-10-01 01:27:59Z INFO RunnerServer] Catch exception during connect. 3 attempt left.
[2025-10-01 01:27:59Z ERR  RunnerServer] GitHub.Services.WebApi.VssServiceResponseException: The resource cannot be found.
   at GitHub.Services.WebApi.VssHttpClientBase.HandleResponseAsync(HttpResponseMessage response, CancellationToken cancellationToken)
   at GitHub.Services.WebApi.VssHttpClientBase.SendAsync(HttpRequestMessage message, HttpCompletionOption completionOption, Object userState, CancellationToken cancellationToken)
   at GitHub.Services.WebApi.VssHttpClientBase.SendAsync[T](HttpRequestMessage message, Object userState, CancellationToken cancellationToken)
   at GitHub.Services.Location.Client.LocationHttpClient.GetConnectionDataAsync(ConnectOptions connectOptions, Int64 lastChangeId, CancellationToken cancellationToken, Object userState)
   at GitHub.Services.WebApi.Location.VssServerDataProvider.GetConnectionDataAsync(ConnectOptions connectOptions, Int32 lastChangeId, CancellationToken cancellationToken)
   at GitHub.Services.WebApi.Location.VssServerDataProvider.ConnectAsync(ConnectOptions connectOptions, CancellationToken cancellationToken)
   at GitHub.Runner.Common.RunnerService.EstablishVssConnection(Uri serverUrl, VssCredentials credentials, TimeSpan timeout)
[2025-10-01 01:27:59Z INFO GitHubActionsService] Starting operation Location.GetConnectionData
[2025-10-01 01:27:59Z INFO GitHubActionsService] Starting operation Location.GetConnectionData
[2025-10-01 01:27:59Z ERR  GitHubActionsService] GET request to https://pipelinesghubeus6.actions.githubusercontent.com/hKyNd5hzQTjPqVOxuFp9CyJ2tMUr8ytJJ9FfsFju3bqhBGI0lq/_apis/connectionData?connectOptions=1&lastChangeId=258625537&lastChangeId64=258625537 failed. HTTP Status: NotFound
[2025-10-01 01:27:59Z INFO GitHubActionsService] Finished operation Location.GetConnectionData
[2025-10-01 01:27:59Z INFO RunnerServer] Catch exception during connect. 3 attempt left.
[2025-10-01 01:27:59Z ERR  RunnerServer] GitHub.Services.WebApi.VssServiceResponseException: The resource cannot be found.
   at GitHub.Services.WebApi.VssHttpClientBase.HandleResponseAsync(HttpResponseMessage response, CancellationToken cancellationToken)
   at GitHub.Services.WebApi.VssHttpClientBase.SendAsync(HttpRequestMessage message, HttpCompletionOption completionOption, Object userState, CancellationToken cancellationToken)
   at GitHub.Services.WebApi.VssHttpClientBase.SendAsync[T](HttpRequestMessage message, Object userState, CancellationToken cancellationToken)
   at GitHub.Services.Location.Client.LocationHttpClient.GetConnectionDataAsync(ConnectOptions connectOptions, Int64 lastChangeId, CancellationToken cancellationToken, Object userState)
   at GitHub.Services.WebApi.Location.VssServerDataProvider.GetConnectionDataAsync(ConnectOptions connectOptions, Int32 lastChangeId, CancellationToken cancellationToken)
   at GitHub.Services.WebApi.Location.VssServerDataProvider.ConnectAsync(ConnectOptions connectOptions, CancellationToken cancellationToken)
   at GitHub.Runner.Common.RunnerService.EstablishVssConnection(Uri serverUrl, VssCredentials credentials, TimeSpan timeout)
[2025-10-01 01:27:59Z INFO GitHubActionsService] Starting operation Location.GetConnectionData
[2025-10-01 01:28:00Z ERR  GitHubActionsService] GET request to https://pipelinesghubeus6.actions.githubusercontent.com/hKyNd5hzQTjPqVOxuFp9CyJ2tMUr8ytJJ9FfsFju3bqhBGI0lq/_apis/connectionData?connectOptions=1&lastChangeId=258625537&lastChangeId64=258625537 failed. HTTP Status: NotFound
[2025-10-01 01:28:00Z INFO GitHubActionsService] Finished operation Location.GetConnectionData
[2025-10-01 01:28:00Z INFO RunnerServer] Catch exception during connect. 2 attempt left.
[2025-10-01 01:28:00Z ERR  RunnerServer] GitHub.Services.WebApi.VssServiceResponseException: The resource cannot be found.
   at GitHub.Services.WebApi.VssHttpClientBase.HandleResponseAsync(HttpResponseMessage response, CancellationToken cancellationToken)
   at GitHub.Services.WebApi.VssHttpClientBase.SendAsync(HttpRequestMessage message, HttpCompletionOption completionOption, Object userState, CancellationToken cancellationToken)
   at GitHub.Services.WebApi.VssHttpClientBase.SendAsync[T](HttpRequestMessage message, Object userState, CancellationToken cancellationToken)
   at GitHub.Services.Location.Client.LocationHttpClient.GetConnectionDataAsync(ConnectOptions connectOptions, Int64 lastChangeId, CancellationToken cancellationToken, Object userState)
   at GitHub.Services.WebApi.Location.VssServerDataProvider.GetConnectionDataAsync(ConnectOptions connectOptions, Int32 lastChangeId, CancellationToken cancellationToken)
   at GitHub.Services.WebApi.Location.VssServerDataProvider.ConnectAsync(ConnectOptions connectOptions, CancellationToken cancellationToken)
   at GitHub.Runner.Common.RunnerService.EstablishVssConnection(Uri serverUrl, VssCredentials credentials, TimeSpan timeout)
[2025-10-01 01:28:00Z ERR  GitHubActionsService] GET request to https://pipelinesghubeus6.actions.githubusercontent.com/hKyNd5hzQTjPqVOxuFp9CyJ2tMUr8ytJJ9FfsFju3bqhBGI0lq/_apis/connectionData?connectOptions=1&lastChangeId=258625537&lastChangeId64=258625537 failed. HTTP Status: NotFound
[2025-10-01 01:28:00Z INFO GitHubActionsService] Finished operation Location.GetConnectionData
[2025-10-01 01:28:00Z INFO RunnerServer] Catch exception during connect. 2 attempt left.
[2025-10-01 01:28:00Z ERR  RunnerServer] GitHub.Services.WebApi.VssServiceResponseException: The resource cannot be found.
   at GitHub.Services.WebApi.VssHttpClientBase.HandleResponseAsync(HttpResponseMessage response, CancellationToken cancellationToken)
   at GitHub.Services.WebApi.VssHttpClientBase.SendAsync(HttpRequestMessage message, HttpCompletionOption completionOption, Object userState, CancellationToken cancellationToken)
   at GitHub.Services.WebApi.VssHttpClientBase.SendAsync[T](HttpRequestMessage message, Object userState, CancellationToken cancellationToken)
   at GitHub.Services.Location.Client.LocationHttpClient.GetConnectionDataAsync(ConnectOptions connectOptions, Int64 lastChangeId, CancellationToken cancellationToken, Object userState)
   at GitHub.Services.WebApi.Location.VssServerDataProvider.GetConnectionDataAsync(ConnectOptions connectOptions, Int32 lastChangeId, CancellationToken cancellationToken)
   at GitHub.Services.WebApi.Location.VssServerDataProvider.ConnectAsync(ConnectOptions connectOptions, CancellationToken cancellationToken)
   at GitHub.Runner.Common.RunnerService.EstablishVssConnection(Uri serverUrl, VssCredentials credentials, TimeSpan timeout)
[2025-10-01 01:28:00Z INFO GitHubActionsService] Starting operation Location.GetConnectionData
[2025-10-01 01:28:00Z ERR  GitHubActionsService] GET request to https://pipelinesghubeus6.actions.githubusercontent.com/hKyNd5hzQTjPqVOxuFp9CyJ2tMUr8ytJJ9FfsFju3bqhBGI0lq/_apis/connectionData?connectOptions=1&lastChangeId=258625537&lastChangeId64=258625537 failed. HTTP Status: NotFound
[2025-10-01 01:28:00Z INFO GitHubActionsService] Finished operation Location.GetConnectionData
[2025-10-01 01:28:00Z INFO RunnerServer] Catch exception during connect. 2 attempt left.
[2025-10-01 01:28:00Z INFO GitHubActionsService] Starting operation Location.GetConnectionData
[2025-10-01 01:28:00Z ERR  RunnerServer] GitHub.Services.WebApi.VssServiceResponseException: The resource cannot be found.
   at GitHub.Services.WebApi.VssHttpClientBase.HandleResponseAsync(HttpResponseMessage response, CancellationToken cancellationToken)
   at GitHub.Services.WebApi.VssHttpClientBase.SendAsync(HttpRequestMessage message, HttpCompletionOption completionOption, Object userState, CancellationToken cancellationToken)
   at GitHub.Services.WebApi.VssHttpClientBase.SendAsync[T](HttpRequestMessage message, Object userState, CancellationToken cancellationToken)
   at GitHub.Services.Location.Client.LocationHttpClient.GetConnectionDataAsync(ConnectOptions connectOptions, Int64 lastChangeId, CancellationToken cancellationToken, Object userState)
   at GitHub.Services.WebApi.Location.VssServerDataProvider.GetConnectionDataAsync(ConnectOptions connectOptions, Int32 lastChangeId, CancellationToken cancellationToken)
   at GitHub.Services.WebApi.Location.VssServerDataProvider.ConnectAsync(ConnectOptions connectOptions, CancellationToken cancellationToken)
   at GitHub.Runner.Common.RunnerService.EstablishVssConnection(Uri serverUrl, VssCredentials credentials, TimeSpan timeout)
[2025-10-01 01:28:00Z INFO GitHubActionsService] Starting operation Location.GetConnectionData
[2025-10-01 01:28:00Z ERR  GitHubActionsService] GET request to https://pipelinesghubeus6.actions.githubusercontent.com/hKyNd5hzQTjPqVOxuFp9CyJ2tMUr8ytJJ9FfsFju3bqhBGI0lq/_apis/connectionData?connectOptions=1&lastChangeId=258625537&lastChangeId64=258625537 failed. HTTP Status: NotFound
[2025-10-01 01:28:00Z INFO GitHubActionsService] Finished operation Location.GetConnectionData
[2025-10-01 01:28:00Z INFO RunnerServer] Catch exception during connect. 1 attempt left.
[2025-10-01 01:28:00Z ERR  RunnerServer] GitHub.Services.WebApi.VssServiceResponseException: The resource cannot be found.
   at GitHub.Services.WebApi.VssHttpClientBase.HandleResponseAsync(HttpResponseMessage response, CancellationToken cancellationToken)
   at GitHub.Services.WebApi.VssHttpClientBase.SendAsync(HttpRequestMessage message, HttpCompletionOption completionOption, Object userState, CancellationToken cancellationToken)
   at GitHub.Services.WebApi.VssHttpClientBase.SendAsync[T](HttpRequestMessage message, Object userState, CancellationToken cancellationToken)
   at GitHub.Services.Location.Client.LocationHttpClient.GetConnectionDataAsync(ConnectOptions connectOptions, Int64 lastChangeId, CancellationToken cancellationToken, Object userState)
   at GitHub.Services.WebApi.Location.VssServerDataProvider.GetConnectionDataAsync(ConnectOptions connectOptions, Int32 lastChangeId, CancellationToken cancellationToken)
   at GitHub.Services.WebApi.Location.VssServerDataProvider.ConnectAsync(ConnectOptions connectOptions, CancellationToken cancellationToken)
   at GitHub.Runner.Common.RunnerService.EstablishVssConnection(Uri serverUrl, VssCredentials credentials, TimeSpan timeout)
[2025-10-01 01:28:01Z ERR  GitHubActionsService] GET request to https://pipelinesghubeus6.actions.githubusercontent.com/hKyNd5hzQTjPqVOxuFp9CyJ2tMUr8ytJJ9FfsFju3bqhBGI0lq/_apis/connectionData?connectOptions=1&lastChangeId=258625537&lastChangeId64=258625537 failed. HTTP Status: NotFound
[2025-10-01 01:28:01Z INFO GitHubActionsService] Finished operation Location.GetConnectionData
[2025-10-01 01:28:01Z INFO RunnerServer] Catch exception during connect. 1 attempt left.
[2025-10-01 01:28:01Z ERR  RunnerServer] GitHub.Services.WebApi.VssServiceResponseException: The resource cannot be found.
   at GitHub.Services.WebApi.VssHttpClientBase.HandleResponseAsync(HttpResponseMessage response, CancellationToken cancellationToken)
   at GitHub.Services.WebApi.VssHttpClientBase.SendAsync(HttpRequestMessage message, HttpCompletionOption completionOption, Object userState, CancellationToken cancellationToken)
   at GitHub.Services.WebApi.VssHttpClientBase.SendAsync[T](HttpRequestMessage message, Object userState, CancellationToken cancellationToken)
   at GitHub.Services.Location.Client.LocationHttpClient.GetConnectionDataAsync(ConnectOptions connectOptions, Int64 lastChangeId, CancellationToken cancellationToken, Object userState)
   at GitHub.Services.WebApi.Location.VssServerDataProvider.GetConnectionDataAsync(ConnectOptions connectOptions, Int32 lastChangeId, CancellationToken cancellationToken)
   at GitHub.Services.WebApi.Location.VssServerDataProvider.ConnectAsync(ConnectOptions connectOptions, CancellationToken cancellationToken)
   at GitHub.Runner.Common.RunnerService.EstablishVssConnection(Uri serverUrl, VssCredentials credentials, TimeSpan timeout)
[2025-10-01 01:28:01Z INFO GitHubActionsService] Starting operation Location.GetConnectionData
[2025-10-01 01:28:01Z ERR  GitHubActionsService] GET request to https://pipelinesghubeus6.actions.githubusercontent.com/hKyNd5hzQTjPqVOxuFp9CyJ2tMUr8ytJJ9FfsFju3bqhBGI0lq/_apis/connectionData?connectOptions=1&lastChangeId=258625537&lastChangeId64=258625537 failed. HTTP Status: NotFound
[2025-10-01 01:28:01Z INFO GitHubActionsService] Finished operation Location.GetConnectionData
[2025-10-01 01:28:01Z INFO RunnerServer] Catch exception during connect. 1 attempt left.
[2025-10-01 01:28:01Z ERR  RunnerServer] GitHub.Services.WebApi.VssServiceResponseException: The resource cannot be found.
   at GitHub.Services.WebApi.VssHttpClientBase.HandleResponseAsync(HttpResponseMessage response, CancellationToken cancellationToken)
   at GitHub.Services.WebApi.VssHttpClientBase.SendAsync(HttpRequestMessage message, HttpCompletionOption completionOption, Object userState, CancellationToken cancellationToken)
   at GitHub.Services.WebApi.VssHttpClientBase.SendAsync[T](HttpRequestMessage message, Object userState, CancellationToken cancellationToken)
   at GitHub.Services.Location.Client.LocationHttpClient.GetConnectionDataAsync(ConnectOptions connectOptions, Int64 lastChangeId, CancellationToken cancellationToken, Object userState)
   at GitHub.Services.WebApi.Location.VssServerDataProvider.GetConnectionDataAsync(ConnectOptions connectOptions, Int32 lastChangeId, CancellationToken cancellationToken)
   at GitHub.Services.WebApi.Location.VssServerDataProvider.ConnectAsync(ConnectOptions connectOptions, CancellationToken cancellationToken)
   at GitHub.Runner.Common.RunnerService.EstablishVssConnection(Uri serverUrl, VssCredentials credentials, TimeSpan timeout)
[2025-10-01 01:28:01Z INFO GitHubActionsService] Starting operation Location.GetConnectionData
[2025-10-01 01:28:01Z INFO GitHubActionsService] Starting operation Location.GetConnectionData
[2025-10-01 01:28:01Z ERR  GitHubActionsService] GET request to https://pipelinesghubeus6.actions.githubusercontent.com/hKyNd5hzQTjPqVOxuFp9CyJ2tMUr8ytJJ9FfsFju3bqhBGI0lq/_apis/connectionData?connectOptions=1&lastChangeId=258625537&lastChangeId64=258625537 failed. HTTP Status: NotFound
[2025-10-01 01:28:01Z INFO GitHubActionsService] Finished operation Location.GetConnectionData
[2025-10-01 01:28:01Z ERR  GitHubActionsService] GET request to https://pipelinesghubeus6.actions.githubusercontent.com/hKyNd5hzQTjPqVOxuFp9CyJ2tMUr8ytJJ9FfsFju3bqhBGI0lq/_apis/connectionData?connectOptions=1&lastChangeId=258625537&lastChangeId64=258625537 failed. HTTP Status: NotFound
[2025-10-01 01:28:01Z INFO GitHubActionsService] Finished operation Location.GetConnectionData
[2025-10-01 01:28:01Z ERR  GitHubActionsService] GET request to https://pipelinesghubeus6.actions.githubusercontent.com/hKyNd5hzQTjPqVOxuFp9CyJ2tMUr8ytJJ9FfsFju3bqhBGI0lq/_apis/connectionData?connectOptions=1&lastChangeId=258625537&lastChangeId64=258625537 failed. HTTP Status: NotFound
[2025-10-01 01:28:01Z INFO GitHubActionsService] Finished operation Location.GetConnectionData
[2025-10-01 01:28:01Z ERR  BrokerMessageListener] Catch exception during create session.
[2025-10-01 01:28:01Z ERR  BrokerMessageListener] GitHub.Services.WebApi.VssServiceResponseException: The resource cannot be found.
   at GitHub.Services.WebApi.VssHttpClientBase.HandleResponseAsync(HttpResponseMessage response, CancellationToken cancellationToken)
   at GitHub.Services.WebApi.VssHttpClientBase.SendAsync(HttpRequestMessage message, HttpCompletionOption completionOption, Object userState, CancellationToken cancellationToken)
   at GitHub.Services.WebApi.VssHttpClientBase.SendAsync[T](HttpRequestMessage message, Object userState, CancellationToken cancellationToken)
   at GitHub.Services.Location.Client.LocationHttpClient.GetConnectionDataAsync(ConnectOptions connectOptions, Int64 lastChangeId, CancellationToken cancellationToken, Object userState)
   at GitHub.Services.WebApi.Location.VssServerDataProvider.GetConnectionDataAsync(ConnectOptions connectOptions, Int32 lastChangeId, CancellationToken cancellationToken)
   at GitHub.Services.WebApi.Location.VssServerDataProvider.ConnectAsync(ConnectOptions connectOptions, CancellationToken cancellationToken)
   at GitHub.Runner.Common.RunnerService.EstablishVssConnection(Uri serverUrl, VssCredentials credentials, TimeSpan timeout)
   at GitHub.Runner.Common.RunnerServer.ConnectAsync(Uri serverUrl, VssCredentials credentials)
   at GitHub.Runner.Listener.BrokerMessageListener.CreateSessionAsync(CancellationToken token)
[2025-10-01 01:28:01Z INFO BrokerMessageListener] Retriable exception: The resource cannot be found.
[2025-10-01 01:28:01Z INFO BrokerMessageListener] Sleeping for 30 seconds before retrying.
[2025-10-01 01:28:31Z INFO BrokerMessageListener] Attempt to create session.
[2025-10-01 01:28:31Z INFO BrokerMessageListener] Connecting to the Broker Server...
[2025-10-01 01:28:31Z INFO ConfigurationStore] HasCredentials()
[2025-10-01 01:28:31Z INFO ConfigurationStore] stored True
[2025-10-01 01:28:31Z INFO CredentialManager] GetCredentialProvider
[2025-10-01 01:28:31Z INFO CredentialManager] Creating type OAuth
[2025-10-01 01:28:31Z INFO CredentialManager] Creating credential type: OAuth
[2025-10-01 01:28:31Z INFO RSAEncryptedFileKeyManager] Loading RSA key parameters from file G:\Brunella\actions-runner\.credentials_rsaparams
[2025-10-01 01:28:31Z INFO BrokerMessageListener] VssConnection created
[2025-10-01 01:28:31Z INFO BrokerMessageListener] Connecting to the Runner server...
[2025-10-01 01:28:31Z INFO RunnerServer] EstablishVssConnection
[2025-10-01 01:28:31Z INFO RunnerServer] Establish connection with 100 seconds timeout.
[2025-10-01 01:28:31Z INFO GitHubActionsService] Starting operation Location.GetConnectionData
[2025-10-01 01:28:31Z INFO RunnerServer] EstablishVssConnection
[2025-10-01 01:28:31Z INFO RunnerServer] Establish connection with 60 seconds timeout.
[2025-10-01 01:28:31Z INFO GitHubActionsService] Starting operation Location.GetConnectionData
[2025-10-01 01:28:31Z INFO RunnerServer] EstablishVssConnection
[2025-10-01 01:28:31Z INFO RunnerServer] Establish connection with 60 seconds timeout.
[2025-10-01 01:28:31Z INFO GitHubActionsService] Starting operation Location.GetConnectionData
[2025-10-01 01:28:32Z ERR  GitHubActionsService] GET request to https://pipelinesghubeus6.actions.githubusercontent.com/hKyNd5hzQTjPqVOxuFp9CyJ2tMUr8ytJJ9FfsFju3bqhBGI0lq/_apis/connectionData?connectOptions=1&lastChangeId=258625537&lastChangeId64=258625537 failed. HTTP Status: NotFound
[2025-10-01 01:28:32Z INFO GitHubActionsService] Finished operation Location.GetConnectionData
[2025-10-01 01:28:32Z INFO RunnerServer] Catch exception during connect. 4 attempt left.
[2025-10-01 01:28:32Z ERR  RunnerServer] GitHub.Services.WebApi.VssServiceResponseException: The resource cannot be found.
   at GitHub.Services.WebApi.VssHttpClientBase.HandleResponseAsync(HttpResponseMessage response, CancellationToken cancellationToken)
   at GitHub.Services.WebApi.VssHttpClientBase.SendAsync(HttpRequestMessage message, HttpCompletionOption completionOption, Object userState, CancellationToken cancellationToken)
   at GitHub.Services.WebApi.VssHttpClientBase.SendAsync[T](HttpRequestMessage message, Object userState, CancellationToken cancellationToken)
   at GitHub.Services.Location.Client.LocationHttpClient.GetConnectionDataAsync(ConnectOptions connectOptions, Int64 lastChangeId, CancellationToken cancellationToken, Object userState)
   at GitHub.Services.WebApi.Location.VssServerDataProvider.GetConnectionDataAsync(ConnectOptions connectOptions, Int32 lastChangeId, CancellationToken cancellationToken)
   at GitHub.Services.WebApi.Location.VssServerDataProvider.ConnectAsync(ConnectOptions connectOptions, CancellationToken cancellationToken)
   at GitHub.Runner.Common.RunnerService.EstablishVssConnection(Uri serverUrl, VssCredentials credentials, TimeSpan timeout)
[2025-10-01 01:28:32Z ERR  GitHubActionsService] GET request to https://pipelinesghubeus6.actions.githubusercontent.com/hKyNd5hzQTjPqVOxuFp9CyJ2tMUr8ytJJ9FfsFju3bqhBGI0lq/_apis/connectionData?connectOptions=1&lastChangeId=258625537&lastChangeId64=258625537 failed. HTTP Status: NotFound
[2025-10-01 01:28:32Z INFO GitHubActionsService] Finished operation Location.GetConnectionData
[2025-10-01 01:28:32Z INFO RunnerServer] Catch exception during connect. 4 attempt left.
[2025-10-01 01:28:32Z ERR  RunnerServer] GitHub.Services.WebApi.VssServiceResponseException: The resource cannot be found.
   at GitHub.Services.WebApi.VssHttpClientBase.HandleResponseAsync(HttpResponseMessage response, CancellationToken cancellationToken)
   at GitHub.Services.WebApi.VssHttpClientBase.SendAsync(HttpRequestMessage message, HttpCompletionOption completionOption, Object userState, CancellationToken cancellationToken)
   at GitHub.Services.WebApi.VssHttpClientBase.SendAsync[T](HttpRequestMessage message, Object userState, CancellationToken cancellationToken)
   at GitHub.Services.Location.Client.LocationHttpClient.GetConnectionDataAsync(ConnectOptions connectOptions, Int64 lastChangeId, CancellationToken cancellationToken, Object userState)
   at GitHub.Services.WebApi.Location.VssServerDataProvider.GetConnectionDataAsync(ConnectOptions connectOptions, Int32 lastChangeId, CancellationToken cancellationToken)
   at GitHub.Services.WebApi.Location.VssServerDataProvider.ConnectAsync(ConnectOptions connectOptions, CancellationToken cancellationToken)
   at GitHub.Runner.Common.RunnerService.EstablishVssConnection(Uri serverUrl, VssCredentials credentials, TimeSpan timeout)
[2025-10-01 01:28:32Z ERR  GitHubActionsService] GET request to https://pipelinesghubeus6.actions.githubusercontent.com/hKyNd5hzQTjPqVOxuFp9CyJ2tMUr8ytJJ9FfsFju3bqhBGI0lq/_apis/connectionData?connectOptions=1&lastChangeId=258625537&lastChangeId64=258625537 failed. HTTP Status: NotFound
[2025-10-01 01:28:32Z INFO GitHubActionsService] Finished operation Location.GetConnectionData
[2025-10-01 01:28:32Z INFO RunnerServer] Catch exception during connect. 4 attempt left.
[2025-10-01 01:28:32Z ERR  RunnerServer] GitHub.Services.WebApi.VssServiceResponseException: The resource cannot be found.
   at GitHub.Services.WebApi.VssHttpClientBase.HandleResponseAsync(HttpResponseMessage response, CancellationToken cancellationToken)
   at GitHub.Services.WebApi.VssHttpClientBase.SendAsync(HttpRequestMessage message, HttpCompletionOption completionOption, Object userState, CancellationToken cancellationToken)
   at GitHub.Services.WebApi.VssHttpClientBase.SendAsync[T](HttpRequestMessage message, Object userState, CancellationToken cancellationToken)
   at GitHub.Services.Location.Client.LocationHttpClient.GetConnectionDataAsync(ConnectOptions connectOptions, Int64 lastChangeId, CancellationToken cancellationToken, Object userState)
   at GitHub.Services.WebApi.Location.VssServerDataProvider.GetConnectionDataAsync(ConnectOptions connectOptions, Int32 lastChangeId, CancellationToken cancellationToken)
   at GitHub.Services.WebApi.Location.VssServerDataProvider.ConnectAsync(ConnectOptions connectOptions, CancellationToken cancellationToken)
   at GitHub.Runner.Common.RunnerService.EstablishVssConnection(Uri serverUrl, VssCredentials credentials, TimeSpan timeout)
[2025-10-01 01:28:32Z INFO GitHubActionsService] Starting operation Location.GetConnectionData
[2025-10-01 01:28:32Z INFO GitHubActionsService] Starting operation Location.GetConnectionData
[2025-10-01 01:28:32Z INFO GitHubActionsService] Starting operation Location.GetConnectionData
[2025-10-01 01:28:33Z ERR  GitHubActionsService] GET request to https://pipelinesghubeus6.actions.githubusercontent.com/hKyNd5hzQTjPqVOxuFp9CyJ2tMUr8ytJJ9FfsFju3bqhBGI0lq/_apis/connectionData?connectOptions=1&lastChangeId=258625537&lastChangeId64=258625537 failed. HTTP Status: NotFound
[2025-10-01 01:28:33Z ERR  GitHubActionsService] GET request to https://pipelinesghubeus6.actions.githubusercontent.com/hKyNd5hzQTjPqVOxuFp9CyJ2tMUr8ytJJ9FfsFju3bqhBGI0lq/_apis/connectionData?connectOptions=1&lastChangeId=258625537&lastChangeId64=258625537 failed. HTTP Status: NotFound
[2025-10-01 01:28:33Z INFO GitHubActionsService] Finished operation Location.GetConnectionData
[2025-10-01 01:28:33Z INFO GitHubActionsService] Finished operation Location.GetConnectionData
[2025-10-01 01:28:33Z INFO RunnerServer] Catch exception during connect. 3 attempt left.
[2025-10-01 01:28:33Z INFO RunnerServer] Catch exception during connect. 3 attempt left.
[2025-10-01 01:28:33Z ERR  RunnerServer] GitHub.Services.WebApi.VssServiceResponseException: The resource cannot be found.
   at GitHub.Services.WebApi.VssHttpClientBase.HandleResponseAsync(HttpResponseMessage response, CancellationToken cancellationToken)
   at GitHub.Services.WebApi.VssHttpClientBase.SendAsync(HttpRequestMessage message, HttpCompletionOption completionOption, Object userState, CancellationToken cancellationToken)
   at GitHub.Services.WebApi.VssHttpClientBase.SendAsync[T](HttpRequestMessage message, Object userState, CancellationToken cancellationToken)
   at GitHub.Services.Location.Client.LocationHttpClient.GetConnectionDataAsync(ConnectOptions connectOptions, Int64 lastChangeId, CancellationToken cancellationToken, Object userState)
   at GitHub.Services.WebApi.Location.VssServerDataProvider.GetConnectionDataAsync(ConnectOptions connectOptions, Int32 lastChangeId, CancellationToken cancellationToken)
   at GitHub.Services.WebApi.Location.VssServerDataProvider.ConnectAsync(ConnectOptions connectOptions, CancellationToken cancellationToken)
   at GitHub.Runner.Common.RunnerService.EstablishVssConnection(Uri serverUrl, VssCredentials credentials, TimeSpan timeout)
[2025-10-01 01:28:33Z ERR  RunnerServer] GitHub.Services.WebApi.VssServiceResponseException: The resource cannot be found.
   at GitHub.Services.WebApi.VssHttpClientBase.HandleResponseAsync(HttpResponseMessage response, CancellationToken cancellationToken)
   at GitHub.Services.WebApi.VssHttpClientBase.SendAsync(HttpRequestMessage message, HttpCompletionOption completionOption, Object userState, CancellationToken cancellationToken)
   at GitHub.Services.WebApi.VssHttpClientBase.SendAsync[T](HttpRequestMessage message, Object userState, CancellationToken cancellationToken)
   at GitHub.Services.Location.Client.LocationHttpClient.GetConnectionDataAsync(ConnectOptions connectOptions, Int64 lastChangeId, CancellationToken cancellationToken, Object userState)
   at GitHub.Services.WebApi.Location.VssServerDataProvider.GetConnectionDataAsync(ConnectOptions connectOptions, Int32 lastChangeId, CancellationToken cancellationToken)
   at GitHub.Services.WebApi.Location.VssServerDataProvider.ConnectAsync(ConnectOptions connectOptions, CancellationToken cancellationToken)
   at GitHub.Runner.Common.RunnerService.EstablishVssConnection(Uri serverUrl, VssCredentials credentials, TimeSpan timeout)
[2025-10-01 01:28:33Z ERR  GitHubActionsService] GET request to https://pipelinesghubeus6.actions.githubusercontent.com/hKyNd5hzQTjPqVOxuFp9CyJ2tMUr8ytJJ9FfsFju3bqhBGI0lq/_apis/connectionData?connectOptions=1&lastChangeId=258625537&lastChangeId64=258625537 failed. HTTP Status: NotFound
[2025-10-01 01:28:33Z INFO GitHubActionsService] Finished operation Location.GetConnectionData
[2025-10-01 01:28:33Z INFO RunnerServer] Catch exception during connect. 3 attempt left.
[2025-10-01 01:28:33Z ERR  RunnerServer] GitHub.Services.WebApi.VssServiceResponseException: The resource cannot be found.
   at GitHub.Services.WebApi.VssHttpClientBase.HandleResponseAsync(HttpResponseMessage response, CancellationToken cancellationToken)
   at GitHub.Services.WebApi.VssHttpClientBase.SendAsync(HttpRequestMessage message, HttpCompletionOption completionOption, Object userState, CancellationToken cancellationToken)
   at GitHub.Services.WebApi.VssHttpClientBase.SendAsync[T](HttpRequestMessage message, Object userState, CancellationToken cancellationToken)
   at GitHub.Services.Location.Client.LocationHttpClient.GetConnectionDataAsync(ConnectOptions connectOptions, Int64 lastChangeId, CancellationToken cancellationToken, Object userState)
   at GitHub.Services.WebApi.Location.VssServerDataProvider.GetConnectionDataAsync(ConnectOptions connectOptions, Int32 lastChangeId, CancellationToken cancellationToken)
   at GitHub.Services.WebApi.Location.VssServerDataProvider.ConnectAsync(ConnectOptions connectOptions, CancellationToken cancellationToken)
   at GitHub.Runner.Common.RunnerService.EstablishVssConnection(Uri serverUrl, VssCredentials credentials, TimeSpan timeout)
[2025-10-01 01:28:33Z INFO GitHubActionsService] Starting operation Location.GetConnectionData
[2025-10-01 01:28:33Z INFO GitHubActionsService] Starting operation Location.GetConnectionData
[2025-10-01 01:28:33Z INFO GitHubActionsService] Starting operation Location.GetConnectionData
[2025-10-01 01:28:33Z ERR  GitHubActionsService] GET request to https://pipelinesghubeus6.actions.githubusercontent.com/hKyNd5hzQTjPqVOxuFp9CyJ2tMUr8ytJJ9FfsFju3bqhBGI0lq/_apis/connectionData?connectOptions=1&lastChangeId=258625537&lastChangeId64=258625537 failed. HTTP Status: NotFound
[2025-10-01 01:28:33Z ERR  GitHubActionsService] GET request to https://pipelinesghubeus6.actions.githubusercontent.com/hKyNd5hzQTjPqVOxuFp9CyJ2tMUr8ytJJ9FfsFju3bqhBGI0lq/_apis/connectionData?connectOptions=1&lastChangeId=258625537&lastChangeId64=258625537 failed. HTTP Status: NotFound
[2025-10-01 01:28:33Z INFO GitHubActionsService] Finished operation Location.GetConnectionData
[2025-10-01 01:28:33Z INFO GitHubActionsService] Finished operation Location.GetConnectionData
[2025-10-01 01:28:33Z INFO RunnerServer] Catch exception during connect. 2 attempt left.
[2025-10-01 01:28:33Z INFO RunnerServer] Catch exception during connect. 2 attempt left.
[2025-10-01 01:28:33Z ERR  RunnerServer] GitHub.Services.WebApi.VssServiceResponseException: The resource cannot be found.
   at GitHub.Services.WebApi.VssHttpClientBase.HandleResponseAsync(HttpResponseMessage response, CancellationToken cancellationToken)
   at GitHub.Services.WebApi.VssHttpClientBase.SendAsync(HttpRequestMessage message, HttpCompletionOption completionOption, Object userState, CancellationToken cancellationToken)
   at GitHub.Services.WebApi.VssHttpClientBase.SendAsync[T](HttpRequestMessage message, Object userState, CancellationToken cancellationToken)
   at GitHub.Services.Location.Client.LocationHttpClient.GetConnectionDataAsync(ConnectOptions connectOptions, Int64 lastChangeId, CancellationToken cancellationToken, Object userState)
   at GitHub.Services.WebApi.Location.VssServerDataProvider.GetConnectionDataAsync(ConnectOptions connectOptions, Int32 lastChangeId, CancellationToken cancellationToken)
   at GitHub.Services.WebApi.Location.VssServerDataProvider.ConnectAsync(ConnectOptions connectOptions, CancellationToken cancellationToken)
   at GitHub.Runner.Common.RunnerService.EstablishVssConnection(Uri serverUrl, VssCredentials credentials, TimeSpan timeout)
[2025-10-01 01:28:33Z ERR  RunnerServer] GitHub.Services.WebApi.VssServiceResponseException: The resource cannot be found.
   at GitHub.Services.WebApi.VssHttpClientBase.HandleResponseAsync(HttpResponseMessage response, CancellationToken cancellationToken)
   at GitHub.Services.WebApi.VssHttpClientBase.SendAsync(HttpRequestMessage message, HttpCompletionOption completionOption, Object userState, CancellationToken cancellationToken)
   at GitHub.Services.WebApi.VssHttpClientBase.SendAsync[T](HttpRequestMessage message, Object userState, CancellationToken cancellationToken)
   at GitHub.Services.Location.Client.LocationHttpClient.GetConnectionDataAsync(ConnectOptions connectOptions, Int64 lastChangeId, CancellationToken cancellationToken, Object userState)
   at GitHub.Services.WebApi.Location.VssServerDataProvider.GetConnectionDataAsync(ConnectOptions connectOptions, Int32 lastChangeId, CancellationToken cancellationToken)
   at GitHub.Services.WebApi.Location.VssServerDataProvider.ConnectAsync(ConnectOptions connectOptions, CancellationToken cancellationToken)
   at GitHub.Runner.Common.RunnerService.EstablishVssConnection(Uri serverUrl, VssCredentials credentials, TimeSpan timeout)
[2025-10-01 01:28:34Z ERR  GitHubActionsService] GET request to https://pipelinesghubeus6.actions.githubusercontent.com/hKyNd5hzQTjPqVOxuFp9CyJ2tMUr8ytJJ9FfsFju3bqhBGI0lq/_apis/connectionData?connectOptions=1&lastChangeId=258625537&lastChangeId64=258625537 failed. HTTP Status: NotFound
[2025-10-01 01:28:34Z INFO GitHubActionsService] Finished operation Location.GetConnectionData
[2025-10-01 01:28:34Z INFO RunnerServer] Catch exception during connect. 2 attempt left.
[2025-10-01 01:28:34Z ERR  RunnerServer] GitHub.Services.WebApi.VssServiceResponseException: The resource cannot be found.
   at GitHub.Services.WebApi.VssHttpClientBase.HandleResponseAsync(HttpResponseMessage response, CancellationToken cancellationToken)
   at GitHub.Services.WebApi.VssHttpClientBase.SendAsync(HttpRequestMessage message, HttpCompletionOption completionOption, Object userState, CancellationToken cancellationToken)
   at GitHub.Services.WebApi.VssHttpClientBase.SendAsync[T](HttpRequestMessage message, Object userState, CancellationToken cancellationToken)
   at GitHub.Services.Location.Client.LocationHttpClient.GetConnectionDataAsync(ConnectOptions connectOptions, Int64 lastChangeId, CancellationToken cancellationToken, Object userState)
   at GitHub.Services.WebApi.Location.VssServerDataProvider.GetConnectionDataAsync(ConnectOptions connectOptions, Int32 lastChangeId, CancellationToken cancellationToken)
   at GitHub.Services.WebApi.Location.VssServerDataProvider.ConnectAsync(ConnectOptions connectOptions, CancellationToken cancellationToken)
   at GitHub.Runner.Common.RunnerService.EstablishVssConnection(Uri serverUrl, VssCredentials credentials, TimeSpan timeout)
[2025-10-01 01:28:34Z INFO GitHubActionsService] Starting operation Location.GetConnectionData
[2025-10-01 01:28:34Z INFO GitHubActionsService] Starting operation Location.GetConnectionData
[2025-10-01 01:28:34Z INFO GitHubActionsService] Starting operation Location.GetConnectionData
[2025-10-01 01:28:34Z ERR  GitHubActionsService] GET request to https://pipelinesghubeus6.actions.githubusercontent.com/hKyNd5hzQTjPqVOxuFp9CyJ2tMUr8ytJJ9FfsFju3bqhBGI0lq/_apis/connectionData?connectOptions=1&lastChangeId=258625537&lastChangeId64=258625537 failed. HTTP Status: NotFound
[2025-10-01 01:28:34Z INFO GitHubActionsService] Finished operation Location.GetConnectionData
[2025-10-01 01:28:34Z INFO RunnerServer] Catch exception during connect. 1 attempt left.
[2025-10-01 01:28:34Z ERR  RunnerServer] GitHub.Services.WebApi.VssServiceResponseException: The resource cannot be found.
   at GitHub.Services.WebApi.VssHttpClientBase.HandleResponseAsync(HttpResponseMessage response, CancellationToken cancellationToken)
   at GitHub.Services.WebApi.VssHttpClientBase.SendAsync(HttpRequestMessage message, HttpCompletionOption completionOption, Object userState, CancellationToken cancellationToken)
   at GitHub.Services.WebApi.VssHttpClientBase.SendAsync[T](HttpRequestMessage message, Object userState, CancellationToken cancellationToken)
   at GitHub.Services.Location.Client.LocationHttpClient.GetConnectionDataAsync(ConnectOptions connectOptions, Int64 lastChangeId, CancellationToken cancellationToken, Object userState)
   at GitHub.Services.WebApi.Location.VssServerDataProvider.GetConnectionDataAsync(ConnectOptions connectOptions, Int32 lastChangeId, CancellationToken cancellationToken)
   at GitHub.Services.WebApi.Location.VssServerDataProvider.ConnectAsync(ConnectOptions connectOptions, CancellationToken cancellationToken)
   at GitHub.Runner.Common.RunnerService.EstablishVssConnection(Uri serverUrl, VssCredentials credentials, TimeSpan timeout)
[2025-10-01 01:28:34Z ERR  GitHubActionsService] GET request to https://pipelinesghubeus6.actions.githubusercontent.com/hKyNd5hzQTjPqVOxuFp9CyJ2tMUr8ytJJ9FfsFju3bqhBGI0lq/_apis/connectionData?connectOptions=1&lastChangeId=258625537&lastChangeId64=258625537 failed. HTTP Status: NotFound
[2025-10-01 01:28:34Z INFO GitHubActionsService] Finished operation Location.GetConnectionData
[2025-10-01 01:28:34Z INFO RunnerServer] Catch exception during connect. 1 attempt left.
[2025-10-01 01:28:34Z ERR  RunnerServer] GitHub.Services.WebApi.VssServiceResponseException: The resource cannot be found.
   at GitHub.Services.WebApi.VssHttpClientBase.HandleResponseAsync(HttpResponseMessage response, CancellationToken cancellationToken)
   at GitHub.Services.WebApi.VssHttpClientBase.SendAsync(HttpRequestMessage message, HttpCompletionOption completionOption, Object userState, CancellationToken cancellationToken)
   at GitHub.Services.WebApi.VssHttpClientBase.SendAsync[T](HttpRequestMessage message, Object userState, CancellationToken cancellationToken)
   at GitHub.Services.Location.Client.LocationHttpClient.GetConnectionDataAsync(ConnectOptions connectOptions, Int64 lastChangeId, CancellationToken cancellationToken, Object userState)
   at GitHub.Services.WebApi.Location.VssServerDataProvider.GetConnectionDataAsync(ConnectOptions connectOptions, Int32 lastChangeId, CancellationToken cancellationToken)
   at GitHub.Services.WebApi.Location.VssServerDataProvider.ConnectAsync(ConnectOptions connectOptions, CancellationToken cancellationToken)
   at GitHub.Runner.Common.RunnerService.EstablishVssConnection(Uri serverUrl, VssCredentials credentials, TimeSpan timeout)
[2025-10-01 01:28:34Z ERR  GitHubActionsService] GET request to https://pipelinesghubeus6.actions.githubusercontent.com/hKyNd5hzQTjPqVOxuFp9CyJ2tMUr8ytJJ9FfsFju3bqhBGI0lq/_apis/connectionData?connectOptions=1&lastChangeId=258625537&lastChangeId64=258625537 failed. HTTP Status: NotFound
[2025-10-01 01:28:34Z INFO GitHubActionsService] Finished operation Location.GetConnectionData
[2025-10-01 01:28:34Z INFO RunnerServer] Catch exception during connect. 1 attempt left.
[2025-10-01 01:28:34Z ERR  RunnerServer] GitHub.Services.WebApi.VssServiceResponseException: The resource cannot be found.
   at GitHub.Services.WebApi.VssHttpClientBase.HandleResponseAsync(HttpResponseMessage response, CancellationToken cancellationToken)
   at GitHub.Services.WebApi.VssHttpClientBase.SendAsync(HttpRequestMessage message, HttpCompletionOption completionOption, Object userState, CancellationToken cancellationToken)
   at GitHub.Services.WebApi.VssHttpClientBase.SendAsync[T](HttpRequestMessage message, Object userState, CancellationToken cancellationToken)
   at GitHub.Services.Location.Client.LocationHttpClient.GetConnectionDataAsync(ConnectOptions connectOptions, Int64 lastChangeId, CancellationToken cancellationToken, Object userState)
   at GitHub.Services.WebApi.Location.VssServerDataProvider.GetConnectionDataAsync(ConnectOptions connectOptions, Int32 lastChangeId, CancellationToken cancellationToken)
   at GitHub.Services.WebApi.Location.VssServerDataProvider.ConnectAsync(ConnectOptions connectOptions, CancellationToken cancellationToken)
   at GitHub.Runner.Common.RunnerService.EstablishVssConnection(Uri serverUrl, VssCredentials credentials, TimeSpan timeout)
[2025-10-01 01:28:34Z INFO GitHubActionsService] Starting operation Location.GetConnectionData
[2025-10-01 01:28:34Z INFO GitHubActionsService] Starting operation Location.GetConnectionData
[2025-10-01 01:28:34Z INFO GitHubActionsService] Starting operation Location.GetConnectionData
[2025-10-01 01:28:35Z ERR  GitHubActionsService] GET request to https://pipelinesghubeus6.actions.githubusercontent.com/hKyNd5hzQTjPqVOxuFp9CyJ2tMUr8ytJJ9FfsFju3bqhBGI0lq/_apis/connectionData?connectOptions=1&lastChangeId=258625537&lastChangeId64=258625537 failed. HTTP Status: NotFound
[2025-10-01 01:28:35Z INFO GitHubActionsService] Finished operation Location.GetConnectionData
[2025-10-01 01:28:35Z ERR  GitHubActionsService] GET request to https://pipelinesghubeus6.actions.githubusercontent.com/hKyNd5hzQTjPqVOxuFp9CyJ2tMUr8ytJJ9FfsFju3bqhBGI0lq/_apis/connectionData?connectOptions=1&lastChangeId=258625537&lastChangeId64=258625537 failed. HTTP Status: NotFound
[2025-10-01 01:28:35Z INFO GitHubActionsService] Finished operation Location.GetConnectionData
[2025-10-01 01:28:35Z ERR  GitHubActionsService] GET request to https://pipelinesghubeus6.actions.githubusercontent.com/hKyNd5hzQTjPqVOxuFp9CyJ2tMUr8ytJJ9FfsFju3bqhBGI0lq/_apis/connectionData?connectOptions=1&lastChangeId=258625537&lastChangeId64=258625537 failed. HTTP Status: NotFound
[2025-10-01 01:28:35Z INFO GitHubActionsService] Finished operation Location.GetConnectionData
[2025-10-01 01:28:35Z ERR  BrokerMessageListener] Catch exception during create session.
[2025-10-01 01:28:35Z ERR  BrokerMessageListener] GitHub.Services.WebApi.VssServiceResponseException: The resource cannot be found.
   at GitHub.Services.WebApi.VssHttpClientBase.HandleResponseAsync(HttpResponseMessage response, CancellationToken cancellationToken)
   at GitHub.Services.WebApi.VssHttpClientBase.SendAsync(HttpRequestMessage message, HttpCompletionOption completionOption, Object userState, CancellationToken cancellationToken)
   at GitHub.Services.WebApi.VssHttpClientBase.SendAsync[T](HttpRequestMessage message, Object userState, CancellationToken cancellationToken)
   at GitHub.Services.Location.Client.LocationHttpClient.GetConnectionDataAsync(ConnectOptions connectOptions, Int64 lastChangeId, CancellationToken cancellationToken, Object userState)
   at GitHub.Services.WebApi.Location.VssServerDataProvider.GetConnectionDataAsync(ConnectOptions connectOptions, Int32 lastChangeId, CancellationToken cancellationToken)
   at GitHub.Services.WebApi.Location.VssServerDataProvider.ConnectAsync(ConnectOptions connectOptions, CancellationToken cancellationToken)
   at GitHub.Runner.Common.RunnerService.EstablishVssConnection(Uri serverUrl, VssCredentials credentials, TimeSpan timeout)
   at GitHub.Runner.Common.RunnerServer.ConnectAsync(Uri serverUrl, VssCredentials credentials)
   at GitHub.Runner.Listener.BrokerMessageListener.CreateSessionAsync(CancellationToken token)
[2025-10-01 01:28:35Z INFO BrokerMessageListener] Retriable exception: The resource cannot be found.
[2025-10-01 01:28:35Z INFO BrokerMessageListener] Sleeping for 30 seconds before retrying.
[2025-10-01 01:29:05Z INFO BrokerMessageListener] Attempt to create session.
[2025-10-01 01:29:05Z INFO BrokerMessageListener] Connecting to the Broker Server...
[2025-10-01 01:29:05Z INFO ConfigurationStore] HasCredentials()
[2025-10-01 01:29:05Z INFO ConfigurationStore] stored True
[2025-10-01 01:29:05Z INFO CredentialManager] GetCredentialProvider
[2025-10-01 01:29:05Z INFO CredentialManager] Creating type OAuth
[2025-10-01 01:29:05Z INFO CredentialManager] Creating credential type: OAuth
[2025-10-01 01:29:05Z INFO RSAEncryptedFileKeyManager] Loading RSA key parameters from file G:\Brunella\actions-runner\.credentials_rsaparams
[2025-10-01 01:29:05Z INFO BrokerMessageListener] VssConnection created
[2025-10-01 01:29:05Z INFO BrokerMessageListener] Connecting to the Runner server...
[2025-10-01 01:29:05Z INFO RunnerServer] EstablishVssConnection
[2025-10-01 01:29:05Z INFO RunnerServer] Establish connection with 100 seconds timeout.
[2025-10-01 01:29:05Z INFO GitHubActionsService] Starting operation Location.GetConnectionData
[2025-10-01 01:29:05Z INFO RunnerServer] EstablishVssConnection
[2025-10-01 01:29:05Z INFO RunnerServer] Establish connection with 60 seconds timeout.
[2025-10-01 01:29:05Z INFO GitHubActionsService] Starting operation Location.GetConnectionData
[2025-10-01 01:29:05Z INFO RunnerServer] EstablishVssConnection
[2025-10-01 01:29:05Z INFO RunnerServer] Establish connection with 60 seconds timeout.
[2025-10-01 01:29:05Z INFO GitHubActionsService] Starting operation Location.GetConnectionData
[2025-10-01 01:29:06Z ERR  GitHubActionsService] GET request to https://pipelinesghubeus6.actions.githubusercontent.com/hKyNd5hzQTjPqVOxuFp9CyJ2tMUr8ytJJ9FfsFju3bqhBGI0lq/_apis/connectionData?connectOptions=1&lastChangeId=258625537&lastChangeId64=258625537 failed. HTTP Status: NotFound
[2025-10-01 01:29:06Z ERR  GitHubActionsService] GET request to https://pipelinesghubeus6.actions.githubusercontent.com/hKyNd5hzQTjPqVOxuFp9CyJ2tMUr8ytJJ9FfsFju3bqhBGI0lq/_apis/connectionData?connectOptions=1&lastChangeId=258625537&lastChangeId64=258625537 failed. HTTP Status: NotFound
[2025-10-01 01:29:06Z INFO GitHubActionsService] Finished operation Location.GetConnectionData
[2025-10-01 01:29:06Z INFO GitHubActionsService] Finished operation Location.GetConnectionData
[2025-10-01 01:29:06Z INFO RunnerServer] Catch exception during connect. 4 attempt left.
[2025-10-01 01:29:06Z INFO RunnerServer] Catch exception during connect. 4 attempt left.
[2025-10-01 01:29:06Z ERR  RunnerServer] GitHub.Services.WebApi.VssServiceResponseException: The resource cannot be found.
   at GitHub.Services.WebApi.VssHttpClientBase.HandleResponseAsync(HttpResponseMessage response, CancellationToken cancellationToken)
   at GitHub.Services.WebApi.VssHttpClientBase.SendAsync(HttpRequestMessage message, HttpCompletionOption completionOption, Object userState, CancellationToken cancellationToken)
   at GitHub.Services.WebApi.VssHttpClientBase.SendAsync[T](HttpRequestMessage message, Object userState, CancellationToken cancellationToken)
   at GitHub.Services.Location.Client.LocationHttpClient.GetConnectionDataAsync(ConnectOptions connectOptions, Int64 lastChangeId, CancellationToken cancellationToken, Object userState)
   at GitHub.Services.WebApi.Location.VssServerDataProvider.GetConnectionDataAsync(ConnectOptions connectOptions, Int32 lastChangeId, CancellationToken cancellationToken)
   at GitHub.Services.WebApi.Location.VssServerDataProvider.ConnectAsync(ConnectOptions connectOptions, CancellationToken cancellationToken)
   at GitHub.Runner.Common.RunnerService.EstablishVssConnection(Uri serverUrl, VssCredentials credentials, TimeSpan timeout)
[2025-10-01 01:29:06Z ERR  RunnerServer] GitHub.Services.WebApi.VssServiceResponseException: The resource cannot be found.
   at GitHub.Services.WebApi.VssHttpClientBase.HandleResponseAsync(HttpResponseMessage response, CancellationToken cancellationToken)
   at GitHub.Services.WebApi.VssHttpClientBase.SendAsync(HttpRequestMessage message, HttpCompletionOption completionOption, Object userState, CancellationToken cancellationToken)
   at GitHub.Services.WebApi.VssHttpClientBase.SendAsync[T](HttpRequestMessage message, Object userState, CancellationToken cancellationToken)
   at GitHub.Services.Location.Client.LocationHttpClient.GetConnectionDataAsync(ConnectOptions connectOptions, Int64 lastChangeId, CancellationToken cancellationToken, Object userState)
   at GitHub.Services.WebApi.Location.VssServerDataProvider.GetConnectionDataAsync(ConnectOptions connectOptions, Int32 lastChangeId, CancellationToken cancellationToken)
   at GitHub.Services.WebApi.Location.VssServerDataProvider.ConnectAsync(ConnectOptions connectOptions, CancellationToken cancellationToken)
   at GitHub.Runner.Common.RunnerService.EstablishVssConnection(Uri serverUrl, VssCredentials credentials, TimeSpan timeout)
[2025-10-01 01:29:06Z ERR  GitHubActionsService] GET request to https://pipelinesghubeus6.actions.githubusercontent.com/hKyNd5hzQTjPqVOxuFp9CyJ2tMUr8ytJJ9FfsFju3bqhBGI0lq/_apis/connectionData?connectOptions=1&lastChangeId=258625537&lastChangeId64=258625537 failed. HTTP Status: NotFound
[2025-10-01 01:29:06Z INFO GitHubActionsService] Finished operation Location.GetConnectionData
[2025-10-01 01:29:06Z INFO RunnerServer] Catch exception during connect. 4 attempt left.
[2025-10-01 01:29:06Z ERR  RunnerServer] GitHub.Services.WebApi.VssServiceResponseException: The resource cannot be found.
   at GitHub.Services.WebApi.VssHttpClientBase.HandleResponseAsync(HttpResponseMessage response, CancellationToken cancellationToken)
   at GitHub.Services.WebApi.VssHttpClientBase.SendAsync(HttpRequestMessage message, HttpCompletionOption completionOption, Object userState, CancellationToken cancellationToken)
   at GitHub.Services.WebApi.VssHttpClientBase.SendAsync[T](HttpRequestMessage message, Object userState, CancellationToken cancellationToken)
   at GitHub.Services.Location.Client.LocationHttpClient.GetConnectionDataAsync(ConnectOptions connectOptions, Int64 lastChangeId, CancellationToken cancellationToken, Object userState)
   at GitHub.Services.WebApi.Location.VssServerDataProvider.GetConnectionDataAsync(ConnectOptions connectOptions, Int32 lastChangeId, CancellationToken cancellationToken)
   at GitHub.Services.WebApi.Location.VssServerDataProvider.ConnectAsync(ConnectOptions connectOptions, CancellationToken cancellationToken)
   at GitHub.Runner.Common.RunnerService.EstablishVssConnection(Uri serverUrl, VssCredentials credentials, TimeSpan timeout)
[2025-10-01 01:29:06Z INFO GitHubActionsService] Starting operation Location.GetConnectionData
[2025-10-01 01:29:06Z INFO GitHubActionsService] Starting operation Location.GetConnectionData
[2025-10-01 01:29:06Z INFO GitHubActionsService] Starting operation Location.GetConnectionData
[2025-10-01 01:29:06Z ERR  GitHubActionsService] GET request to https://pipelinesghubeus6.actions.githubusercontent.com/hKyNd5hzQTjPqVOxuFp9CyJ2tMUr8ytJJ9FfsFju3bqhBGI0lq/_apis/connectionData?connectOptions=1&lastChangeId=258625537&lastChangeId64=258625537 failed. HTTP Status: NotFound
[2025-10-01 01:29:06Z INFO GitHubActionsService] Finished operation Location.GetConnectionData
[2025-10-01 01:29:06Z INFO RunnerServer] Catch exception during connect. 3 attempt left.
[2025-10-01 01:29:06Z ERR  RunnerServer] GitHub.Services.WebApi.VssServiceResponseException: The resource cannot be found.
   at GitHub.Services.WebApi.VssHttpClientBase.HandleResponseAsync(HttpResponseMessage response, CancellationToken cancellationToken)
   at GitHub.Services.WebApi.VssHttpClientBase.SendAsync(HttpRequestMessage message, HttpCompletionOption completionOption, Object userState, CancellationToken cancellationToken)
   at GitHub.Services.WebApi.VssHttpClientBase.SendAsync[T](HttpRequestMessage message, Object userState, CancellationToken cancellationToken)
   at GitHub.Services.Location.Client.LocationHttpClient.GetConnectionDataAsync(ConnectOptions connectOptions, Int64 lastChangeId, CancellationToken cancellationToken, Object userState)
   at GitHub.Services.WebApi.Location.VssServerDataProvider.GetConnectionDataAsync(ConnectOptions connectOptions, Int32 lastChangeId, CancellationToken cancellationToken)
   at GitHub.Services.WebApi.Location.VssServerDataProvider.ConnectAsync(ConnectOptions connectOptions, CancellationToken cancellationToken)
   at GitHub.Runner.Common.RunnerService.EstablishVssConnection(Uri serverUrl, VssCredentials credentials, TimeSpan timeout)
[2025-10-01 01:29:06Z INFO GitHubActionsService] Starting operation Location.GetConnectionData
[2025-10-01 01:29:06Z ERR  GitHubActionsService] GET request to https://pipelinesghubeus6.actions.githubusercontent.com/hKyNd5hzQTjPqVOxuFp9CyJ2tMUr8ytJJ9FfsFju3bqhBGI0lq/_apis/connectionData?connectOptions=1&lastChangeId=258625537&lastChangeId64=258625537 failed. HTTP Status: NotFound
[2025-10-01 01:29:06Z INFO GitHubActionsService] Finished operation Location.GetConnectionData
[2025-10-01 01:29:06Z INFO RunnerServer] Catch exception during connect. 3 attempt left.
[2025-10-01 01:29:06Z ERR  RunnerServer] GitHub.Services.WebApi.VssServiceResponseException: The resource cannot be found.
   at GitHub.Services.WebApi.VssHttpClientBase.HandleResponseAsync(HttpResponseMessage response, CancellationToken cancellationToken)
   at GitHub.Services.WebApi.VssHttpClientBase.SendAsync(HttpRequestMessage message, HttpCompletionOption completionOption, Object userState, CancellationToken cancellationToken)
   at GitHub.Services.WebApi.VssHttpClientBase.SendAsync[T](HttpRequestMessage message, Object userState, CancellationToken cancellationToken)
   at GitHub.Services.Location.Client.LocationHttpClient.GetConnectionDataAsync(ConnectOptions connectOptions, Int64 lastChangeId, CancellationToken cancellationToken, Object userState)
   at GitHub.Services.WebApi.Location.VssServerDataProvider.GetConnectionDataAsync(ConnectOptions connectOptions, Int32 lastChangeId, CancellationToken cancellationToken)
   at GitHub.Services.WebApi.Location.VssServerDataProvider.ConnectAsync(ConnectOptions connectOptions, CancellationToken cancellationToken)
   at GitHub.Runner.Common.RunnerService.EstablishVssConnection(Uri serverUrl, VssCredentials credentials, TimeSpan timeout)
[2025-10-01 01:29:06Z ERR  GitHubActionsService] GET request to https://pipelinesghubeus6.actions.githubusercontent.com/hKyNd5hzQTjPqVOxuFp9CyJ2tMUr8ytJJ9FfsFju3bqhBGI0lq/_apis/connectionData?connectOptions=1&lastChangeId=258625537&lastChangeId64=258625537 failed. HTTP Status: NotFound
[2025-10-01 01:29:06Z INFO GitHubActionsService] Finished operation Location.GetConnectionData
[2025-10-01 01:29:06Z INFO RunnerServer] Catch exception during connect. 3 attempt left.
[2025-10-01 01:29:06Z ERR  RunnerServer] GitHub.Services.WebApi.VssServiceResponseException: The resource cannot be found.
   at GitHub.Services.WebApi.VssHttpClientBase.HandleResponseAsync(HttpResponseMessage response, CancellationToken cancellationToken)
   at GitHub.Services.WebApi.VssHttpClientBase.SendAsync(HttpRequestMessage message, HttpCompletionOption completionOption, Object userState, CancellationToken cancellationToken)
   at GitHub.Services.WebApi.VssHttpClientBase.SendAsync[T](HttpRequestMessage message, Object userState, CancellationToken cancellationToken)
   at GitHub.Services.Location.Client.LocationHttpClient.GetConnectionDataAsync(ConnectOptions connectOptions, Int64 lastChangeId, CancellationToken cancellationToken, Object userState)
   at GitHub.Services.WebApi.Location.VssServerDataProvider.GetConnectionDataAsync(ConnectOptions connectOptions, Int32 lastChangeId, CancellationToken cancellationToken)
   at GitHub.Services.WebApi.Location.VssServerDataProvider.ConnectAsync(ConnectOptions connectOptions, CancellationToken cancellationToken)
   at GitHub.Runner.Common.RunnerService.EstablishVssConnection(Uri serverUrl, VssCredentials credentials, TimeSpan timeout)
[2025-10-01 01:29:06Z INFO GitHubActionsService] Starting operation Location.GetConnectionData
[2025-10-01 01:29:06Z INFO GitHubActionsService] Starting operation Location.GetConnectionData
[2025-10-01 01:29:07Z ERR  GitHubActionsService] GET request to https://pipelinesghubeus6.actions.githubusercontent.com/hKyNd5hzQTjPqVOxuFp9CyJ2tMUr8ytJJ9FfsFju3bqhBGI0lq/_apis/connectionData?connectOptions=1&lastChangeId=258625537&lastChangeId64=258625537 failed. HTTP Status: NotFound
[2025-10-01 01:29:07Z INFO GitHubActionsService] Finished operation Location.GetConnectionData
[2025-10-01 01:29:07Z INFO RunnerServer] Catch exception during connect. 2 attempt left.
[2025-10-01 01:29:07Z ERR  RunnerServer] GitHub.Services.WebApi.VssServiceResponseException: The resource cannot be found.
   at GitHub.Services.WebApi.VssHttpClientBase.HandleResponseAsync(HttpResponseMessage response, CancellationToken cancellationToken)
   at GitHub.Services.WebApi.VssHttpClientBase.SendAsync(HttpRequestMessage message, HttpCompletionOption completionOption, Object userState, CancellationToken cancellationToken)
   at GitHub.Services.WebApi.VssHttpClientBase.SendAsync[T](HttpRequestMessage message, Object userState, CancellationToken cancellationToken)
   at GitHub.Services.Location.Client.LocationHttpClient.GetConnectionDataAsync(ConnectOptions connectOptions, Int64 lastChangeId, CancellationToken cancellationToken, Object userState)
   at GitHub.Services.WebApi.Location.VssServerDataProvider.GetConnectionDataAsync(ConnectOptions connectOptions, Int32 lastChangeId, CancellationToken cancellationToken)
   at GitHub.Services.WebApi.Location.VssServerDataProvider.ConnectAsync(ConnectOptions connectOptions, CancellationToken cancellationToken)
   at GitHub.Runner.Common.RunnerService.EstablishVssConnection(Uri serverUrl, VssCredentials credentials, TimeSpan timeout)
[2025-10-01 01:29:07Z INFO GitHubActionsService] Starting operation Location.GetConnectionData
[2025-10-01 01:29:07Z ERR  GitHubActionsService] GET request to https://pipelinesghubeus6.actions.githubusercontent.com/hKyNd5hzQTjPqVOxuFp9CyJ2tMUr8ytJJ9FfsFju3bqhBGI0lq/_apis/connectionData?connectOptions=1&lastChangeId=258625537&lastChangeId64=258625537 failed. HTTP Status: NotFound
[2025-10-01 01:29:07Z INFO GitHubActionsService] Finished operation Location.GetConnectionData
[2025-10-01 01:29:07Z INFO RunnerServer] Catch exception during connect. 2 attempt left.
[2025-10-01 01:29:07Z ERR  RunnerServer] GitHub.Services.WebApi.VssServiceResponseException: The resource cannot be found.
   at GitHub.Services.WebApi.VssHttpClientBase.HandleResponseAsync(HttpResponseMessage response, CancellationToken cancellationToken)
   at GitHub.Services.WebApi.VssHttpClientBase.SendAsync(HttpRequestMessage message, HttpCompletionOption completionOption, Object userState, CancellationToken cancellationToken)
   at GitHub.Services.WebApi.VssHttpClientBase.SendAsync[T](HttpRequestMessage message, Object userState, CancellationToken cancellationToken)
   at GitHub.Services.Location.Client.LocationHttpClient.GetConnectionDataAsync(ConnectOptions connectOptions, Int64 lastChangeId, CancellationToken cancellationToken, Object userState)
   at GitHub.Services.WebApi.Location.VssServerDataProvider.GetConnectionDataAsync(ConnectOptions connectOptions, Int32 lastChangeId, CancellationToken cancellationToken)
   at GitHub.Services.WebApi.Location.VssServerDataProvider.ConnectAsync(ConnectOptions connectOptions, CancellationToken cancellationToken)
   at GitHub.Runner.Common.RunnerService.EstablishVssConnection(Uri serverUrl, VssCredentials credentials, TimeSpan timeout)
[2025-10-01 01:29:07Z ERR  GitHubActionsService] GET request to https://pipelinesghubeus6.actions.githubusercontent.com/hKyNd5hzQTjPqVOxuFp9CyJ2tMUr8ytJJ9FfsFju3bqhBGI0lq/_apis/connectionData?connectOptions=1&lastChangeId=258625537&lastChangeId64=258625537 failed. HTTP Status: NotFound
[2025-10-01 01:29:07Z INFO GitHubActionsService] Finished operation Location.GetConnectionData
[2025-10-01 01:29:07Z INFO RunnerServer] Catch exception during connect. 2 attempt left.
[2025-10-01 01:29:07Z ERR  RunnerServer] GitHub.Services.WebApi.VssServiceResponseException: The resource cannot be found.
   at GitHub.Services.WebApi.VssHttpClientBase.HandleResponseAsync(HttpResponseMessage response, CancellationToken cancellationToken)
   at GitHub.Services.WebApi.VssHttpClientBase.SendAsync(HttpRequestMessage message, HttpCompletionOption completionOption, Object userState, CancellationToken cancellationToken)
   at GitHub.Services.WebApi.VssHttpClientBase.SendAsync[T](HttpRequestMessage message, Object userState, CancellationToken cancellationToken)
   at GitHub.Services.Location.Client.LocationHttpClient.GetConnectionDataAsync(ConnectOptions connectOptions, Int64 lastChangeId, CancellationToken cancellationToken, Object userState)
   at GitHub.Services.WebApi.Location.VssServerDataProvider.GetConnectionDataAsync(ConnectOptions connectOptions, Int32 lastChangeId, CancellationToken cancellationToken)
   at GitHub.Services.WebApi.Location.VssServerDataProvider.ConnectAsync(ConnectOptions connectOptions, CancellationToken cancellationToken)
   at GitHub.Runner.Common.RunnerService.EstablishVssConnection(Uri serverUrl, VssCredentials credentials, TimeSpan timeout)
[2025-10-01 01:29:07Z INFO GitHubActionsService] Starting operation Location.GetConnectionData
[2025-10-01 01:29:07Z INFO GitHubActionsService] Starting operation Location.GetConnectionData
[2025-10-01 01:29:08Z ERR  GitHubActionsService] GET request to https://pipelinesghubeus6.actions.githubusercontent.com/hKyNd5hzQTjPqVOxuFp9CyJ2tMUr8ytJJ9FfsFju3bqhBGI0lq/_apis/connectionData?connectOptions=1&lastChangeId=258625537&lastChangeId64=258625537 failed. HTTP Status: NotFound
[2025-10-01 01:29:08Z INFO GitHubActionsService] Finished operation Location.GetConnectionData
[2025-10-01 01:29:08Z INFO RunnerServer] Catch exception during connect. 1 attempt left.
[2025-10-01 01:29:08Z ERR  RunnerServer] GitHub.Services.WebApi.VssServiceResponseException: The resource cannot be found.
   at GitHub.Services.WebApi.VssHttpClientBase.HandleResponseAsync(HttpResponseMessage response, CancellationToken cancellationToken)
   at GitHub.Services.WebApi.VssHttpClientBase.SendAsync(HttpRequestMessage message, HttpCompletionOption completionOption, Object userState, CancellationToken cancellationToken)
   at GitHub.Services.WebApi.VssHttpClientBase.SendAsync[T](HttpRequestMessage message, Object userState, CancellationToken cancellationToken)
   at GitHub.Services.Location.Client.LocationHttpClient.GetConnectionDataAsync(ConnectOptions connectOptions, Int64 lastChangeId, CancellationToken cancellationToken, Object userState)
   at GitHub.Services.WebApi.Location.VssServerDataProvider.GetConnectionDataAsync(ConnectOptions connectOptions, Int32 lastChangeId, CancellationToken cancellationToken)
   at GitHub.Services.WebApi.Location.VssServerDataProvider.ConnectAsync(ConnectOptions connectOptions, CancellationToken cancellationToken)
   at GitHub.Runner.Common.RunnerService.EstablishVssConnection(Uri serverUrl, VssCredentials credentials, TimeSpan timeout)
[2025-10-01 01:29:08Z INFO GitHubActionsService] Starting operation Location.GetConnectionData
[2025-10-01 01:29:08Z ERR  GitHubActionsService] GET request to https://pipelinesghubeus6.actions.githubusercontent.com/hKyNd5hzQTjPqVOxuFp9CyJ2tMUr8ytJJ9FfsFju3bqhBGI0lq/_apis/connectionData?connectOptions=1&lastChangeId=258625537&lastChangeId64=258625537 failed. HTTP Status: NotFound
[2025-10-01 01:29:08Z INFO GitHubActionsService] Finished operation Location.GetConnectionData
[2025-10-01 01:29:08Z INFO RunnerServer] Catch exception during connect. 1 attempt left.
[2025-10-01 01:29:08Z ERR  RunnerServer] GitHub.Services.WebApi.VssServiceResponseException: The resource cannot be found.
   at GitHub.Services.WebApi.VssHttpClientBase.HandleResponseAsync(HttpResponseMessage response, CancellationToken cancellationToken)
   at GitHub.Services.WebApi.VssHttpClientBase.SendAsync(HttpRequestMessage message, HttpCompletionOption completionOption, Object userState, CancellationToken cancellationToken)
   at GitHub.Services.WebApi.VssHttpClientBase.SendAsync[T](HttpRequestMessage message, Object userState, CancellationToken cancellationToken)
   at GitHub.Services.Location.Client.LocationHttpClient.GetConnectionDataAsync(ConnectOptions connectOptions, Int64 lastChangeId, CancellationToken cancellationToken, Object userState)
   at GitHub.Services.WebApi.Location.VssServerDataProvider.GetConnectionDataAsync(ConnectOptions connectOptions, Int32 lastChangeId, CancellationToken cancellationToken)
   at GitHub.Services.WebApi.Location.VssServerDataProvider.ConnectAsync(ConnectOptions connectOptions, CancellationToken cancellationToken)
   at GitHub.Runner.Common.RunnerService.EstablishVssConnection(Uri serverUrl, VssCredentials credentials, TimeSpan timeout)
[2025-10-01 01:29:08Z ERR  GitHubActionsService] GET request to https://pipelinesghubeus6.actions.githubusercontent.com/hKyNd5hzQTjPqVOxuFp9CyJ2tMUr8ytJJ9FfsFju3bqhBGI0lq/_apis/connectionData?connectOptions=1&lastChangeId=258625537&lastChangeId64=258625537 failed. HTTP Status: NotFound
[2025-10-01 01:29:08Z INFO GitHubActionsService] Finished operation Location.GetConnectionData
[2025-10-01 01:29:08Z INFO RunnerServer] Catch exception during connect. 1 attempt left.
[2025-10-01 01:29:08Z ERR  RunnerServer] GitHub.Services.WebApi.VssServiceResponseException: The resource cannot be found.
   at GitHub.Services.WebApi.VssHttpClientBase.HandleResponseAsync(HttpResponseMessage response, CancellationToken cancellationToken)
   at GitHub.Services.WebApi.VssHttpClientBase.SendAsync(HttpRequestMessage message, HttpCompletionOption completionOption, Object userState, CancellationToken cancellationToken)
   at GitHub.Services.WebApi.VssHttpClientBase.SendAsync[T](HttpRequestMessage message, Object userState, CancellationToken cancellationToken)
   at GitHub.Services.Location.Client.LocationHttpClient.GetConnectionDataAsync(ConnectOptions connectOptions, Int64 lastChangeId, CancellationToken cancellationToken, Object userState)
   at GitHub.Services.WebApi.Location.VssServerDataProvider.GetConnectionDataAsync(ConnectOptions connectOptions, Int32 lastChangeId, CancellationToken cancellationToken)
   at GitHub.Services.WebApi.Location.VssServerDataProvider.ConnectAsync(ConnectOptions connectOptions, CancellationToken cancellationToken)
   at GitHub.Runner.Common.RunnerService.EstablishVssConnection(Uri serverUrl, VssCredentials credentials, TimeSpan timeout)
[2025-10-01 01:29:08Z INFO GitHubActionsService] Starting operation Location.GetConnectionData
[2025-10-01 01:29:08Z INFO GitHubActionsService] Starting operation Location.GetConnectionData
[2025-10-01 01:29:09Z ERR  GitHubActionsService] GET request to https://pipelinesghubeus6.actions.githubusercontent.com/hKyNd5hzQTjPqVOxuFp9CyJ2tMUr8ytJJ9FfsFju3bqhBGI0lq/_apis/connectionData?connectOptions=1&lastChangeId=258625537&lastChangeId64=258625537 failed. HTTP Status: NotFound
[2025-10-01 01:29:09Z INFO GitHubActionsService] Finished operation Location.GetConnectionData
[2025-10-01 01:29:09Z ERR  GitHubActionsService] GET request to https://pipelinesghubeus6.actions.githubusercontent.com/hKyNd5hzQTjPqVOxuFp9CyJ2tMUr8ytJJ9FfsFju3bqhBGI0lq/_apis/connectionData?connectOptions=1&lastChangeId=258625537&lastChangeId64=258625537 failed. HTTP Status: NotFound
[2025-10-01 01:29:09Z INFO GitHubActionsService] Finished operation Location.GetConnectionData
[2025-10-01 01:29:09Z ERR  GitHubActionsService] GET request to https://pipelinesghubeus6.actions.githubusercontent.com/hKyNd5hzQTjPqVOxuFp9CyJ2tMUr8ytJJ9FfsFju3bqhBGI0lq/_apis/connectionData?connectOptions=1&lastChangeId=258625537&lastChangeId64=258625537 failed. HTTP Status: NotFound
[2025-10-01 01:29:09Z INFO GitHubActionsService] Finished operation Location.GetConnectionData
[2025-10-01 01:29:09Z ERR  BrokerMessageListener] Catch exception during create session.
[2025-10-01 01:29:09Z ERR  BrokerMessageListener] GitHub.Services.WebApi.VssServiceResponseException: The resource cannot be found.
   at GitHub.Services.WebApi.VssHttpClientBase.HandleResponseAsync(HttpResponseMessage response, CancellationToken cancellationToken)
   at GitHub.Services.WebApi.VssHttpClientBase.SendAsync(HttpRequestMessage message, HttpCompletionOption completionOption, Object userState, CancellationToken cancellationToken)
   at GitHub.Services.WebApi.VssHttpClientBase.SendAsync[T](HttpRequestMessage message, Object userState, CancellationToken cancellationToken)
   at GitHub.Services.Location.Client.LocationHttpClient.GetConnectionDataAsync(ConnectOptions connectOptions, Int64 lastChangeId, CancellationToken cancellationToken, Object userState)
   at GitHub.Services.WebApi.Location.VssServerDataProvider.GetConnectionDataAsync(ConnectOptions connectOptions, Int32 lastChangeId, CancellationToken cancellationToken)
   at GitHub.Services.WebApi.Location.VssServerDataProvider.ConnectAsync(ConnectOptions connectOptions, CancellationToken cancellationToken)
   at GitHub.Runner.Common.RunnerService.EstablishVssConnection(Uri serverUrl, VssCredentials credentials, TimeSpan timeout)
   at GitHub.Runner.Common.RunnerServer.ConnectAsync(Uri serverUrl, VssCredentials credentials)
   at GitHub.Runner.Listener.BrokerMessageListener.CreateSessionAsync(CancellationToken token)
[2025-10-01 01:29:09Z INFO BrokerMessageListener] Retriable exception: The resource cannot be found.
[2025-10-01 01:29:09Z INFO BrokerMessageListener] Sleeping for 30 seconds before retrying.
[2025-10-01 01:29:39Z INFO BrokerMessageListener] Attempt to create session.
[2025-10-01 01:29:39Z INFO BrokerMessageListener] Connecting to the Broker Server...
[2025-10-01 01:29:39Z INFO ConfigurationStore] HasCredentials()
[2025-10-01 01:29:39Z INFO ConfigurationStore] stored True
[2025-10-01 01:29:39Z INFO CredentialManager] GetCredentialProvider
[2025-10-01 01:29:39Z INFO CredentialManager] Creating type OAuth
[2025-10-01 01:29:39Z INFO CredentialManager] Creating credential type: OAuth
[2025-10-01 01:29:39Z INFO RSAEncryptedFileKeyManager] Loading RSA key parameters from file G:\Brunella\actions-runner\.credentials_rsaparams
[2025-10-01 01:29:39Z INFO BrokerMessageListener] VssConnection created
[2025-10-01 01:29:39Z INFO BrokerMessageListener] Connecting to the Runner server...
[2025-10-01 01:29:39Z INFO RunnerServer] EstablishVssConnection
[2025-10-01 01:29:39Z INFO RunnerServer] Establish connection with 100 seconds timeout.
[2025-10-01 01:29:39Z INFO GitHubActionsService] Starting operation Location.GetConnectionData
[2025-10-01 01:29:39Z INFO RunnerServer] EstablishVssConnection
[2025-10-01 01:29:39Z INFO RunnerServer] Establish connection with 60 seconds timeout.
[2025-10-01 01:29:39Z INFO GitHubActionsService] Starting operation Location.GetConnectionData
[2025-10-01 01:29:39Z INFO RunnerServer] EstablishVssConnection
[2025-10-01 01:29:39Z INFO RunnerServer] Establish connection with 60 seconds timeout.
[2025-10-01 01:29:39Z INFO GitHubActionsService] Starting operation Location.GetConnectionData
[2025-10-01 01:29:39Z ERR  GitHubActionsService] GET request to https://pipelinesghubeus6.actions.githubusercontent.com/hKyNd5hzQTjPqVOxuFp9CyJ2tMUr8ytJJ9FfsFju3bqhBGI0lq/_apis/connectionData?connectOptions=1&lastChangeId=258625537&lastChangeId64=258625537 failed. HTTP Status: NotFound
[2025-10-01 01:29:39Z INFO GitHubActionsService] Finished operation Location.GetConnectionData
[2025-10-01 01:29:39Z INFO RunnerServer] Catch exception during connect. 4 attempt left.
[2025-10-01 01:29:39Z ERR  RunnerServer] GitHub.Services.WebApi.VssServiceResponseException: The resource cannot be found.
   at GitHub.Services.WebApi.VssHttpClientBase.HandleResponseAsync(HttpResponseMessage response, CancellationToken cancellationToken)
   at GitHub.Services.WebApi.VssHttpClientBase.SendAsync(HttpRequestMessage message, HttpCompletionOption completionOption, Object userState, CancellationToken cancellationToken)
   at GitHub.Services.WebApi.VssHttpClientBase.SendAsync[T](HttpRequestMessage message, Object userState, CancellationToken cancellationToken)
   at GitHub.Services.Location.Client.LocationHttpClient.GetConnectionDataAsync(ConnectOptions connectOptions, Int64 lastChangeId, CancellationToken cancellationToken, Object userState)
   at GitHub.Services.WebApi.Location.VssServerDataProvider.GetConnectionDataAsync(ConnectOptions connectOptions, Int32 lastChangeId, CancellationToken cancellationToken)
   at GitHub.Services.WebApi.Location.VssServerDataProvider.ConnectAsync(ConnectOptions connectOptions, CancellationToken cancellationToken)
   at GitHub.Runner.Common.RunnerService.EstablishVssConnection(Uri serverUrl, VssCredentials credentials, TimeSpan timeout)
[2025-10-01 01:29:39Z INFO GitHubActionsService] Starting operation Location.GetConnectionData
[2025-10-01 01:29:39Z ERR  GitHubActionsService] GET request to https://pipelinesghubeus6.actions.githubusercontent.com/hKyNd5hzQTjPqVOxuFp9CyJ2tMUr8ytJJ9FfsFju3bqhBGI0lq/_apis/connectionData?connectOptions=1&lastChangeId=258625537&lastChangeId64=258625537 failed. HTTP Status: NotFound
[2025-10-01 01:29:39Z INFO GitHubActionsService] Finished operation Location.GetConnectionData
[2025-10-01 01:29:39Z INFO RunnerServer] Catch exception during connect. 4 attempt left.
[2025-10-01 01:29:39Z ERR  RunnerServer] GitHub.Services.WebApi.VssServiceResponseException: The resource cannot be found.
   at GitHub.Services.WebApi.VssHttpClientBase.HandleResponseAsync(HttpResponseMessage response, CancellationToken cancellationToken)
   at GitHub.Services.WebApi.VssHttpClientBase.SendAsync(HttpRequestMessage message, HttpCompletionOption completionOption, Object userState, CancellationToken cancellationToken)
   at GitHub.Services.WebApi.VssHttpClientBase.SendAsync[T](HttpRequestMessage message, Object userState, CancellationToken cancellationToken)
   at GitHub.Services.Location.Client.LocationHttpClient.GetConnectionDataAsync(ConnectOptions connectOptions, Int64 lastChangeId, CancellationToken cancellationToken, Object userState)
   at GitHub.Services.WebApi.Location.VssServerDataProvider.GetConnectionDataAsync(ConnectOptions connectOptions, Int32 lastChangeId, CancellationToken cancellationToken)
   at GitHub.Services.WebApi.Location.VssServerDataProvider.ConnectAsync(ConnectOptions connectOptions, CancellationToken cancellationToken)
   at GitHub.Runner.Common.RunnerService.EstablishVssConnection(Uri serverUrl, VssCredentials credentials, TimeSpan timeout)
[2025-10-01 01:29:39Z ERR  GitHubActionsService] GET request to https://pipelinesghubeus6.actions.githubusercontent.com/hKyNd5hzQTjPqVOxuFp9CyJ2tMUr8ytJJ9FfsFju3bqhBGI0lq/_apis/connectionData?connectOptions=1&lastChangeId=258625537&lastChangeId64=258625537 failed. HTTP Status: NotFound
[2025-10-01 01:29:39Z INFO GitHubActionsService] Finished operation Location.GetConnectionData
[2025-10-01 01:29:39Z INFO RunnerServer] Catch exception during connect. 4 attempt left.
[2025-10-01 01:29:39Z ERR  RunnerServer] GitHub.Services.WebApi.VssServiceResponseException: The resource cannot be found.
   at GitHub.Services.WebApi.VssHttpClientBase.HandleResponseAsync(HttpResponseMessage response, CancellationToken cancellationToken)
   at GitHub.Services.WebApi.VssHttpClientBase.SendAsync(HttpRequestMessage message, HttpCompletionOption completionOption, Object userState, CancellationToken cancellationToken)
   at GitHub.Services.WebApi.VssHttpClientBase.SendAsync[T](HttpRequestMessage message, Object userState, CancellationToken cancellationToken)
   at GitHub.Services.Location.Client.LocationHttpClient.GetConnectionDataAsync(ConnectOptions connectOptions, Int64 lastChangeId, CancellationToken cancellationToken, Object userState)
   at GitHub.Services.WebApi.Location.VssServerDataProvider.GetConnectionDataAsync(ConnectOptions connectOptions, Int32 lastChangeId, CancellationToken cancellationToken)
   at GitHub.Services.WebApi.Location.VssServerDataProvider.ConnectAsync(ConnectOptions connectOptions, CancellationToken cancellationToken)
   at GitHub.Runner.Common.RunnerService.EstablishVssConnection(Uri serverUrl, VssCredentials credentials, TimeSpan timeout)
[2025-10-01 01:29:39Z INFO GitHubActionsService] Starting operation Location.GetConnectionData
[2025-10-01 01:29:39Z INFO GitHubActionsService] Starting operation Location.GetConnectionData
[2025-10-01 01:29:40Z ERR  GitHubActionsService] GET request to https://pipelinesghubeus6.actions.githubusercontent.com/hKyNd5hzQTjPqVOxuFp9CyJ2tMUr8ytJJ9FfsFju3bqhBGI0lq/_apis/connectionData?connectOptions=1&lastChangeId=258625537&lastChangeId64=258625537 failed. HTTP Status: NotFound
[2025-10-01 01:29:40Z INFO GitHubActionsService] Finished operation Location.GetConnectionData
[2025-10-01 01:29:40Z INFO RunnerServer] Catch exception during connect. 3 attempt left.
[2025-10-01 01:29:40Z ERR  RunnerServer] GitHub.Services.WebApi.VssServiceResponseException: The resource cannot be found.
   at GitHub.Services.WebApi.VssHttpClientBase.HandleResponseAsync(HttpResponseMessage response, CancellationToken cancellationToken)
   at GitHub.Services.WebApi.VssHttpClientBase.SendAsync(HttpRequestMessage message, HttpCompletionOption completionOption, Object userState, CancellationToken cancellationToken)
   at GitHub.Services.WebApi.VssHttpClientBase.SendAsync[T](HttpRequestMessage message, Object userState, CancellationToken cancellationToken)
   at GitHub.Services.Location.Client.LocationHttpClient.GetConnectionDataAsync(ConnectOptions connectOptions, Int64 lastChangeId, CancellationToken cancellationToken, Object userState)
   at GitHub.Services.WebApi.Location.VssServerDataProvider.GetConnectionDataAsync(ConnectOptions connectOptions, Int32 lastChangeId, CancellationToken cancellationToken)
   at GitHub.Services.WebApi.Location.VssServerDataProvider.ConnectAsync(ConnectOptions connectOptions, CancellationToken cancellationToken)
   at GitHub.Runner.Common.RunnerService.EstablishVssConnection(Uri serverUrl, VssCredentials credentials, TimeSpan timeout)
[2025-10-01 01:29:40Z INFO GitHubActionsService] Starting operation Location.GetConnectionData
[2025-10-01 01:29:40Z ERR  GitHubActionsService] GET request to https://pipelinesghubeus6.actions.githubusercontent.com/hKyNd5hzQTjPqVOxuFp9CyJ2tMUr8ytJJ9FfsFju3bqhBGI0lq/_apis/connectionData?connectOptions=1&lastChangeId=258625537&lastChangeId64=258625537 failed. HTTP Status: NotFound
[2025-10-01 01:29:40Z INFO GitHubActionsService] Finished operation Location.GetConnectionData
[2025-10-01 01:29:40Z INFO RunnerServer] Catch exception during connect. 3 attempt left.
[2025-10-01 01:29:40Z ERR  RunnerServer] GitHub.Services.WebApi.VssServiceResponseException: The resource cannot be found.
   at GitHub.Services.WebApi.VssHttpClientBase.HandleResponseAsync(HttpResponseMessage response, CancellationToken cancellationToken)
   at GitHub.Services.WebApi.VssHttpClientBase.SendAsync(HttpRequestMessage message, HttpCompletionOption completionOption, Object userState, CancellationToken cancellationToken)
   at GitHub.Services.WebApi.VssHttpClientBase.SendAsync[T](HttpRequestMessage message, Object userState, CancellationToken cancellationToken)
   at GitHub.Services.Location.Client.LocationHttpClient.GetConnectionDataAsync(ConnectOptions connectOptions, Int64 lastChangeId, CancellationToken cancellationToken, Object userState)
   at GitHub.Services.WebApi.Location.VssServerDataProvider.GetConnectionDataAsync(ConnectOptions connectOptions, Int32 lastChangeId, CancellationToken cancellationToken)
   at GitHub.Services.WebApi.Location.VssServerDataProvider.ConnectAsync(ConnectOptions connectOptions, CancellationToken cancellationToken)
   at GitHub.Runner.Common.RunnerService.EstablishVssConnection(Uri serverUrl, VssCredentials credentials, TimeSpan timeout)
[2025-10-01 01:29:40Z ERR  GitHubActionsService] GET request to https://pipelinesghubeus6.actions.githubusercontent.com/hKyNd5hzQTjPqVOxuFp9CyJ2tMUr8ytJJ9FfsFju3bqhBGI0lq/_apis/connectionData?connectOptions=1&lastChangeId=258625537&lastChangeId64=258625537 failed. HTTP Status: NotFound
[2025-10-01 01:29:40Z INFO GitHubActionsService] Finished operation Location.GetConnectionData
[2025-10-01 01:29:40Z INFO RunnerServer] Catch exception during connect. 3 attempt left.
[2025-10-01 01:29:40Z ERR  RunnerServer] GitHub.Services.WebApi.VssServiceResponseException: The resource cannot be found.
   at GitHub.Services.WebApi.VssHttpClientBase.HandleResponseAsync(HttpResponseMessage response, CancellationToken cancellationToken)
   at GitHub.Services.WebApi.VssHttpClientBase.SendAsync(HttpRequestMessage message, HttpCompletionOption completionOption, Object userState, CancellationToken cancellationToken)
   at GitHub.Services.WebApi.VssHttpClientBase.SendAsync[T](HttpRequestMessage message, Object userState, CancellationToken cancellationToken)
   at GitHub.Services.Location.Client.LocationHttpClient.GetConnectionDataAsync(ConnectOptions connectOptions, Int64 lastChangeId, CancellationToken cancellationToken, Object userState)
   at GitHub.Services.WebApi.Location.VssServerDataProvider.GetConnectionDataAsync(ConnectOptions connectOptions, Int32 lastChangeId, CancellationToken cancellationToken)
   at GitHub.Services.WebApi.Location.VssServerDataProvider.ConnectAsync(ConnectOptions connectOptions, CancellationToken cancellationToken)
   at GitHub.Runner.Common.RunnerService.EstablishVssConnection(Uri serverUrl, VssCredentials credentials, TimeSpan timeout)
[2025-10-01 01:29:40Z INFO GitHubActionsService] Starting operation Location.GetConnectionData
[2025-10-01 01:29:40Z INFO GitHubActionsService] Starting operation Location.GetConnectionData
[2025-10-01 01:29:41Z ERR  GitHubActionsService] GET request to https://pipelinesghubeus6.actions.githubusercontent.com/hKyNd5hzQTjPqVOxuFp9CyJ2tMUr8ytJJ9FfsFju3bqhBGI0lq/_apis/connectionData?connectOptions=1&lastChangeId=258625537&lastChangeId64=258625537 failed. HTTP Status: NotFound
[2025-10-01 01:29:41Z INFO GitHubActionsService] Finished operation Location.GetConnectionData
[2025-10-01 01:29:41Z INFO RunnerServer] Catch exception during connect. 2 attempt left.
[2025-10-01 01:29:41Z ERR  RunnerServer] GitHub.Services.WebApi.VssServiceResponseException: The resource cannot be found.
   at GitHub.Services.WebApi.VssHttpClientBase.HandleResponseAsync(HttpResponseMessage response, CancellationToken cancellationToken)
   at GitHub.Services.WebApi.VssHttpClientBase.SendAsync(HttpRequestMessage message, HttpCompletionOption completionOption, Object userState, CancellationToken cancellationToken)
   at GitHub.Services.WebApi.VssHttpClientBase.SendAsync[T](HttpRequestMessage message, Object userState, CancellationToken cancellationToken)
   at GitHub.Services.Location.Client.LocationHttpClient.GetConnectionDataAsync(ConnectOptions connectOptions, Int64 lastChangeId, CancellationToken cancellationToken, Object userState)
   at GitHub.Services.WebApi.Location.VssServerDataProvider.GetConnectionDataAsync(ConnectOptions connectOptions, Int32 lastChangeId, CancellationToken cancellationToken)
   at GitHub.Services.WebApi.Location.VssServerDataProvider.ConnectAsync(ConnectOptions connectOptions, CancellationToken cancellationToken)
   at GitHub.Runner.Common.RunnerService.EstablishVssConnection(Uri serverUrl, VssCredentials credentials, TimeSpan timeout)
[2025-10-01 01:29:41Z INFO GitHubActionsService] Starting operation Location.GetConnectionData
[2025-10-01 01:29:41Z ERR  GitHubActionsService] GET request to https://pipelinesghubeus6.actions.githubusercontent.com/hKyNd5hzQTjPqVOxuFp9CyJ2tMUr8ytJJ9FfsFju3bqhBGI0lq/_apis/connectionData?connectOptions=1&lastChangeId=258625537&lastChangeId64=258625537 failed. HTTP Status: NotFound
[2025-10-01 01:29:41Z INFO GitHubActionsService] Finished operation Location.GetConnectionData
[2025-10-01 01:29:41Z INFO RunnerServer] Catch exception during connect. 2 attempt left.
[2025-10-01 01:29:41Z ERR  RunnerServer] GitHub.Services.WebApi.VssServiceResponseException: The resource cannot be found.
   at GitHub.Services.WebApi.VssHttpClientBase.HandleResponseAsync(HttpResponseMessage response, CancellationToken cancellationToken)
   at GitHub.Services.WebApi.VssHttpClientBase.SendAsync(HttpRequestMessage message, HttpCompletionOption completionOption, Object userState, CancellationToken cancellationToken)
   at GitHub.Services.WebApi.VssHttpClientBase.SendAsync[T](HttpRequestMessage message, Object userState, CancellationToken cancellationToken)
   at GitHub.Services.Location.Client.LocationHttpClient.GetConnectionDataAsync(ConnectOptions connectOptions, Int64 lastChangeId, CancellationToken cancellationToken, Object userState)
   at GitHub.Services.WebApi.Location.VssServerDataProvider.GetConnectionDataAsync(ConnectOptions connectOptions, Int32 lastChangeId, CancellationToken cancellationToken)
   at GitHub.Services.WebApi.Location.VssServerDataProvider.ConnectAsync(ConnectOptions connectOptions, CancellationToken cancellationToken)
   at GitHub.Runner.Common.RunnerService.EstablishVssConnection(Uri serverUrl, VssCredentials credentials, TimeSpan timeout)
[2025-10-01 01:29:41Z ERR  GitHubActionsService] GET request to https://pipelinesghubeus6.actions.githubusercontent.com/hKyNd5hzQTjPqVOxuFp9CyJ2tMUr8ytJJ9FfsFju3bqhBGI0lq/_apis/connectionData?connectOptions=1&lastChangeId=258625537&lastChangeId64=258625537 failed. HTTP Status: NotFound
[2025-10-01 01:29:41Z INFO GitHubActionsService] Finished operation Location.GetConnectionData
[2025-10-01 01:29:41Z INFO RunnerServer] Catch exception during connect. 2 attempt left.
[2025-10-01 01:29:41Z ERR  RunnerServer] GitHub.Services.WebApi.VssServiceResponseException: The resource cannot be found.
   at GitHub.Services.WebApi.VssHttpClientBase.HandleResponseAsync(HttpResponseMessage response, CancellationToken cancellationToken)
   at GitHub.Services.WebApi.VssHttpClientBase.SendAsync(HttpRequestMessage message, HttpCompletionOption completionOption, Object userState, CancellationToken cancellationToken)
   at GitHub.Services.WebApi.VssHttpClientBase.SendAsync[T](HttpRequestMessage message, Object userState, CancellationToken cancellationToken)
   at GitHub.Services.Location.Client.LocationHttpClient.GetConnectionDataAsync(ConnectOptions connectOptions, Int64 lastChangeId, CancellationToken cancellationToken, Object userState)
   at GitHub.Services.WebApi.Location.VssServerDataProvider.GetConnectionDataAsync(ConnectOptions connectOptions, Int32 lastChangeId, CancellationToken cancellationToken)
   at GitHub.Services.WebApi.Location.VssServerDataProvider.ConnectAsync(ConnectOptions connectOptions, CancellationToken cancellationToken)
   at GitHub.Runner.Common.RunnerService.EstablishVssConnection(Uri serverUrl, VssCredentials credentials, TimeSpan timeout)
[2025-10-01 01:29:41Z INFO GitHubActionsService] Starting operation Location.GetConnectionData
[2025-10-01 01:29:41Z INFO GitHubActionsService] Starting operation Location.GetConnectionData
[2025-10-01 01:29:41Z ERR  GitHubActionsService] GET request to https://pipelinesghubeus6.actions.githubusercontent.com/hKyNd5hzQTjPqVOxuFp9CyJ2tMUr8ytJJ9FfsFju3bqhBGI0lq/_apis/connectionData?connectOptions=1&lastChangeId=258625537&lastChangeId64=258625537 failed. HTTP Status: NotFound
[2025-10-01 01:29:41Z INFO GitHubActionsService] Finished operation Location.GetConnectionData
[2025-10-01 01:29:41Z INFO RunnerServer] Catch exception during connect. 1 attempt left.
[2025-10-01 01:29:41Z ERR  RunnerServer] GitHub.Services.WebApi.VssServiceResponseException: The resource cannot be found.
   at GitHub.Services.WebApi.VssHttpClientBase.HandleResponseAsync(HttpResponseMessage response, CancellationToken cancellationToken)
   at GitHub.Services.WebApi.VssHttpClientBase.SendAsync(HttpRequestMessage message, HttpCompletionOption completionOption, Object userState, CancellationToken cancellationToken)
   at GitHub.Services.WebApi.VssHttpClientBase.SendAsync[T](HttpRequestMessage message, Object userState, CancellationToken cancellationToken)
   at GitHub.Services.Location.Client.LocationHttpClient.GetConnectionDataAsync(ConnectOptions connectOptions, Int64 lastChangeId, CancellationToken cancellationToken, Object userState)
   at GitHub.Services.WebApi.Location.VssServerDataProvider.GetConnectionDataAsync(ConnectOptions connectOptions, Int32 lastChangeId, CancellationToken cancellationToken)
   at GitHub.Services.WebApi.Location.VssServerDataProvider.ConnectAsync(ConnectOptions connectOptions, CancellationToken cancellationToken)
   at GitHub.Runner.Common.RunnerService.EstablishVssConnection(Uri serverUrl, VssCredentials credentials, TimeSpan timeout)
[2025-10-01 01:29:42Z INFO GitHubActionsService] Starting operation Location.GetConnectionData
[2025-10-01 01:29:42Z ERR  GitHubActionsService] GET request to https://pipelinesghubeus6.actions.githubusercontent.com/hKyNd5hzQTjPqVOxuFp9CyJ2tMUr8ytJJ9FfsFju3bqhBGI0lq/_apis/connectionData?connectOptions=1&lastChangeId=258625537&lastChangeId64=258625537 failed. HTTP Status: NotFound
[2025-10-01 01:29:42Z INFO GitHubActionsService] Finished operation Location.GetConnectionData
[2025-10-01 01:29:42Z INFO RunnerServer] Catch exception during connect. 1 attempt left.
[2025-10-01 01:29:42Z ERR  RunnerServer] GitHub.Services.WebApi.VssServiceResponseException: The resource cannot be found.
   at GitHub.Services.WebApi.VssHttpClientBase.HandleResponseAsync(HttpResponseMessage response, CancellationToken cancellationToken)
   at GitHub.Services.WebApi.VssHttpClientBase.SendAsync(HttpRequestMessage message, HttpCompletionOption completionOption, Object userState, CancellationToken cancellationToken)
   at GitHub.Services.WebApi.VssHttpClientBase.SendAsync[T](HttpRequestMessage message, Object userState, CancellationToken cancellationToken)
   at GitHub.Services.Location.Client.LocationHttpClient.GetConnectionDataAsync(ConnectOptions connectOptions, Int64 lastChangeId, CancellationToken cancellationToken, Object userState)
   at GitHub.Services.WebApi.Location.VssServerDataProvider.GetConnectionDataAsync(ConnectOptions connectOptions, Int32 lastChangeId, CancellationToken cancellationToken)
   at GitHub.Services.WebApi.Location.VssServerDataProvider.ConnectAsync(ConnectOptions connectOptions, CancellationToken cancellationToken)
   at GitHub.Runner.Common.RunnerService.EstablishVssConnection(Uri serverUrl, VssCredentials credentials, TimeSpan timeout)
[2025-10-01 01:29:42Z ERR  GitHubActionsService] GET request to https://pipelinesghubeus6.actions.githubusercontent.com/hKyNd5hzQTjPqVOxuFp9CyJ2tMUr8ytJJ9FfsFju3bqhBGI0lq/_apis/connectionData?connectOptions=1&lastChangeId=258625537&lastChangeId64=258625537 failed. HTTP Status: NotFound
[2025-10-01 01:29:42Z INFO GitHubActionsService] Finished operation Location.GetConnectionData
[2025-10-01 01:29:42Z INFO RunnerServer] Catch exception during connect. 1 attempt left.
[2025-10-01 01:29:42Z ERR  RunnerServer] GitHub.Services.WebApi.VssServiceResponseException: The resource cannot be found.
   at GitHub.Services.WebApi.VssHttpClientBase.HandleResponseAsync(HttpResponseMessage response, CancellationToken cancellationToken)
   at GitHub.Services.WebApi.VssHttpClientBase.SendAsync(HttpRequestMessage message, HttpCompletionOption completionOption, Object userState, CancellationToken cancellationToken)
   at GitHub.Services.WebApi.VssHttpClientBase.SendAsync[T](HttpRequestMessage message, Object userState, CancellationToken cancellationToken)
   at GitHub.Services.Location.Client.LocationHttpClient.GetConnectionDataAsync(ConnectOptions connectOptions, Int64 lastChangeId, CancellationToken cancellationToken, Object userState)
   at GitHub.Services.WebApi.Location.VssServerDataProvider.GetConnectionDataAsync(ConnectOptions connectOptions, Int32 lastChangeId, CancellationToken cancellationToken)
   at GitHub.Services.WebApi.Location.VssServerDataProvider.ConnectAsync(ConnectOptions connectOptions, CancellationToken cancellationToken)
   at GitHub.Runner.Common.RunnerService.EstablishVssConnection(Uri serverUrl, VssCredentials credentials, TimeSpan timeout)
[2025-10-01 01:29:42Z INFO GitHubActionsService] Starting operation Location.GetConnectionData
[2025-10-01 01:29:42Z INFO GitHubActionsService] Starting operation Location.GetConnectionData
[2025-10-01 01:29:42Z ERR  GitHubActionsService] GET request to https://pipelinesghubeus6.actions.githubusercontent.com/hKyNd5hzQTjPqVOxuFp9CyJ2tMUr8ytJJ9FfsFju3bqhBGI0lq/_apis/connectionData?connectOptions=1&lastChangeId=258625537&lastChangeId64=258625537 failed. HTTP Status: NotFound
[2025-10-01 01:29:42Z INFO GitHubActionsService] Finished operation Location.GetConnectionData
[2025-10-01 01:29:42Z ERR  GitHubActionsService] GET request to https://pipelinesghubeus6.actions.githubusercontent.com/hKyNd5hzQTjPqVOxuFp9CyJ2tMUr8ytJJ9FfsFju3bqhBGI0lq/_apis/connectionData?connectOptions=1&lastChangeId=258625537&lastChangeId64=258625537 failed. HTTP Status: NotFound
[2025-10-01 01:29:42Z INFO GitHubActionsService] Finished operation Location.GetConnectionData
[2025-10-01 01:29:42Z ERR  GitHubActionsService] GET request to https://pipelinesghubeus6.actions.githubusercontent.com/hKyNd5hzQTjPqVOxuFp9CyJ2tMUr8ytJJ9FfsFju3bqhBGI0lq/_apis/connectionData?connectOptions=1&lastChangeId=258625537&lastChangeId64=258625537 failed. HTTP Status: NotFound
[2025-10-01 01:29:42Z INFO GitHubActionsService] Finished operation Location.GetConnectionData
[2025-10-01 01:29:42Z ERR  BrokerMessageListener] Catch exception during create session.
[2025-10-01 01:29:42Z ERR  BrokerMessageListener] GitHub.Services.WebApi.VssServiceResponseException: The resource cannot be found.
   at GitHub.Services.WebApi.VssHttpClientBase.HandleResponseAsync(HttpResponseMessage response, CancellationToken cancellationToken)
   at GitHub.Services.WebApi.VssHttpClientBase.SendAsync(HttpRequestMessage message, HttpCompletionOption completionOption, Object userState, CancellationToken cancellationToken)
   at GitHub.Services.WebApi.VssHttpClientBase.SendAsync[T](HttpRequestMessage message, Object userState, CancellationToken cancellationToken)
   at GitHub.Services.Location.Client.LocationHttpClient.GetConnectionDataAsync(ConnectOptions connectOptions, Int64 lastChangeId, CancellationToken cancellationToken, Object userState)
   at GitHub.Services.WebApi.Location.VssServerDataProvider.GetConnectionDataAsync(ConnectOptions connectOptions, Int32 lastChangeId, CancellationToken cancellationToken)
   at GitHub.Services.WebApi.Location.VssServerDataProvider.ConnectAsync(ConnectOptions connectOptions, CancellationToken cancellationToken)
   at GitHub.Runner.Common.RunnerService.EstablishVssConnection(Uri serverUrl, VssCredentials credentials, TimeSpan timeout)
   at GitHub.Runner.Common.RunnerServer.ConnectAsync(Uri serverUrl, VssCredentials credentials)
   at GitHub.Runner.Listener.BrokerMessageListener.CreateSessionAsync(CancellationToken token)
[2025-10-01 01:29:42Z INFO BrokerMessageListener] Retriable exception: The resource cannot be found.
[2025-10-01 01:29:42Z INFO BrokerMessageListener] Sleeping for 30 seconds before retrying.
[2025-10-01 01:30:12Z INFO BrokerMessageListener] Attempt to create session.
[2025-10-01 01:30:12Z INFO BrokerMessageListener] Connecting to the Broker Server...
[2025-10-01 01:30:12Z INFO ConfigurationStore] HasCredentials()
[2025-10-01 01:30:12Z INFO ConfigurationStore] stored True
[2025-10-01 01:30:12Z INFO CredentialManager] GetCredentialProvider
[2025-10-01 01:30:12Z INFO CredentialManager] Creating type OAuth
[2025-10-01 01:30:12Z INFO CredentialManager] Creating credential type: OAuth
[2025-10-01 01:30:12Z INFO RSAEncryptedFileKeyManager] Loading RSA key parameters from file G:\Brunella\actions-runner\.credentials_rsaparams
[2025-10-01 01:30:12Z INFO BrokerMessageListener] VssConnection created
[2025-10-01 01:30:12Z INFO BrokerMessageListener] Connecting to the Runner server...
[2025-10-01 01:30:12Z INFO RunnerServer] EstablishVssConnection
[2025-10-01 01:30:12Z INFO RunnerServer] Establish connection with 100 seconds timeout.
[2025-10-01 01:30:12Z INFO GitHubActionsService] Starting operation Location.GetConnectionData
[2025-10-01 01:30:12Z INFO RunnerServer] EstablishVssConnection
[2025-10-01 01:30:12Z INFO RunnerServer] Establish connection with 60 seconds timeout.
[2025-10-01 01:30:12Z INFO GitHubActionsService] Starting operation Location.GetConnectionData
[2025-10-01 01:30:12Z INFO RunnerServer] EstablishVssConnection
[2025-10-01 01:30:12Z INFO RunnerServer] Establish connection with 60 seconds timeout.
[2025-10-01 01:30:12Z INFO GitHubActionsService] Starting operation Location.GetConnectionData
[2025-10-01 01:30:13Z ERR  GitHubActionsService] GET request to https://pipelinesghubeus6.actions.githubusercontent.com/hKyNd5hzQTjPqVOxuFp9CyJ2tMUr8ytJJ9FfsFju3bqhBGI0lq/_apis/connectionData?connectOptions=1&lastChangeId=258625537&lastChangeId64=258625537 failed. HTTP Status: NotFound
[2025-10-01 01:30:13Z INFO GitHubActionsService] Finished operation Location.GetConnectionData
[2025-10-01 01:30:13Z INFO RunnerServer] Catch exception during connect. 4 attempt left.
[2025-10-01 01:30:13Z ERR  RunnerServer] GitHub.Services.WebApi.VssServiceResponseException: The resource cannot be found.
   at GitHub.Services.WebApi.VssHttpClientBase.HandleResponseAsync(HttpResponseMessage response, CancellationToken cancellationToken)
   at GitHub.Services.WebApi.VssHttpClientBase.SendAsync(HttpRequestMessage message, HttpCompletionOption completionOption, Object userState, CancellationToken cancellationToken)
   at GitHub.Services.WebApi.VssHttpClientBase.SendAsync[T](HttpRequestMessage message, Object userState, CancellationToken cancellationToken)
   at GitHub.Services.Location.Client.LocationHttpClient.GetConnectionDataAsync(ConnectOptions connectOptions, Int64 lastChangeId, CancellationToken cancellationToken, Object userState)
   at GitHub.Services.WebApi.Location.VssServerDataProvider.GetConnectionDataAsync(ConnectOptions connectOptions, Int32 lastChangeId, CancellationToken cancellationToken)
   at GitHub.Services.WebApi.Location.VssServerDataProvider.ConnectAsync(ConnectOptions connectOptions, CancellationToken cancellationToken)
   at GitHub.Runner.Common.RunnerService.EstablishVssConnection(Uri serverUrl, VssCredentials credentials, TimeSpan timeout)
[2025-10-01 01:30:13Z INFO GitHubActionsService] Starting operation Location.GetConnectionData
[2025-10-01 01:30:13Z ERR  GitHubActionsService] GET request to https://pipelinesghubeus6.actions.githubusercontent.com/hKyNd5hzQTjPqVOxuFp9CyJ2tMUr8ytJJ9FfsFju3bqhBGI0lq/_apis/connectionData?connectOptions=1&lastChangeId=258625537&lastChangeId64=258625537 failed. HTTP Status: NotFound
[2025-10-01 01:30:13Z INFO GitHubActionsService] Finished operation Location.GetConnectionData
[2025-10-01 01:30:13Z INFO RunnerServer] Catch exception during connect. 4 attempt left.
[2025-10-01 01:30:13Z ERR  GitHubActionsService] GET request to https://pipelinesghubeus6.actions.githubusercontent.com/hKyNd5hzQTjPqVOxuFp9CyJ2tMUr8ytJJ9FfsFju3bqhBGI0lq/_apis/connectionData?connectOptions=1&lastChangeId=258625537&lastChangeId64=258625537 failed. HTTP Status: NotFound
[2025-10-01 01:30:13Z INFO GitHubActionsService] Finished operation Location.GetConnectionData
[2025-10-01 01:30:13Z INFO RunnerServer] Catch exception during connect. 4 attempt left.
[2025-10-01 01:30:13Z ERR  RunnerServer] GitHub.Services.WebApi.VssServiceResponseException: The resource cannot be found.
   at GitHub.Services.WebApi.VssHttpClientBase.HandleResponseAsync(HttpResponseMessage response, CancellationToken cancellationToken)
   at GitHub.Services.WebApi.VssHttpClientBase.SendAsync(HttpRequestMessage message, HttpCompletionOption completionOption, Object userState, CancellationToken cancellationToken)
   at GitHub.Services.WebApi.VssHttpClientBase.SendAsync[T](HttpRequestMessage message, Object userState, CancellationToken cancellationToken)
   at GitHub.Services.Location.Client.LocationHttpClient.GetConnectionDataAsync(ConnectOptions connectOptions, Int64 lastChangeId, CancellationToken cancellationToken, Object userState)
   at GitHub.Services.WebApi.Location.VssServerDataProvider.GetConnectionDataAsync(ConnectOptions connectOptions, Int32 lastChangeId, CancellationToken cancellationToken)
   at GitHub.Services.WebApi.Location.VssServerDataProvider.ConnectAsync(ConnectOptions connectOptions, CancellationToken cancellationToken)
   at GitHub.Runner.Common.RunnerService.EstablishVssConnection(Uri serverUrl, VssCredentials credentials, TimeSpan timeout)
[2025-10-01 01:30:13Z ERR  RunnerServer] GitHub.Services.WebApi.VssServiceResponseException: The resource cannot be found.
   at GitHub.Services.WebApi.VssHttpClientBase.HandleResponseAsync(HttpResponseMessage response, CancellationToken cancellationToken)
   at GitHub.Services.WebApi.VssHttpClientBase.SendAsync(HttpRequestMessage message, HttpCompletionOption completionOption, Object userState, CancellationToken cancellationToken)
   at GitHub.Services.WebApi.VssHttpClientBase.SendAsync[T](HttpRequestMessage message, Object userState, CancellationToken cancellationToken)
   at GitHub.Services.Location.Client.LocationHttpClient.GetConnectionDataAsync(ConnectOptions connectOptions, Int64 lastChangeId, CancellationToken cancellationToken, Object userState)
   at GitHub.Services.WebApi.Location.VssServerDataProvider.GetConnectionDataAsync(ConnectOptions connectOptions, Int32 lastChangeId, CancellationToken cancellationToken)
   at GitHub.Services.WebApi.Location.VssServerDataProvider.ConnectAsync(ConnectOptions connectOptions, CancellationToken cancellationToken)
   at GitHub.Runner.Common.RunnerService.EstablishVssConnection(Uri serverUrl, VssCredentials credentials, TimeSpan timeout)
[2025-10-01 01:30:13Z INFO GitHubActionsService] Starting operation Location.GetConnectionData
[2025-10-01 01:30:13Z INFO GitHubActionsService] Starting operation Location.GetConnectionData
[2025-10-01 01:30:14Z ERR  GitHubActionsService] GET request to https://pipelinesghubeus6.actions.githubusercontent.com/hKyNd5hzQTjPqVOxuFp9CyJ2tMUr8ytJJ9FfsFju3bqhBGI0lq/_apis/connectionData?connectOptions=1&lastChangeId=258625537&lastChangeId64=258625537 failed. HTTP Status: NotFound
[2025-10-01 01:30:14Z INFO GitHubActionsService] Finished operation Location.GetConnectionData
[2025-10-01 01:30:14Z INFO RunnerServer] Catch exception during connect. 3 attempt left.
[2025-10-01 01:30:14Z ERR  RunnerServer] GitHub.Services.WebApi.VssServiceResponseException: The resource cannot be found.
   at GitHub.Services.WebApi.VssHttpClientBase.HandleResponseAsync(HttpResponseMessage response, CancellationToken cancellationToken)
   at GitHub.Services.WebApi.VssHttpClientBase.SendAsync(HttpRequestMessage message, HttpCompletionOption completionOption, Object userState, CancellationToken cancellationToken)
   at GitHub.Services.WebApi.VssHttpClientBase.SendAsync[T](HttpRequestMessage message, Object userState, CancellationToken cancellationToken)
   at GitHub.Services.Location.Client.LocationHttpClient.GetConnectionDataAsync(ConnectOptions connectOptions, Int64 lastChangeId, CancellationToken cancellationToken, Object userState)
   at GitHub.Services.WebApi.Location.VssServerDataProvider.GetConnectionDataAsync(ConnectOptions connectOptions, Int32 lastChangeId, CancellationToken cancellationToken)
   at GitHub.Services.WebApi.Location.VssServerDataProvider.ConnectAsync(ConnectOptions connectOptions, CancellationToken cancellationToken)
   at GitHub.Runner.Common.RunnerService.EstablishVssConnection(Uri serverUrl, VssCredentials credentials, TimeSpan timeout)
[2025-10-01 01:30:14Z ERR  GitHubActionsService] GET request to https://pipelinesghubeus6.actions.githubusercontent.com/hKyNd5hzQTjPqVOxuFp9CyJ2tMUr8ytJJ9FfsFju3bqhBGI0lq/_apis/connectionData?connectOptions=1&lastChangeId=258625537&lastChangeId64=258625537 failed. HTTP Status: NotFound
[2025-10-01 01:30:14Z INFO GitHubActionsService] Finished operation Location.GetConnectionData
[2025-10-01 01:30:14Z INFO RunnerServer] Catch exception during connect. 3 attempt left.
[2025-10-01 01:30:14Z ERR  RunnerServer] GitHub.Services.WebApi.VssServiceResponseException: The resource cannot be found.
   at GitHub.Services.WebApi.VssHttpClientBase.HandleResponseAsync(HttpResponseMessage response, CancellationToken cancellationToken)
   at GitHub.Services.WebApi.VssHttpClientBase.SendAsync(HttpRequestMessage message, HttpCompletionOption completionOption, Object userState, CancellationToken cancellationToken)
   at GitHub.Services.WebApi.VssHttpClientBase.SendAsync[T](HttpRequestMessage message, Object userState, CancellationToken cancellationToken)
   at GitHub.Services.Location.Client.LocationHttpClient.GetConnectionDataAsync(ConnectOptions connectOptions, Int64 lastChangeId, CancellationToken cancellationToken, Object userState)
   at GitHub.Services.WebApi.Location.VssServerDataProvider.GetConnectionDataAsync(ConnectOptions connectOptions, Int32 lastChangeId, CancellationToken cancellationToken)
   at GitHub.Services.WebApi.Location.VssServerDataProvider.ConnectAsync(ConnectOptions connectOptions, CancellationToken cancellationToken)
   at GitHub.Runner.Common.RunnerService.EstablishVssConnection(Uri serverUrl, VssCredentials credentials, TimeSpan timeout)
[2025-10-01 01:30:14Z INFO GitHubActionsService] Starting operation Location.GetConnectionData
[2025-10-01 01:30:14Z INFO GitHubActionsService] Starting operation Location.GetConnectionData
[2025-10-01 01:30:14Z ERR  GitHubActionsService] GET request to https://pipelinesghubeus6.actions.githubusercontent.com/hKyNd5hzQTjPqVOxuFp9CyJ2tMUr8ytJJ9FfsFju3bqhBGI0lq/_apis/connectionData?connectOptions=1&lastChangeId=258625537&lastChangeId64=258625537 failed. HTTP Status: NotFound
[2025-10-01 01:30:14Z INFO GitHubActionsService] Finished operation Location.GetConnectionData
[2025-10-01 01:30:14Z INFO RunnerServer] Catch exception during connect. 3 attempt left.
[2025-10-01 01:30:14Z ERR  RunnerServer] GitHub.Services.WebApi.VssServiceResponseException: The resource cannot be found.
   at GitHub.Services.WebApi.VssHttpClientBase.HandleResponseAsync(HttpResponseMessage response, CancellationToken cancellationToken)
   at GitHub.Services.WebApi.VssHttpClientBase.SendAsync(HttpRequestMessage message, HttpCompletionOption completionOption, Object userState, CancellationToken cancellationToken)
   at GitHub.Services.WebApi.VssHttpClientBase.SendAsync[T](HttpRequestMessage message, Object userState, CancellationToken cancellationToken)
   at GitHub.Services.Location.Client.LocationHttpClient.GetConnectionDataAsync(ConnectOptions connectOptions, Int64 lastChangeId, CancellationToken cancellationToken, Object userState)
   at GitHub.Services.WebApi.Location.VssServerDataProvider.GetConnectionDataAsync(ConnectOptions connectOptions, Int32 lastChangeId, CancellationToken cancellationToken)
   at GitHub.Services.WebApi.Location.VssServerDataProvider.ConnectAsync(ConnectOptions connectOptions, CancellationToken cancellationToken)
   at GitHub.Runner.Common.RunnerService.EstablishVssConnection(Uri serverUrl, VssCredentials credentials, TimeSpan timeout)
[2025-10-01 01:30:14Z INFO GitHubActionsService] Starting operation Location.GetConnectionData
[2025-10-01 01:30:14Z ERR  GitHubActionsService] GET request to https://pipelinesghubeus6.actions.githubusercontent.com/hKyNd5hzQTjPqVOxuFp9CyJ2tMUr8ytJJ9FfsFju3bqhBGI0lq/_apis/connectionData?connectOptions=1&lastChangeId=258625537&lastChangeId64=258625537 failed. HTTP Status: NotFound
[2025-10-01 01:30:14Z INFO GitHubActionsService] Finished operation Location.GetConnectionData
[2025-10-01 01:30:14Z INFO RunnerServer] Catch exception during connect. 2 attempt left.
[2025-10-01 01:30:14Z ERR  GitHubActionsService] GET request to https://pipelinesghubeus6.actions.githubusercontent.com/hKyNd5hzQTjPqVOxuFp9CyJ2tMUr8ytJJ9FfsFju3bqhBGI0lq/_apis/connectionData?connectOptions=1&lastChangeId=258625537&lastChangeId64=258625537 failed. HTTP Status: NotFound
[2025-10-01 01:30:14Z INFO GitHubActionsService] Finished operation Location.GetConnectionData
[2025-10-01 01:30:14Z ERR  RunnerServer] GitHub.Services.WebApi.VssServiceResponseException: The resource cannot be found.
   at GitHub.Services.WebApi.VssHttpClientBase.HandleResponseAsync(HttpResponseMessage response, CancellationToken cancellationToken)
   at GitHub.Services.WebApi.VssHttpClientBase.SendAsync(HttpRequestMessage message, HttpCompletionOption completionOption, Object userState, CancellationToken cancellationToken)
   at GitHub.Services.WebApi.VssHttpClientBase.SendAsync[T](HttpRequestMessage message, Object userState, CancellationToken cancellationToken)
   at GitHub.Services.Location.Client.LocationHttpClient.GetConnectionDataAsync(ConnectOptions connectOptions, Int64 lastChangeId, CancellationToken cancellationToken, Object userState)
   at GitHub.Services.WebApi.Location.VssServerDataProvider.GetConnectionDataAsync(ConnectOptions connectOptions, Int32 lastChangeId, CancellationToken cancellationToken)
   at GitHub.Services.WebApi.Location.VssServerDataProvider.ConnectAsync(ConnectOptions connectOptions, CancellationToken cancellationToken)
   at GitHub.Runner.Common.RunnerService.EstablishVssConnection(Uri serverUrl, VssCredentials credentials, TimeSpan timeout)
[2025-10-01 01:30:14Z INFO RunnerServer] Catch exception during connect. 2 attempt left.
[2025-10-01 01:30:14Z ERR  RunnerServer] GitHub.Services.WebApi.VssServiceResponseException: The resource cannot be found.
   at GitHub.Services.WebApi.VssHttpClientBase.HandleResponseAsync(HttpResponseMessage response, CancellationToken cancellationToken)
   at GitHub.Services.WebApi.VssHttpClientBase.SendAsync(HttpRequestMessage message, HttpCompletionOption completionOption, Object userState, CancellationToken cancellationToken)
   at GitHub.Services.WebApi.VssHttpClientBase.SendAsync[T](HttpRequestMessage message, Object userState, CancellationToken cancellationToken)
   at GitHub.Services.Location.Client.LocationHttpClient.GetConnectionDataAsync(ConnectOptions connectOptions, Int64 lastChangeId, CancellationToken cancellationToken, Object userState)
   at GitHub.Services.WebApi.Location.VssServerDataProvider.GetConnectionDataAsync(ConnectOptions connectOptions, Int32 lastChangeId, CancellationToken cancellationToken)
   at GitHub.Services.WebApi.Location.VssServerDataProvider.ConnectAsync(ConnectOptions connectOptions, CancellationToken cancellationToken)
   at GitHub.Runner.Common.RunnerService.EstablishVssConnection(Uri serverUrl, VssCredentials credentials, TimeSpan timeout)
[2025-10-01 01:30:14Z INFO GitHubActionsService] Starting operation Location.GetConnectionData
[2025-10-01 01:30:14Z INFO GitHubActionsService] Starting operation Location.GetConnectionData
[2025-10-01 01:30:15Z ERR  GitHubActionsService] GET request to https://pipelinesghubeus6.actions.githubusercontent.com/hKyNd5hzQTjPqVOxuFp9CyJ2tMUr8ytJJ9FfsFju3bqhBGI0lq/_apis/connectionData?connectOptions=1&lastChangeId=258625537&lastChangeId64=258625537 failed. HTTP Status: NotFound
[2025-10-01 01:30:15Z INFO GitHubActionsService] Finished operation Location.GetConnectionData
[2025-10-01 01:30:15Z INFO RunnerServer] Catch exception during connect. 2 attempt left.
[2025-10-01 01:30:15Z ERR  RunnerServer] GitHub.Services.WebApi.VssServiceResponseException: The resource cannot be found.
   at GitHub.Services.WebApi.VssHttpClientBase.HandleResponseAsync(HttpResponseMessage response, CancellationToken cancellationToken)
   at GitHub.Services.WebApi.VssHttpClientBase.SendAsync(HttpRequestMessage message, HttpCompletionOption completionOption, Object userState, CancellationToken cancellationToken)
   at GitHub.Services.WebApi.VssHttpClientBase.SendAsync[T](HttpRequestMessage message, Object userState, CancellationToken cancellationToken)
   at GitHub.Services.Location.Client.LocationHttpClient.GetConnectionDataAsync(ConnectOptions connectOptions, Int64 lastChangeId, CancellationToken cancellationToken, Object userState)
   at GitHub.Services.WebApi.Location.VssServerDataProvider.GetConnectionDataAsync(ConnectOptions connectOptions, Int32 lastChangeId, CancellationToken cancellationToken)
   at GitHub.Services.WebApi.Location.VssServerDataProvider.ConnectAsync(ConnectOptions connectOptions, CancellationToken cancellationToken)
   at GitHub.Runner.Common.RunnerService.EstablishVssConnection(Uri serverUrl, VssCredentials credentials, TimeSpan timeout)
[2025-10-01 01:30:15Z INFO GitHubActionsService] Starting operation Location.GetConnectionData
[2025-10-01 01:30:15Z ERR  GitHubActionsService] GET request to https://pipelinesghubeus6.actions.githubusercontent.com/hKyNd5hzQTjPqVOxuFp9CyJ2tMUr8ytJJ9FfsFju3bqhBGI0lq/_apis/connectionData?connectOptions=1&lastChangeId=258625537&lastChangeId64=258625537 failed. HTTP Status: NotFound
[2025-10-01 01:30:15Z INFO GitHubActionsService] Finished operation Location.GetConnectionData
[2025-10-01 01:30:15Z INFO RunnerServer] Catch exception during connect. 1 attempt left.
[2025-10-01 01:30:15Z ERR  GitHubActionsService] GET request to https://pipelinesghubeus6.actions.githubusercontent.com/hKyNd5hzQTjPqVOxuFp9CyJ2tMUr8ytJJ9FfsFju3bqhBGI0lq/_apis/connectionData?connectOptions=1&lastChangeId=258625537&lastChangeId64=258625537 failed. HTTP Status: NotFound
[2025-10-01 01:30:15Z ERR  RunnerServer] GitHub.Services.WebApi.VssServiceResponseException: The resource cannot be found.
   at GitHub.Services.WebApi.VssHttpClientBase.HandleResponseAsync(HttpResponseMessage response, CancellationToken cancellationToken)
   at GitHub.Services.WebApi.VssHttpClientBase.SendAsync(HttpRequestMessage message, HttpCompletionOption completionOption, Object userState, CancellationToken cancellationToken)
   at GitHub.Services.WebApi.VssHttpClientBase.SendAsync[T](HttpRequestMessage message, Object userState, CancellationToken cancellationToken)
   at GitHub.Services.Location.Client.LocationHttpClient.GetConnectionDataAsync(ConnectOptions connectOptions, Int64 lastChangeId, CancellationToken cancellationToken, Object userState)
   at GitHub.Services.WebApi.Location.VssServerDataProvider.GetConnectionDataAsync(ConnectOptions connectOptions, Int32 lastChangeId, CancellationToken cancellationToken)
   at GitHub.Services.WebApi.Location.VssServerDataProvider.ConnectAsync(ConnectOptions connectOptions, CancellationToken cancellationToken)
   at GitHub.Runner.Common.RunnerService.EstablishVssConnection(Uri serverUrl, VssCredentials credentials, TimeSpan timeout)
[2025-10-01 01:30:15Z INFO GitHubActionsService] Finished operation Location.GetConnectionData
[2025-10-01 01:30:15Z INFO RunnerServer] Catch exception during connect. 1 attempt left.
[2025-10-01 01:30:15Z ERR  RunnerServer] GitHub.Services.WebApi.VssServiceResponseException: The resource cannot be found.
   at GitHub.Services.WebApi.VssHttpClientBase.HandleResponseAsync(HttpResponseMessage response, CancellationToken cancellationToken)
   at GitHub.Services.WebApi.VssHttpClientBase.SendAsync(HttpRequestMessage message, HttpCompletionOption completionOption, Object userState, CancellationToken cancellationToken)
   at GitHub.Services.WebApi.VssHttpClientBase.SendAsync[T](HttpRequestMessage message, Object userState, CancellationToken cancellationToken)
   at GitHub.Services.Location.Client.LocationHttpClient.GetConnectionDataAsync(ConnectOptions connectOptions, Int64 lastChangeId, CancellationToken cancellationToken, Object userState)
   at GitHub.Services.WebApi.Location.VssServerDataProvider.GetConnectionDataAsync(ConnectOptions connectOptions, Int32 lastChangeId, CancellationToken cancellationToken)
   at GitHub.Services.WebApi.Location.VssServerDataProvider.ConnectAsync(ConnectOptions connectOptions, CancellationToken cancellationToken)
   at GitHub.Runner.Common.RunnerService.EstablishVssConnection(Uri serverUrl, VssCredentials credentials, TimeSpan timeout)
[2025-10-01 01:30:15Z INFO GitHubActionsService] Starting operation Location.GetConnectionData
[2025-10-01 01:30:15Z INFO GitHubActionsService] Starting operation Location.GetConnectionData
[2025-10-01 01:30:15Z ERR  GitHubActionsService] GET request to https://pipelinesghubeus6.actions.githubusercontent.com/hKyNd5hzQTjPqVOxuFp9CyJ2tMUr8ytJJ9FfsFju3bqhBGI0lq/_apis/connectionData?connectOptions=1&lastChangeId=258625537&lastChangeId64=258625537 failed. HTTP Status: NotFound
[2025-10-01 01:30:15Z INFO GitHubActionsService] Finished operation Location.GetConnectionData
[2025-10-01 01:30:15Z INFO RunnerServer] Catch exception during connect. 1 attempt left.
[2025-10-01 01:30:15Z ERR  RunnerServer] GitHub.Services.WebApi.VssServiceResponseException: The resource cannot be found.
   at GitHub.Services.WebApi.VssHttpClientBase.HandleResponseAsync(HttpResponseMessage response, CancellationToken cancellationToken)
   at GitHub.Services.WebApi.VssHttpClientBase.SendAsync(HttpRequestMessage message, HttpCompletionOption completionOption, Object userState, CancellationToken cancellationToken)
   at GitHub.Services.WebApi.VssHttpClientBase.SendAsync[T](HttpRequestMessage message, Object userState, CancellationToken cancellationToken)
   at GitHub.Services.Location.Client.LocationHttpClient.GetConnectionDataAsync(ConnectOptions connectOptions, Int64 lastChangeId, CancellationToken cancellationToken, Object userState)
   at GitHub.Services.WebApi.Location.VssServerDataProvider.GetConnectionDataAsync(ConnectOptions connectOptions, Int32 lastChangeId, CancellationToken cancellationToken)
   at GitHub.Services.WebApi.Location.VssServerDataProvider.ConnectAsync(ConnectOptions connectOptions, CancellationToken cancellationToken)
   at GitHub.Runner.Common.RunnerService.EstablishVssConnection(Uri serverUrl, VssCredentials credentials, TimeSpan timeout)
[2025-10-01 01:30:15Z INFO GitHubActionsService] Starting operation Location.GetConnectionData
[2025-10-01 01:30:16Z ERR  GitHubActionsService] GET request to https://pipelinesghubeus6.actions.githubusercontent.com/hKyNd5hzQTjPqVOxuFp9CyJ2tMUr8ytJJ9FfsFju3bqhBGI0lq/_apis/connectionData?connectOptions=1&lastChangeId=258625537&lastChangeId64=258625537 failed. HTTP Status: NotFound
[2025-10-01 01:30:16Z INFO GitHubActionsService] Finished operation Location.GetConnectionData
[2025-10-01 01:30:16Z ERR  GitHubActionsService] GET request to https://pipelinesghubeus6.actions.githubusercontent.com/hKyNd5hzQTjPqVOxuFp9CyJ2tMUr8ytJJ9FfsFju3bqhBGI0lq/_apis/connectionData?connectOptions=1&lastChangeId=258625537&lastChangeId64=258625537 failed. HTTP Status: NotFound
[2025-10-01 01:30:16Z INFO GitHubActionsService] Finished operation Location.GetConnectionData
[2025-10-01 01:30:16Z ERR  GitHubActionsService] GET request to https://pipelinesghubeus6.actions.githubusercontent.com/hKyNd5hzQTjPqVOxuFp9CyJ2tMUr8ytJJ9FfsFju3bqhBGI0lq/_apis/connectionData?connectOptions=1&lastChangeId=258625537&lastChangeId64=258625537 failed. HTTP Status: NotFound
[2025-10-01 01:30:16Z INFO GitHubActionsService] Finished operation Location.GetConnectionData
[2025-10-01 01:30:16Z ERR  BrokerMessageListener] Catch exception during create session.
[2025-10-01 01:30:16Z ERR  BrokerMessageListener] GitHub.Services.WebApi.VssServiceResponseException: The resource cannot be found.
   at GitHub.Services.WebApi.VssHttpClientBase.HandleResponseAsync(HttpResponseMessage response, CancellationToken cancellationToken)
   at GitHub.Services.WebApi.VssHttpClientBase.SendAsync(HttpRequestMessage message, HttpCompletionOption completionOption, Object userState, CancellationToken cancellationToken)
   at GitHub.Services.WebApi.VssHttpClientBase.SendAsync[T](HttpRequestMessage message, Object userState, CancellationToken cancellationToken)
   at GitHub.Services.Location.Client.LocationHttpClient.GetConnectionDataAsync(ConnectOptions connectOptions, Int64 lastChangeId, CancellationToken cancellationToken, Object userState)
   at GitHub.Services.WebApi.Location.VssServerDataProvider.GetConnectionDataAsync(ConnectOptions connectOptions, Int32 lastChangeId, CancellationToken cancellationToken)
   at GitHub.Services.WebApi.Location.VssServerDataProvider.ConnectAsync(ConnectOptions connectOptions, CancellationToken cancellationToken)
   at GitHub.Runner.Common.RunnerService.EstablishVssConnection(Uri serverUrl, VssCredentials credentials, TimeSpan timeout)
   at GitHub.Runner.Common.RunnerServer.ConnectAsync(Uri serverUrl, VssCredentials credentials)
   at GitHub.Runner.Listener.BrokerMessageListener.CreateSessionAsync(CancellationToken token)
[2025-10-01 01:30:16Z INFO BrokerMessageListener] Retriable exception: The resource cannot be found.
[2025-10-01 01:30:16Z INFO BrokerMessageListener] Sleeping for 30 seconds before retrying.
[2025-10-01 01:30:46Z INFO BrokerMessageListener] Attempt to create session.
[2025-10-01 01:30:46Z INFO BrokerMessageListener] Connecting to the Broker Server...
[2025-10-01 01:30:46Z INFO ConfigurationStore] HasCredentials()
[2025-10-01 01:30:46Z INFO ConfigurationStore] stored True
[2025-10-01 01:30:46Z INFO CredentialManager] GetCredentialProvider
[2025-10-01 01:30:46Z INFO CredentialManager] Creating type OAuth
[2025-10-01 01:30:46Z INFO CredentialManager] Creating credential type: OAuth
[2025-10-01 01:30:46Z INFO RSAEncryptedFileKeyManager] Loading RSA key parameters from file G:\Brunella\actions-runner\.credentials_rsaparams
[2025-10-01 01:30:46Z INFO BrokerMessageListener] VssConnection created
[2025-10-01 01:30:46Z INFO BrokerMessageListener] Connecting to the Runner server...
[2025-10-01 01:30:46Z INFO RunnerServer] EstablishVssConnection
[2025-10-01 01:30:46Z INFO RunnerServer] Establish connection with 100 seconds timeout.
[2025-10-01 01:30:46Z INFO GitHubActionsService] Starting operation Location.GetConnectionData
[2025-10-01 01:30:46Z INFO RunnerServer] EstablishVssConnection
[2025-10-01 01:30:46Z INFO RunnerServer] Establish connection with 60 seconds timeout.
[2025-10-01 01:30:46Z INFO GitHubActionsService] Starting operation Location.GetConnectionData
[2025-10-01 01:30:46Z INFO RunnerServer] EstablishVssConnection
[2025-10-01 01:30:46Z INFO RunnerServer] Establish connection with 60 seconds timeout.
[2025-10-01 01:30:46Z INFO GitHubActionsService] Starting operation Location.GetConnectionData
[2025-10-01 01:30:47Z ERR  GitHubActionsService] GET request to https://pipelinesghubeus6.actions.githubusercontent.com/hKyNd5hzQTjPqVOxuFp9CyJ2tMUr8ytJJ9FfsFju3bqhBGI0lq/_apis/connectionData?connectOptions=1&lastChangeId=258625537&lastChangeId64=258625537 failed. HTTP Status: NotFound
[2025-10-01 01:30:47Z INFO GitHubActionsService] Finished operation Location.GetConnectionData
[2025-10-01 01:30:47Z INFO RunnerServer] Catch exception during connect. 4 attempt left.
[2025-10-01 01:30:47Z ERR  RunnerServer] GitHub.Services.WebApi.VssServiceResponseException: The resource cannot be found.
   at GitHub.Services.WebApi.VssHttpClientBase.HandleResponseAsync(HttpResponseMessage response, CancellationToken cancellationToken)
   at GitHub.Services.WebApi.VssHttpClientBase.SendAsync(HttpRequestMessage message, HttpCompletionOption completionOption, Object userState, CancellationToken cancellationToken)
   at GitHub.Services.WebApi.VssHttpClientBase.SendAsync[T](HttpRequestMessage message, Object userState, CancellationToken cancellationToken)
   at GitHub.Services.Location.Client.LocationHttpClient.GetConnectionDataAsync(ConnectOptions connectOptions, Int64 lastChangeId, CancellationToken cancellationToken, Object userState)
   at GitHub.Services.WebApi.Location.VssServerDataProvider.GetConnectionDataAsync(ConnectOptions connectOptions, Int32 lastChangeId, CancellationToken cancellationToken)
   at GitHub.Services.WebApi.Location.VssServerDataProvider.ConnectAsync(ConnectOptions connectOptions, CancellationToken cancellationToken)
   at GitHub.Runner.Common.RunnerService.EstablishVssConnection(Uri serverUrl, VssCredentials credentials, TimeSpan timeout)
[2025-10-01 01:30:47Z INFO GitHubActionsService] Starting operation Location.GetConnectionData
[2025-10-01 01:30:47Z ERR  GitHubActionsService] GET request to https://pipelinesghubeus6.actions.githubusercontent.com/hKyNd5hzQTjPqVOxuFp9CyJ2tMUr8ytJJ9FfsFju3bqhBGI0lq/_apis/connectionData?connectOptions=1&lastChangeId=258625537&lastChangeId64=258625537 failed. HTTP Status: NotFound
[2025-10-01 01:30:47Z INFO GitHubActionsService] Finished operation Location.GetConnectionData
[2025-10-01 01:30:47Z INFO RunnerServer] Catch exception during connect. 4 attempt left.
[2025-10-01 01:30:47Z ERR  RunnerServer] GitHub.Services.WebApi.VssServiceResponseException: The resource cannot be found.
   at GitHub.Services.WebApi.VssHttpClientBase.HandleResponseAsync(HttpResponseMessage response, CancellationToken cancellationToken)
   at GitHub.Services.WebApi.VssHttpClientBase.SendAsync(HttpRequestMessage message, HttpCompletionOption completionOption, Object userState, CancellationToken cancellationToken)
   at GitHub.Services.WebApi.VssHttpClientBase.SendAsync[T](HttpRequestMessage message, Object userState, CancellationToken cancellationToken)
   at GitHub.Services.Location.Client.LocationHttpClient.GetConnectionDataAsync(ConnectOptions connectOptions, Int64 lastChangeId, CancellationToken cancellationToken, Object userState)
   at GitHub.Services.WebApi.Location.VssServerDataProvider.GetConnectionDataAsync(ConnectOptions connectOptions, Int32 lastChangeId, CancellationToken cancellationToken)
   at GitHub.Services.WebApi.Location.VssServerDataProvider.ConnectAsync(ConnectOptions connectOptions, CancellationToken cancellationToken)
   at GitHub.Runner.Common.RunnerService.EstablishVssConnection(Uri serverUrl, VssCredentials credentials, TimeSpan timeout)
[2025-10-01 01:30:47Z ERR  GitHubActionsService] GET request to https://pipelinesghubeus6.actions.githubusercontent.com/hKyNd5hzQTjPqVOxuFp9CyJ2tMUr8ytJJ9FfsFju3bqhBGI0lq/_apis/connectionData?connectOptions=1&lastChangeId=258625537&lastChangeId64=258625537 failed. HTTP Status: NotFound
[2025-10-01 01:30:47Z INFO GitHubActionsService] Finished operation Location.GetConnectionData
[2025-10-01 01:30:47Z INFO RunnerServer] Catch exception during connect. 4 attempt left.
[2025-10-01 01:30:47Z ERR  RunnerServer] GitHub.Services.WebApi.VssServiceResponseException: The resource cannot be found.
   at GitHub.Services.WebApi.VssHttpClientBase.HandleResponseAsync(HttpResponseMessage response, CancellationToken cancellationToken)
   at GitHub.Services.WebApi.VssHttpClientBase.SendAsync(HttpRequestMessage message, HttpCompletionOption completionOption, Object userState, CancellationToken cancellationToken)
   at GitHub.Services.WebApi.VssHttpClientBase.SendAsync[T](HttpRequestMessage message, Object userState, CancellationToken cancellationToken)
   at GitHub.Services.Location.Client.LocationHttpClient.GetConnectionDataAsync(ConnectOptions connectOptions, Int64 lastChangeId, CancellationToken cancellationToken, Object userState)
   at GitHub.Services.WebApi.Location.VssServerDataProvider.GetConnectionDataAsync(ConnectOptions connectOptions, Int32 lastChangeId, CancellationToken cancellationToken)
   at GitHub.Services.WebApi.Location.VssServerDataProvider.ConnectAsync(ConnectOptions connectOptions, CancellationToken cancellationToken)
   at GitHub.Runner.Common.RunnerService.EstablishVssConnection(Uri serverUrl, VssCredentials credentials, TimeSpan timeout)
[2025-10-01 01:30:47Z INFO GitHubActionsService] Starting operation Location.GetConnectionData
[2025-10-01 01:30:47Z INFO GitHubActionsService] Starting operation Location.GetConnectionData
[2025-10-01 01:30:47Z ERR  GitHubActionsService] GET request to https://pipelinesghubeus6.actions.githubusercontent.com/hKyNd5hzQTjPqVOxuFp9CyJ2tMUr8ytJJ9FfsFju3bqhBGI0lq/_apis/connectionData?connectOptions=1&lastChangeId=258625537&lastChangeId64=258625537 failed. HTTP Status: NotFound
[2025-10-01 01:30:47Z INFO GitHubActionsService] Finished operation Location.GetConnectionData
[2025-10-01 01:30:47Z INFO RunnerServer] Catch exception during connect. 3 attempt left.
[2025-10-01 01:30:47Z ERR  RunnerServer] GitHub.Services.WebApi.VssServiceResponseException: The resource cannot be found.
   at GitHub.Services.WebApi.VssHttpClientBase.HandleResponseAsync(HttpResponseMessage response, CancellationToken cancellationToken)
   at GitHub.Services.WebApi.VssHttpClientBase.SendAsync(HttpRequestMessage message, HttpCompletionOption completionOption, Object userState, CancellationToken cancellationToken)
   at GitHub.Services.WebApi.VssHttpClientBase.SendAsync[T](HttpRequestMessage message, Object userState, CancellationToken cancellationToken)
   at GitHub.Services.Location.Client.LocationHttpClient.GetConnectionDataAsync(ConnectOptions connectOptions, Int64 lastChangeId, CancellationToken cancellationToken, Object userState)
   at GitHub.Services.WebApi.Location.VssServerDataProvider.GetConnectionDataAsync(ConnectOptions connectOptions, Int32 lastChangeId, CancellationToken cancellationToken)
   at GitHub.Services.WebApi.Location.VssServerDataProvider.ConnectAsync(ConnectOptions connectOptions, CancellationToken cancellationToken)
   at GitHub.Runner.Common.RunnerService.EstablishVssConnection(Uri serverUrl, VssCredentials credentials, TimeSpan timeout)
[2025-10-01 01:30:47Z ERR  GitHubActionsService] GET request to https://pipelinesghubeus6.actions.githubusercontent.com/hKyNd5hzQTjPqVOxuFp9CyJ2tMUr8ytJJ9FfsFju3bqhBGI0lq/_apis/connectionData?connectOptions=1&lastChangeId=258625537&lastChangeId64=258625537 failed. HTTP Status: NotFound
[2025-10-01 01:30:47Z INFO GitHubActionsService] Finished operation Location.GetConnectionData
[2025-10-01 01:30:47Z INFO RunnerServer] Catch exception during connect. 3 attempt left.
[2025-10-01 01:30:47Z ERR  RunnerServer] GitHub.Services.WebApi.VssServiceResponseException: The resource cannot be found.
   at GitHub.Services.WebApi.VssHttpClientBase.HandleResponseAsync(HttpResponseMessage response, CancellationToken cancellationToken)
   at GitHub.Services.WebApi.VssHttpClientBase.SendAsync(HttpRequestMessage message, HttpCompletionOption completionOption, Object userState, CancellationToken cancellationToken)
   at GitHub.Services.WebApi.VssHttpClientBase.SendAsync[T](HttpRequestMessage message, Object userState, CancellationToken cancellationToken)
   at GitHub.Services.Location.Client.LocationHttpClient.GetConnectionDataAsync(ConnectOptions connectOptions, Int64 lastChangeId, CancellationToken cancellationToken, Object userState)
   at GitHub.Services.WebApi.Location.VssServerDataProvider.GetConnectionDataAsync(ConnectOptions connectOptions, Int32 lastChangeId, CancellationToken cancellationToken)
   at GitHub.Services.WebApi.Location.VssServerDataProvider.ConnectAsync(ConnectOptions connectOptions, CancellationToken cancellationToken)
   at GitHub.Runner.Common.RunnerService.EstablishVssConnection(Uri serverUrl, VssCredentials credentials, TimeSpan timeout)
[2025-10-01 01:30:48Z INFO GitHubActionsService] Starting operation Location.GetConnectionData
[2025-10-01 01:30:48Z INFO GitHubActionsService] Starting operation Location.GetConnectionData
[2025-10-01 01:30:48Z ERR  GitHubActionsService] GET request to https://pipelinesghubeus6.actions.githubusercontent.com/hKyNd5hzQTjPqVOxuFp9CyJ2tMUr8ytJJ9FfsFju3bqhBGI0lq/_apis/connectionData?connectOptions=1&lastChangeId=258625537&lastChangeId64=258625537 failed. HTTP Status: NotFound
[2025-10-01 01:30:48Z INFO GitHubActionsService] Finished operation Location.GetConnectionData
[2025-10-01 01:30:48Z INFO RunnerServer] Catch exception during connect. 3 attempt left.
[2025-10-01 01:30:48Z ERR  RunnerServer] GitHub.Services.WebApi.VssServiceResponseException: The resource cannot be found.
   at GitHub.Services.WebApi.VssHttpClientBase.HandleResponseAsync(HttpResponseMessage response, CancellationToken cancellationToken)
   at GitHub.Services.WebApi.VssHttpClientBase.SendAsync(HttpRequestMessage message, HttpCompletionOption completionOption, Object userState, CancellationToken cancellationToken)
   at GitHub.Services.WebApi.VssHttpClientBase.SendAsync[T](HttpRequestMessage message, Object userState, CancellationToken cancellationToken)
   at GitHub.Services.Location.Client.LocationHttpClient.GetConnectionDataAsync(ConnectOptions connectOptions, Int64 lastChangeId, CancellationToken cancellationToken, Object userState)
   at GitHub.Services.WebApi.Location.VssServerDataProvider.GetConnectionDataAsync(ConnectOptions connectOptions, Int32 lastChangeId, CancellationToken cancellationToken)
   at GitHub.Services.WebApi.Location.VssServerDataProvider.ConnectAsync(ConnectOptions connectOptions, CancellationToken cancellationToken)
   at GitHub.Runner.Common.RunnerService.EstablishVssConnection(Uri serverUrl, VssCredentials credentials, TimeSpan timeout)
[2025-10-01 01:30:48Z INFO GitHubActionsService] Starting operation Location.GetConnectionData
[2025-10-01 01:30:48Z ERR  GitHubActionsService] GET request to https://pipelinesghubeus6.actions.githubusercontent.com/hKyNd5hzQTjPqVOxuFp9CyJ2tMUr8ytJJ9FfsFju3bqhBGI0lq/_apis/connectionData?connectOptions=1&lastChangeId=258625537&lastChangeId64=258625537 failed. HTTP Status: NotFound
[2025-10-01 01:30:48Z INFO GitHubActionsService] Finished operation Location.GetConnectionData
[2025-10-01 01:30:48Z INFO RunnerServer] Catch exception during connect. 2 attempt left.
[2025-10-01 01:30:48Z ERR  RunnerServer] GitHub.Services.WebApi.VssServiceResponseException: The resource cannot be found.
   at GitHub.Services.WebApi.VssHttpClientBase.HandleResponseAsync(HttpResponseMessage response, CancellationToken cancellationToken)
   at GitHub.Services.WebApi.VssHttpClientBase.SendAsync(HttpRequestMessage message, HttpCompletionOption completionOption, Object userState, CancellationToken cancellationToken)
   at GitHub.Services.WebApi.VssHttpClientBase.SendAsync[T](HttpRequestMessage message, Object userState, CancellationToken cancellationToken)
   at GitHub.Services.Location.Client.LocationHttpClient.GetConnectionDataAsync(ConnectOptions connectOptions, Int64 lastChangeId, CancellationToken cancellationToken, Object userState)
   at GitHub.Services.WebApi.Location.VssServerDataProvider.GetConnectionDataAsync(ConnectOptions connectOptions, Int32 lastChangeId, CancellationToken cancellationToken)
   at GitHub.Services.WebApi.Location.VssServerDataProvider.ConnectAsync(ConnectOptions connectOptions, CancellationToken cancellationToken)
   at GitHub.Runner.Common.RunnerService.EstablishVssConnection(Uri serverUrl, VssCredentials credentials, TimeSpan timeout)
[2025-10-01 01:30:48Z INFO GitHubActionsService] Starting operation Location.GetConnectionData
[2025-10-01 01:30:48Z ERR  GitHubActionsService] GET request to https://pipelinesghubeus6.actions.githubusercontent.com/hKyNd5hzQTjPqVOxuFp9CyJ2tMUr8ytJJ9FfsFju3bqhBGI0lq/_apis/connectionData?connectOptions=1&lastChangeId=258625537&lastChangeId64=258625537 failed. HTTP Status: NotFound
[2025-10-01 01:30:48Z INFO GitHubActionsService] Finished operation Location.GetConnectionData
[2025-10-01 01:30:48Z INFO RunnerServer] Catch exception during connect. 2 attempt left.
[2025-10-01 01:30:48Z ERR  RunnerServer] GitHub.Services.WebApi.VssServiceResponseException: The resource cannot be found.
   at GitHub.Services.WebApi.VssHttpClientBase.HandleResponseAsync(HttpResponseMessage response, CancellationToken cancellationToken)
   at GitHub.Services.WebApi.VssHttpClientBase.SendAsync(HttpRequestMessage message, HttpCompletionOption completionOption, Object userState, CancellationToken cancellationToken)
   at GitHub.Services.WebApi.VssHttpClientBase.SendAsync[T](HttpRequestMessage message, Object userState, CancellationToken cancellationToken)
   at GitHub.Services.Location.Client.LocationHttpClient.GetConnectionDataAsync(ConnectOptions connectOptions, Int64 lastChangeId, CancellationToken cancellationToken, Object userState)
   at GitHub.Services.WebApi.Location.VssServerDataProvider.GetConnectionDataAsync(ConnectOptions connectOptions, Int32 lastChangeId, CancellationToken cancellationToken)
   at GitHub.Services.WebApi.Location.VssServerDataProvider.ConnectAsync(ConnectOptions connectOptions, CancellationToken cancellationToken)
   at GitHub.Runner.Common.RunnerService.EstablishVssConnection(Uri serverUrl, VssCredentials credentials, TimeSpan timeout)
[2025-10-01 01:30:48Z INFO GitHubActionsService] Starting operation Location.GetConnectionData
[2025-10-01 01:30:48Z ERR  GitHubActionsService] GET request to https://pipelinesghubeus6.actions.githubusercontent.com/hKyNd5hzQTjPqVOxuFp9CyJ2tMUr8ytJJ9FfsFju3bqhBGI0lq/_apis/connectionData?connectOptions=1&lastChangeId=258625537&lastChangeId64=258625537 failed. HTTP Status: NotFound
[2025-10-01 01:30:48Z INFO GitHubActionsService] Finished operation Location.GetConnectionData
[2025-10-01 01:30:48Z INFO RunnerServer] Catch exception during connect. 2 attempt left.
[2025-10-01 01:30:48Z ERR  RunnerServer] GitHub.Services.WebApi.VssServiceResponseException: The resource cannot be found.
   at GitHub.Services.WebApi.VssHttpClientBase.HandleResponseAsync(HttpResponseMessage response, CancellationToken cancellationToken)
   at GitHub.Services.WebApi.VssHttpClientBase.SendAsync(HttpRequestMessage message, HttpCompletionOption completionOption, Object userState, CancellationToken cancellationToken)
   at GitHub.Services.WebApi.VssHttpClientBase.SendAsync[T](HttpRequestMessage message, Object userState, CancellationToken cancellationToken)
   at GitHub.Services.Location.Client.LocationHttpClient.GetConnectionDataAsync(ConnectOptions connectOptions, Int64 lastChangeId, CancellationToken cancellationToken, Object userState)
   at GitHub.Services.WebApi.Location.VssServerDataProvider.GetConnectionDataAsync(ConnectOptions connectOptions, Int32 lastChangeId, CancellationToken cancellationToken)
   at GitHub.Services.WebApi.Location.VssServerDataProvider.ConnectAsync(ConnectOptions connectOptions, CancellationToken cancellationToken)
   at GitHub.Runner.Common.RunnerService.EstablishVssConnection(Uri serverUrl, VssCredentials credentials, TimeSpan timeout)
[2025-10-01 01:30:48Z INFO GitHubActionsService] Starting operation Location.GetConnectionData
[2025-10-01 01:30:49Z ERR  GitHubActionsService] GET request to https://pipelinesghubeus6.actions.githubusercontent.com/hKyNd5hzQTjPqVOxuFp9CyJ2tMUr8ytJJ9FfsFju3bqhBGI0lq/_apis/connectionData?connectOptions=1&lastChangeId=258625537&lastChangeId64=258625537 failed. HTTP Status: NotFound
[2025-10-01 01:30:49Z INFO GitHubActionsService] Finished operation Location.GetConnectionData
[2025-10-01 01:30:49Z INFO RunnerServer] Catch exception during connect. 1 attempt left.
[2025-10-01 01:30:49Z ERR  RunnerServer] GitHub.Services.WebApi.VssServiceResponseException: The resource cannot be found.
   at GitHub.Services.WebApi.VssHttpClientBase.HandleResponseAsync(HttpResponseMessage response, CancellationToken cancellationToken)
   at GitHub.Services.WebApi.VssHttpClientBase.SendAsync(HttpRequestMessage message, HttpCompletionOption completionOption, Object userState, CancellationToken cancellationToken)
   at GitHub.Services.WebApi.VssHttpClientBase.SendAsync[T](HttpRequestMessage message, Object userState, CancellationToken cancellationToken)
   at GitHub.Services.Location.Client.LocationHttpClient.GetConnectionDataAsync(ConnectOptions connectOptions, Int64 lastChangeId, CancellationToken cancellationToken, Object userState)
   at GitHub.Services.WebApi.Location.VssServerDataProvider.GetConnectionDataAsync(ConnectOptions connectOptions, Int32 lastChangeId, CancellationToken cancellationToken)
   at GitHub.Services.WebApi.Location.VssServerDataProvider.ConnectAsync(ConnectOptions connectOptions, CancellationToken cancellationToken)
   at GitHub.Runner.Common.RunnerService.EstablishVssConnection(Uri serverUrl, VssCredentials credentials, TimeSpan timeout)
[2025-10-01 01:30:49Z INFO GitHubActionsService] Starting operation Location.GetConnectionData
[2025-10-01 01:30:49Z ERR  GitHubActionsService] GET request to https://pipelinesghubeus6.actions.githubusercontent.com/hKyNd5hzQTjPqVOxuFp9CyJ2tMUr8ytJJ9FfsFju3bqhBGI0lq/_apis/connectionData?connectOptions=1&lastChangeId=258625537&lastChangeId64=258625537 failed. HTTP Status: NotFound
[2025-10-01 01:30:49Z INFO GitHubActionsService] Finished operation Location.GetConnectionData
[2025-10-01 01:30:49Z INFO RunnerServer] Catch exception during connect. 1 attempt left.
[2025-10-01 01:30:49Z ERR  RunnerServer] GitHub.Services.WebApi.VssServiceResponseException: The resource cannot be found.
   at GitHub.Services.WebApi.VssHttpClientBase.HandleResponseAsync(HttpResponseMessage response, CancellationToken cancellationToken)
   at GitHub.Services.WebApi.VssHttpClientBase.SendAsync(HttpRequestMessage message, HttpCompletionOption completionOption, Object userState, CancellationToken cancellationToken)
   at GitHub.Services.WebApi.VssHttpClientBase.SendAsync[T](HttpRequestMessage message, Object userState, CancellationToken cancellationToken)
   at GitHub.Services.Location.Client.LocationHttpClient.GetConnectionDataAsync(ConnectOptions connectOptions, Int64 lastChangeId, CancellationToken cancellationToken, Object userState)
   at GitHub.Services.WebApi.Location.VssServerDataProvider.GetConnectionDataAsync(ConnectOptions connectOptions, Int32 lastChangeId, CancellationToken cancellationToken)
   at GitHub.Services.WebApi.Location.VssServerDataProvider.ConnectAsync(ConnectOptions connectOptions, CancellationToken cancellationToken)
   at GitHub.Runner.Common.RunnerService.EstablishVssConnection(Uri serverUrl, VssCredentials credentials, TimeSpan timeout)
[2025-10-01 01:30:49Z INFO GitHubActionsService] Starting operation Location.GetConnectionData
[2025-10-01 01:30:49Z ERR  GitHubActionsService] GET request to https://pipelinesghubeus6.actions.githubusercontent.com/hKyNd5hzQTjPqVOxuFp9CyJ2tMUr8ytJJ9FfsFju3bqhBGI0lq/_apis/connectionData?connectOptions=1&lastChangeId=258625537&lastChangeId64=258625537 failed. HTTP Status: NotFound
[2025-10-01 01:30:49Z INFO GitHubActionsService] Finished operation Location.GetConnectionData
[2025-10-01 01:30:49Z INFO RunnerServer] Catch exception during connect. 1 attempt left.
[2025-10-01 01:30:49Z ERR  RunnerServer] GitHub.Services.WebApi.VssServiceResponseException: The resource cannot be found.
   at GitHub.Services.WebApi.VssHttpClientBase.HandleResponseAsync(HttpResponseMessage response, CancellationToken cancellationToken)
   at GitHub.Services.WebApi.VssHttpClientBase.SendAsync(HttpRequestMessage message, HttpCompletionOption completionOption, Object userState, CancellationToken cancellationToken)
   at GitHub.Services.WebApi.VssHttpClientBase.SendAsync[T](HttpRequestMessage message, Object userState, CancellationToken cancellationToken)
   at GitHub.Services.Location.Client.LocationHttpClient.GetConnectionDataAsync(ConnectOptions connectOptions, Int64 lastChangeId, CancellationToken cancellationToken, Object userState)
   at GitHub.Services.WebApi.Location.VssServerDataProvider.GetConnectionDataAsync(ConnectOptions connectOptions, Int32 lastChangeId, CancellationToken cancellationToken)
   at GitHub.Services.WebApi.Location.VssServerDataProvider.ConnectAsync(ConnectOptions connectOptions, CancellationToken cancellationToken)
   at GitHub.Runner.Common.RunnerService.EstablishVssConnection(Uri serverUrl, VssCredentials credentials, TimeSpan timeout)
[2025-10-01 01:30:49Z INFO GitHubActionsService] Starting operation Location.GetConnectionData
[2025-10-01 01:30:50Z ERR  GitHubActionsService] GET request to https://pipelinesghubeus6.actions.githubusercontent.com/hKyNd5hzQTjPqVOxuFp9CyJ2tMUr8ytJJ9FfsFju3bqhBGI0lq/_apis/connectionData?connectOptions=1&lastChangeId=258625537&lastChangeId64=258625537 failed. HTTP Status: NotFound
[2025-10-01 01:30:50Z INFO GitHubActionsService] Finished operation Location.GetConnectionData
[2025-10-01 01:30:50Z ERR  GitHubActionsService] GET request to https://pipelinesghubeus6.actions.githubusercontent.com/hKyNd5hzQTjPqVOxuFp9CyJ2tMUr8ytJJ9FfsFju3bqhBGI0lq/_apis/connectionData?connectOptions=1&lastChangeId=258625537&lastChangeId64=258625537 failed. HTTP Status: NotFound
[2025-10-01 01:30:50Z INFO GitHubActionsService] Finished operation Location.GetConnectionData
[2025-10-01 01:30:50Z ERR  GitHubActionsService] GET request to https://pipelinesghubeus6.actions.githubusercontent.com/hKyNd5hzQTjPqVOxuFp9CyJ2tMUr8ytJJ9FfsFju3bqhBGI0lq/_apis/connectionData?connectOptions=1&lastChangeId=258625537&lastChangeId64=258625537 failed. HTTP Status: NotFound
[2025-10-01 01:30:50Z INFO GitHubActionsService] Finished operation Location.GetConnectionData
[2025-10-01 01:30:50Z ERR  BrokerMessageListener] Catch exception during create session.
[2025-10-01 01:30:50Z ERR  BrokerMessageListener] GitHub.Services.WebApi.VssServiceResponseException: The resource cannot be found.
   at GitHub.Services.WebApi.VssHttpClientBase.HandleResponseAsync(HttpResponseMessage response, CancellationToken cancellationToken)
   at GitHub.Services.WebApi.VssHttpClientBase.SendAsync(HttpRequestMessage message, HttpCompletionOption completionOption, Object userState, CancellationToken cancellationToken)
   at GitHub.Services.WebApi.VssHttpClientBase.SendAsync[T](HttpRequestMessage message, Object userState, CancellationToken cancellationToken)
   at GitHub.Services.Location.Client.LocationHttpClient.GetConnectionDataAsync(ConnectOptions connectOptions, Int64 lastChangeId, CancellationToken cancellationToken, Object userState)
   at GitHub.Services.WebApi.Location.VssServerDataProvider.GetConnectionDataAsync(ConnectOptions connectOptions, Int32 lastChangeId, CancellationToken cancellationToken)
   at GitHub.Services.WebApi.Location.VssServerDataProvider.ConnectAsync(ConnectOptions connectOptions, CancellationToken cancellationToken)
   at GitHub.Runner.Common.RunnerService.EstablishVssConnection(Uri serverUrl, VssCredentials credentials, TimeSpan timeout)
   at GitHub.Runner.Common.RunnerServer.ConnectAsync(Uri serverUrl, VssCredentials credentials)
   at GitHub.Runner.Listener.BrokerMessageListener.CreateSessionAsync(CancellationToken token)
[2025-10-01 01:30:50Z INFO BrokerMessageListener] Retriable exception: The resource cannot be found.
[2025-10-01 01:30:50Z INFO BrokerMessageListener] Sleeping for 30 seconds before retrying.
[2025-10-01 01:31:20Z INFO BrokerMessageListener] Attempt to create session.
[2025-10-01 01:31:20Z INFO BrokerMessageListener] Connecting to the Broker Server...
[2025-10-01 01:31:20Z INFO ConfigurationStore] HasCredentials()
[2025-10-01 01:31:20Z INFO ConfigurationStore] stored True
[2025-10-01 01:31:20Z INFO CredentialManager] GetCredentialProvider
[2025-10-01 01:31:20Z INFO CredentialManager] Creating type OAuth
[2025-10-01 01:31:20Z INFO CredentialManager] Creating credential type: OAuth
[2025-10-01 01:31:20Z INFO RSAEncryptedFileKeyManager] Loading RSA key parameters from file G:\Brunella\actions-runner\.credentials_rsaparams
[2025-10-01 01:31:20Z INFO BrokerMessageListener] VssConnection created
[2025-10-01 01:31:20Z INFO BrokerMessageListener] Connecting to the Runner server...
[2025-10-01 01:31:20Z INFO RunnerServer] EstablishVssConnection
[2025-10-01 01:31:20Z INFO RunnerServer] Establish connection with 100 seconds timeout.
[2025-10-01 01:31:20Z INFO GitHubActionsService] Starting operation Location.GetConnectionData
[2025-10-01 01:31:20Z INFO RunnerServer] EstablishVssConnection
[2025-10-01 01:31:20Z INFO RunnerServer] Establish connection with 60 seconds timeout.
[2025-10-01 01:31:20Z INFO GitHubActionsService] Starting operation Location.GetConnectionData
[2025-10-01 01:31:20Z INFO RunnerServer] EstablishVssConnection
[2025-10-01 01:31:20Z INFO RunnerServer] Establish connection with 60 seconds timeout.
[2025-10-01 01:31:20Z INFO GitHubActionsService] Starting operation Location.GetConnectionData
[2025-10-01 01:31:21Z ERR  GitHubActionsService] GET request to https://pipelinesghubeus6.actions.githubusercontent.com/hKyNd5hzQTjPqVOxuFp9CyJ2tMUr8ytJJ9FfsFju3bqhBGI0lq/_apis/connectionData?connectOptions=1&lastChangeId=258625537&lastChangeId64=258625537 failed. HTTP Status: NotFound
[2025-10-01 01:31:21Z INFO GitHubActionsService] Finished operation Location.GetConnectionData
[2025-10-01 01:31:21Z INFO RunnerServer] Catch exception during connect. 4 attempt left.
[2025-10-01 01:31:21Z ERR  RunnerServer] GitHub.Services.WebApi.VssServiceResponseException: The resource cannot be found.
   at GitHub.Services.WebApi.VssHttpClientBase.HandleResponseAsync(HttpResponseMessage response, CancellationToken cancellationToken)
   at GitHub.Services.WebApi.VssHttpClientBase.SendAsync(HttpRequestMessage message, HttpCompletionOption completionOption, Object userState, CancellationToken cancellationToken)
   at GitHub.Services.WebApi.VssHttpClientBase.SendAsync[T](HttpRequestMessage message, Object userState, CancellationToken cancellationToken)
   at GitHub.Services.Location.Client.LocationHttpClient.GetConnectionDataAsync(ConnectOptions connectOptions, Int64 lastChangeId, CancellationToken cancellationToken, Object userState)
   at GitHub.Services.WebApi.Location.VssServerDataProvider.GetConnectionDataAsync(ConnectOptions connectOptions, Int32 lastChangeId, CancellationToken cancellationToken)
   at GitHub.Services.WebApi.Location.VssServerDataProvider.ConnectAsync(ConnectOptions connectOptions, CancellationToken cancellationToken)
   at GitHub.Runner.Common.RunnerService.EstablishVssConnection(Uri serverUrl, VssCredentials credentials, TimeSpan timeout)
[2025-10-01 01:31:21Z ERR  GitHubActionsService] GET request to https://pipelinesghubeus6.actions.githubusercontent.com/hKyNd5hzQTjPqVOxuFp9CyJ2tMUr8ytJJ9FfsFju3bqhBGI0lq/_apis/connectionData?connectOptions=1&lastChangeId=258625537&lastChangeId64=258625537 failed. HTTP Status: NotFound
[2025-10-01 01:31:21Z INFO GitHubActionsService] Finished operation Location.GetConnectionData
[2025-10-01 01:31:21Z INFO RunnerServer] Catch exception during connect. 4 attempt left.
[2025-10-01 01:31:21Z ERR  RunnerServer] GitHub.Services.WebApi.VssServiceResponseException: The resource cannot be found.
   at GitHub.Services.WebApi.VssHttpClientBase.HandleResponseAsync(HttpResponseMessage response, CancellationToken cancellationToken)
   at GitHub.Services.WebApi.VssHttpClientBase.SendAsync(HttpRequestMessage message, HttpCompletionOption completionOption, Object userState, CancellationToken cancellationToken)
   at GitHub.Services.WebApi.VssHttpClientBase.SendAsync[T](HttpRequestMessage message, Object userState, CancellationToken cancellationToken)
   at GitHub.Services.Location.Client.LocationHttpClient.GetConnectionDataAsync(ConnectOptions connectOptions, Int64 lastChangeId, CancellationToken cancellationToken, Object userState)
   at GitHub.Services.WebApi.Location.VssServerDataProvider.GetConnectionDataAsync(ConnectOptions connectOptions, Int32 lastChangeId, CancellationToken cancellationToken)
   at GitHub.Services.WebApi.Location.VssServerDataProvider.ConnectAsync(ConnectOptions connectOptions, CancellationToken cancellationToken)
   at GitHub.Runner.Common.RunnerService.EstablishVssConnection(Uri serverUrl, VssCredentials credentials, TimeSpan timeout)
[2025-10-01 01:31:21Z ERR  GitHubActionsService] GET request to https://pipelinesghubeus6.actions.githubusercontent.com/hKyNd5hzQTjPqVOxuFp9CyJ2tMUr8ytJJ9FfsFju3bqhBGI0lq/_apis/connectionData?connectOptions=1&lastChangeId=258625537&lastChangeId64=258625537 failed. HTTP Status: NotFound
[2025-10-01 01:31:21Z INFO GitHubActionsService] Finished operation Location.GetConnectionData
[2025-10-01 01:31:21Z INFO RunnerServer] Catch exception during connect. 4 attempt left.
[2025-10-01 01:31:21Z ERR  RunnerServer] GitHub.Services.WebApi.VssServiceResponseException: The resource cannot be found.
   at GitHub.Services.WebApi.VssHttpClientBase.HandleResponseAsync(HttpResponseMessage response, CancellationToken cancellationToken)
   at GitHub.Services.WebApi.VssHttpClientBase.SendAsync(HttpRequestMessage message, HttpCompletionOption completionOption, Object userState, CancellationToken cancellationToken)
   at GitHub.Services.WebApi.VssHttpClientBase.SendAsync[T](HttpRequestMessage message, Object userState, CancellationToken cancellationToken)
   at GitHub.Services.Location.Client.LocationHttpClient.GetConnectionDataAsync(ConnectOptions connectOptions, Int64 lastChangeId, CancellationToken cancellationToken, Object userState)
   at GitHub.Services.WebApi.Location.VssServerDataProvider.GetConnectionDataAsync(ConnectOptions connectOptions, Int32 lastChangeId, CancellationToken cancellationToken)
   at GitHub.Services.WebApi.Location.VssServerDataProvider.ConnectAsync(ConnectOptions connectOptions, CancellationToken cancellationToken)
   at GitHub.Runner.Common.RunnerService.EstablishVssConnection(Uri serverUrl, VssCredentials credentials, TimeSpan timeout)
[2025-10-01 01:31:21Z INFO GitHubActionsService] Starting operation Location.GetConnectionData
[2025-10-01 01:31:21Z INFO GitHubActionsService] Starting operation Location.GetConnectionData
[2025-10-01 01:31:21Z INFO GitHubActionsService] Starting operation Location.GetConnectionData
[2025-10-01 01:31:21Z ERR  GitHubActionsService] GET request to https://pipelinesghubeus6.actions.githubusercontent.com/hKyNd5hzQTjPqVOxuFp9CyJ2tMUr8ytJJ9FfsFju3bqhBGI0lq/_apis/connectionData?connectOptions=1&lastChangeId=258625537&lastChangeId64=258625537 failed. HTTP Status: NotFound
[2025-10-01 01:31:21Z INFO GitHubActionsService] Finished operation Location.GetConnectionData
[2025-10-01 01:31:21Z INFO RunnerServer] Catch exception during connect. 3 attempt left.
[2025-10-01 01:31:21Z ERR  RunnerServer] GitHub.Services.WebApi.VssServiceResponseException: The resource cannot be found.
   at GitHub.Services.WebApi.VssHttpClientBase.HandleResponseAsync(HttpResponseMessage response, CancellationToken cancellationToken)
   at GitHub.Services.WebApi.VssHttpClientBase.SendAsync(HttpRequestMessage message, HttpCompletionOption completionOption, Object userState, CancellationToken cancellationToken)
   at GitHub.Services.WebApi.VssHttpClientBase.SendAsync[T](HttpRequestMessage message, Object userState, CancellationToken cancellationToken)
   at GitHub.Services.Location.Client.LocationHttpClient.GetConnectionDataAsync(ConnectOptions connectOptions, Int64 lastChangeId, CancellationToken cancellationToken, Object userState)
   at GitHub.Services.WebApi.Location.VssServerDataProvider.GetConnectionDataAsync(ConnectOptions connectOptions, Int32 lastChangeId, CancellationToken cancellationToken)
   at GitHub.Services.WebApi.Location.VssServerDataProvider.ConnectAsync(ConnectOptions connectOptions, CancellationToken cancellationToken)
   at GitHub.Runner.Common.RunnerService.EstablishVssConnection(Uri serverUrl, VssCredentials credentials, TimeSpan timeout)
[2025-10-01 01:31:21Z ERR  GitHubActionsService] GET request to https://pipelinesghubeus6.actions.githubusercontent.com/hKyNd5hzQTjPqVOxuFp9CyJ2tMUr8ytJJ9FfsFju3bqhBGI0lq/_apis/connectionData?connectOptions=1&lastChangeId=258625537&lastChangeId64=258625537 failed. HTTP Status: NotFound
[2025-10-01 01:31:21Z INFO GitHubActionsService] Finished operation Location.GetConnectionData
[2025-10-01 01:31:21Z INFO RunnerServer] Catch exception during connect. 3 attempt left.
[2025-10-01 01:31:21Z ERR  RunnerServer] GitHub.Services.WebApi.VssServiceResponseException: The resource cannot be found.
   at GitHub.Services.WebApi.VssHttpClientBase.HandleResponseAsync(HttpResponseMessage response, CancellationToken cancellationToken)
   at GitHub.Services.WebApi.VssHttpClientBase.SendAsync(HttpRequestMessage message, HttpCompletionOption completionOption, Object userState, CancellationToken cancellationToken)
   at GitHub.Services.WebApi.VssHttpClientBase.SendAsync[T](HttpRequestMessage message, Object userState, CancellationToken cancellationToken)
   at GitHub.Services.Location.Client.LocationHttpClient.GetConnectionDataAsync(ConnectOptions connectOptions, Int64 lastChangeId, CancellationToken cancellationToken, Object userState)
   at GitHub.Services.WebApi.Location.VssServerDataProvider.GetConnectionDataAsync(ConnectOptions connectOptions, Int32 lastChangeId, CancellationToken cancellationToken)
   at GitHub.Services.WebApi.Location.VssServerDataProvider.ConnectAsync(ConnectOptions connectOptions, CancellationToken cancellationToken)
   at GitHub.Runner.Common.RunnerService.EstablishVssConnection(Uri serverUrl, VssCredentials credentials, TimeSpan timeout)
[2025-10-01 01:31:21Z ERR  GitHubActionsService] GET request to https://pipelinesghubeus6.actions.githubusercontent.com/hKyNd5hzQTjPqVOxuFp9CyJ2tMUr8ytJJ9FfsFju3bqhBGI0lq/_apis/connectionData?connectOptions=1&lastChangeId=258625537&lastChangeId64=258625537 failed. HTTP Status: NotFound
[2025-10-01 01:31:21Z INFO GitHubActionsService] Finished operation Location.GetConnectionData
[2025-10-01 01:31:21Z INFO RunnerServer] Catch exception during connect. 3 attempt left.
[2025-10-01 01:31:21Z ERR  RunnerServer] GitHub.Services.WebApi.VssServiceResponseException: The resource cannot be found.
   at GitHub.Services.WebApi.VssHttpClientBase.HandleResponseAsync(HttpResponseMessage response, CancellationToken cancellationToken)
   at GitHub.Services.WebApi.VssHttpClientBase.SendAsync(HttpRequestMessage message, HttpCompletionOption completionOption, Object userState, CancellationToken cancellationToken)
   at GitHub.Services.WebApi.VssHttpClientBase.SendAsync[T](HttpRequestMessage message, Object userState, CancellationToken cancellationToken)
   at GitHub.Services.Location.Client.LocationHttpClient.GetConnectionDataAsync(ConnectOptions connectOptions, Int64 lastChangeId, CancellationToken cancellationToken, Object userState)
   at GitHub.Services.WebApi.Location.VssServerDataProvider.GetConnectionDataAsync(ConnectOptions connectOptions, Int32 lastChangeId, CancellationToken cancellationToken)
   at GitHub.Services.WebApi.Location.VssServerDataProvider.ConnectAsync(ConnectOptions connectOptions, CancellationToken cancellationToken)
   at GitHub.Runner.Common.RunnerService.EstablishVssConnection(Uri serverUrl, VssCredentials credentials, TimeSpan timeout)
[2025-10-01 01:31:22Z INFO GitHubActionsService] Starting operation Location.GetConnectionData
[2025-10-01 01:31:22Z INFO GitHubActionsService] Starting operation Location.GetConnectionData
[2025-10-01 01:31:22Z INFO GitHubActionsService] Starting operation Location.GetConnectionData
[2025-10-01 01:31:22Z ERR  GitHubActionsService] GET request to https://pipelinesghubeus6.actions.githubusercontent.com/hKyNd5hzQTjPqVOxuFp9CyJ2tMUr8ytJJ9FfsFju3bqhBGI0lq/_apis/connectionData?connectOptions=1&lastChangeId=258625537&lastChangeId64=258625537 failed. HTTP Status: NotFound
[2025-10-01 01:31:22Z INFO GitHubActionsService] Finished operation Location.GetConnectionData
[2025-10-01 01:31:22Z INFO RunnerServer] Catch exception during connect. 2 attempt left.
[2025-10-01 01:31:22Z ERR  RunnerServer] GitHub.Services.WebApi.VssServiceResponseException: The resource cannot be found.
   at GitHub.Services.WebApi.VssHttpClientBase.HandleResponseAsync(HttpResponseMessage response, CancellationToken cancellationToken)
   at GitHub.Services.WebApi.VssHttpClientBase.SendAsync(HttpRequestMessage message, HttpCompletionOption completionOption, Object userState, CancellationToken cancellationToken)
   at GitHub.Services.WebApi.VssHttpClientBase.SendAsync[T](HttpRequestMessage message, Object userState, CancellationToken cancellationToken)
   at GitHub.Services.Location.Client.LocationHttpClient.GetConnectionDataAsync(ConnectOptions connectOptions, Int64 lastChangeId, CancellationToken cancellationToken, Object userState)
   at GitHub.Services.WebApi.Location.VssServerDataProvider.GetConnectionDataAsync(ConnectOptions connectOptions, Int32 lastChangeId, CancellationToken cancellationToken)
   at GitHub.Services.WebApi.Location.VssServerDataProvider.ConnectAsync(ConnectOptions connectOptions, CancellationToken cancellationToken)
   at GitHub.Runner.Common.RunnerService.EstablishVssConnection(Uri serverUrl, VssCredentials credentials, TimeSpan timeout)
[2025-10-01 01:31:22Z ERR  GitHubActionsService] GET request to https://pipelinesghubeus6.actions.githubusercontent.com/hKyNd5hzQTjPqVOxuFp9CyJ2tMUr8ytJJ9FfsFju3bqhBGI0lq/_apis/connectionData?connectOptions=1&lastChangeId=258625537&lastChangeId64=258625537 failed. HTTP Status: NotFound
[2025-10-01 01:31:22Z INFO GitHubActionsService] Finished operation Location.GetConnectionData
[2025-10-01 01:31:22Z INFO RunnerServer] Catch exception during connect. 2 attempt left.
[2025-10-01 01:31:22Z ERR  RunnerServer] GitHub.Services.WebApi.VssServiceResponseException: The resource cannot be found.
   at GitHub.Services.WebApi.VssHttpClientBase.HandleResponseAsync(HttpResponseMessage response, CancellationToken cancellationToken)
   at GitHub.Services.WebApi.VssHttpClientBase.SendAsync(HttpRequestMessage message, HttpCompletionOption completionOption, Object userState, CancellationToken cancellationToken)
   at GitHub.Services.WebApi.VssHttpClientBase.SendAsync[T](HttpRequestMessage message, Object userState, CancellationToken cancellationToken)
   at GitHub.Services.Location.Client.LocationHttpClient.GetConnectionDataAsync(ConnectOptions connectOptions, Int64 lastChangeId, CancellationToken cancellationToken, Object userState)
   at GitHub.Services.WebApi.Location.VssServerDataProvider.GetConnectionDataAsync(ConnectOptions connectOptions, Int32 lastChangeId, CancellationToken cancellationToken)
   at GitHub.Services.WebApi.Location.VssServerDataProvider.ConnectAsync(ConnectOptions connectOptions, CancellationToken cancellationToken)
   at GitHub.Runner.Common.RunnerService.EstablishVssConnection(Uri serverUrl, VssCredentials credentials, TimeSpan timeout)
[2025-10-01 01:31:22Z ERR  GitHubActionsService] GET request to https://pipelinesghubeus6.actions.githubusercontent.com/hKyNd5hzQTjPqVOxuFp9CyJ2tMUr8ytJJ9FfsFju3bqhBGI0lq/_apis/connectionData?connectOptions=1&lastChangeId=258625537&lastChangeId64=258625537 failed. HTTP Status: NotFound
[2025-10-01 01:31:22Z INFO GitHubActionsService] Finished operation Location.GetConnectionData
[2025-10-01 01:31:22Z INFO RunnerServer] Catch exception during connect. 2 attempt left.
[2025-10-01 01:31:22Z ERR  RunnerServer] GitHub.Services.WebApi.VssServiceResponseException: The resource cannot be found.
   at GitHub.Services.WebApi.VssHttpClientBase.HandleResponseAsync(HttpResponseMessage response, CancellationToken cancellationToken)
   at GitHub.Services.WebApi.VssHttpClientBase.SendAsync(HttpRequestMessage message, HttpCompletionOption completionOption, Object userState, CancellationToken cancellationToken)
   at GitHub.Services.WebApi.VssHttpClientBase.SendAsync[T](HttpRequestMessage message, Object userState, CancellationToken cancellationToken)
   at GitHub.Services.Location.Client.LocationHttpClient.GetConnectionDataAsync(ConnectOptions connectOptions, Int64 lastChangeId, CancellationToken cancellationToken, Object userState)
   at GitHub.Services.WebApi.Location.VssServerDataProvider.GetConnectionDataAsync(ConnectOptions connectOptions, Int32 lastChangeId, CancellationToken cancellationToken)
   at GitHub.Services.WebApi.Location.VssServerDataProvider.ConnectAsync(ConnectOptions connectOptions, CancellationToken cancellationToken)
   at GitHub.Runner.Common.RunnerService.EstablishVssConnection(Uri serverUrl, VssCredentials credentials, TimeSpan timeout)
[2025-10-01 01:31:22Z INFO GitHubActionsService] Starting operation Location.GetConnectionData
[2025-10-01 01:31:22Z INFO GitHubActionsService] Starting operation Location.GetConnectionData
[2025-10-01 01:31:22Z INFO GitHubActionsService] Starting operation Location.GetConnectionData
[2025-10-01 01:31:23Z ERR  GitHubActionsService] GET request to https://pipelinesghubeus6.actions.githubusercontent.com/hKyNd5hzQTjPqVOxuFp9CyJ2tMUr8ytJJ9FfsFju3bqhBGI0lq/_apis/connectionData?connectOptions=1&lastChangeId=258625537&lastChangeId64=258625537 failed. HTTP Status: NotFound
[2025-10-01 01:31:23Z INFO GitHubActionsService] Finished operation Location.GetConnectionData
[2025-10-01 01:31:23Z INFO RunnerServer] Catch exception during connect. 1 attempt left.
[2025-10-01 01:31:23Z ERR  RunnerServer] GitHub.Services.WebApi.VssServiceResponseException: The resource cannot be found.
   at GitHub.Services.WebApi.VssHttpClientBase.HandleResponseAsync(HttpResponseMessage response, CancellationToken cancellationToken)
   at GitHub.Services.WebApi.VssHttpClientBase.SendAsync(HttpRequestMessage message, HttpCompletionOption completionOption, Object userState, CancellationToken cancellationToken)
   at GitHub.Services.WebApi.VssHttpClientBase.SendAsync[T](HttpRequestMessage message, Object userState, CancellationToken cancellationToken)
   at GitHub.Services.Location.Client.LocationHttpClient.GetConnectionDataAsync(ConnectOptions connectOptions, Int64 lastChangeId, CancellationToken cancellationToken, Object userState)
   at GitHub.Services.WebApi.Location.VssServerDataProvider.GetConnectionDataAsync(ConnectOptions connectOptions, Int32 lastChangeId, CancellationToken cancellationToken)
   at GitHub.Services.WebApi.Location.VssServerDataProvider.ConnectAsync(ConnectOptions connectOptions, CancellationToken cancellationToken)
   at GitHub.Runner.Common.RunnerService.EstablishVssConnection(Uri serverUrl, VssCredentials credentials, TimeSpan timeout)
[2025-10-01 01:31:23Z INFO GitHubActionsService] Starting operation Location.GetConnectionData
[2025-10-01 01:31:23Z ERR  GitHubActionsService] GET request to https://pipelinesghubeus6.actions.githubusercontent.com/hKyNd5hzQTjPqVOxuFp9CyJ2tMUr8ytJJ9FfsFju3bqhBGI0lq/_apis/connectionData?connectOptions=1&lastChangeId=258625537&lastChangeId64=258625537 failed. HTTP Status: NotFound
[2025-10-01 01:31:23Z INFO GitHubActionsService] Finished operation Location.GetConnectionData
[2025-10-01 01:31:23Z INFO RunnerServer] Catch exception during connect. 1 attempt left.
[2025-10-01 01:31:23Z ERR  RunnerServer] GitHub.Services.WebApi.VssServiceResponseException: The resource cannot be found.
   at GitHub.Services.WebApi.VssHttpClientBase.HandleResponseAsync(HttpResponseMessage response, CancellationToken cancellationToken)
   at GitHub.Services.WebApi.VssHttpClientBase.SendAsync(HttpRequestMessage message, HttpCompletionOption completionOption, Object userState, CancellationToken cancellationToken)
   at GitHub.Services.WebApi.VssHttpClientBase.SendAsync[T](HttpRequestMessage message, Object userState, CancellationToken cancellationToken)
   at GitHub.Services.Location.Client.LocationHttpClient.GetConnectionDataAsync(ConnectOptions connectOptions, Int64 lastChangeId, CancellationToken cancellationToken, Object userState)
   at GitHub.Services.WebApi.Location.VssServerDataProvider.GetConnectionDataAsync(ConnectOptions connectOptions, Int32 lastChangeId, CancellationToken cancellationToken)
   at GitHub.Services.WebApi.Location.VssServerDataProvider.ConnectAsync(ConnectOptions connectOptions, CancellationToken cancellationToken)
   at GitHub.Runner.Common.RunnerService.EstablishVssConnection(Uri serverUrl, VssCredentials credentials, TimeSpan timeout)
[2025-10-01 01:31:23Z ERR  GitHubActionsService] GET request to https://pipelinesghubeus6.actions.githubusercontent.com/hKyNd5hzQTjPqVOxuFp9CyJ2tMUr8ytJJ9FfsFju3bqhBGI0lq/_apis/connectionData?connectOptions=1&lastChangeId=258625537&lastChangeId64=258625537 failed. HTTP Status: NotFound
[2025-10-01 01:31:23Z INFO GitHubActionsService] Finished operation Location.GetConnectionData
[2025-10-01 01:31:23Z INFO RunnerServer] Catch exception during connect. 1 attempt left.
[2025-10-01 01:31:23Z ERR  RunnerServer] GitHub.Services.WebApi.VssServiceResponseException: The resource cannot be found.
   at GitHub.Services.WebApi.VssHttpClientBase.HandleResponseAsync(HttpResponseMessage response, CancellationToken cancellationToken)
   at GitHub.Services.WebApi.VssHttpClientBase.SendAsync(HttpRequestMessage message, HttpCompletionOption completionOption, Object userState, CancellationToken cancellationToken)
   at GitHub.Services.WebApi.VssHttpClientBase.SendAsync[T](HttpRequestMessage message, Object userState, CancellationToken cancellationToken)
   at GitHub.Services.Location.Client.LocationHttpClient.GetConnectionDataAsync(ConnectOptions connectOptions, Int64 lastChangeId, CancellationToken cancellationToken, Object userState)
   at GitHub.Services.WebApi.Location.VssServerDataProvider.GetConnectionDataAsync(ConnectOptions connectOptions, Int32 lastChangeId, CancellationToken cancellationToken)
   at GitHub.Services.WebApi.Location.VssServerDataProvider.ConnectAsync(ConnectOptions connectOptions, CancellationToken cancellationToken)
   at GitHub.Runner.Common.RunnerService.EstablishVssConnection(Uri serverUrl, VssCredentials credentials, TimeSpan timeout)
[2025-10-01 01:31:23Z INFO GitHubActionsService] Starting operation Location.GetConnectionData
[2025-10-01 01:31:23Z INFO GitHubActionsService] Starting operation Location.GetConnectionData
[2025-10-01 01:31:24Z ERR  GitHubActionsService] GET request to https://pipelinesghubeus6.actions.githubusercontent.com/hKyNd5hzQTjPqVOxuFp9CyJ2tMUr8ytJJ9FfsFju3bqhBGI0lq/_apis/connectionData?connectOptions=1&lastChangeId=258625537&lastChangeId64=258625537 failed. HTTP Status: NotFound
[2025-10-01 01:31:24Z INFO GitHubActionsService] Finished operation Location.GetConnectionData
[2025-10-01 01:31:24Z ERR  GitHubActionsService] GET request to https://pipelinesghubeus6.actions.githubusercontent.com/hKyNd5hzQTjPqVOxuFp9CyJ2tMUr8ytJJ9FfsFju3bqhBGI0lq/_apis/connectionData?connectOptions=1&lastChangeId=258625537&lastChangeId64=258625537 failed. HTTP Status: NotFound
[2025-10-01 01:31:24Z INFO GitHubActionsService] Finished operation Location.GetConnectionData
[2025-10-01 01:31:24Z ERR  GitHubActionsService] GET request to https://pipelinesghubeus6.actions.githubusercontent.com/hKyNd5hzQTjPqVOxuFp9CyJ2tMUr8ytJJ9FfsFju3bqhBGI0lq/_apis/connectionData?connectOptions=1&lastChangeId=258625537&lastChangeId64=258625537 failed. HTTP Status: NotFound
[2025-10-01 01:31:24Z INFO GitHubActionsService] Finished operation Location.GetConnectionData
[2025-10-01 01:31:24Z ERR  BrokerMessageListener] Catch exception during create session.
[2025-10-01 01:31:24Z ERR  BrokerMessageListener] GitHub.Services.WebApi.VssServiceResponseException: The resource cannot be found.
   at GitHub.Services.WebApi.VssHttpClientBase.HandleResponseAsync(HttpResponseMessage response, CancellationToken cancellationToken)
   at GitHub.Services.WebApi.VssHttpClientBase.SendAsync(HttpRequestMessage message, HttpCompletionOption completionOption, Object userState, CancellationToken cancellationToken)
   at GitHub.Services.WebApi.VssHttpClientBase.SendAsync[T](HttpRequestMessage message, Object userState, CancellationToken cancellationToken)
   at GitHub.Services.Location.Client.LocationHttpClient.GetConnectionDataAsync(ConnectOptions connectOptions, Int64 lastChangeId, CancellationToken cancellationToken, Object userState)
   at GitHub.Services.WebApi.Location.VssServerDataProvider.GetConnectionDataAsync(ConnectOptions connectOptions, Int32 lastChangeId, CancellationToken cancellationToken)
   at GitHub.Services.WebApi.Location.VssServerDataProvider.ConnectAsync(ConnectOptions connectOptions, CancellationToken cancellationToken)
   at GitHub.Runner.Common.RunnerService.EstablishVssConnection(Uri serverUrl, VssCredentials credentials, TimeSpan timeout)
   at GitHub.Runner.Common.RunnerServer.ConnectAsync(Uri serverUrl, VssCredentials credentials)
   at GitHub.Runner.Listener.BrokerMessageListener.CreateSessionAsync(CancellationToken token)
[2025-10-01 01:31:24Z INFO BrokerMessageListener] Retriable exception: The resource cannot be found.
[2025-10-01 01:31:24Z INFO BrokerMessageListener] Sleeping for 30 seconds before retrying.
[2025-10-01 01:31:54Z INFO BrokerMessageListener] Attempt to create session.
[2025-10-01 01:31:54Z INFO BrokerMessageListener] Connecting to the Broker Server...
[2025-10-01 01:31:54Z INFO ConfigurationStore] HasCredentials()
[2025-10-01 01:31:54Z INFO ConfigurationStore] stored True
[2025-10-01 01:31:54Z INFO CredentialManager] GetCredentialProvider
[2025-10-01 01:31:54Z INFO CredentialManager] Creating type OAuth
[2025-10-01 01:31:54Z INFO CredentialManager] Creating credential type: OAuth
[2025-10-01 01:31:54Z INFO RSAEncryptedFileKeyManager] Loading RSA key parameters from file G:\Brunella\actions-runner\.credentials_rsaparams
[2025-10-01 01:31:54Z INFO BrokerMessageListener] VssConnection created
[2025-10-01 01:31:54Z INFO BrokerMessageListener] Connecting to the Runner server...
[2025-10-01 01:31:54Z INFO RunnerServer] EstablishVssConnection
[2025-10-01 01:31:54Z INFO RunnerServer] Establish connection with 100 seconds timeout.
[2025-10-01 01:31:54Z INFO GitHubActionsService] Starting operation Location.GetConnectionData
[2025-10-01 01:31:54Z INFO RunnerServer] EstablishVssConnection
[2025-10-01 01:31:54Z INFO RunnerServer] Establish connection with 60 seconds timeout.
[2025-10-01 01:31:54Z INFO GitHubActionsService] Starting operation Location.GetConnectionData
[2025-10-01 01:31:54Z INFO RunnerServer] EstablishVssConnection
[2025-10-01 01:31:54Z INFO RunnerServer] Establish connection with 60 seconds timeout.
[2025-10-01 01:31:54Z INFO GitHubActionsService] Starting operation Location.GetConnectionData
[2025-10-01 01:31:54Z ERR  GitHubActionsService] GET request to https://pipelinesghubeus6.actions.githubusercontent.com/hKyNd5hzQTjPqVOxuFp9CyJ2tMUr8ytJJ9FfsFju3bqhBGI0lq/_apis/connectionData?connectOptions=1&lastChangeId=258625537&lastChangeId64=258625537 failed. HTTP Status: NotFound
[2025-10-01 01:31:54Z INFO GitHubActionsService] Finished operation Location.GetConnectionData
[2025-10-01 01:31:54Z INFO RunnerServer] Catch exception during connect. 4 attempt left.
[2025-10-01 01:31:54Z ERR  RunnerServer] GitHub.Services.WebApi.VssServiceResponseException: The resource cannot be found.
   at GitHub.Services.WebApi.VssHttpClientBase.HandleResponseAsync(HttpResponseMessage response, CancellationToken cancellationToken)
   at GitHub.Services.WebApi.VssHttpClientBase.SendAsync(HttpRequestMessage message, HttpCompletionOption completionOption, Object userState, CancellationToken cancellationToken)
   at GitHub.Services.WebApi.VssHttpClientBase.SendAsync[T](HttpRequestMessage message, Object userState, CancellationToken cancellationToken)
   at GitHub.Services.Location.Client.LocationHttpClient.GetConnectionDataAsync(ConnectOptions connectOptions, Int64 lastChangeId, CancellationToken cancellationToken, Object userState)
   at GitHub.Services.WebApi.Location.VssServerDataProvider.GetConnectionDataAsync(ConnectOptions connectOptions, Int32 lastChangeId, CancellationToken cancellationToken)
   at GitHub.Services.WebApi.Location.VssServerDataProvider.ConnectAsync(ConnectOptions connectOptions, CancellationToken cancellationToken)
   at GitHub.Runner.Common.RunnerService.EstablishVssConnection(Uri serverUrl, VssCredentials credentials, TimeSpan timeout)
[2025-10-01 01:31:54Z INFO GitHubActionsService] Starting operation Location.GetConnectionData
[2025-10-01 01:31:55Z ERR  GitHubActionsService] GET request to https://pipelinesghubeus6.actions.githubusercontent.com/hKyNd5hzQTjPqVOxuFp9CyJ2tMUr8ytJJ9FfsFju3bqhBGI0lq/_apis/connectionData?connectOptions=1&lastChangeId=258625537&lastChangeId64=258625537 failed. HTTP Status: NotFound
[2025-10-01 01:31:55Z INFO GitHubActionsService] Finished operation Location.GetConnectionData
[2025-10-01 01:31:55Z INFO RunnerServer] Catch exception during connect. 4 attempt left.
[2025-10-01 01:31:55Z ERR  RunnerServer] GitHub.Services.WebApi.VssServiceResponseException: The resource cannot be found.
   at GitHub.Services.WebApi.VssHttpClientBase.HandleResponseAsync(HttpResponseMessage response, CancellationToken cancellationToken)
   at GitHub.Services.WebApi.VssHttpClientBase.SendAsync(HttpRequestMessage message, HttpCompletionOption completionOption, Object userState, CancellationToken cancellationToken)
   at GitHub.Services.WebApi.VssHttpClientBase.SendAsync[T](HttpRequestMessage message, Object userState, CancellationToken cancellationToken)
   at GitHub.Services.Location.Client.LocationHttpClient.GetConnectionDataAsync(ConnectOptions connectOptions, Int64 lastChangeId, CancellationToken cancellationToken, Object userState)
   at GitHub.Services.WebApi.Location.VssServerDataProvider.GetConnectionDataAsync(ConnectOptions connectOptions, Int32 lastChangeId, CancellationToken cancellationToken)
   at GitHub.Services.WebApi.Location.VssServerDataProvider.ConnectAsync(ConnectOptions connectOptions, CancellationToken cancellationToken)
   at GitHub.Runner.Common.RunnerService.EstablishVssConnection(Uri serverUrl, VssCredentials credentials, TimeSpan timeout)
[2025-10-01 01:31:55Z ERR  GitHubActionsService] GET request to https://pipelinesghubeus6.actions.githubusercontent.com/hKyNd5hzQTjPqVOxuFp9CyJ2tMUr8ytJJ9FfsFju3bqhBGI0lq/_apis/connectionData?connectOptions=1&lastChangeId=258625537&lastChangeId64=258625537 failed. HTTP Status: NotFound
[2025-10-01 01:31:55Z INFO GitHubActionsService] Finished operation Location.GetConnectionData
[2025-10-01 01:31:55Z INFO RunnerServer] Catch exception during connect. 4 attempt left.
[2025-10-01 01:31:55Z ERR  RunnerServer] GitHub.Services.WebApi.VssServiceResponseException: The resource cannot be found.
   at GitHub.Services.WebApi.VssHttpClientBase.HandleResponseAsync(HttpResponseMessage response, CancellationToken cancellationToken)
   at GitHub.Services.WebApi.VssHttpClientBase.SendAsync(HttpRequestMessage message, HttpCompletionOption completionOption, Object userState, CancellationToken cancellationToken)
   at GitHub.Services.WebApi.VssHttpClientBase.SendAsync[T](HttpRequestMessage message, Object userState, CancellationToken cancellationToken)
   at GitHub.Services.Location.Client.LocationHttpClient.GetConnectionDataAsync(ConnectOptions connectOptions, Int64 lastChangeId, CancellationToken cancellationToken, Object userState)
   at GitHub.Services.WebApi.Location.VssServerDataProvider.GetConnectionDataAsync(ConnectOptions connectOptions, Int32 lastChangeId, CancellationToken cancellationToken)
   at GitHub.Services.WebApi.Location.VssServerDataProvider.ConnectAsync(ConnectOptions connectOptions, CancellationToken cancellationToken)
   at GitHub.Runner.Common.RunnerService.EstablishVssConnection(Uri serverUrl, VssCredentials credentials, TimeSpan timeout)
[2025-10-01 01:31:55Z INFO GitHubActionsService] Starting operation Location.GetConnectionData
[2025-10-01 01:31:55Z INFO GitHubActionsService] Starting operation Location.GetConnectionData
[2025-10-01 01:31:55Z ERR  GitHubActionsService] GET request to https://pipelinesghubeus6.actions.githubusercontent.com/hKyNd5hzQTjPqVOxuFp9CyJ2tMUr8ytJJ9FfsFju3bqhBGI0lq/_apis/connectionData?connectOptions=1&lastChangeId=258625537&lastChangeId64=258625537 failed. HTTP Status: NotFound
[2025-10-01 01:31:55Z INFO GitHubActionsService] Finished operation Location.GetConnectionData
[2025-10-01 01:31:55Z INFO RunnerServer] Catch exception during connect. 3 attempt left.
[2025-10-01 01:31:55Z ERR  RunnerServer] GitHub.Services.WebApi.VssServiceResponseException: The resource cannot be found.
   at GitHub.Services.WebApi.VssHttpClientBase.HandleResponseAsync(HttpResponseMessage response, CancellationToken cancellationToken)
   at GitHub.Services.WebApi.VssHttpClientBase.SendAsync(HttpRequestMessage message, HttpCompletionOption completionOption, Object userState, CancellationToken cancellationToken)
   at GitHub.Services.WebApi.VssHttpClientBase.SendAsync[T](HttpRequestMessage message, Object userState, CancellationToken cancellationToken)
   at GitHub.Services.Location.Client.LocationHttpClient.GetConnectionDataAsync(ConnectOptions connectOptions, Int64 lastChangeId, CancellationToken cancellationToken, Object userState)
   at GitHub.Services.WebApi.Location.VssServerDataProvider.GetConnectionDataAsync(ConnectOptions connectOptions, Int32 lastChangeId, CancellationToken cancellationToken)
   at GitHub.Services.WebApi.Location.VssServerDataProvider.ConnectAsync(ConnectOptions connectOptions, CancellationToken cancellationToken)
   at GitHub.Runner.Common.RunnerService.EstablishVssConnection(Uri serverUrl, VssCredentials credentials, TimeSpan timeout)
[2025-10-01 01:31:55Z ERR  GitHubActionsService] GET request to https://pipelinesghubeus6.actions.githubusercontent.com/hKyNd5hzQTjPqVOxuFp9CyJ2tMUr8ytJJ9FfsFju3bqhBGI0lq/_apis/connectionData?connectOptions=1&lastChangeId=258625537&lastChangeId64=258625537 failed. HTTP Status: NotFound
[2025-10-01 01:31:55Z INFO GitHubActionsService] Finished operation Location.GetConnectionData
[2025-10-01 01:31:55Z INFO RunnerServer] Catch exception during connect. 3 attempt left.
[2025-10-01 01:31:55Z ERR  RunnerServer] GitHub.Services.WebApi.VssServiceResponseException: The resource cannot be found.
   at GitHub.Services.WebApi.VssHttpClientBase.HandleResponseAsync(HttpResponseMessage response, CancellationToken cancellationToken)
   at GitHub.Services.WebApi.VssHttpClientBase.SendAsync(HttpRequestMessage message, HttpCompletionOption completionOption, Object userState, CancellationToken cancellationToken)
   at GitHub.Services.WebApi.VssHttpClientBase.SendAsync[T](HttpRequestMessage message, Object userState, CancellationToken cancellationToken)
   at GitHub.Services.Location.Client.LocationHttpClient.GetConnectionDataAsync(ConnectOptions connectOptions, Int64 lastChangeId, CancellationToken cancellationToken, Object userState)
   at GitHub.Services.WebApi.Location.VssServerDataProvider.GetConnectionDataAsync(ConnectOptions connectOptions, Int32 lastChangeId, CancellationToken cancellationToken)
   at GitHub.Services.WebApi.Location.VssServerDataProvider.ConnectAsync(ConnectOptions connectOptions, CancellationToken cancellationToken)
   at GitHub.Runner.Common.RunnerService.EstablishVssConnection(Uri serverUrl, VssCredentials credentials, TimeSpan timeout)
[2025-10-01 01:31:55Z INFO GitHubActionsService] Starting operation Location.GetConnectionData
[2025-10-01 01:31:55Z ERR  GitHubActionsService] GET request to https://pipelinesghubeus6.actions.githubusercontent.com/hKyNd5hzQTjPqVOxuFp9CyJ2tMUr8ytJJ9FfsFju3bqhBGI0lq/_apis/connectionData?connectOptions=1&lastChangeId=258625537&lastChangeId64=258625537 failed. HTTP Status: NotFound
[2025-10-01 01:31:55Z INFO GitHubActionsService] Finished operation Location.GetConnectionData
[2025-10-01 01:31:55Z INFO RunnerServer] Catch exception during connect. 3 attempt left.
[2025-10-01 01:31:55Z ERR  RunnerServer] GitHub.Services.WebApi.VssServiceResponseException: The resource cannot be found.
   at GitHub.Services.WebApi.VssHttpClientBase.HandleResponseAsync(HttpResponseMessage response, CancellationToken cancellationToken)
   at GitHub.Services.WebApi.VssHttpClientBase.SendAsync(HttpRequestMessage message, HttpCompletionOption completionOption, Object userState, CancellationToken cancellationToken)
   at GitHub.Services.WebApi.VssHttpClientBase.SendAsync[T](HttpRequestMessage message, Object userState, CancellationToken cancellationToken)
   at GitHub.Services.Location.Client.LocationHttpClient.GetConnectionDataAsync(ConnectOptions connectOptions, Int64 lastChangeId, CancellationToken cancellationToken, Object userState)
   at GitHub.Services.WebApi.Location.VssServerDataProvider.GetConnectionDataAsync(ConnectOptions connectOptions, Int32 lastChangeId, CancellationToken cancellationToken)
   at GitHub.Services.WebApi.Location.VssServerDataProvider.ConnectAsync(ConnectOptions connectOptions, CancellationToken cancellationToken)
   at GitHub.Runner.Common.RunnerService.EstablishVssConnection(Uri serverUrl, VssCredentials credentials, TimeSpan timeout)
[2025-10-01 01:31:55Z INFO GitHubActionsService] Starting operation Location.GetConnectionData
[2025-10-01 01:31:55Z INFO GitHubActionsService] Starting operation Location.GetConnectionData
[2025-10-01 01:31:56Z ERR  GitHubActionsService] GET request to https://pipelinesghubeus6.actions.githubusercontent.com/hKyNd5hzQTjPqVOxuFp9CyJ2tMUr8ytJJ9FfsFju3bqhBGI0lq/_apis/connectionData?connectOptions=1&lastChangeId=258625537&lastChangeId64=258625537 failed. HTTP Status: NotFound
[2025-10-01 01:31:56Z INFO GitHubActionsService] Finished operation Location.GetConnectionData
[2025-10-01 01:31:56Z INFO RunnerServer] Catch exception during connect. 2 attempt left.
[2025-10-01 01:31:56Z ERR  RunnerServer] GitHub.Services.WebApi.VssServiceResponseException: The resource cannot be found.
   at GitHub.Services.WebApi.VssHttpClientBase.HandleResponseAsync(HttpResponseMessage response, CancellationToken cancellationToken)
   at GitHub.Services.WebApi.VssHttpClientBase.SendAsync(HttpRequestMessage message, HttpCompletionOption completionOption, Object userState, CancellationToken cancellationToken)
   at GitHub.Services.WebApi.VssHttpClientBase.SendAsync[T](HttpRequestMessage message, Object userState, CancellationToken cancellationToken)
   at GitHub.Services.Location.Client.LocationHttpClient.GetConnectionDataAsync(ConnectOptions connectOptions, Int64 lastChangeId, CancellationToken cancellationToken, Object userState)
   at GitHub.Services.WebApi.Location.VssServerDataProvider.GetConnectionDataAsync(ConnectOptions connectOptions, Int32 lastChangeId, CancellationToken cancellationToken)
   at GitHub.Services.WebApi.Location.VssServerDataProvider.ConnectAsync(ConnectOptions connectOptions, CancellationToken cancellationToken)
   at GitHub.Runner.Common.RunnerService.EstablishVssConnection(Uri serverUrl, VssCredentials credentials, TimeSpan timeout)
[2025-10-01 01:31:56Z ERR  GitHubActionsService] GET request to https://pipelinesghubeus6.actions.githubusercontent.com/hKyNd5hzQTjPqVOxuFp9CyJ2tMUr8ytJJ9FfsFju3bqhBGI0lq/_apis/connectionData?connectOptions=1&lastChangeId=258625537&lastChangeId64=258625537 failed. HTTP Status: NotFound
[2025-10-01 01:31:56Z INFO GitHubActionsService] Finished operation Location.GetConnectionData
[2025-10-01 01:31:56Z INFO RunnerServer] Catch exception during connect. 2 attempt left.
[2025-10-01 01:31:56Z ERR  RunnerServer] GitHub.Services.WebApi.VssServiceResponseException: The resource cannot be found.
   at GitHub.Services.WebApi.VssHttpClientBase.HandleResponseAsync(HttpResponseMessage response, CancellationToken cancellationToken)
   at GitHub.Services.WebApi.VssHttpClientBase.SendAsync(HttpRequestMessage message, HttpCompletionOption completionOption, Object userState, CancellationToken cancellationToken)
   at GitHub.Services.WebApi.VssHttpClientBase.SendAsync[T](HttpRequestMessage message, Object userState, CancellationToken cancellationToken)
   at GitHub.Services.Location.Client.LocationHttpClient.GetConnectionDataAsync(ConnectOptions connectOptions, Int64 lastChangeId, CancellationToken cancellationToken, Object userState)
   at GitHub.Services.WebApi.Location.VssServerDataProvider.GetConnectionDataAsync(ConnectOptions connectOptions, Int32 lastChangeId, CancellationToken cancellationToken)
   at GitHub.Services.WebApi.Location.VssServerDataProvider.ConnectAsync(ConnectOptions connectOptions, CancellationToken cancellationToken)
   at GitHub.Runner.Common.RunnerService.EstablishVssConnection(Uri serverUrl, VssCredentials credentials, TimeSpan timeout)
[2025-10-01 01:31:56Z INFO GitHubActionsService] Starting operation Location.GetConnectionData
[2025-10-01 01:31:56Z ERR  GitHubActionsService] GET request to https://pipelinesghubeus6.actions.githubusercontent.com/hKyNd5hzQTjPqVOxuFp9CyJ2tMUr8ytJJ9FfsFju3bqhBGI0lq/_apis/connectionData?connectOptions=1&lastChangeId=258625537&lastChangeId64=258625537 failed. HTTP Status: NotFound
[2025-10-01 01:31:56Z INFO GitHubActionsService] Finished operation Location.GetConnectionData
[2025-10-01 01:31:56Z INFO RunnerServer] Catch exception during connect. 2 attempt left.
[2025-10-01 01:31:56Z ERR  RunnerServer] GitHub.Services.WebApi.VssServiceResponseException: The resource cannot be found.
   at GitHub.Services.WebApi.VssHttpClientBase.HandleResponseAsync(HttpResponseMessage response, CancellationToken cancellationToken)
   at GitHub.Services.WebApi.VssHttpClientBase.SendAsync(HttpRequestMessage message, HttpCompletionOption completionOption, Object userState, CancellationToken cancellationToken)
   at GitHub.Services.WebApi.VssHttpClientBase.SendAsync[T](HttpRequestMessage message, Object userState, CancellationToken cancellationToken)
   at GitHub.Services.Location.Client.LocationHttpClient.GetConnectionDataAsync(ConnectOptions connectOptions, Int64 lastChangeId, CancellationToken cancellationToken, Object userState)
   at GitHub.Services.WebApi.Location.VssServerDataProvider.GetConnectionDataAsync(ConnectOptions connectOptions, Int32 lastChangeId, CancellationToken cancellationToken)
   at GitHub.Services.WebApi.Location.VssServerDataProvider.ConnectAsync(ConnectOptions connectOptions, CancellationToken cancellationToken)
   at GitHub.Runner.Common.RunnerService.EstablishVssConnection(Uri serverUrl, VssCredentials credentials, TimeSpan timeout)
[2025-10-01 01:31:56Z INFO GitHubActionsService] Starting operation Location.GetConnectionData
[2025-10-01 01:31:56Z INFO GitHubActionsService] Starting operation Location.GetConnectionData
[2025-10-01 01:31:57Z ERR  GitHubActionsService] GET request to https://pipelinesghubeus6.actions.githubusercontent.com/hKyNd5hzQTjPqVOxuFp9CyJ2tMUr8ytJJ9FfsFju3bqhBGI0lq/_apis/connectionData?connectOptions=1&lastChangeId=258625537&lastChangeId64=258625537 failed. HTTP Status: NotFound
[2025-10-01 01:31:57Z INFO GitHubActionsService] Finished operation Location.GetConnectionData
[2025-10-01 01:31:57Z INFO RunnerServer] Catch exception during connect. 1 attempt left.
[2025-10-01 01:31:57Z ERR  RunnerServer] GitHub.Services.WebApi.VssServiceResponseException: The resource cannot be found.
   at GitHub.Services.WebApi.VssHttpClientBase.HandleResponseAsync(HttpResponseMessage response, CancellationToken cancellationToken)
   at GitHub.Services.WebApi.VssHttpClientBase.SendAsync(HttpRequestMessage message, HttpCompletionOption completionOption, Object userState, CancellationToken cancellationToken)
   at GitHub.Services.WebApi.VssHttpClientBase.SendAsync[T](HttpRequestMessage message, Object userState, CancellationToken cancellationToken)
   at GitHub.Services.Location.Client.LocationHttpClient.GetConnectionDataAsync(ConnectOptions connectOptions, Int64 lastChangeId, CancellationToken cancellationToken, Object userState)
   at GitHub.Services.WebApi.Location.VssServerDataProvider.GetConnectionDataAsync(ConnectOptions connectOptions, Int32 lastChangeId, CancellationToken cancellationToken)
   at GitHub.Services.WebApi.Location.VssServerDataProvider.ConnectAsync(ConnectOptions connectOptions, CancellationToken cancellationToken)
   at GitHub.Runner.Common.RunnerService.EstablishVssConnection(Uri serverUrl, VssCredentials credentials, TimeSpan timeout)
[2025-10-01 01:31:57Z ERR  GitHubActionsService] GET request to https://pipelinesghubeus6.actions.githubusercontent.com/hKyNd5hzQTjPqVOxuFp9CyJ2tMUr8ytJJ9FfsFju3bqhBGI0lq/_apis/connectionData?connectOptions=1&lastChangeId=258625537&lastChangeId64=258625537 failed. HTTP Status: NotFound
[2025-10-01 01:31:57Z INFO GitHubActionsService] Finished operation Location.GetConnectionData
[2025-10-01 01:31:57Z INFO RunnerServer] Catch exception during connect. 1 attempt left.
[2025-10-01 01:31:57Z ERR  RunnerServer] GitHub.Services.WebApi.VssServiceResponseException: The resource cannot be found.
   at GitHub.Services.WebApi.VssHttpClientBase.HandleResponseAsync(HttpResponseMessage response, CancellationToken cancellationToken)
   at GitHub.Services.WebApi.VssHttpClientBase.SendAsync(HttpRequestMessage message, HttpCompletionOption completionOption, Object userState, CancellationToken cancellationToken)
   at GitHub.Services.WebApi.VssHttpClientBase.SendAsync[T](HttpRequestMessage message, Object userState, CancellationToken cancellationToken)
   at GitHub.Services.Location.Client.LocationHttpClient.GetConnectionDataAsync(ConnectOptions connectOptions, Int64 lastChangeId, CancellationToken cancellationToken, Object userState)
   at GitHub.Services.WebApi.Location.VssServerDataProvider.GetConnectionDataAsync(ConnectOptions connectOptions, Int32 lastChangeId, CancellationToken cancellationToken)
   at GitHub.Services.WebApi.Location.VssServerDataProvider.ConnectAsync(ConnectOptions connectOptions, CancellationToken cancellationToken)
   at GitHub.Runner.Common.RunnerService.EstablishVssConnection(Uri serverUrl, VssCredentials credentials, TimeSpan timeout)
[2025-10-01 01:31:57Z INFO GitHubActionsService] Starting operation Location.GetConnectionData
[2025-10-01 01:31:57Z ERR  GitHubActionsService] GET request to https://pipelinesghubeus6.actions.githubusercontent.com/hKyNd5hzQTjPqVOxuFp9CyJ2tMUr8ytJJ9FfsFju3bqhBGI0lq/_apis/connectionData?connectOptions=1&lastChangeId=258625537&lastChangeId64=258625537 failed. HTTP Status: NotFound
[2025-10-01 01:31:57Z INFO GitHubActionsService] Finished operation Location.GetConnectionData
[2025-10-01 01:31:57Z INFO RunnerServer] Catch exception during connect. 1 attempt left.
[2025-10-01 01:31:57Z ERR  RunnerServer] GitHub.Services.WebApi.VssServiceResponseException: The resource cannot be found.
   at GitHub.Services.WebApi.VssHttpClientBase.HandleResponseAsync(HttpResponseMessage response, CancellationToken cancellationToken)
   at GitHub.Services.WebApi.VssHttpClientBase.SendAsync(HttpRequestMessage message, HttpCompletionOption completionOption, Object userState, CancellationToken cancellationToken)
   at GitHub.Services.WebApi.VssHttpClientBase.SendAsync[T](HttpRequestMessage message, Object userState, CancellationToken cancellationToken)
   at GitHub.Services.Location.Client.LocationHttpClient.GetConnectionDataAsync(ConnectOptions connectOptions, Int64 lastChangeId, CancellationToken cancellationToken, Object userState)
   at GitHub.Services.WebApi.Location.VssServerDataProvider.GetConnectionDataAsync(ConnectOptions connectOptions, Int32 lastChangeId, CancellationToken cancellationToken)
   at GitHub.Services.WebApi.Location.VssServerDataProvider.ConnectAsync(ConnectOptions connectOptions, CancellationToken cancellationToken)
   at GitHub.Runner.Common.RunnerService.EstablishVssConnection(Uri serverUrl, VssCredentials credentials, TimeSpan timeout)
[2025-10-01 01:31:57Z INFO GitHubActionsService] Starting operation Location.GetConnectionData
[2025-10-01 01:31:57Z INFO GitHubActionsService] Starting operation Location.GetConnectionData
[2025-10-01 01:31:58Z ERR  GitHubActionsService] GET request to https://pipelinesghubeus6.actions.githubusercontent.com/hKyNd5hzQTjPqVOxuFp9CyJ2tMUr8ytJJ9FfsFju3bqhBGI0lq/_apis/connectionData?connectOptions=1&lastChangeId=258625537&lastChangeId64=258625537 failed. HTTP Status: NotFound
[2025-10-01 01:31:58Z INFO GitHubActionsService] Finished operation Location.GetConnectionData
[2025-10-01 01:31:58Z ERR  GitHubActionsService] GET request to https://pipelinesghubeus6.actions.githubusercontent.com/hKyNd5hzQTjPqVOxuFp9CyJ2tMUr8ytJJ9FfsFju3bqhBGI0lq/_apis/connectionData?connectOptions=1&lastChangeId=258625537&lastChangeId64=258625537 failed. HTTP Status: NotFound
[2025-10-01 01:31:58Z INFO GitHubActionsService] Finished operation Location.GetConnectionData
[2025-10-01 01:31:58Z ERR  GitHubActionsService] GET request to https://pipelinesghubeus6.actions.githubusercontent.com/hKyNd5hzQTjPqVOxuFp9CyJ2tMUr8ytJJ9FfsFju3bqhBGI0lq/_apis/connectionData?connectOptions=1&lastChangeId=258625537&lastChangeId64=258625537 failed. HTTP Status: NotFound
[2025-10-01 01:31:58Z INFO GitHubActionsService] Finished operation Location.GetConnectionData
[2025-10-01 01:31:58Z ERR  BrokerMessageListener] Catch exception during create session.
[2025-10-01 01:31:58Z ERR  BrokerMessageListener] GitHub.Services.WebApi.VssServiceResponseException: The resource cannot be found.
   at GitHub.Services.WebApi.VssHttpClientBase.HandleResponseAsync(HttpResponseMessage response, CancellationToken cancellationToken)
   at GitHub.Services.WebApi.VssHttpClientBase.SendAsync(HttpRequestMessage message, HttpCompletionOption completionOption, Object userState, CancellationToken cancellationToken)
   at GitHub.Services.WebApi.VssHttpClientBase.SendAsync[T](HttpRequestMessage message, Object userState, CancellationToken cancellationToken)
   at GitHub.Services.Location.Client.LocationHttpClient.GetConnectionDataAsync(ConnectOptions connectOptions, Int64 lastChangeId, CancellationToken cancellationToken, Object userState)
   at GitHub.Services.WebApi.Location.VssServerDataProvider.GetConnectionDataAsync(ConnectOptions connectOptions, Int32 lastChangeId, CancellationToken cancellationToken)
   at GitHub.Services.WebApi.Location.VssServerDataProvider.ConnectAsync(ConnectOptions connectOptions, CancellationToken cancellationToken)
   at GitHub.Runner.Common.RunnerService.EstablishVssConnection(Uri serverUrl, VssCredentials credentials, TimeSpan timeout)
   at GitHub.Runner.Common.RunnerServer.ConnectAsync(Uri serverUrl, VssCredentials credentials)
   at GitHub.Runner.Listener.BrokerMessageListener.CreateSessionAsync(CancellationToken token)
[2025-10-01 01:31:58Z INFO BrokerMessageListener] Retriable exception: The resource cannot be found.
[2025-10-01 01:31:58Z INFO BrokerMessageListener] Sleeping for 30 seconds before retrying.
[2025-10-01 01:32:28Z INFO BrokerMessageListener] Attempt to create session.
[2025-10-01 01:32:28Z INFO BrokerMessageListener] Connecting to the Broker Server...
[2025-10-01 01:32:28Z INFO ConfigurationStore] HasCredentials()
[2025-10-01 01:32:28Z INFO ConfigurationStore] stored True
[2025-10-01 01:32:28Z INFO CredentialManager] GetCredentialProvider
[2025-10-01 01:32:28Z INFO CredentialManager] Creating type OAuth
[2025-10-01 01:32:28Z INFO CredentialManager] Creating credential type: OAuth
[2025-10-01 01:32:28Z INFO RSAEncryptedFileKeyManager] Loading RSA key parameters from file G:\Brunella\actions-runner\.credentials_rsaparams
[2025-10-01 01:32:28Z INFO BrokerMessageListener] VssConnection created
[2025-10-01 01:32:28Z INFO BrokerMessageListener] Connecting to the Runner server...
[2025-10-01 01:32:28Z INFO RunnerServer] EstablishVssConnection
[2025-10-01 01:32:28Z INFO RunnerServer] Establish connection with 100 seconds timeout.
[2025-10-01 01:32:28Z INFO GitHubActionsService] Starting operation Location.GetConnectionData
[2025-10-01 01:32:28Z INFO RunnerServer] EstablishVssConnection
[2025-10-01 01:32:28Z INFO RunnerServer] Establish connection with 60 seconds timeout.
[2025-10-01 01:32:28Z INFO GitHubActionsService] Starting operation Location.GetConnectionData
[2025-10-01 01:32:28Z INFO RunnerServer] EstablishVssConnection
[2025-10-01 01:32:28Z INFO RunnerServer] Establish connection with 60 seconds timeout.
[2025-10-01 01:32:28Z INFO GitHubActionsService] Starting operation Location.GetConnectionData
[2025-10-01 01:32:28Z ERR  GitHubActionsService] GET request to https://pipelinesghubeus6.actions.githubusercontent.com/hKyNd5hzQTjPqVOxuFp9CyJ2tMUr8ytJJ9FfsFju3bqhBGI0lq/_apis/connectionData?connectOptions=1&lastChangeId=258625537&lastChangeId64=258625537 failed. HTTP Status: NotFound
[2025-10-01 01:32:28Z INFO GitHubActionsService] Finished operation Location.GetConnectionData
[2025-10-01 01:32:28Z INFO RunnerServer] Catch exception during connect. 4 attempt left.
[2025-10-01 01:32:28Z ERR  RunnerServer] GitHub.Services.WebApi.VssServiceResponseException: The resource cannot be found.
   at GitHub.Services.WebApi.VssHttpClientBase.HandleResponseAsync(HttpResponseMessage response, CancellationToken cancellationToken)
   at GitHub.Services.WebApi.VssHttpClientBase.SendAsync(HttpRequestMessage message, HttpCompletionOption completionOption, Object userState, CancellationToken cancellationToken)
   at GitHub.Services.WebApi.VssHttpClientBase.SendAsync[T](HttpRequestMessage message, Object userState, CancellationToken cancellationToken)
   at GitHub.Services.Location.Client.LocationHttpClient.GetConnectionDataAsync(ConnectOptions connectOptions, Int64 lastChangeId, CancellationToken cancellationToken, Object userState)
   at GitHub.Services.WebApi.Location.VssServerDataProvider.GetConnectionDataAsync(ConnectOptions connectOptions, Int32 lastChangeId, CancellationToken cancellationToken)
   at GitHub.Services.WebApi.Location.VssServerDataProvider.ConnectAsync(ConnectOptions connectOptions, CancellationToken cancellationToken)
   at GitHub.Runner.Common.RunnerService.EstablishVssConnection(Uri serverUrl, VssCredentials credentials, TimeSpan timeout)
[2025-10-01 01:32:28Z ERR  GitHubActionsService] GET request to https://pipelinesghubeus6.actions.githubusercontent.com/hKyNd5hzQTjPqVOxuFp9CyJ2tMUr8ytJJ9FfsFju3bqhBGI0lq/_apis/connectionData?connectOptions=1&lastChangeId=258625537&lastChangeId64=258625537 failed. HTTP Status: NotFound
[2025-10-01 01:32:28Z INFO GitHubActionsService] Finished operation Location.GetConnectionData
[2025-10-01 01:32:28Z INFO RunnerServer] Catch exception during connect. 4 attempt left.
[2025-10-01 01:32:28Z ERR  RunnerServer] GitHub.Services.WebApi.VssServiceResponseException: The resource cannot be found.
   at GitHub.Services.WebApi.VssHttpClientBase.HandleResponseAsync(HttpResponseMessage response, CancellationToken cancellationToken)
   at GitHub.Services.WebApi.VssHttpClientBase.SendAsync(HttpRequestMessage message, HttpCompletionOption completionOption, Object userState, CancellationToken cancellationToken)
   at GitHub.Services.WebApi.VssHttpClientBase.SendAsync[T](HttpRequestMessage message, Object userState, CancellationToken cancellationToken)
   at GitHub.Services.Location.Client.LocationHttpClient.GetConnectionDataAsync(ConnectOptions connectOptions, Int64 lastChangeId, CancellationToken cancellationToken, Object userState)
   at GitHub.Services.WebApi.Location.VssServerDataProvider.GetConnectionDataAsync(ConnectOptions connectOptions, Int32 lastChangeId, CancellationToken cancellationToken)
   at GitHub.Services.WebApi.Location.VssServerDataProvider.ConnectAsync(ConnectOptions connectOptions, CancellationToken cancellationToken)
   at GitHub.Runner.Common.RunnerService.EstablishVssConnection(Uri serverUrl, VssCredentials credentials, TimeSpan timeout)
[2025-10-01 01:32:28Z ERR  GitHubActionsService] GET request to https://pipelinesghubeus6.actions.githubusercontent.com/hKyNd5hzQTjPqVOxuFp9CyJ2tMUr8ytJJ9FfsFju3bqhBGI0lq/_apis/connectionData?connectOptions=1&lastChangeId=258625537&lastChangeId64=258625537 failed. HTTP Status: NotFound
[2025-10-01 01:32:28Z INFO GitHubActionsService] Finished operation Location.GetConnectionData
[2025-10-01 01:32:28Z INFO RunnerServer] Catch exception during connect. 4 attempt left.
[2025-10-01 01:32:28Z ERR  RunnerServer] GitHub.Services.WebApi.VssServiceResponseException: The resource cannot be found.
   at GitHub.Services.WebApi.VssHttpClientBase.HandleResponseAsync(HttpResponseMessage response, CancellationToken cancellationToken)
   at GitHub.Services.WebApi.VssHttpClientBase.SendAsync(HttpRequestMessage message, HttpCompletionOption completionOption, Object userState, CancellationToken cancellationToken)
   at GitHub.Services.WebApi.VssHttpClientBase.SendAsync[T](HttpRequestMessage message, Object userState, CancellationToken cancellationToken)
   at GitHub.Services.Location.Client.LocationHttpClient.GetConnectionDataAsync(ConnectOptions connectOptions, Int64 lastChangeId, CancellationToken cancellationToken, Object userState)
   at GitHub.Services.WebApi.Location.VssServerDataProvider.GetConnectionDataAsync(ConnectOptions connectOptions, Int32 lastChangeId, CancellationToken cancellationToken)
   at GitHub.Services.WebApi.Location.VssServerDataProvider.ConnectAsync(ConnectOptions connectOptions, CancellationToken cancellationToken)
   at GitHub.Runner.Common.RunnerService.EstablishVssConnection(Uri serverUrl, VssCredentials credentials, TimeSpan timeout)
[2025-10-01 01:32:28Z INFO GitHubActionsService] Starting operation Location.GetConnectionData
[2025-10-01 01:32:28Z INFO GitHubActionsService] Starting operation Location.GetConnectionData
[2025-10-01 01:32:28Z INFO GitHubActionsService] Starting operation Location.GetConnectionData
[2025-10-01 01:32:29Z ERR  GitHubActionsService] GET request to https://pipelinesghubeus6.actions.githubusercontent.com/hKyNd5hzQTjPqVOxuFp9CyJ2tMUr8ytJJ9FfsFju3bqhBGI0lq/_apis/connectionData?connectOptions=1&lastChangeId=258625537&lastChangeId64=258625537 failed. HTTP Status: NotFound
[2025-10-01 01:32:29Z INFO GitHubActionsService] Finished operation Location.GetConnectionData
[2025-10-01 01:32:29Z INFO RunnerServer] Catch exception during connect. 3 attempt left.
[2025-10-01 01:32:29Z ERR  RunnerServer] GitHub.Services.WebApi.VssServiceResponseException: The resource cannot be found.
   at GitHub.Services.WebApi.VssHttpClientBase.HandleResponseAsync(HttpResponseMessage response, CancellationToken cancellationToken)
   at GitHub.Services.WebApi.VssHttpClientBase.SendAsync(HttpRequestMessage message, HttpCompletionOption completionOption, Object userState, CancellationToken cancellationToken)
   at GitHub.Services.WebApi.VssHttpClientBase.SendAsync[T](HttpRequestMessage message, Object userState, CancellationToken cancellationToken)
   at GitHub.Services.Location.Client.LocationHttpClient.GetConnectionDataAsync(ConnectOptions connectOptions, Int64 lastChangeId, CancellationToken cancellationToken, Object userState)
   at GitHub.Services.WebApi.Location.VssServerDataProvider.GetConnectionDataAsync(ConnectOptions connectOptions, Int32 lastChangeId, CancellationToken cancellationToken)
   at GitHub.Services.WebApi.Location.VssServerDataProvider.ConnectAsync(ConnectOptions connectOptions, CancellationToken cancellationToken)
   at GitHub.Runner.Common.RunnerService.EstablishVssConnection(Uri serverUrl, VssCredentials credentials, TimeSpan timeout)
[2025-10-01 01:32:29Z ERR  GitHubActionsService] GET request to https://pipelinesghubeus6.actions.githubusercontent.com/hKyNd5hzQTjPqVOxuFp9CyJ2tMUr8ytJJ9FfsFju3bqhBGI0lq/_apis/connectionData?connectOptions=1&lastChangeId=258625537&lastChangeId64=258625537 failed. HTTP Status: NotFound
[2025-10-01 01:32:29Z INFO GitHubActionsService] Finished operation Location.GetConnectionData
[2025-10-01 01:32:29Z INFO RunnerServer] Catch exception during connect. 3 attempt left.
[2025-10-01 01:32:29Z ERR  RunnerServer] GitHub.Services.WebApi.VssServiceResponseException: The resource cannot be found.
   at GitHub.Services.WebApi.VssHttpClientBase.HandleResponseAsync(HttpResponseMessage response, CancellationToken cancellationToken)
   at GitHub.Services.WebApi.VssHttpClientBase.SendAsync(HttpRequestMessage message, HttpCompletionOption completionOption, Object userState, CancellationToken cancellationToken)
   at GitHub.Services.WebApi.VssHttpClientBase.SendAsync[T](HttpRequestMessage message, Object userState, CancellationToken cancellationToken)
   at GitHub.Services.Location.Client.LocationHttpClient.GetConnectionDataAsync(ConnectOptions connectOptions, Int64 lastChangeId, CancellationToken cancellationToken, Object userState)
   at GitHub.Services.WebApi.Location.VssServerDataProvider.GetConnectionDataAsync(ConnectOptions connectOptions, Int32 lastChangeId, CancellationToken cancellationToken)
   at GitHub.Services.WebApi.Location.VssServerDataProvider.ConnectAsync(ConnectOptions connectOptions, CancellationToken cancellationToken)
   at GitHub.Runner.Common.RunnerService.EstablishVssConnection(Uri serverUrl, VssCredentials credentials, TimeSpan timeout)
[2025-10-01 01:32:29Z ERR  GitHubActionsService] GET request to https://pipelinesghubeus6.actions.githubusercontent.com/hKyNd5hzQTjPqVOxuFp9CyJ2tMUr8ytJJ9FfsFju3bqhBGI0lq/_apis/connectionData?connectOptions=1&lastChangeId=258625537&lastChangeId64=258625537 failed. HTTP Status: NotFound
[2025-10-01 01:32:29Z INFO GitHubActionsService] Finished operation Location.GetConnectionData
[2025-10-01 01:32:29Z INFO RunnerServer] Catch exception during connect. 3 attempt left.
[2025-10-01 01:32:29Z ERR  RunnerServer] GitHub.Services.WebApi.VssServiceResponseException: The resource cannot be found.
   at GitHub.Services.WebApi.VssHttpClientBase.HandleResponseAsync(HttpResponseMessage response, CancellationToken cancellationToken)
   at GitHub.Services.WebApi.VssHttpClientBase.SendAsync(HttpRequestMessage message, HttpCompletionOption completionOption, Object userState, CancellationToken cancellationToken)
   at GitHub.Services.WebApi.VssHttpClientBase.SendAsync[T](HttpRequestMessage message, Object userState, CancellationToken cancellationToken)
   at GitHub.Services.Location.Client.LocationHttpClient.GetConnectionDataAsync(ConnectOptions connectOptions, Int64 lastChangeId, CancellationToken cancellationToken, Object userState)
   at GitHub.Services.WebApi.Location.VssServerDataProvider.GetConnectionDataAsync(ConnectOptions connectOptions, Int32 lastChangeId, CancellationToken cancellationToken)
   at GitHub.Services.WebApi.Location.VssServerDataProvider.ConnectAsync(ConnectOptions connectOptions, CancellationToken cancellationToken)
   at GitHub.Runner.Common.RunnerService.EstablishVssConnection(Uri serverUrl, VssCredentials credentials, TimeSpan timeout)
[2025-10-01 01:32:29Z INFO GitHubActionsService] Starting operation Location.GetConnectionData
[2025-10-01 01:32:29Z INFO GitHubActionsService] Starting operation Location.GetConnectionData
[2025-10-01 01:32:29Z INFO GitHubActionsService] Starting operation Location.GetConnectionData
[2025-10-01 01:32:30Z ERR  GitHubActionsService] GET request to https://pipelinesghubeus6.actions.githubusercontent.com/hKyNd5hzQTjPqVOxuFp9CyJ2tMUr8ytJJ9FfsFju3bqhBGI0lq/_apis/connectionData?connectOptions=1&lastChangeId=258625537&lastChangeId64=258625537 failed. HTTP Status: NotFound
[2025-10-01 01:32:30Z INFO GitHubActionsService] Finished operation Location.GetConnectionData
[2025-10-01 01:32:30Z INFO RunnerServer] Catch exception during connect. 2 attempt left.
[2025-10-01 01:32:30Z ERR  RunnerServer] GitHub.Services.WebApi.VssServiceResponseException: The resource cannot be found.
   at GitHub.Services.WebApi.VssHttpClientBase.HandleResponseAsync(HttpResponseMessage response, CancellationToken cancellationToken)
   at GitHub.Services.WebApi.VssHttpClientBase.SendAsync(HttpRequestMessage message, HttpCompletionOption completionOption, Object userState, CancellationToken cancellationToken)
   at GitHub.Services.WebApi.VssHttpClientBase.SendAsync[T](HttpRequestMessage message, Object userState, CancellationToken cancellationToken)
   at GitHub.Services.Location.Client.LocationHttpClient.GetConnectionDataAsync(ConnectOptions connectOptions, Int64 lastChangeId, CancellationToken cancellationToken, Object userState)
   at GitHub.Services.WebApi.Location.VssServerDataProvider.GetConnectionDataAsync(ConnectOptions connectOptions, Int32 lastChangeId, CancellationToken cancellationToken)
   at GitHub.Services.WebApi.Location.VssServerDataProvider.ConnectAsync(ConnectOptions connectOptions, CancellationToken cancellationToken)
   at GitHub.Runner.Common.RunnerService.EstablishVssConnection(Uri serverUrl, VssCredentials credentials, TimeSpan timeout)
[2025-10-01 01:32:30Z ERR  GitHubActionsService] GET request to https://pipelinesghubeus6.actions.githubusercontent.com/hKyNd5hzQTjPqVOxuFp9CyJ2tMUr8ytJJ9FfsFju3bqhBGI0lq/_apis/connectionData?connectOptions=1&lastChangeId=258625537&lastChangeId64=258625537 failed. HTTP Status: NotFound
[2025-10-01 01:32:30Z INFO GitHubActionsService] Finished operation Location.GetConnectionData
[2025-10-01 01:32:30Z INFO RunnerServer] Catch exception during connect. 2 attempt left.
[2025-10-01 01:32:30Z ERR  RunnerServer] GitHub.Services.WebApi.VssServiceResponseException: The resource cannot be found.
   at GitHub.Services.WebApi.VssHttpClientBase.HandleResponseAsync(HttpResponseMessage response, CancellationToken cancellationToken)
   at GitHub.Services.WebApi.VssHttpClientBase.SendAsync(HttpRequestMessage message, HttpCompletionOption completionOption, Object userState, CancellationToken cancellationToken)
   at GitHub.Services.WebApi.VssHttpClientBase.SendAsync[T](HttpRequestMessage message, Object userState, CancellationToken cancellationToken)
   at GitHub.Services.Location.Client.LocationHttpClient.GetConnectionDataAsync(ConnectOptions connectOptions, Int64 lastChangeId, CancellationToken cancellationToken, Object userState)
   at GitHub.Services.WebApi.Location.VssServerDataProvider.GetConnectionDataAsync(ConnectOptions connectOptions, Int32 lastChangeId, CancellationToken cancellationToken)
   at GitHub.Services.WebApi.Location.VssServerDataProvider.ConnectAsync(ConnectOptions connectOptions, CancellationToken cancellationToken)
   at GitHub.Runner.Common.RunnerService.EstablishVssConnection(Uri serverUrl, VssCredentials credentials, TimeSpan timeout)
[2025-10-01 01:32:30Z ERR  GitHubActionsService] GET request to https://pipelinesghubeus6.actions.githubusercontent.com/hKyNd5hzQTjPqVOxuFp9CyJ2tMUr8ytJJ9FfsFju3bqhBGI0lq/_apis/connectionData?connectOptions=1&lastChangeId=258625537&lastChangeId64=258625537 failed. HTTP Status: NotFound
[2025-10-01 01:32:30Z INFO GitHubActionsService] Finished operation Location.GetConnectionData
[2025-10-01 01:32:30Z INFO RunnerServer] Catch exception during connect. 2 attempt left.
[2025-10-01 01:32:30Z ERR  RunnerServer] GitHub.Services.WebApi.VssServiceResponseException: The resource cannot be found.
   at GitHub.Services.WebApi.VssHttpClientBase.HandleResponseAsync(HttpResponseMessage response, CancellationToken cancellationToken)
   at GitHub.Services.WebApi.VssHttpClientBase.SendAsync(HttpRequestMessage message, HttpCompletionOption completionOption, Object userState, CancellationToken cancellationToken)
   at GitHub.Services.WebApi.VssHttpClientBase.SendAsync[T](HttpRequestMessage message, Object userState, CancellationToken cancellationToken)
   at GitHub.Services.Location.Client.LocationHttpClient.GetConnectionDataAsync(ConnectOptions connectOptions, Int64 lastChangeId, CancellationToken cancellationToken, Object userState)
   at GitHub.Services.WebApi.Location.VssServerDataProvider.GetConnectionDataAsync(ConnectOptions connectOptions, Int32 lastChangeId, CancellationToken cancellationToken)
   at GitHub.Services.WebApi.Location.VssServerDataProvider.ConnectAsync(ConnectOptions connectOptions, CancellationToken cancellationToken)
   at GitHub.Runner.Common.RunnerService.EstablishVssConnection(Uri serverUrl, VssCredentials credentials, TimeSpan timeout)
[2025-10-01 01:32:30Z INFO GitHubActionsService] Starting operation Location.GetConnectionData
[2025-10-01 01:32:30Z INFO GitHubActionsService] Starting operation Location.GetConnectionData
[2025-10-01 01:32:30Z INFO GitHubActionsService] Starting operation Location.GetConnectionData
[2025-10-01 01:32:31Z ERR  GitHubActionsService] GET request to https://pipelinesghubeus6.actions.githubusercontent.com/hKyNd5hzQTjPqVOxuFp9CyJ2tMUr8ytJJ9FfsFju3bqhBGI0lq/_apis/connectionData?connectOptions=1&lastChangeId=258625537&lastChangeId64=258625537 failed. HTTP Status: NotFound
[2025-10-01 01:32:31Z INFO GitHubActionsService] Finished operation Location.GetConnectionData
[2025-10-01 01:32:31Z INFO RunnerServer] Catch exception during connect. 1 attempt left.
[2025-10-01 01:32:31Z ERR  RunnerServer] GitHub.Services.WebApi.VssServiceResponseException: The resource cannot be found.
   at GitHub.Services.WebApi.VssHttpClientBase.HandleResponseAsync(HttpResponseMessage response, CancellationToken cancellationToken)
   at GitHub.Services.WebApi.VssHttpClientBase.SendAsync(HttpRequestMessage message, HttpCompletionOption completionOption, Object userState, CancellationToken cancellationToken)
   at GitHub.Services.WebApi.VssHttpClientBase.SendAsync[T](HttpRequestMessage message, Object userState, CancellationToken cancellationToken)
   at GitHub.Services.Location.Client.LocationHttpClient.GetConnectionDataAsync(ConnectOptions connectOptions, Int64 lastChangeId, CancellationToken cancellationToken, Object userState)
   at GitHub.Services.WebApi.Location.VssServerDataProvider.GetConnectionDataAsync(ConnectOptions connectOptions, Int32 lastChangeId, CancellationToken cancellationToken)
   at GitHub.Services.WebApi.Location.VssServerDataProvider.ConnectAsync(ConnectOptions connectOptions, CancellationToken cancellationToken)
   at GitHub.Runner.Common.RunnerService.EstablishVssConnection(Uri serverUrl, VssCredentials credentials, TimeSpan timeout)
[2025-10-01 01:32:31Z ERR  GitHubActionsService] GET request to https://pipelinesghubeus6.actions.githubusercontent.com/hKyNd5hzQTjPqVOxuFp9CyJ2tMUr8ytJJ9FfsFju3bqhBGI0lq/_apis/connectionData?connectOptions=1&lastChangeId=258625537&lastChangeId64=258625537 failed. HTTP Status: NotFound
[2025-10-01 01:32:31Z INFO GitHubActionsService] Finished operation Location.GetConnectionData
[2025-10-01 01:32:31Z INFO RunnerServer] Catch exception during connect. 1 attempt left.
[2025-10-01 01:32:31Z ERR  RunnerServer] GitHub.Services.WebApi.VssServiceResponseException: The resource cannot be found.
   at GitHub.Services.WebApi.VssHttpClientBase.HandleResponseAsync(HttpResponseMessage response, CancellationToken cancellationToken)
   at GitHub.Services.WebApi.VssHttpClientBase.SendAsync(HttpRequestMessage message, HttpCompletionOption completionOption, Object userState, CancellationToken cancellationToken)
   at GitHub.Services.WebApi.VssHttpClientBase.SendAsync[T](HttpRequestMessage message, Object userState, CancellationToken cancellationToken)
   at GitHub.Services.Location.Client.LocationHttpClient.GetConnectionDataAsync(ConnectOptions connectOptions, Int64 lastChangeId, CancellationToken cancellationToken, Object userState)
   at GitHub.Services.WebApi.Location.VssServerDataProvider.GetConnectionDataAsync(ConnectOptions connectOptions, Int32 lastChangeId, CancellationToken cancellationToken)
   at GitHub.Services.WebApi.Location.VssServerDataProvider.ConnectAsync(ConnectOptions connectOptions, CancellationToken cancellationToken)
   at GitHub.Runner.Common.RunnerService.EstablishVssConnection(Uri serverUrl, VssCredentials credentials, TimeSpan timeout)
[2025-10-01 01:32:31Z INFO GitHubActionsService] Starting operation Location.GetConnectionData
[2025-10-01 01:32:31Z ERR  GitHubActionsService] GET request to https://pipelinesghubeus6.actions.githubusercontent.com/hKyNd5hzQTjPqVOxuFp9CyJ2tMUr8ytJJ9FfsFju3bqhBGI0lq/_apis/connectionData?connectOptions=1&lastChangeId=258625537&lastChangeId64=258625537 failed. HTTP Status: NotFound
[2025-10-01 01:32:31Z INFO GitHubActionsService] Finished operation Location.GetConnectionData
[2025-10-01 01:32:31Z INFO RunnerServer] Catch exception during connect. 1 attempt left.
[2025-10-01 01:32:31Z ERR  RunnerServer] GitHub.Services.WebApi.VssServiceResponseException: The resource cannot be found.
   at GitHub.Services.WebApi.VssHttpClientBase.HandleResponseAsync(HttpResponseMessage response, CancellationToken cancellationToken)
   at GitHub.Services.WebApi.VssHttpClientBase.SendAsync(HttpRequestMessage message, HttpCompletionOption completionOption, Object userState, CancellationToken cancellationToken)
   at GitHub.Services.WebApi.VssHttpClientBase.SendAsync[T](HttpRequestMessage message, Object userState, CancellationToken cancellationToken)
   at GitHub.Services.Location.Client.LocationHttpClient.GetConnectionDataAsync(ConnectOptions connectOptions, Int64 lastChangeId, CancellationToken cancellationToken, Object userState)
   at GitHub.Services.WebApi.Location.VssServerDataProvider.GetConnectionDataAsync(ConnectOptions connectOptions, Int32 lastChangeId, CancellationToken cancellationToken)
   at GitHub.Services.WebApi.Location.VssServerDataProvider.ConnectAsync(ConnectOptions connectOptions, CancellationToken cancellationToken)
   at GitHub.Runner.Common.RunnerService.EstablishVssConnection(Uri serverUrl, VssCredentials credentials, TimeSpan timeout)
[2025-10-01 01:32:31Z INFO GitHubActionsService] Starting operation Location.GetConnectionData
[2025-10-01 01:32:31Z INFO GitHubActionsService] Starting operation Location.GetConnectionData
[2025-10-01 01:32:31Z ERR  GitHubActionsService] GET request to https://pipelinesghubeus6.actions.githubusercontent.com/hKyNd5hzQTjPqVOxuFp9CyJ2tMUr8ytJJ9FfsFju3bqhBGI0lq/_apis/connectionData?connectOptions=1&lastChangeId=258625537&lastChangeId64=258625537 failed. HTTP Status: NotFound
[2025-10-01 01:32:31Z INFO GitHubActionsService] Finished operation Location.GetConnectionData
[2025-10-01 01:32:31Z ERR  GitHubActionsService] GET request to https://pipelinesghubeus6.actions.githubusercontent.com/hKyNd5hzQTjPqVOxuFp9CyJ2tMUr8ytJJ9FfsFju3bqhBGI0lq/_apis/connectionData?connectOptions=1&lastChangeId=258625537&lastChangeId64=258625537 failed. HTTP Status: NotFound
[2025-10-01 01:32:31Z INFO GitHubActionsService] Finished operation Location.GetConnectionData
[2025-10-01 01:32:32Z ERR  GitHubActionsService] GET request to https://pipelinesghubeus6.actions.githubusercontent.com/hKyNd5hzQTjPqVOxuFp9CyJ2tMUr8ytJJ9FfsFju3bqhBGI0lq/_apis/connectionData?connectOptions=1&lastChangeId=258625537&lastChangeId64=258625537 failed. HTTP Status: NotFound
[2025-10-01 01:32:32Z INFO GitHubActionsService] Finished operation Location.GetConnectionData
[2025-10-01 01:32:32Z ERR  BrokerMessageListener] Catch exception during create session.
[2025-10-01 01:32:32Z ERR  BrokerMessageListener] GitHub.Services.WebApi.VssServiceResponseException: The resource cannot be found.
   at GitHub.Services.WebApi.VssHttpClientBase.HandleResponseAsync(HttpResponseMessage response, CancellationToken cancellationToken)
   at GitHub.Services.WebApi.VssHttpClientBase.SendAsync(HttpRequestMessage message, HttpCompletionOption completionOption, Object userState, CancellationToken cancellationToken)
   at GitHub.Services.WebApi.VssHttpClientBase.SendAsync[T](HttpRequestMessage message, Object userState, CancellationToken cancellationToken)
   at GitHub.Services.Location.Client.LocationHttpClient.GetConnectionDataAsync(ConnectOptions connectOptions, Int64 lastChangeId, CancellationToken cancellationToken, Object userState)
   at GitHub.Services.WebApi.Location.VssServerDataProvider.GetConnectionDataAsync(ConnectOptions connectOptions, Int32 lastChangeId, CancellationToken cancellationToken)
   at GitHub.Services.WebApi.Location.VssServerDataProvider.ConnectAsync(ConnectOptions connectOptions, CancellationToken cancellationToken)
   at GitHub.Runner.Common.RunnerService.EstablishVssConnection(Uri serverUrl, VssCredentials credentials, TimeSpan timeout)
   at GitHub.Runner.Common.RunnerServer.ConnectAsync(Uri serverUrl, VssCredentials credentials)
   at GitHub.Runner.Listener.BrokerMessageListener.CreateSessionAsync(CancellationToken token)
[2025-10-01 01:32:32Z INFO BrokerMessageListener] Retriable exception: The resource cannot be found.
[2025-10-01 01:32:32Z INFO BrokerMessageListener] Sleeping for 30 seconds before retrying.
[2025-10-01 01:33:02Z INFO BrokerMessageListener] Attempt to create session.
[2025-10-01 01:33:02Z INFO BrokerMessageListener] Connecting to the Broker Server...
[2025-10-01 01:33:02Z INFO ConfigurationStore] HasCredentials()
[2025-10-01 01:33:02Z INFO ConfigurationStore] stored True
[2025-10-01 01:33:02Z INFO CredentialManager] GetCredentialProvider
[2025-10-01 01:33:02Z INFO CredentialManager] Creating type OAuth
[2025-10-01 01:33:02Z INFO CredentialManager] Creating credential type: OAuth
[2025-10-01 01:33:02Z INFO RSAEncryptedFileKeyManager] Loading RSA key parameters from file G:\Brunella\actions-runner\.credentials_rsaparams
[2025-10-01 01:33:02Z INFO BrokerMessageListener] VssConnection created
[2025-10-01 01:33:02Z INFO BrokerMessageListener] Connecting to the Runner server...
[2025-10-01 01:33:02Z INFO RunnerServer] EstablishVssConnection
[2025-10-01 01:33:02Z INFO RunnerServer] Establish connection with 100 seconds timeout.
[2025-10-01 01:33:02Z INFO GitHubActionsService] Starting operation Location.GetConnectionData
[2025-10-01 01:33:02Z INFO RunnerServer] EstablishVssConnection
[2025-10-01 01:33:02Z INFO RunnerServer] Establish connection with 60 seconds timeout.
[2025-10-01 01:33:02Z INFO GitHubActionsService] Starting operation Location.GetConnectionData
[2025-10-01 01:33:02Z INFO RunnerServer] EstablishVssConnection
[2025-10-01 01:33:02Z INFO RunnerServer] Establish connection with 60 seconds timeout.
[2025-10-01 01:33:02Z INFO GitHubActionsService] Starting operation Location.GetConnectionData
[2025-10-01 01:33:02Z ERR  GitHubActionsService] GET request to https://pipelinesghubeus6.actions.githubusercontent.com/hKyNd5hzQTjPqVOxuFp9CyJ2tMUr8ytJJ9FfsFju3bqhBGI0lq/_apis/connectionData?connectOptions=1&lastChangeId=258625537&lastChangeId64=258625537 failed. HTTP Status: NotFound
[2025-10-01 01:33:02Z INFO GitHubActionsService] Finished operation Location.GetConnectionData
[2025-10-01 01:33:02Z INFO RunnerServer] Catch exception during connect. 4 attempt left.
[2025-10-01 01:33:02Z ERR  RunnerServer] GitHub.Services.WebApi.VssServiceResponseException: The resource cannot be found.
   at GitHub.Services.WebApi.VssHttpClientBase.HandleResponseAsync(HttpResponseMessage response, CancellationToken cancellationToken)
   at GitHub.Services.WebApi.VssHttpClientBase.SendAsync(HttpRequestMessage message, HttpCompletionOption completionOption, Object userState, CancellationToken cancellationToken)
   at GitHub.Services.WebApi.VssHttpClientBase.SendAsync[T](HttpRequestMessage message, Object userState, CancellationToken cancellationToken)
   at GitHub.Services.Location.Client.LocationHttpClient.GetConnectionDataAsync(ConnectOptions connectOptions, Int64 lastChangeId, CancellationToken cancellationToken, Object userState)
   at GitHub.Services.WebApi.Location.VssServerDataProvider.GetConnectionDataAsync(ConnectOptions connectOptions, Int32 lastChangeId, CancellationToken cancellationToken)
   at GitHub.Services.WebApi.Location.VssServerDataProvider.ConnectAsync(ConnectOptions connectOptions, CancellationToken cancellationToken)
   at GitHub.Runner.Common.RunnerService.EstablishVssConnection(Uri serverUrl, VssCredentials credentials, TimeSpan timeout)
[2025-10-01 01:33:02Z ERR  GitHubActionsService] GET request to https://pipelinesghubeus6.actions.githubusercontent.com/hKyNd5hzQTjPqVOxuFp9CyJ2tMUr8ytJJ9FfsFju3bqhBGI0lq/_apis/connectionData?connectOptions=1&lastChangeId=258625537&lastChangeId64=258625537 failed. HTTP Status: NotFound
[2025-10-01 01:33:02Z INFO GitHubActionsService] Finished operation Location.GetConnectionData
[2025-10-01 01:33:02Z INFO RunnerServer] Catch exception during connect. 4 attempt left.
[2025-10-01 01:33:02Z ERR  RunnerServer] GitHub.Services.WebApi.VssServiceResponseException: The resource cannot be found.
   at GitHub.Services.WebApi.VssHttpClientBase.HandleResponseAsync(HttpResponseMessage response, CancellationToken cancellationToken)
   at GitHub.Services.WebApi.VssHttpClientBase.SendAsync(HttpRequestMessage message, HttpCompletionOption completionOption, Object userState, CancellationToken cancellationToken)
   at GitHub.Services.WebApi.VssHttpClientBase.SendAsync[T](HttpRequestMessage message, Object userState, CancellationToken cancellationToken)
   at GitHub.Services.Location.Client.LocationHttpClient.GetConnectionDataAsync(ConnectOptions connectOptions, Int64 lastChangeId, CancellationToken cancellationToken, Object userState)
   at GitHub.Services.WebApi.Location.VssServerDataProvider.GetConnectionDataAsync(ConnectOptions connectOptions, Int32 lastChangeId, CancellationToken cancellationToken)
   at GitHub.Services.WebApi.Location.VssServerDataProvider.ConnectAsync(ConnectOptions connectOptions, CancellationToken cancellationToken)
   at GitHub.Runner.Common.RunnerService.EstablishVssConnection(Uri serverUrl, VssCredentials credentials, TimeSpan timeout)
[2025-10-01 01:33:02Z ERR  GitHubActionsService] GET request to https://pipelinesghubeus6.actions.githubusercontent.com/hKyNd5hzQTjPqVOxuFp9CyJ2tMUr8ytJJ9FfsFju3bqhBGI0lq/_apis/connectionData?connectOptions=1&lastChangeId=258625537&lastChangeId64=258625537 failed. HTTP Status: NotFound
[2025-10-01 01:33:02Z INFO GitHubActionsService] Finished operation Location.GetConnectionData
[2025-10-01 01:33:02Z INFO RunnerServer] Catch exception during connect. 4 attempt left.
[2025-10-01 01:33:02Z ERR  RunnerServer] GitHub.Services.WebApi.VssServiceResponseException: The resource cannot be found.
   at GitHub.Services.WebApi.VssHttpClientBase.HandleResponseAsync(HttpResponseMessage response, CancellationToken cancellationToken)
   at GitHub.Services.WebApi.VssHttpClientBase.SendAsync(HttpRequestMessage message, HttpCompletionOption completionOption, Object userState, CancellationToken cancellationToken)
   at GitHub.Services.WebApi.VssHttpClientBase.SendAsync[T](HttpRequestMessage message, Object userState, CancellationToken cancellationToken)
   at GitHub.Services.Location.Client.LocationHttpClient.GetConnectionDataAsync(ConnectOptions connectOptions, Int64 lastChangeId, CancellationToken cancellationToken, Object userState)
   at GitHub.Services.WebApi.Location.VssServerDataProvider.GetConnectionDataAsync(ConnectOptions connectOptions, Int32 lastChangeId, CancellationToken cancellationToken)
   at GitHub.Services.WebApi.Location.VssServerDataProvider.ConnectAsync(ConnectOptions connectOptions, CancellationToken cancellationToken)
   at GitHub.Runner.Common.RunnerService.EstablishVssConnection(Uri serverUrl, VssCredentials credentials, TimeSpan timeout)
[2025-10-01 01:33:02Z INFO GitHubActionsService] Starting operation Location.GetConnectionData
[2025-10-01 01:33:02Z INFO GitHubActionsService] Starting operation Location.GetConnectionData
[2025-10-01 01:33:02Z INFO GitHubActionsService] Starting operation Location.GetConnectionData
[2025-10-01 01:33:03Z ERR  GitHubActionsService] GET request to https://pipelinesghubeus6.actions.githubusercontent.com/hKyNd5hzQTjPqVOxuFp9CyJ2tMUr8ytJJ9FfsFju3bqhBGI0lq/_apis/connectionData?connectOptions=1&lastChangeId=258625537&lastChangeId64=258625537 failed. HTTP Status: NotFound
[2025-10-01 01:33:03Z INFO GitHubActionsService] Finished operation Location.GetConnectionData
[2025-10-01 01:33:03Z INFO RunnerServer] Catch exception during connect. 3 attempt left.
[2025-10-01 01:33:03Z ERR  RunnerServer] GitHub.Services.WebApi.VssServiceResponseException: The resource cannot be found.
   at GitHub.Services.WebApi.VssHttpClientBase.HandleResponseAsync(HttpResponseMessage response, CancellationToken cancellationToken)
   at GitHub.Services.WebApi.VssHttpClientBase.SendAsync(HttpRequestMessage message, HttpCompletionOption completionOption, Object userState, CancellationToken cancellationToken)
   at GitHub.Services.WebApi.VssHttpClientBase.SendAsync[T](HttpRequestMessage message, Object userState, CancellationToken cancellationToken)
   at GitHub.Services.Location.Client.LocationHttpClient.GetConnectionDataAsync(ConnectOptions connectOptions, Int64 lastChangeId, CancellationToken cancellationToken, Object userState)
   at GitHub.Services.WebApi.Location.VssServerDataProvider.GetConnectionDataAsync(ConnectOptions connectOptions, Int32 lastChangeId, CancellationToken cancellationToken)
   at GitHub.Services.WebApi.Location.VssServerDataProvider.ConnectAsync(ConnectOptions connectOptions, CancellationToken cancellationToken)
   at GitHub.Runner.Common.RunnerService.EstablishVssConnection(Uri serverUrl, VssCredentials credentials, TimeSpan timeout)
[2025-10-01 01:33:03Z INFO GitHubActionsService] Starting operation Location.GetConnectionData
[2025-10-01 01:33:03Z ERR  GitHubActionsService] GET request to https://pipelinesghubeus6.actions.githubusercontent.com/hKyNd5hzQTjPqVOxuFp9CyJ2tMUr8ytJJ9FfsFju3bqhBGI0lq/_apis/connectionData?connectOptions=1&lastChangeId=258625537&lastChangeId64=258625537 failed. HTTP Status: NotFound
[2025-10-01 01:33:03Z INFO GitHubActionsService] Finished operation Location.GetConnectionData
[2025-10-01 01:33:03Z INFO RunnerServer] Catch exception during connect. 3 attempt left.
[2025-10-01 01:33:03Z ERR  RunnerServer] GitHub.Services.WebApi.VssServiceResponseException: The resource cannot be found.
   at GitHub.Services.WebApi.VssHttpClientBase.HandleResponseAsync(HttpResponseMessage response, CancellationToken cancellationToken)
   at GitHub.Services.WebApi.VssHttpClientBase.SendAsync(HttpRequestMessage message, HttpCompletionOption completionOption, Object userState, CancellationToken cancellationToken)
   at GitHub.Services.WebApi.VssHttpClientBase.SendAsync[T](HttpRequestMessage message, Object userState, CancellationToken cancellationToken)
   at GitHub.Services.Location.Client.LocationHttpClient.GetConnectionDataAsync(ConnectOptions connectOptions, Int64 lastChangeId, CancellationToken cancellationToken, Object userState)
   at GitHub.Services.WebApi.Location.VssServerDataProvider.GetConnectionDataAsync(ConnectOptions connectOptions, Int32 lastChangeId, CancellationToken cancellationToken)
   at GitHub.Services.WebApi.Location.VssServerDataProvider.ConnectAsync(ConnectOptions connectOptions, CancellationToken cancellationToken)
   at GitHub.Runner.Common.RunnerService.EstablishVssConnection(Uri serverUrl, VssCredentials credentials, TimeSpan timeout)
[2025-10-01 01:33:03Z ERR  GitHubActionsService] GET request to https://pipelinesghubeus6.actions.githubusercontent.com/hKyNd5hzQTjPqVOxuFp9CyJ2tMUr8ytJJ9FfsFju3bqhBGI0lq/_apis/connectionData?connectOptions=1&lastChangeId=258625537&lastChangeId64=258625537 failed. HTTP Status: NotFound
[2025-10-01 01:33:03Z INFO GitHubActionsService] Finished operation Location.GetConnectionData
[2025-10-01 01:33:03Z INFO RunnerServer] Catch exception during connect. 3 attempt left.
[2025-10-01 01:33:03Z ERR  RunnerServer] GitHub.Services.WebApi.VssServiceResponseException: The resource cannot be found.
   at GitHub.Services.WebApi.VssHttpClientBase.HandleResponseAsync(HttpResponseMessage response, CancellationToken cancellationToken)
   at GitHub.Services.WebApi.VssHttpClientBase.SendAsync(HttpRequestMessage message, HttpCompletionOption completionOption, Object userState, CancellationToken cancellationToken)
   at GitHub.Services.WebApi.VssHttpClientBase.SendAsync[T](HttpRequestMessage message, Object userState, CancellationToken cancellationToken)
   at GitHub.Services.Location.Client.LocationHttpClient.GetConnectionDataAsync(ConnectOptions connectOptions, Int64 lastChangeId, CancellationToken cancellationToken, Object userState)
   at GitHub.Services.WebApi.Location.VssServerDataProvider.GetConnectionDataAsync(ConnectOptions connectOptions, Int32 lastChangeId, CancellationToken cancellationToken)
   at GitHub.Services.WebApi.Location.VssServerDataProvider.ConnectAsync(ConnectOptions connectOptions, CancellationToken cancellationToken)
   at GitHub.Runner.Common.RunnerService.EstablishVssConnection(Uri serverUrl, VssCredentials credentials, TimeSpan timeout)
[2025-10-01 01:33:03Z INFO GitHubActionsService] Starting operation Location.GetConnectionData
[2025-10-01 01:33:03Z INFO GitHubActionsService] Starting operation Location.GetConnectionData
[2025-10-01 01:33:04Z ERR  GitHubActionsService] GET request to https://pipelinesghubeus6.actions.githubusercontent.com/hKyNd5hzQTjPqVOxuFp9CyJ2tMUr8ytJJ9FfsFju3bqhBGI0lq/_apis/connectionData?connectOptions=1&lastChangeId=258625537&lastChangeId64=258625537 failed. HTTP Status: NotFound
[2025-10-01 01:33:04Z INFO GitHubActionsService] Finished operation Location.GetConnectionData
[2025-10-01 01:33:04Z INFO RunnerServer] Catch exception during connect. 2 attempt left.
[2025-10-01 01:33:04Z ERR  RunnerServer] GitHub.Services.WebApi.VssServiceResponseException: The resource cannot be found.
   at GitHub.Services.WebApi.VssHttpClientBase.HandleResponseAsync(HttpResponseMessage response, CancellationToken cancellationToken)
   at GitHub.Services.WebApi.VssHttpClientBase.SendAsync(HttpRequestMessage message, HttpCompletionOption completionOption, Object userState, CancellationToken cancellationToken)
   at GitHub.Services.WebApi.VssHttpClientBase.SendAsync[T](HttpRequestMessage message, Object userState, CancellationToken cancellationToken)
   at GitHub.Services.Location.Client.LocationHttpClient.GetConnectionDataAsync(ConnectOptions connectOptions, Int64 lastChangeId, CancellationToken cancellationToken, Object userState)
   at GitHub.Services.WebApi.Location.VssServerDataProvider.GetConnectionDataAsync(ConnectOptions connectOptions, Int32 lastChangeId, CancellationToken cancellationToken)
   at GitHub.Services.WebApi.Location.VssServerDataProvider.ConnectAsync(ConnectOptions connectOptions, CancellationToken cancellationToken)
   at GitHub.Runner.Common.RunnerService.EstablishVssConnection(Uri serverUrl, VssCredentials credentials, TimeSpan timeout)
[2025-10-01 01:33:04Z ERR  GitHubActionsService] GET request to https://pipelinesghubeus6.actions.githubusercontent.com/hKyNd5hzQTjPqVOxuFp9CyJ2tMUr8ytJJ9FfsFju3bqhBGI0lq/_apis/connectionData?connectOptions=1&lastChangeId=258625537&lastChangeId64=258625537 failed. HTTP Status: NotFound
[2025-10-01 01:33:04Z INFO GitHubActionsService] Finished operation Location.GetConnectionData
[2025-10-01 01:33:04Z INFO RunnerServer] Catch exception during connect. 2 attempt left.
[2025-10-01 01:33:04Z ERR  RunnerServer] GitHub.Services.WebApi.VssServiceResponseException: The resource cannot be found.
   at GitHub.Services.WebApi.VssHttpClientBase.HandleResponseAsync(HttpResponseMessage response, CancellationToken cancellationToken)
   at GitHub.Services.WebApi.VssHttpClientBase.SendAsync(HttpRequestMessage message, HttpCompletionOption completionOption, Object userState, CancellationToken cancellationToken)
   at GitHub.Services.WebApi.VssHttpClientBase.SendAsync[T](HttpRequestMessage message, Object userState, CancellationToken cancellationToken)
   at GitHub.Services.Location.Client.LocationHttpClient.GetConnectionDataAsync(ConnectOptions connectOptions, Int64 lastChangeId, CancellationToken cancellationToken, Object userState)
   at GitHub.Services.WebApi.Location.VssServerDataProvider.GetConnectionDataAsync(ConnectOptions connectOptions, Int32 lastChangeId, CancellationToken cancellationToken)
   at GitHub.Services.WebApi.Location.VssServerDataProvider.ConnectAsync(ConnectOptions connectOptions, CancellationToken cancellationToken)
   at GitHub.Runner.Common.RunnerService.EstablishVssConnection(Uri serverUrl, VssCredentials credentials, TimeSpan timeout)
[2025-10-01 01:33:04Z INFO GitHubActionsService] Starting operation Location.GetConnectionData
[2025-10-01 01:33:04Z ERR  GitHubActionsService] GET request to https://pipelinesghubeus6.actions.githubusercontent.com/hKyNd5hzQTjPqVOxuFp9CyJ2tMUr8ytJJ9FfsFju3bqhBGI0lq/_apis/connectionData?connectOptions=1&lastChangeId=258625537&lastChangeId64=258625537 failed. HTTP Status: NotFound
[2025-10-01 01:33:04Z INFO GitHubActionsService] Finished operation Location.GetConnectionData
[2025-10-01 01:33:04Z INFO RunnerServer] Catch exception during connect. 2 attempt left.
[2025-10-01 01:33:04Z ERR  RunnerServer] GitHub.Services.WebApi.VssServiceResponseException: The resource cannot be found.
   at GitHub.Services.WebApi.VssHttpClientBase.HandleResponseAsync(HttpResponseMessage response, CancellationToken cancellationToken)
   at GitHub.Services.WebApi.VssHttpClientBase.SendAsync(HttpRequestMessage message, HttpCompletionOption completionOption, Object userState, CancellationToken cancellationToken)
   at GitHub.Services.WebApi.VssHttpClientBase.SendAsync[T](HttpRequestMessage message, Object userState, CancellationToken cancellationToken)
   at GitHub.Services.Location.Client.LocationHttpClient.GetConnectionDataAsync(ConnectOptions connectOptions, Int64 lastChangeId, CancellationToken cancellationToken, Object userState)
   at GitHub.Services.WebApi.Location.VssServerDataProvider.GetConnectionDataAsync(ConnectOptions connectOptions, Int32 lastChangeId, CancellationToken cancellationToken)
   at GitHub.Services.WebApi.Location.VssServerDataProvider.ConnectAsync(ConnectOptions connectOptions, CancellationToken cancellationToken)
   at GitHub.Runner.Common.RunnerService.EstablishVssConnection(Uri serverUrl, VssCredentials credentials, TimeSpan timeout)
[2025-10-01 01:33:04Z INFO GitHubActionsService] Starting operation Location.GetConnectionData
[2025-10-01 01:33:04Z INFO GitHubActionsService] Starting operation Location.GetConnectionData
[2025-10-01 01:33:04Z ERR  GitHubActionsService] GET request to https://pipelinesghubeus6.actions.githubusercontent.com/hKyNd5hzQTjPqVOxuFp9CyJ2tMUr8ytJJ9FfsFju3bqhBGI0lq/_apis/connectionData?connectOptions=1&lastChangeId=258625537&lastChangeId64=258625537 failed. HTTP Status: NotFound
[2025-10-01 01:33:04Z INFO GitHubActionsService] Finished operation Location.GetConnectionData
[2025-10-01 01:33:04Z INFO RunnerServer] Catch exception during connect. 1 attempt left.
[2025-10-01 01:33:04Z ERR  RunnerServer] GitHub.Services.WebApi.VssServiceResponseException: The resource cannot be found.
   at GitHub.Services.WebApi.VssHttpClientBase.HandleResponseAsync(HttpResponseMessage response, CancellationToken cancellationToken)
   at GitHub.Services.WebApi.VssHttpClientBase.SendAsync(HttpRequestMessage message, HttpCompletionOption completionOption, Object userState, CancellationToken cancellationToken)
   at GitHub.Services.WebApi.VssHttpClientBase.SendAsync[T](HttpRequestMessage message, Object userState, CancellationToken cancellationToken)
   at GitHub.Services.Location.Client.LocationHttpClient.GetConnectionDataAsync(ConnectOptions connectOptions, Int64 lastChangeId, CancellationToken cancellationToken, Object userState)
   at GitHub.Services.WebApi.Location.VssServerDataProvider.GetConnectionDataAsync(ConnectOptions connectOptions, Int32 lastChangeId, CancellationToken cancellationToken)
   at GitHub.Services.WebApi.Location.VssServerDataProvider.ConnectAsync(ConnectOptions connectOptions, CancellationToken cancellationToken)
   at GitHub.Runner.Common.RunnerService.EstablishVssConnection(Uri serverUrl, VssCredentials credentials, TimeSpan timeout)
[2025-10-01 01:33:05Z ERR  GitHubActionsService] GET request to https://pipelinesghubeus6.actions.githubusercontent.com/hKyNd5hzQTjPqVOxuFp9CyJ2tMUr8ytJJ9FfsFju3bqhBGI0lq/_apis/connectionData?connectOptions=1&lastChangeId=258625537&lastChangeId64=258625537 failed. HTTP Status: NotFound
[2025-10-01 01:33:05Z INFO GitHubActionsService] Finished operation Location.GetConnectionData
[2025-10-01 01:33:05Z INFO RunnerServer] Catch exception during connect. 1 attempt left.
[2025-10-01 01:33:05Z ERR  RunnerServer] GitHub.Services.WebApi.VssServiceResponseException: The resource cannot be found.
   at GitHub.Services.WebApi.VssHttpClientBase.HandleResponseAsync(HttpResponseMessage response, CancellationToken cancellationToken)
   at GitHub.Services.WebApi.VssHttpClientBase.SendAsync(HttpRequestMessage message, HttpCompletionOption completionOption, Object userState, CancellationToken cancellationToken)
   at GitHub.Services.WebApi.VssHttpClientBase.SendAsync[T](HttpRequestMessage message, Object userState, CancellationToken cancellationToken)
   at GitHub.Services.Location.Client.LocationHttpClient.GetConnectionDataAsync(ConnectOptions connectOptions, Int64 lastChangeId, CancellationToken cancellationToken, Object userState)
   at GitHub.Services.WebApi.Location.VssServerDataProvider.GetConnectionDataAsync(ConnectOptions connectOptions, Int32 lastChangeId, CancellationToken cancellationToken)
   at GitHub.Services.WebApi.Location.VssServerDataProvider.ConnectAsync(ConnectOptions connectOptions, CancellationToken cancellationToken)
   at GitHub.Runner.Common.RunnerService.EstablishVssConnection(Uri serverUrl, VssCredentials credentials, TimeSpan timeout)
[2025-10-01 01:33:05Z INFO GitHubActionsService] Starting operation Location.GetConnectionData
[2025-10-01 01:33:05Z ERR  GitHubActionsService] GET request to https://pipelinesghubeus6.actions.githubusercontent.com/hKyNd5hzQTjPqVOxuFp9CyJ2tMUr8ytJJ9FfsFju3bqhBGI0lq/_apis/connectionData?connectOptions=1&lastChangeId=258625537&lastChangeId64=258625537 failed. HTTP Status: NotFound
[2025-10-01 01:33:05Z INFO GitHubActionsService] Finished operation Location.GetConnectionData
[2025-10-01 01:33:05Z INFO RunnerServer] Catch exception during connect. 1 attempt left.
[2025-10-01 01:33:05Z INFO GitHubActionsService] Starting operation Location.GetConnectionData
[2025-10-01 01:33:05Z ERR  RunnerServer] GitHub.Services.WebApi.VssServiceResponseException: The resource cannot be found.
   at GitHub.Services.WebApi.VssHttpClientBase.HandleResponseAsync(HttpResponseMessage response, CancellationToken cancellationToken)
   at GitHub.Services.WebApi.VssHttpClientBase.SendAsync(HttpRequestMessage message, HttpCompletionOption completionOption, Object userState, CancellationToken cancellationToken)
   at GitHub.Services.WebApi.VssHttpClientBase.SendAsync[T](HttpRequestMessage message, Object userState, CancellationToken cancellationToken)
   at GitHub.Services.Location.Client.LocationHttpClient.GetConnectionDataAsync(ConnectOptions connectOptions, Int64 lastChangeId, CancellationToken cancellationToken, Object userState)
   at GitHub.Services.WebApi.Location.VssServerDataProvider.GetConnectionDataAsync(ConnectOptions connectOptions, Int32 lastChangeId, CancellationToken cancellationToken)
   at GitHub.Services.WebApi.Location.VssServerDataProvider.ConnectAsync(ConnectOptions connectOptions, CancellationToken cancellationToken)
   at GitHub.Runner.Common.RunnerService.EstablishVssConnection(Uri serverUrl, VssCredentials credentials, TimeSpan timeout)
[2025-10-01 01:33:05Z INFO GitHubActionsService] Starting operation Location.GetConnectionData
[2025-10-01 01:33:05Z ERR  GitHubActionsService] GET request to https://pipelinesghubeus6.actions.githubusercontent.com/hKyNd5hzQTjPqVOxuFp9CyJ2tMUr8ytJJ9FfsFju3bqhBGI0lq/_apis/connectionData?connectOptions=1&lastChangeId=258625537&lastChangeId64=258625537 failed. HTTP Status: NotFound
[2025-10-01 01:33:05Z INFO GitHubActionsService] Finished operation Location.GetConnectionData
[2025-10-01 01:33:05Z ERR  GitHubActionsService] GET request to https://pipelinesghubeus6.actions.githubusercontent.com/hKyNd5hzQTjPqVOxuFp9CyJ2tMUr8ytJJ9FfsFju3bqhBGI0lq/_apis/connectionData?connectOptions=1&lastChangeId=258625537&lastChangeId64=258625537 failed. HTTP Status: NotFound
[2025-10-01 01:33:05Z INFO GitHubActionsService] Finished operation Location.GetConnectionData
[2025-10-01 01:33:05Z ERR  GitHubActionsService] GET request to https://pipelinesghubeus6.actions.githubusercontent.com/hKyNd5hzQTjPqVOxuFp9CyJ2tMUr8ytJJ9FfsFju3bqhBGI0lq/_apis/connectionData?connectOptions=1&lastChangeId=258625537&lastChangeId64=258625537 failed. HTTP Status: NotFound
[2025-10-01 01:33:05Z INFO GitHubActionsService] Finished operation Location.GetConnectionData
[2025-10-01 01:33:05Z ERR  BrokerMessageListener] Catch exception during create session.
[2025-10-01 01:33:05Z ERR  BrokerMessageListener] GitHub.Services.WebApi.VssServiceResponseException: The resource cannot be found.
   at GitHub.Services.WebApi.VssHttpClientBase.HandleResponseAsync(HttpResponseMessage response, CancellationToken cancellationToken)
   at GitHub.Services.WebApi.VssHttpClientBase.SendAsync(HttpRequestMessage message, HttpCompletionOption completionOption, Object userState, CancellationToken cancellationToken)
   at GitHub.Services.WebApi.VssHttpClientBase.SendAsync[T](HttpRequestMessage message, Object userState, CancellationToken cancellationToken)
   at GitHub.Services.Location.Client.LocationHttpClient.GetConnectionDataAsync(ConnectOptions connectOptions, Int64 lastChangeId, CancellationToken cancellationToken, Object userState)
   at GitHub.Services.WebApi.Location.VssServerDataProvider.GetConnectionDataAsync(ConnectOptions connectOptions, Int32 lastChangeId, CancellationToken cancellationToken)
   at GitHub.Services.WebApi.Location.VssServerDataProvider.ConnectAsync(ConnectOptions connectOptions, CancellationToken cancellationToken)
   at GitHub.Runner.Common.RunnerService.EstablishVssConnection(Uri serverUrl, VssCredentials credentials, TimeSpan timeout)
   at GitHub.Runner.Common.RunnerServer.ConnectAsync(Uri serverUrl, VssCredentials credentials)
   at GitHub.Runner.Listener.BrokerMessageListener.CreateSessionAsync(CancellationToken token)
[2025-10-01 01:33:05Z INFO BrokerMessageListener] Retriable exception: The resource cannot be found.
[2025-10-01 01:33:05Z INFO BrokerMessageListener] Sleeping for 30 seconds before retrying.
[2025-10-01 01:33:35Z INFO BrokerMessageListener] Attempt to create session.
[2025-10-01 01:33:35Z INFO BrokerMessageListener] Connecting to the Broker Server...
[2025-10-01 01:33:35Z INFO ConfigurationStore] HasCredentials()
[2025-10-01 01:33:35Z INFO ConfigurationStore] stored True
[2025-10-01 01:33:35Z INFO CredentialManager] GetCredentialProvider
[2025-10-01 01:33:35Z INFO CredentialManager] Creating type OAuth
[2025-10-01 01:33:35Z INFO CredentialManager] Creating credential type: OAuth
[2025-10-01 01:33:35Z INFO RSAEncryptedFileKeyManager] Loading RSA key parameters from file G:\Brunella\actions-runner\.credentials_rsaparams
[2025-10-01 01:33:35Z INFO BrokerMessageListener] VssConnection created
[2025-10-01 01:33:35Z INFO BrokerMessageListener] Connecting to the Runner server...
[2025-10-01 01:33:35Z INFO RunnerServer] EstablishVssConnection
[2025-10-01 01:33:35Z INFO RunnerServer] Establish connection with 100 seconds timeout.
[2025-10-01 01:33:35Z INFO GitHubActionsService] Starting operation Location.GetConnectionData
[2025-10-01 01:33:35Z INFO RunnerServer] EstablishVssConnection
[2025-10-01 01:33:35Z INFO RunnerServer] Establish connection with 60 seconds timeout.
[2025-10-01 01:33:35Z INFO GitHubActionsService] Starting operation Location.GetConnectionData
[2025-10-01 01:33:35Z INFO RunnerServer] EstablishVssConnection
[2025-10-01 01:33:35Z INFO RunnerServer] Establish connection with 60 seconds timeout.
[2025-10-01 01:33:35Z INFO GitHubActionsService] Starting operation Location.GetConnectionData
[2025-10-01 01:33:36Z ERR  GitHubActionsService] GET request to https://pipelinesghubeus6.actions.githubusercontent.com/hKyNd5hzQTjPqVOxuFp9CyJ2tMUr8ytJJ9FfsFju3bqhBGI0lq/_apis/connectionData?connectOptions=1&lastChangeId=258625537&lastChangeId64=258625537 failed. HTTP Status: NotFound
[2025-10-01 01:33:36Z INFO GitHubActionsService] Finished operation Location.GetConnectionData
[2025-10-01 01:33:36Z INFO RunnerServer] Catch exception during connect. 4 attempt left.
[2025-10-01 01:33:36Z ERR  RunnerServer] GitHub.Services.WebApi.VssServiceResponseException: The resource cannot be found.
   at GitHub.Services.WebApi.VssHttpClientBase.HandleResponseAsync(HttpResponseMessage response, CancellationToken cancellationToken)
   at GitHub.Services.WebApi.VssHttpClientBase.SendAsync(HttpRequestMessage message, HttpCompletionOption completionOption, Object userState, CancellationToken cancellationToken)
   at GitHub.Services.WebApi.VssHttpClientBase.SendAsync[T](HttpRequestMessage message, Object userState, CancellationToken cancellationToken)
   at GitHub.Services.Location.Client.LocationHttpClient.GetConnectionDataAsync(ConnectOptions connectOptions, Int64 lastChangeId, CancellationToken cancellationToken, Object userState)
   at GitHub.Services.WebApi.Location.VssServerDataProvider.GetConnectionDataAsync(ConnectOptions connectOptions, Int32 lastChangeId, CancellationToken cancellationToken)
   at GitHub.Services.WebApi.Location.VssServerDataProvider.ConnectAsync(ConnectOptions connectOptions, CancellationToken cancellationToken)
   at GitHub.Runner.Common.RunnerService.EstablishVssConnection(Uri serverUrl, VssCredentials credentials, TimeSpan timeout)
[2025-10-01 01:33:36Z ERR  GitHubActionsService] GET request to https://pipelinesghubeus6.actions.githubusercontent.com/hKyNd5hzQTjPqVOxuFp9CyJ2tMUr8ytJJ9FfsFju3bqhBGI0lq/_apis/connectionData?connectOptions=1&lastChangeId=258625537&lastChangeId64=258625537 failed. HTTP Status: NotFound
[2025-10-01 01:33:36Z INFO GitHubActionsService] Finished operation Location.GetConnectionData
[2025-10-01 01:33:36Z INFO RunnerServer] Catch exception during connect. 4 attempt left.
[2025-10-01 01:33:36Z ERR  RunnerServer] GitHub.Services.WebApi.VssServiceResponseException: The resource cannot be found.
   at GitHub.Services.WebApi.VssHttpClientBase.HandleResponseAsync(HttpResponseMessage response, CancellationToken cancellationToken)
   at GitHub.Services.WebApi.VssHttpClientBase.SendAsync(HttpRequestMessage message, HttpCompletionOption completionOption, Object userState, CancellationToken cancellationToken)
   at GitHub.Services.WebApi.VssHttpClientBase.SendAsync[T](HttpRequestMessage message, Object userState, CancellationToken cancellationToken)
   at GitHub.Services.Location.Client.LocationHttpClient.GetConnectionDataAsync(ConnectOptions connectOptions, Int64 lastChangeId, CancellationToken cancellationToken, Object userState)
   at GitHub.Services.WebApi.Location.VssServerDataProvider.GetConnectionDataAsync(ConnectOptions connectOptions, Int32 lastChangeId, CancellationToken cancellationToken)
   at GitHub.Services.WebApi.Location.VssServerDataProvider.ConnectAsync(ConnectOptions connectOptions, CancellationToken cancellationToken)
   at GitHub.Runner.Common.RunnerService.EstablishVssConnection(Uri serverUrl, VssCredentials credentials, TimeSpan timeout)
[2025-10-01 01:33:36Z ERR  GitHubActionsService] GET request to https://pipelinesghubeus6.actions.githubusercontent.com/hKyNd5hzQTjPqVOxuFp9CyJ2tMUr8ytJJ9FfsFju3bqhBGI0lq/_apis/connectionData?connectOptions=1&lastChangeId=258625537&lastChangeId64=258625537 failed. HTTP Status: NotFound
[2025-10-01 01:33:36Z INFO GitHubActionsService] Finished operation Location.GetConnectionData
[2025-10-01 01:33:36Z INFO RunnerServer] Catch exception during connect. 4 attempt left.
[2025-10-01 01:33:36Z ERR  RunnerServer] GitHub.Services.WebApi.VssServiceResponseException: The resource cannot be found.
   at GitHub.Services.WebApi.VssHttpClientBase.HandleResponseAsync(HttpResponseMessage response, CancellationToken cancellationToken)
   at GitHub.Services.WebApi.VssHttpClientBase.SendAsync(HttpRequestMessage message, HttpCompletionOption completionOption, Object userState, CancellationToken cancellationToken)
   at GitHub.Services.WebApi.VssHttpClientBase.SendAsync[T](HttpRequestMessage message, Object userState, CancellationToken cancellationToken)
   at GitHub.Services.Location.Client.LocationHttpClient.GetConnectionDataAsync(ConnectOptions connectOptions, Int64 lastChangeId, CancellationToken cancellationToken, Object userState)
   at GitHub.Services.WebApi.Location.VssServerDataProvider.GetConnectionDataAsync(ConnectOptions connectOptions, Int32 lastChangeId, CancellationToken cancellationToken)
   at GitHub.Services.WebApi.Location.VssServerDataProvider.ConnectAsync(ConnectOptions connectOptions, CancellationToken cancellationToken)
   at GitHub.Runner.Common.RunnerService.EstablishVssConnection(Uri serverUrl, VssCredentials credentials, TimeSpan timeout)
[2025-10-01 01:33:36Z INFO GitHubActionsService] Starting operation Location.GetConnectionData
[2025-10-01 01:33:36Z INFO GitHubActionsService] Starting operation Location.GetConnectionData
[2025-10-01 01:33:36Z INFO GitHubActionsService] Starting operation Location.GetConnectionData
[2025-10-01 01:33:37Z ERR  GitHubActionsService] GET request to https://pipelinesghubeus6.actions.githubusercontent.com/hKyNd5hzQTjPqVOxuFp9CyJ2tMUr8ytJJ9FfsFju3bqhBGI0lq/_apis/connectionData?connectOptions=1&lastChangeId=258625537&lastChangeId64=258625537 failed. HTTP Status: NotFound
[2025-10-01 01:33:37Z INFO GitHubActionsService] Finished operation Location.GetConnectionData
[2025-10-01 01:33:37Z INFO RunnerServer] Catch exception during connect. 3 attempt left.
[2025-10-01 01:33:37Z ERR  RunnerServer] GitHub.Services.WebApi.VssServiceResponseException: The resource cannot be found.
   at GitHub.Services.WebApi.VssHttpClientBase.HandleResponseAsync(HttpResponseMessage response, CancellationToken cancellationToken)
   at GitHub.Services.WebApi.VssHttpClientBase.SendAsync(HttpRequestMessage message, HttpCompletionOption completionOption, Object userState, CancellationToken cancellationToken)
   at GitHub.Services.WebApi.VssHttpClientBase.SendAsync[T](HttpRequestMessage message, Object userState, CancellationToken cancellationToken)
   at GitHub.Services.Location.Client.LocationHttpClient.GetConnectionDataAsync(ConnectOptions connectOptions, Int64 lastChangeId, CancellationToken cancellationToken, Object userState)
   at GitHub.Services.WebApi.Location.VssServerDataProvider.GetConnectionDataAsync(ConnectOptions connectOptions, Int32 lastChangeId, CancellationToken cancellationToken)
   at GitHub.Services.WebApi.Location.VssServerDataProvider.ConnectAsync(ConnectOptions connectOptions, CancellationToken cancellationToken)
   at GitHub.Runner.Common.RunnerService.EstablishVssConnection(Uri serverUrl, VssCredentials credentials, TimeSpan timeout)
[2025-10-01 01:33:37Z ERR  GitHubActionsService] GET request to https://pipelinesghubeus6.actions.githubusercontent.com/hKyNd5hzQTjPqVOxuFp9CyJ2tMUr8ytJJ9FfsFju3bqhBGI0lq/_apis/connectionData?connectOptions=1&lastChangeId=258625537&lastChangeId64=258625537 failed. HTTP Status: NotFound
[2025-10-01 01:33:37Z INFO GitHubActionsService] Finished operation Location.GetConnectionData
[2025-10-01 01:33:37Z INFO RunnerServer] Catch exception during connect. 3 attempt left.
[2025-10-01 01:33:37Z ERR  RunnerServer] GitHub.Services.WebApi.VssServiceResponseException: The resource cannot be found.
   at GitHub.Services.WebApi.VssHttpClientBase.HandleResponseAsync(HttpResponseMessage response, CancellationToken cancellationToken)
   at GitHub.Services.WebApi.VssHttpClientBase.SendAsync(HttpRequestMessage message, HttpCompletionOption completionOption, Object userState, CancellationToken cancellationToken)
   at GitHub.Services.WebApi.VssHttpClientBase.SendAsync[T](HttpRequestMessage message, Object userState, CancellationToken cancellationToken)
   at GitHub.Services.Location.Client.LocationHttpClient.GetConnectionDataAsync(ConnectOptions connectOptions, Int64 lastChangeId, CancellationToken cancellationToken, Object userState)
   at GitHub.Services.WebApi.Location.VssServerDataProvider.GetConnectionDataAsync(ConnectOptions connectOptions, Int32 lastChangeId, CancellationToken cancellationToken)
   at GitHub.Services.WebApi.Location.VssServerDataProvider.ConnectAsync(ConnectOptions connectOptions, CancellationToken cancellationToken)
   at GitHub.Runner.Common.RunnerService.EstablishVssConnection(Uri serverUrl, VssCredentials credentials, TimeSpan timeout)
[2025-10-01 01:33:37Z ERR  GitHubActionsService] GET request to https://pipelinesghubeus6.actions.githubusercontent.com/hKyNd5hzQTjPqVOxuFp9CyJ2tMUr8ytJJ9FfsFju3bqhBGI0lq/_apis/connectionData?connectOptions=1&lastChangeId=258625537&lastChangeId64=258625537 failed. HTTP Status: NotFound
[2025-10-01 01:33:37Z INFO GitHubActionsService] Finished operation Location.GetConnectionData
[2025-10-01 01:33:37Z INFO RunnerServer] Catch exception during connect. 3 attempt left.
[2025-10-01 01:33:37Z ERR  RunnerServer] GitHub.Services.WebApi.VssServiceResponseException: The resource cannot be found.
   at GitHub.Services.WebApi.VssHttpClientBase.HandleResponseAsync(HttpResponseMessage response, CancellationToken cancellationToken)
   at GitHub.Services.WebApi.VssHttpClientBase.SendAsync(HttpRequestMessage message, HttpCompletionOption completionOption, Object userState, CancellationToken cancellationToken)
   at GitHub.Services.WebApi.VssHttpClientBase.SendAsync[T](HttpRequestMessage message, Object userState, CancellationToken cancellationToken)
   at GitHub.Services.Location.Client.LocationHttpClient.GetConnectionDataAsync(ConnectOptions connectOptions, Int64 lastChangeId, CancellationToken cancellationToken, Object userState)
   at GitHub.Services.WebApi.Location.VssServerDataProvider.GetConnectionDataAsync(ConnectOptions connectOptions, Int32 lastChangeId, CancellationToken cancellationToken)
   at GitHub.Services.WebApi.Location.VssServerDataProvider.ConnectAsync(ConnectOptions connectOptions, CancellationToken cancellationToken)
   at GitHub.Runner.Common.RunnerService.EstablishVssConnection(Uri serverUrl, VssCredentials credentials, TimeSpan timeout)
[2025-10-01 01:33:37Z INFO GitHubActionsService] Starting operation Location.GetConnectionData
[2025-10-01 01:33:37Z INFO GitHubActionsService] Starting operation Location.GetConnectionData
[2025-10-01 01:33:37Z INFO GitHubActionsService] Starting operation Location.GetConnectionData
[2025-10-01 01:33:38Z ERR  GitHubActionsService] GET request to https://pipelinesghubeus6.actions.githubusercontent.com/hKyNd5hzQTjPqVOxuFp9CyJ2tMUr8ytJJ9FfsFju3bqhBGI0lq/_apis/connectionData?connectOptions=1&lastChangeId=258625537&lastChangeId64=258625537 failed. HTTP Status: NotFound
[2025-10-01 01:33:38Z INFO GitHubActionsService] Finished operation Location.GetConnectionData
[2025-10-01 01:33:38Z INFO RunnerServer] Catch exception during connect. 2 attempt left.
[2025-10-01 01:33:38Z ERR  RunnerServer] GitHub.Services.WebApi.VssServiceResponseException: The resource cannot be found.
   at GitHub.Services.WebApi.VssHttpClientBase.HandleResponseAsync(HttpResponseMessage response, CancellationToken cancellationToken)
   at GitHub.Services.WebApi.VssHttpClientBase.SendAsync(HttpRequestMessage message, HttpCompletionOption completionOption, Object userState, CancellationToken cancellationToken)
   at GitHub.Services.WebApi.VssHttpClientBase.SendAsync[T](HttpRequestMessage message, Object userState, CancellationToken cancellationToken)
   at GitHub.Services.Location.Client.LocationHttpClient.GetConnectionDataAsync(ConnectOptions connectOptions, Int64 lastChangeId, CancellationToken cancellationToken, Object userState)
   at GitHub.Services.WebApi.Location.VssServerDataProvider.GetConnectionDataAsync(ConnectOptions connectOptions, Int32 lastChangeId, CancellationToken cancellationToken)
   at GitHub.Services.WebApi.Location.VssServerDataProvider.ConnectAsync(ConnectOptions connectOptions, CancellationToken cancellationToken)
   at GitHub.Runner.Common.RunnerService.EstablishVssConnection(Uri serverUrl, VssCredentials credentials, TimeSpan timeout)
[2025-10-01 01:33:38Z INFO GitHubActionsService] Starting operation Location.GetConnectionData
[2025-10-01 01:33:38Z ERR  GitHubActionsService] GET request to https://pipelinesghubeus6.actions.githubusercontent.com/hKyNd5hzQTjPqVOxuFp9CyJ2tMUr8ytJJ9FfsFju3bqhBGI0lq/_apis/connectionData?connectOptions=1&lastChangeId=258625537&lastChangeId64=258625537 failed. HTTP Status: NotFound
[2025-10-01 01:33:38Z INFO GitHubActionsService] Finished operation Location.GetConnectionData
[2025-10-01 01:33:38Z INFO RunnerServer] Catch exception during connect. 2 attempt left.
[2025-10-01 01:33:38Z ERR  RunnerServer] GitHub.Services.WebApi.VssServiceResponseException: The resource cannot be found.
   at GitHub.Services.WebApi.VssHttpClientBase.HandleResponseAsync(HttpResponseMessage response, CancellationToken cancellationToken)
   at GitHub.Services.WebApi.VssHttpClientBase.SendAsync(HttpRequestMessage message, HttpCompletionOption completionOption, Object userState, CancellationToken cancellationToken)
   at GitHub.Services.WebApi.VssHttpClientBase.SendAsync[T](HttpRequestMessage message, Object userState, CancellationToken cancellationToken)
   at GitHub.Services.Location.Client.LocationHttpClient.GetConnectionDataAsync(ConnectOptions connectOptions, Int64 lastChangeId, CancellationToken cancellationToken, Object userState)
   at GitHub.Services.WebApi.Location.VssServerDataProvider.GetConnectionDataAsync(ConnectOptions connectOptions, Int32 lastChangeId, CancellationToken cancellationToken)
   at GitHub.Services.WebApi.Location.VssServerDataProvider.ConnectAsync(ConnectOptions connectOptions, CancellationToken cancellationToken)
   at GitHub.Runner.Common.RunnerService.EstablishVssConnection(Uri serverUrl, VssCredentials credentials, TimeSpan timeout)
[2025-10-01 01:33:38Z ERR  GitHubActionsService] GET request to https://pipelinesghubeus6.actions.githubusercontent.com/hKyNd5hzQTjPqVOxuFp9CyJ2tMUr8ytJJ9FfsFju3bqhBGI0lq/_apis/connectionData?connectOptions=1&lastChangeId=258625537&lastChangeId64=258625537 failed. HTTP Status: NotFound
[2025-10-01 01:33:38Z INFO GitHubActionsService] Finished operation Location.GetConnectionData
[2025-10-01 01:33:38Z INFO RunnerServer] Catch exception during connect. 2 attempt left.
[2025-10-01 01:33:38Z ERR  RunnerServer] GitHub.Services.WebApi.VssServiceResponseException: The resource cannot be found.
   at GitHub.Services.WebApi.VssHttpClientBase.HandleResponseAsync(HttpResponseMessage response, CancellationToken cancellationToken)
   at GitHub.Services.WebApi.VssHttpClientBase.SendAsync(HttpRequestMessage message, HttpCompletionOption completionOption, Object userState, CancellationToken cancellationToken)
   at GitHub.Services.WebApi.VssHttpClientBase.SendAsync[T](HttpRequestMessage message, Object userState, CancellationToken cancellationToken)
   at GitHub.Services.Location.Client.LocationHttpClient.GetConnectionDataAsync(ConnectOptions connectOptions, Int64 lastChangeId, CancellationToken cancellationToken, Object userState)
   at GitHub.Services.WebApi.Location.VssServerDataProvider.GetConnectionDataAsync(ConnectOptions connectOptions, Int32 lastChangeId, CancellationToken cancellationToken)
   at GitHub.Services.WebApi.Location.VssServerDataProvider.ConnectAsync(ConnectOptions connectOptions, CancellationToken cancellationToken)
   at GitHub.Runner.Common.RunnerService.EstablishVssConnection(Uri serverUrl, VssCredentials credentials, TimeSpan timeout)
[2025-10-01 01:33:38Z INFO GitHubActionsService] Starting operation Location.GetConnectionData
[2025-10-01 01:33:38Z INFO GitHubActionsService] Starting operation Location.GetConnectionData
[2025-10-01 01:33:38Z ERR  GitHubActionsService] GET request to https://pipelinesghubeus6.actions.githubusercontent.com/hKyNd5hzQTjPqVOxuFp9CyJ2tMUr8ytJJ9FfsFju3bqhBGI0lq/_apis/connectionData?connectOptions=1&lastChangeId=258625537&lastChangeId64=258625537 failed. HTTP Status: NotFound
[2025-10-01 01:33:38Z INFO GitHubActionsService] Finished operation Location.GetConnectionData
[2025-10-01 01:33:38Z INFO RunnerServer] Catch exception during connect. 1 attempt left.
[2025-10-01 01:33:38Z ERR  RunnerServer] GitHub.Services.WebApi.VssServiceResponseException: The resource cannot be found.
   at GitHub.Services.WebApi.VssHttpClientBase.HandleResponseAsync(HttpResponseMessage response, CancellationToken cancellationToken)
   at GitHub.Services.WebApi.VssHttpClientBase.SendAsync(HttpRequestMessage message, HttpCompletionOption completionOption, Object userState, CancellationToken cancellationToken)
   at GitHub.Services.WebApi.VssHttpClientBase.SendAsync[T](HttpRequestMessage message, Object userState, CancellationToken cancellationToken)
   at GitHub.Services.Location.Client.LocationHttpClient.GetConnectionDataAsync(ConnectOptions connectOptions, Int64 lastChangeId, CancellationToken cancellationToken, Object userState)
   at GitHub.Services.WebApi.Location.VssServerDataProvider.GetConnectionDataAsync(ConnectOptions connectOptions, Int32 lastChangeId, CancellationToken cancellationToken)
   at GitHub.Services.WebApi.Location.VssServerDataProvider.ConnectAsync(ConnectOptions connectOptions, CancellationToken cancellationToken)
   at GitHub.Runner.Common.RunnerService.EstablishVssConnection(Uri serverUrl, VssCredentials credentials, TimeSpan timeout)
[2025-10-01 01:33:38Z INFO GitHubActionsService] Starting operation Location.GetConnectionData
[2025-10-01 01:33:38Z ERR  GitHubActionsService] GET request to https://pipelinesghubeus6.actions.githubusercontent.com/hKyNd5hzQTjPqVOxuFp9CyJ2tMUr8ytJJ9FfsFju3bqhBGI0lq/_apis/connectionData?connectOptions=1&lastChangeId=258625537&lastChangeId64=258625537 failed. HTTP Status: NotFound
[2025-10-01 01:33:38Z INFO GitHubActionsService] Finished operation Location.GetConnectionData
[2025-10-01 01:33:38Z INFO RunnerServer] Catch exception during connect. 1 attempt left.
[2025-10-01 01:33:38Z ERR  RunnerServer] GitHub.Services.WebApi.VssServiceResponseException: The resource cannot be found.
   at GitHub.Services.WebApi.VssHttpClientBase.HandleResponseAsync(HttpResponseMessage response, CancellationToken cancellationToken)
   at GitHub.Services.WebApi.VssHttpClientBase.SendAsync(HttpRequestMessage message, HttpCompletionOption completionOption, Object userState, CancellationToken cancellationToken)
   at GitHub.Services.WebApi.VssHttpClientBase.SendAsync[T](HttpRequestMessage message, Object userState, CancellationToken cancellationToken)
   at GitHub.Services.Location.Client.LocationHttpClient.GetConnectionDataAsync(ConnectOptions connectOptions, Int64 lastChangeId, CancellationToken cancellationToken, Object userState)
   at GitHub.Services.WebApi.Location.VssServerDataProvider.GetConnectionDataAsync(ConnectOptions connectOptions, Int32 lastChangeId, CancellationToken cancellationToken)
   at GitHub.Services.WebApi.Location.VssServerDataProvider.ConnectAsync(ConnectOptions connectOptions, CancellationToken cancellationToken)
   at GitHub.Runner.Common.RunnerService.EstablishVssConnection(Uri serverUrl, VssCredentials credentials, TimeSpan timeout)
[2025-10-01 01:33:39Z ERR  GitHubActionsService] GET request to https://pipelinesghubeus6.actions.githubusercontent.com/hKyNd5hzQTjPqVOxuFp9CyJ2tMUr8ytJJ9FfsFju3bqhBGI0lq/_apis/connectionData?connectOptions=1&lastChangeId=258625537&lastChangeId64=258625537 failed. HTTP Status: NotFound
[2025-10-01 01:33:39Z INFO GitHubActionsService] Finished operation Location.GetConnectionData
[2025-10-01 01:33:39Z INFO RunnerServer] Catch exception during connect. 1 attempt left.
[2025-10-01 01:33:39Z ERR  RunnerServer] GitHub.Services.WebApi.VssServiceResponseException: The resource cannot be found.
   at GitHub.Services.WebApi.VssHttpClientBase.HandleResponseAsync(HttpResponseMessage response, CancellationToken cancellationToken)
   at GitHub.Services.WebApi.VssHttpClientBase.SendAsync(HttpRequestMessage message, HttpCompletionOption completionOption, Object userState, CancellationToken cancellationToken)
   at GitHub.Services.WebApi.VssHttpClientBase.SendAsync[T](HttpRequestMessage message, Object userState, CancellationToken cancellationToken)
   at GitHub.Services.Location.Client.LocationHttpClient.GetConnectionDataAsync(ConnectOptions connectOptions, Int64 lastChangeId, CancellationToken cancellationToken, Object userState)
   at GitHub.Services.WebApi.Location.VssServerDataProvider.GetConnectionDataAsync(ConnectOptions connectOptions, Int32 lastChangeId, CancellationToken cancellationToken)
   at GitHub.Services.WebApi.Location.VssServerDataProvider.ConnectAsync(ConnectOptions connectOptions, CancellationToken cancellationToken)
   at GitHub.Runner.Common.RunnerService.EstablishVssConnection(Uri serverUrl, VssCredentials credentials, TimeSpan timeout)
[2025-10-01 01:33:39Z INFO GitHubActionsService] Starting operation Location.GetConnectionData
[2025-10-01 01:33:39Z INFO GitHubActionsService] Starting operation Location.GetConnectionData
[2025-10-01 01:33:39Z ERR  GitHubActionsService] GET request to https://pipelinesghubeus6.actions.githubusercontent.com/hKyNd5hzQTjPqVOxuFp9CyJ2tMUr8ytJJ9FfsFju3bqhBGI0lq/_apis/connectionData?connectOptions=1&lastChangeId=258625537&lastChangeId64=258625537 failed. HTTP Status: NotFound
[2025-10-01 01:33:39Z INFO GitHubActionsService] Finished operation Location.GetConnectionData
[2025-10-01 01:33:39Z ERR  GitHubActionsService] GET request to https://pipelinesghubeus6.actions.githubusercontent.com/hKyNd5hzQTjPqVOxuFp9CyJ2tMUr8ytJJ9FfsFju3bqhBGI0lq/_apis/connectionData?connectOptions=1&lastChangeId=258625537&lastChangeId64=258625537 failed. HTTP Status: NotFound
[2025-10-01 01:33:39Z INFO GitHubActionsService] Finished operation Location.GetConnectionData
[2025-10-01 01:33:39Z ERR  GitHubActionsService] GET request to https://pipelinesghubeus6.actions.githubusercontent.com/hKyNd5hzQTjPqVOxuFp9CyJ2tMUr8ytJJ9FfsFju3bqhBGI0lq/_apis/connectionData?connectOptions=1&lastChangeId=258625537&lastChangeId64=258625537 failed. HTTP Status: NotFound
[2025-10-01 01:33:39Z INFO GitHubActionsService] Finished operation Location.GetConnectionData
[2025-10-01 01:33:39Z ERR  BrokerMessageListener] Catch exception during create session.
[2025-10-01 01:33:39Z ERR  BrokerMessageListener] GitHub.Services.WebApi.VssServiceResponseException: The resource cannot be found.
   at GitHub.Services.WebApi.VssHttpClientBase.HandleResponseAsync(HttpResponseMessage response, CancellationToken cancellationToken)
   at GitHub.Services.WebApi.VssHttpClientBase.SendAsync(HttpRequestMessage message, HttpCompletionOption completionOption, Object userState, CancellationToken cancellationToken)
   at GitHub.Services.WebApi.VssHttpClientBase.SendAsync[T](HttpRequestMessage message, Object userState, CancellationToken cancellationToken)
   at GitHub.Services.Location.Client.LocationHttpClient.GetConnectionDataAsync(ConnectOptions connectOptions, Int64 lastChangeId, CancellationToken cancellationToken, Object userState)
   at GitHub.Services.WebApi.Location.VssServerDataProvider.GetConnectionDataAsync(ConnectOptions connectOptions, Int32 lastChangeId, CancellationToken cancellationToken)
   at GitHub.Services.WebApi.Location.VssServerDataProvider.ConnectAsync(ConnectOptions connectOptions, CancellationToken cancellationToken)
   at GitHub.Runner.Common.RunnerService.EstablishVssConnection(Uri serverUrl, VssCredentials credentials, TimeSpan timeout)
   at GitHub.Runner.Common.RunnerServer.ConnectAsync(Uri serverUrl, VssCredentials credentials)
   at GitHub.Runner.Listener.BrokerMessageListener.CreateSessionAsync(CancellationToken token)
[2025-10-01 01:33:39Z INFO BrokerMessageListener] Retriable exception: The resource cannot be found.
[2025-10-01 01:33:39Z INFO BrokerMessageListener] Sleeping for 30 seconds before retrying.
[2025-10-01 01:34:09Z INFO BrokerMessageListener] Attempt to create session.
[2025-10-01 01:34:09Z INFO BrokerMessageListener] Connecting to the Broker Server...
[2025-10-01 01:34:09Z INFO ConfigurationStore] HasCredentials()
[2025-10-01 01:34:09Z INFO ConfigurationStore] stored True
[2025-10-01 01:34:09Z INFO CredentialManager] GetCredentialProvider
[2025-10-01 01:34:09Z INFO CredentialManager] Creating type OAuth
[2025-10-01 01:34:09Z INFO CredentialManager] Creating credential type: OAuth
[2025-10-01 01:34:09Z INFO RSAEncryptedFileKeyManager] Loading RSA key parameters from file G:\Brunella\actions-runner\.credentials_rsaparams
[2025-10-01 01:34:09Z INFO BrokerMessageListener] VssConnection created
[2025-10-01 01:34:09Z INFO BrokerMessageListener] Connecting to the Runner server...
[2025-10-01 01:34:09Z INFO RunnerServer] EstablishVssConnection
[2025-10-01 01:34:09Z INFO RunnerServer] Establish connection with 100 seconds timeout.
[2025-10-01 01:34:09Z INFO GitHubActionsService] Starting operation Location.GetConnectionData
[2025-10-01 01:34:09Z INFO RunnerServer] EstablishVssConnection
[2025-10-01 01:34:09Z INFO RunnerServer] Establish connection with 60 seconds timeout.
[2025-10-01 01:34:09Z INFO GitHubActionsService] Starting operation Location.GetConnectionData
[2025-10-01 01:34:09Z INFO RunnerServer] EstablishVssConnection
[2025-10-01 01:34:09Z INFO RunnerServer] Establish connection with 60 seconds timeout.
[2025-10-01 01:34:09Z INFO GitHubActionsService] Starting operation Location.GetConnectionData
[2025-10-01 01:34:10Z ERR  GitHubActionsService] GET request to https://pipelinesghubeus6.actions.githubusercontent.com/hKyNd5hzQTjPqVOxuFp9CyJ2tMUr8ytJJ9FfsFju3bqhBGI0lq/_apis/connectionData?connectOptions=1&lastChangeId=258625537&lastChangeId64=258625537 failed. HTTP Status: NotFound
[2025-10-01 01:34:10Z INFO GitHubActionsService] Finished operation Location.GetConnectionData
[2025-10-01 01:34:10Z INFO RunnerServer] Catch exception during connect. 4 attempt left.
[2025-10-01 01:34:10Z ERR  RunnerServer] GitHub.Services.WebApi.VssServiceResponseException: The resource cannot be found.
   at GitHub.Services.WebApi.VssHttpClientBase.HandleResponseAsync(HttpResponseMessage response, CancellationToken cancellationToken)
   at GitHub.Services.WebApi.VssHttpClientBase.SendAsync(HttpRequestMessage message, HttpCompletionOption completionOption, Object userState, CancellationToken cancellationToken)
   at GitHub.Services.WebApi.VssHttpClientBase.SendAsync[T](HttpRequestMessage message, Object userState, CancellationToken cancellationToken)
   at GitHub.Services.Location.Client.LocationHttpClient.GetConnectionDataAsync(ConnectOptions connectOptions, Int64 lastChangeId, CancellationToken cancellationToken, Object userState)
   at GitHub.Services.WebApi.Location.VssServerDataProvider.GetConnectionDataAsync(ConnectOptions connectOptions, Int32 lastChangeId, CancellationToken cancellationToken)
   at GitHub.Services.WebApi.Location.VssServerDataProvider.ConnectAsync(ConnectOptions connectOptions, CancellationToken cancellationToken)
   at GitHub.Runner.Common.RunnerService.EstablishVssConnection(Uri serverUrl, VssCredentials credentials, TimeSpan timeout)
[2025-10-01 01:34:10Z ERR  GitHubActionsService] GET request to https://pipelinesghubeus6.actions.githubusercontent.com/hKyNd5hzQTjPqVOxuFp9CyJ2tMUr8ytJJ9FfsFju3bqhBGI0lq/_apis/connectionData?connectOptions=1&lastChangeId=258625537&lastChangeId64=258625537 failed. HTTP Status: NotFound
[2025-10-01 01:34:10Z INFO GitHubActionsService] Finished operation Location.GetConnectionData
[2025-10-01 01:34:10Z INFO RunnerServer] Catch exception during connect. 4 attempt left.
[2025-10-01 01:34:10Z ERR  RunnerServer] GitHub.Services.WebApi.VssServiceResponseException: The resource cannot be found.
   at GitHub.Services.WebApi.VssHttpClientBase.HandleResponseAsync(HttpResponseMessage response, CancellationToken cancellationToken)
   at GitHub.Services.WebApi.VssHttpClientBase.SendAsync(HttpRequestMessage message, HttpCompletionOption completionOption, Object userState, CancellationToken cancellationToken)
   at GitHub.Services.WebApi.VssHttpClientBase.SendAsync[T](HttpRequestMessage message, Object userState, CancellationToken cancellationToken)
   at GitHub.Services.Location.Client.LocationHttpClient.GetConnectionDataAsync(ConnectOptions connectOptions, Int64 lastChangeId, CancellationToken cancellationToken, Object userState)
   at GitHub.Services.WebApi.Location.VssServerDataProvider.GetConnectionDataAsync(ConnectOptions connectOptions, Int32 lastChangeId, CancellationToken cancellationToken)
   at GitHub.Services.WebApi.Location.VssServerDataProvider.ConnectAsync(ConnectOptions connectOptions, CancellationToken cancellationToken)
   at GitHub.Runner.Common.RunnerService.EstablishVssConnection(Uri serverUrl, VssCredentials credentials, TimeSpan timeout)
[2025-10-01 01:34:10Z ERR  GitHubActionsService] GET request to https://pipelinesghubeus6.actions.githubusercontent.com/hKyNd5hzQTjPqVOxuFp9CyJ2tMUr8ytJJ9FfsFju3bqhBGI0lq/_apis/connectionData?connectOptions=1&lastChangeId=258625537&lastChangeId64=258625537 failed. HTTP Status: NotFound
[2025-10-01 01:34:10Z INFO GitHubActionsService] Finished operation Location.GetConnectionData
[2025-10-01 01:34:10Z INFO RunnerServer] Catch exception during connect. 4 attempt left.
[2025-10-01 01:34:10Z ERR  RunnerServer] GitHub.Services.WebApi.VssServiceResponseException: The resource cannot be found.
   at GitHub.Services.WebApi.VssHttpClientBase.HandleResponseAsync(HttpResponseMessage response, CancellationToken cancellationToken)
   at GitHub.Services.WebApi.VssHttpClientBase.SendAsync(HttpRequestMessage message, HttpCompletionOption completionOption, Object userState, CancellationToken cancellationToken)
   at GitHub.Services.WebApi.VssHttpClientBase.SendAsync[T](HttpRequestMessage message, Object userState, CancellationToken cancellationToken)
   at GitHub.Services.Location.Client.LocationHttpClient.GetConnectionDataAsync(ConnectOptions connectOptions, Int64 lastChangeId, CancellationToken cancellationToken, Object userState)
   at GitHub.Services.WebApi.Location.VssServerDataProvider.GetConnectionDataAsync(ConnectOptions connectOptions, Int32 lastChangeId, CancellationToken cancellationToken)
   at GitHub.Services.WebApi.Location.VssServerDataProvider.ConnectAsync(ConnectOptions connectOptions, CancellationToken cancellationToken)
   at GitHub.Runner.Common.RunnerService.EstablishVssConnection(Uri serverUrl, VssCredentials credentials, TimeSpan timeout)
[2025-10-01 01:34:10Z INFO GitHubActionsService] Starting operation Location.GetConnectionData
[2025-10-01 01:34:10Z INFO GitHubActionsService] Starting operation Location.GetConnectionData
[2025-10-01 01:34:10Z INFO GitHubActionsService] Starting operation Location.GetConnectionData
[2025-10-01 01:34:11Z ERR  GitHubActionsService] GET request to https://pipelinesghubeus6.actions.githubusercontent.com/hKyNd5hzQTjPqVOxuFp9CyJ2tMUr8ytJJ9FfsFju3bqhBGI0lq/_apis/connectionData?connectOptions=1&lastChangeId=258625537&lastChangeId64=258625537 failed. HTTP Status: NotFound
[2025-10-01 01:34:11Z INFO GitHubActionsService] Finished operation Location.GetConnectionData
[2025-10-01 01:34:11Z INFO RunnerServer] Catch exception during connect. 3 attempt left.
[2025-10-01 01:34:11Z ERR  RunnerServer] GitHub.Services.WebApi.VssServiceResponseException: The resource cannot be found.
   at GitHub.Services.WebApi.VssHttpClientBase.HandleResponseAsync(HttpResponseMessage response, CancellationToken cancellationToken)
   at GitHub.Services.WebApi.VssHttpClientBase.SendAsync(HttpRequestMessage message, HttpCompletionOption completionOption, Object userState, CancellationToken cancellationToken)
   at GitHub.Services.WebApi.VssHttpClientBase.SendAsync[T](HttpRequestMessage message, Object userState, CancellationToken cancellationToken)
   at GitHub.Services.Location.Client.LocationHttpClient.GetConnectionDataAsync(ConnectOptions connectOptions, Int64 lastChangeId, CancellationToken cancellationToken, Object userState)
   at GitHub.Services.WebApi.Location.VssServerDataProvider.GetConnectionDataAsync(ConnectOptions connectOptions, Int32 lastChangeId, CancellationToken cancellationToken)
   at GitHub.Services.WebApi.Location.VssServerDataProvider.ConnectAsync(ConnectOptions connectOptions, CancellationToken cancellationToken)
   at GitHub.Runner.Common.RunnerService.EstablishVssConnection(Uri serverUrl, VssCredentials credentials, TimeSpan timeout)
[2025-10-01 01:34:11Z ERR  GitHubActionsService] GET request to https://pipelinesghubeus6.actions.githubusercontent.com/hKyNd5hzQTjPqVOxuFp9CyJ2tMUr8ytJJ9FfsFju3bqhBGI0lq/_apis/connectionData?connectOptions=1&lastChangeId=258625537&lastChangeId64=258625537 failed. HTTP Status: NotFound
[2025-10-01 01:34:11Z INFO GitHubActionsService] Finished operation Location.GetConnectionData
[2025-10-01 01:34:11Z INFO RunnerServer] Catch exception during connect. 3 attempt left.
[2025-10-01 01:34:11Z ERR  RunnerServer] GitHub.Services.WebApi.VssServiceResponseException: The resource cannot be found.
   at GitHub.Services.WebApi.VssHttpClientBase.HandleResponseAsync(HttpResponseMessage response, CancellationToken cancellationToken)
   at GitHub.Services.WebApi.VssHttpClientBase.SendAsync(HttpRequestMessage message, HttpCompletionOption completionOption, Object userState, CancellationToken cancellationToken)
   at GitHub.Services.WebApi.VssHttpClientBase.SendAsync[T](HttpRequestMessage message, Object userState, CancellationToken cancellationToken)
   at GitHub.Services.Location.Client.LocationHttpClient.GetConnectionDataAsync(ConnectOptions connectOptions, Int64 lastChangeId, CancellationToken cancellationToken, Object userState)
   at GitHub.Services.WebApi.Location.VssServerDataProvider.GetConnectionDataAsync(ConnectOptions connectOptions, Int32 lastChangeId, CancellationToken cancellationToken)
   at GitHub.Services.WebApi.Location.VssServerDataProvider.ConnectAsync(ConnectOptions connectOptions, CancellationToken cancellationToken)
   at GitHub.Runner.Common.RunnerService.EstablishVssConnection(Uri serverUrl, VssCredentials credentials, TimeSpan timeout)
[2025-10-01 01:34:11Z ERR  GitHubActionsService] GET request to https://pipelinesghubeus6.actions.githubusercontent.com/hKyNd5hzQTjPqVOxuFp9CyJ2tMUr8ytJJ9FfsFju3bqhBGI0lq/_apis/connectionData?connectOptions=1&lastChangeId=258625537&lastChangeId64=258625537 failed. HTTP Status: NotFound
[2025-10-01 01:34:11Z INFO GitHubActionsService] Finished operation Location.GetConnectionData
[2025-10-01 01:34:11Z INFO RunnerServer] Catch exception during connect. 3 attempt left.
[2025-10-01 01:34:11Z ERR  RunnerServer] GitHub.Services.WebApi.VssServiceResponseException: The resource cannot be found.
   at GitHub.Services.WebApi.VssHttpClientBase.HandleResponseAsync(HttpResponseMessage response, CancellationToken cancellationToken)
   at GitHub.Services.WebApi.VssHttpClientBase.SendAsync(HttpRequestMessage message, HttpCompletionOption completionOption, Object userState, CancellationToken cancellationToken)
   at GitHub.Services.WebApi.VssHttpClientBase.SendAsync[T](HttpRequestMessage message, Object userState, CancellationToken cancellationToken)
   at GitHub.Services.Location.Client.LocationHttpClient.GetConnectionDataAsync(ConnectOptions connectOptions, Int64 lastChangeId, CancellationToken cancellationToken, Object userState)
   at GitHub.Services.WebApi.Location.VssServerDataProvider.GetConnectionDataAsync(ConnectOptions connectOptions, Int32 lastChangeId, CancellationToken cancellationToken)
   at GitHub.Services.WebApi.Location.VssServerDataProvider.ConnectAsync(ConnectOptions connectOptions, CancellationToken cancellationToken)
   at GitHub.Runner.Common.RunnerService.EstablishVssConnection(Uri serverUrl, VssCredentials credentials, TimeSpan timeout)
[2025-10-01 01:34:11Z INFO GitHubActionsService] Starting operation Location.GetConnectionData
[2025-10-01 01:34:11Z INFO GitHubActionsService] Starting operation Location.GetConnectionData
[2025-10-01 01:34:11Z INFO GitHubActionsService] Starting operation Location.GetConnectionData
[2025-10-01 01:34:12Z ERR  GitHubActionsService] GET request to https://pipelinesghubeus6.actions.githubusercontent.com/hKyNd5hzQTjPqVOxuFp9CyJ2tMUr8ytJJ9FfsFju3bqhBGI0lq/_apis/connectionData?connectOptions=1&lastChangeId=258625537&lastChangeId64=258625537 failed. HTTP Status: NotFound
[2025-10-01 01:34:12Z INFO GitHubActionsService] Finished operation Location.GetConnectionData
[2025-10-01 01:34:12Z INFO RunnerServer] Catch exception during connect. 2 attempt left.
[2025-10-01 01:34:12Z ERR  RunnerServer] GitHub.Services.WebApi.VssServiceResponseException: The resource cannot be found.
   at GitHub.Services.WebApi.VssHttpClientBase.HandleResponseAsync(HttpResponseMessage response, CancellationToken cancellationToken)
   at GitHub.Services.WebApi.VssHttpClientBase.SendAsync(HttpRequestMessage message, HttpCompletionOption completionOption, Object userState, CancellationToken cancellationToken)
   at GitHub.Services.WebApi.VssHttpClientBase.SendAsync[T](HttpRequestMessage message, Object userState, CancellationToken cancellationToken)
   at GitHub.Services.Location.Client.LocationHttpClient.GetConnectionDataAsync(ConnectOptions connectOptions, Int64 lastChangeId, CancellationToken cancellationToken, Object userState)
   at GitHub.Services.WebApi.Location.VssServerDataProvider.GetConnectionDataAsync(ConnectOptions connectOptions, Int32 lastChangeId, CancellationToken cancellationToken)
   at GitHub.Services.WebApi.Location.VssServerDataProvider.ConnectAsync(ConnectOptions connectOptions, CancellationToken cancellationToken)
   at GitHub.Runner.Common.RunnerService.EstablishVssConnection(Uri serverUrl, VssCredentials credentials, TimeSpan timeout)
[2025-10-01 01:34:12Z ERR  GitHubActionsService] GET request to https://pipelinesghubeus6.actions.githubusercontent.com/hKyNd5hzQTjPqVOxuFp9CyJ2tMUr8ytJJ9FfsFju3bqhBGI0lq/_apis/connectionData?connectOptions=1&lastChangeId=258625537&lastChangeId64=258625537 failed. HTTP Status: NotFound
[2025-10-01 01:34:12Z INFO GitHubActionsService] Finished operation Location.GetConnectionData
[2025-10-01 01:34:12Z INFO RunnerServer] Catch exception during connect. 2 attempt left.
[2025-10-01 01:34:12Z ERR  RunnerServer] GitHub.Services.WebApi.VssServiceResponseException: The resource cannot be found.
   at GitHub.Services.WebApi.VssHttpClientBase.HandleResponseAsync(HttpResponseMessage response, CancellationToken cancellationToken)
   at GitHub.Services.WebApi.VssHttpClientBase.SendAsync(HttpRequestMessage message, HttpCompletionOption completionOption, Object userState, CancellationToken cancellationToken)
   at GitHub.Services.WebApi.VssHttpClientBase.SendAsync[T](HttpRequestMessage message, Object userState, CancellationToken cancellationToken)
   at GitHub.Services.Location.Client.LocationHttpClient.GetConnectionDataAsync(ConnectOptions connectOptions, Int64 lastChangeId, CancellationToken cancellationToken, Object userState)
   at GitHub.Services.WebApi.Location.VssServerDataProvider.GetConnectionDataAsync(ConnectOptions connectOptions, Int32 lastChangeId, CancellationToken cancellationToken)
   at GitHub.Services.WebApi.Location.VssServerDataProvider.ConnectAsync(ConnectOptions connectOptions, CancellationToken cancellationToken)
   at GitHub.Runner.Common.RunnerService.EstablishVssConnection(Uri serverUrl, VssCredentials credentials, TimeSpan timeout)
[2025-10-01 01:34:12Z ERR  GitHubActionsService] GET request to https://pipelinesghubeus6.actions.githubusercontent.com/hKyNd5hzQTjPqVOxuFp9CyJ2tMUr8ytJJ9FfsFju3bqhBGI0lq/_apis/connectionData?connectOptions=1&lastChangeId=258625537&lastChangeId64=258625537 failed. HTTP Status: NotFound
[2025-10-01 01:34:12Z INFO GitHubActionsService] Finished operation Location.GetConnectionData
[2025-10-01 01:34:12Z INFO RunnerServer] Catch exception during connect. 2 attempt left.
[2025-10-01 01:34:12Z ERR  RunnerServer] GitHub.Services.WebApi.VssServiceResponseException: The resource cannot be found.
   at GitHub.Services.WebApi.VssHttpClientBase.HandleResponseAsync(HttpResponseMessage response, CancellationToken cancellationToken)
   at GitHub.Services.WebApi.VssHttpClientBase.SendAsync(HttpRequestMessage message, HttpCompletionOption completionOption, Object userState, CancellationToken cancellationToken)
   at GitHub.Services.WebApi.VssHttpClientBase.SendAsync[T](HttpRequestMessage message, Object userState, CancellationToken cancellationToken)
   at GitHub.Services.Location.Client.LocationHttpClient.GetConnectionDataAsync(ConnectOptions connectOptions, Int64 lastChangeId, CancellationToken cancellationToken, Object userState)
   at GitHub.Services.WebApi.Location.VssServerDataProvider.GetConnectionDataAsync(ConnectOptions connectOptions, Int32 lastChangeId, CancellationToken cancellationToken)
   at GitHub.Services.WebApi.Location.VssServerDataProvider.ConnectAsync(ConnectOptions connectOptions, CancellationToken cancellationToken)
   at GitHub.Runner.Common.RunnerService.EstablishVssConnection(Uri serverUrl, VssCredentials credentials, TimeSpan timeout)
[2025-10-01 01:34:12Z INFO GitHubActionsService] Starting operation Location.GetConnectionData
[2025-10-01 01:34:12Z INFO GitHubActionsService] Starting operation Location.GetConnectionData
[2025-10-01 01:34:12Z INFO GitHubActionsService] Starting operation Location.GetConnectionData
[2025-10-01 01:34:12Z ERR  GitHubActionsService] GET request to https://pipelinesghubeus6.actions.githubusercontent.com/hKyNd5hzQTjPqVOxuFp9CyJ2tMUr8ytJJ9FfsFju3bqhBGI0lq/_apis/connectionData?connectOptions=1&lastChangeId=258625537&lastChangeId64=258625537 failed. HTTP Status: NotFound
[2025-10-01 01:34:12Z INFO GitHubActionsService] Finished operation Location.GetConnectionData
[2025-10-01 01:34:12Z INFO RunnerServer] Catch exception during connect. 1 attempt left.
[2025-10-01 01:34:12Z ERR  RunnerServer] GitHub.Services.WebApi.VssServiceResponseException: The resource cannot be found.
   at GitHub.Services.WebApi.VssHttpClientBase.HandleResponseAsync(HttpResponseMessage response, CancellationToken cancellationToken)
   at GitHub.Services.WebApi.VssHttpClientBase.SendAsync(HttpRequestMessage message, HttpCompletionOption completionOption, Object userState, CancellationToken cancellationToken)
   at GitHub.Services.WebApi.VssHttpClientBase.SendAsync[T](HttpRequestMessage message, Object userState, CancellationToken cancellationToken)
   at GitHub.Services.Location.Client.LocationHttpClient.GetConnectionDataAsync(ConnectOptions connectOptions, Int64 lastChangeId, CancellationToken cancellationToken, Object userState)
   at GitHub.Services.WebApi.Location.VssServerDataProvider.GetConnectionDataAsync(ConnectOptions connectOptions, Int32 lastChangeId, CancellationToken cancellationToken)
   at GitHub.Services.WebApi.Location.VssServerDataProvider.ConnectAsync(ConnectOptions connectOptions, CancellationToken cancellationToken)
   at GitHub.Runner.Common.RunnerService.EstablishVssConnection(Uri serverUrl, VssCredentials credentials, TimeSpan timeout)
[2025-10-01 01:34:12Z ERR  GitHubActionsService] GET request to https://pipelinesghubeus6.actions.githubusercontent.com/hKyNd5hzQTjPqVOxuFp9CyJ2tMUr8ytJJ9FfsFju3bqhBGI0lq/_apis/connectionData?connectOptions=1&lastChangeId=258625537&lastChangeId64=258625537 failed. HTTP Status: NotFound
[2025-10-01 01:34:12Z INFO GitHubActionsService] Finished operation Location.GetConnectionData
[2025-10-01 01:34:12Z INFO RunnerServer] Catch exception during connect. 1 attempt left.
[2025-10-01 01:34:12Z ERR  RunnerServer] GitHub.Services.WebApi.VssServiceResponseException: The resource cannot be found.
   at GitHub.Services.WebApi.VssHttpClientBase.HandleResponseAsync(HttpResponseMessage response, CancellationToken cancellationToken)
   at GitHub.Services.WebApi.VssHttpClientBase.SendAsync(HttpRequestMessage message, HttpCompletionOption completionOption, Object userState, CancellationToken cancellationToken)
   at GitHub.Services.WebApi.VssHttpClientBase.SendAsync[T](HttpRequestMessage message, Object userState, CancellationToken cancellationToken)
   at GitHub.Services.Location.Client.LocationHttpClient.GetConnectionDataAsync(ConnectOptions connectOptions, Int64 lastChangeId, CancellationToken cancellationToken, Object userState)
   at GitHub.Services.WebApi.Location.VssServerDataProvider.GetConnectionDataAsync(ConnectOptions connectOptions, Int32 lastChangeId, CancellationToken cancellationToken)
   at GitHub.Services.WebApi.Location.VssServerDataProvider.ConnectAsync(ConnectOptions connectOptions, CancellationToken cancellationToken)
   at GitHub.Runner.Common.RunnerService.EstablishVssConnection(Uri serverUrl, VssCredentials credentials, TimeSpan timeout)
[2025-10-01 01:34:12Z INFO HostContext] Runner will be shutdown for UserCancelled
[2025-10-01 01:34:12Z ERR  GitHubActionsService] GET request to https://pipelinesghubeus6.actions.githubusercontent.com/hKyNd5hzQTjPqVOxuFp9CyJ2tMUr8ytJJ9FfsFju3bqhBGI0lq/_apis/connectionData?connectOptions=1&lastChangeId=258625537&lastChangeId64=258625537 failed. HTTP Status: NotFound
[2025-10-01 01:34:12Z INFO GitHubActionsService] Finished operation Location.GetConnectionData
[2025-10-01 01:34:12Z INFO RunnerServer] Catch exception during connect. 1 attempt left.
[2025-10-01 01:34:12Z ERR  RunnerServer] GitHub.Services.WebApi.VssServiceResponseException: The resource cannot be found.
   at GitHub.Services.WebApi.VssHttpClientBase.HandleResponseAsync(HttpResponseMessage response, CancellationToken cancellationToken)
   at GitHub.Services.WebApi.VssHttpClientBase.SendAsync(HttpRequestMessage message, HttpCompletionOption completionOption, Object userState, CancellationToken cancellationToken)
   at GitHub.Services.WebApi.VssHttpClientBase.SendAsync[T](HttpRequestMessage message, Object userState, CancellationToken cancellationToken)
   at GitHub.Services.Location.Client.LocationHttpClient.GetConnectionDataAsync(ConnectOptions connectOptions, Int64 lastChangeId, CancellationToken cancellationToken, Object userState)
   at GitHub.Services.WebApi.Location.VssServerDataProvider.GetConnectionDataAsync(ConnectOptions connectOptions, Int32 lastChangeId, CancellationToken cancellationToken)
   at GitHub.Services.WebApi.Location.VssServerDataProvider.ConnectAsync(ConnectOptions connectOptions, CancellationToken cancellationToken)
   at GitHub.Runner.Common.RunnerService.EstablishVssConnection(Uri serverUrl, VssCredentials credentials, TimeSpan timeout)
[2025-10-01 01:34:12Z INFO GitHubActionsService] Starting operation Location.GetConnectionData
[2025-10-01 01:34:12Z INFO GitHubActionsService] Starting operation Location.GetConnectionData
[2025-10-01 01:34:12Z INFO GitHubActionsService] Starting operation Location.GetConnectionData
[2025-10-01 01:34:13Z ERR  GitHubActionsService] GET request to https://pipelinesghubeus6.actions.githubusercontent.com/hKyNd5hzQTjPqVOxuFp9CyJ2tMUr8ytJJ9FfsFju3bqhBGI0lq/_apis/connectionData?connectOptions=1&lastChangeId=258625537&lastChangeId64=258625537 failed. HTTP Status: NotFound
[2025-10-01 01:34:13Z INFO GitHubActionsService] Finished operation Location.GetConnectionData
[2025-10-01 01:34:13Z ERR  GitHubActionsService] GET request to https://pipelinesghubeus6.actions.githubusercontent.com/hKyNd5hzQTjPqVOxuFp9CyJ2tMUr8ytJJ9FfsFju3bqhBGI0lq/_apis/connectionData?connectOptions=1&lastChangeId=258625537&lastChangeId64=258625537 failed. HTTP Status: NotFound
[2025-10-01 01:34:13Z INFO GitHubActionsService] Finished operation Location.GetConnectionData
[2025-10-01 01:34:13Z ERR  GitHubActionsService] GET request to https://pipelinesghubeus6.actions.githubusercontent.com/hKyNd5hzQTjPqVOxuFp9CyJ2tMUr8ytJJ9FfsFju3bqhBGI0lq/_apis/connectionData?connectOptions=1&lastChangeId=258625537&lastChangeId64=258625537 failed. HTTP Status: NotFound
[2025-10-01 01:34:13Z INFO GitHubActionsService] Finished operation Location.GetConnectionData
[2025-10-01 01:34:13Z ERR  BrokerMessageListener] Catch exception during create session.
[2025-10-01 01:34:13Z ERR  BrokerMessageListener] GitHub.Services.WebApi.VssServiceResponseException: The resource cannot be found.
   at GitHub.Services.WebApi.VssHttpClientBase.HandleResponseAsync(HttpResponseMessage response, CancellationToken cancellationToken)
   at GitHub.Services.WebApi.VssHttpClientBase.SendAsync(HttpRequestMessage message, HttpCompletionOption completionOption, Object userState, CancellationToken cancellationToken)
   at GitHub.Services.WebApi.VssHttpClientBase.SendAsync[T](HttpRequestMessage message, Object userState, CancellationToken cancellationToken)
   at GitHub.Services.Location.Client.LocationHttpClient.GetConnectionDataAsync(ConnectOptions connectOptions, Int64 lastChangeId, CancellationToken cancellationToken, Object userState)
   at GitHub.Services.WebApi.Location.VssServerDataProvider.GetConnectionDataAsync(ConnectOptions connectOptions, Int32 lastChangeId, CancellationToken cancellationToken)
   at GitHub.Services.WebApi.Location.VssServerDataProvider.ConnectAsync(ConnectOptions connectOptions, CancellationToken cancellationToken)
   at GitHub.Runner.Common.RunnerService.EstablishVssConnection(Uri serverUrl, VssCredentials credentials, TimeSpan timeout)
   at GitHub.Runner.Common.RunnerServer.ConnectAsync(Uri serverUrl, VssCredentials credentials)
   at GitHub.Runner.Listener.BrokerMessageListener.CreateSessionAsync(CancellationToken token)
[2025-10-01 01:34:13Z INFO BrokerMessageListener] Retriable exception: The resource cannot be found.
[2025-10-01 01:34:13Z INFO BrokerMessageListener] Sleeping for 30 seconds before retrying.
[2025-10-01 01:34:13Z INFO Listener] Runner execution been cancelled.
