[2025-09-16 08:29:38Z INFO GitHubActionsService] Starting operation Location.GetConnectionData
[2025-09-16 08:29:38Z INFO GitHubActionsService] Starting operation Location.GetConnectionData
[2025-09-16 08:29:38Z INFO GitHubActionsService] Starting operation Location.GetConnectionData
[2025-09-16 08:29:38Z ERR  GitHubActionsService] GET request to https://pipelinesghubeus6.actions.githubusercontent.com/hKyNd5hzQTjPqVOxuFp9CyJ2tMUr8ytJJ9FfsFju3bqhBGI0lq/_apis/connectionData?connectOptions=1&lastChangeId=258625537&lastChangeId64=258625537 failed. HTTP Status: NotFound
[2025-09-16 08:29:38Z INFO GitHubActionsService] Finished operation Location.GetConnectionData
[2025-09-16 08:29:38Z INFO RunnerServer] Catch exception during connect. 2 attempt left.
[2025-09-16 08:29:38Z ERR  RunnerServer] GitHub.Services.WebApi.VssServiceResponseException: The resource cannot be found.
   at GitHub.Services.WebApi.VssHttpClientBase.HandleResponseAsync(HttpResponseMessage response, CancellationToken cancellationToken)
   at GitHub.Services.WebApi.VssHttpClientBase.SendAsync(HttpRequestMessage message, HttpCompletionOption completionOption, Object userState, CancellationToken cancellationToken)
   at GitHub.Services.WebApi.VssHttpClientBase.SendAsync[T](HttpRequestMessage message, Object userState, CancellationToken cancellationToken)
   at GitHub.Services.Location.Client.LocationHttpClient.GetConnectionDataAsync(ConnectOptions connectOptions, Int64 lastChangeId, CancellationToken cancellationToken, Object userState)
   at GitHub.Services.WebApi.Location.VssServerDataProvider.GetConnectionDataAsync(ConnectOptions connectOptions, Int32 lastChangeId, CancellationToken cancellationToken)
   at GitHub.Services.WebApi.Location.VssServerDataProvider.ConnectAsync(ConnectOptions connectOptions, CancellationToken cancellationToken)
   at GitHub.Runner.Common.RunnerService.EstablishVssConnection(Uri serverUrl, VssCredentials credentials, TimeSpan timeout)
[2025-09-16 08:29:38Z ERR  GitHubActionsService] GET request to https://pipelinesghubeus6.actions.githubusercontent.com/hKyNd5hzQTjPqVOxuFp9CyJ2tMUr8ytJJ9FfsFju3bqhBGI0lq/_apis/connectionData?connectOptions=1&lastChangeId=258625537&lastChangeId64=258625537 failed. HTTP Status: NotFound
[2025-09-16 08:29:38Z INFO GitHubActionsService] Finished operation Location.GetConnectionData
[2025-09-16 08:29:38Z INFO RunnerServer] Catch exception during connect. 2 attempt left.
[2025-09-16 08:29:38Z ERR  RunnerServer] GitHub.Services.WebApi.VssServiceResponseException: The resource cannot be found.
   at GitHub.Services.WebApi.VssHttpClientBase.HandleResponseAsync(HttpResponseMessage response, CancellationToken cancellationToken)
   at GitHub.Services.WebApi.VssHttpClientBase.SendAsync(HttpRequestMessage message, HttpCompletionOption completionOption, Object userState, CancellationToken cancellationToken)
   at GitHub.Services.WebApi.VssHttpClientBase.SendAsync[T](HttpRequestMessage message, Object userState, CancellationToken cancellationToken)
   at GitHub.Services.Location.Client.LocationHttpClient.GetConnectionDataAsync(ConnectOptions connectOptions, Int64 lastChangeId, CancellationToken cancellationToken, Object userState)
   at GitHub.Services.WebApi.Location.VssServerDataProvider.GetConnectionDataAsync(ConnectOptions connectOptions, Int32 lastChangeId, CancellationToken cancellationToken)
   at GitHub.Services.WebApi.Location.VssServerDataProvider.ConnectAsync(ConnectOptions connectOptions, CancellationToken cancellationToken)
   at GitHub.Runner.Common.RunnerService.EstablishVssConnection(Uri serverUrl, VssCredentials credentials, TimeSpan timeout)
[2025-09-16 08:29:38Z ERR  GitHubActionsService] GET request to https://pipelinesghubeus6.actions.githubusercontent.com/hKyNd5hzQTjPqVOxuFp9CyJ2tMUr8ytJJ9FfsFju3bqhBGI0lq/_apis/connectionData?connectOptions=1&lastChangeId=258625537&lastChangeId64=258625537 failed. HTTP Status: NotFound
[2025-09-16 08:29:38Z INFO GitHubActionsService] Finished operation Location.GetConnectionData
[2025-09-16 08:29:38Z INFO RunnerServer] Catch exception during connect. 2 attempt left.
[2025-09-16 08:29:38Z ERR  RunnerServer] GitHub.Services.WebApi.VssServiceResponseException: The resource cannot be found.
   at GitHub.Services.WebApi.VssHttpClientBase.HandleResponseAsync(HttpResponseMessage response, CancellationToken cancellationToken)
   at GitHub.Services.WebApi.VssHttpClientBase.SendAsync(HttpRequestMessage message, HttpCompletionOption completionOption, Object userState, CancellationToken cancellationToken)
   at GitHub.Services.WebApi.VssHttpClientBase.SendAsync[T](HttpRequestMessage message, Object userState, CancellationToken cancellationToken)
   at GitHub.Services.Location.Client.LocationHttpClient.GetConnectionDataAsync(ConnectOptions connectOptions, Int64 lastChangeId, CancellationToken cancellationToken, Object userState)
   at GitHub.Services.WebApi.Location.VssServerDataProvider.GetConnectionDataAsync(ConnectOptions connectOptions, Int32 lastChangeId, CancellationToken cancellationToken)
   at GitHub.Services.WebApi.Location.VssServerDataProvider.ConnectAsync(ConnectOptions connectOptions, CancellationToken cancellationToken)
   at GitHub.Runner.Common.RunnerService.EstablishVssConnection(Uri serverUrl, VssCredentials credentials, TimeSpan timeout)
[2025-09-16 08:29:38Z INFO GitHubActionsService] Starting operation Location.GetConnectionData
[2025-09-16 08:29:38Z INFO GitHubActionsService] Starting operation Location.GetConnectionData
[2025-09-16 08:29:38Z INFO GitHubActionsService] Starting operation Location.GetConnectionData
[2025-09-16 08:29:39Z ERR  GitHubActionsService] GET request to https://pipelinesghubeus6.actions.githubusercontent.com/hKyNd5hzQTjPqVOxuFp9CyJ2tMUr8ytJJ9FfsFju3bqhBGI0lq/_apis/connectionData?connectOptions=1&lastChangeId=258625537&lastChangeId64=258625537 failed. HTTP Status: NotFound
[2025-09-16 08:29:39Z INFO GitHubActionsService] Finished operation Location.GetConnectionData
[2025-09-16 08:29:39Z INFO RunnerServer] Catch exception during connect. 1 attempt left.
[2025-09-16 08:29:39Z ERR  RunnerServer] GitHub.Services.WebApi.VssServiceResponseException: The resource cannot be found.
   at GitHub.Services.WebApi.VssHttpClientBase.HandleResponseAsync(HttpResponseMessage response, CancellationToken cancellationToken)
   at GitHub.Services.WebApi.VssHttpClientBase.SendAsync(HttpRequestMessage message, HttpCompletionOption completionOption, Object userState, CancellationToken cancellationToken)
   at GitHub.Services.WebApi.VssHttpClientBase.SendAsync[T](HttpRequestMessage message, Object userState, CancellationToken cancellationToken)
   at GitHub.Services.Location.Client.LocationHttpClient.GetConnectionDataAsync(ConnectOptions connectOptions, Int64 lastChangeId, CancellationToken cancellationToken, Object userState)
   at GitHub.Services.WebApi.Location.VssServerDataProvider.GetConnectionDataAsync(ConnectOptions connectOptions, Int32 lastChangeId, CancellationToken cancellationToken)
   at GitHub.Services.WebApi.Location.VssServerDataProvider.ConnectAsync(ConnectOptions connectOptions, CancellationToken cancellationToken)
   at GitHub.Runner.Common.RunnerService.EstablishVssConnection(Uri serverUrl, VssCredentials credentials, TimeSpan timeout)
[2025-09-16 08:29:39Z INFO GitHubActionsService] Starting operation Location.GetConnectionData
[2025-09-16 08:29:39Z ERR  GitHubActionsService] GET request to https://pipelinesghubeus6.actions.githubusercontent.com/hKyNd5hzQTjPqVOxuFp9CyJ2tMUr8ytJJ9FfsFju3bqhBGI0lq/_apis/connectionData?connectOptions=1&lastChangeId=258625537&lastChangeId64=258625537 failed. HTTP Status: NotFound
[2025-09-16 08:29:39Z INFO GitHubActionsService] Finished operation Location.GetConnectionData
[2025-09-16 08:29:39Z INFO RunnerServer] Catch exception during connect. 1 attempt left.
[2025-09-16 08:29:39Z ERR  RunnerServer] GitHub.Services.WebApi.VssServiceResponseException: The resource cannot be found.
   at GitHub.Services.WebApi.VssHttpClientBase.HandleResponseAsync(HttpResponseMessage response, CancellationToken cancellationToken)
   at GitHub.Services.WebApi.VssHttpClientBase.SendAsync(HttpRequestMessage message, HttpCompletionOption completionOption, Object userState, CancellationToken cancellationToken)
   at GitHub.Services.WebApi.VssHttpClientBase.SendAsync[T](HttpRequestMessage message, Object userState, CancellationToken cancellationToken)
   at GitHub.Services.Location.Client.LocationHttpClient.GetConnectionDataAsync(ConnectOptions connectOptions, Int64 lastChangeId, CancellationToken cancellationToken, Object userState)
   at GitHub.Services.WebApi.Location.VssServerDataProvider.GetConnectionDataAsync(ConnectOptions connectOptions, Int32 lastChangeId, CancellationToken cancellationToken)
   at GitHub.Services.WebApi.Location.VssServerDataProvider.ConnectAsync(ConnectOptions connectOptions, CancellationToken cancellationToken)
   at GitHub.Runner.Common.RunnerService.EstablishVssConnection(Uri serverUrl, VssCredentials credentials, TimeSpan timeout)
[2025-09-16 08:29:39Z ERR  GitHubActionsService] GET request to https://pipelinesghubeus6.actions.githubusercontent.com/hKyNd5hzQTjPqVOxuFp9CyJ2tMUr8ytJJ9FfsFju3bqhBGI0lq/_apis/connectionData?connectOptions=1&lastChangeId=258625537&lastChangeId64=258625537 failed. HTTP Status: NotFound
[2025-09-16 08:29:39Z INFO GitHubActionsService] Finished operation Location.GetConnectionData
[2025-09-16 08:29:39Z INFO RunnerServer] Catch exception during connect. 1 attempt left.
[2025-09-16 08:29:39Z ERR  RunnerServer] GitHub.Services.WebApi.VssServiceResponseException: The resource cannot be found.
   at GitHub.Services.WebApi.VssHttpClientBase.HandleResponseAsync(HttpResponseMessage response, CancellationToken cancellationToken)
   at GitHub.Services.WebApi.VssHttpClientBase.SendAsync(HttpRequestMessage message, HttpCompletionOption completionOption, Object userState, CancellationToken cancellationToken)
   at GitHub.Services.WebApi.VssHttpClientBase.SendAsync[T](HttpRequestMessage message, Object userState, CancellationToken cancellationToken)
   at GitHub.Services.Location.Client.LocationHttpClient.GetConnectionDataAsync(ConnectOptions connectOptions, Int64 lastChangeId, CancellationToken cancellationToken, Object userState)
   at GitHub.Services.WebApi.Location.VssServerDataProvider.GetConnectionDataAsync(ConnectOptions connectOptions, Int32 lastChangeId, CancellationToken cancellationToken)
   at GitHub.Services.WebApi.Location.VssServerDataProvider.ConnectAsync(ConnectOptions connectOptions, CancellationToken cancellationToken)
   at GitHub.Runner.Common.RunnerService.EstablishVssConnection(Uri serverUrl, VssCredentials credentials, TimeSpan timeout)
[2025-09-16 08:29:39Z INFO GitHubActionsService] Starting operation Location.GetConnectionData
[2025-09-16 08:29:39Z INFO GitHubActionsService] Starting operation Location.GetConnectionData
[2025-09-16 08:29:40Z ERR  GitHubActionsService] GET request to https://pipelinesghubeus6.actions.githubusercontent.com/hKyNd5hzQTjPqVOxuFp9CyJ2tMUr8ytJJ9FfsFju3bqhBGI0lq/_apis/connectionData?connectOptions=1&lastChangeId=258625537&lastChangeId64=258625537 failed. HTTP Status: NotFound
[2025-09-16 08:29:40Z INFO GitHubActionsService] Finished operation Location.GetConnectionData
[2025-09-16 08:29:40Z ERR  GitHubActionsService] GET request to https://pipelinesghubeus6.actions.githubusercontent.com/hKyNd5hzQTjPqVOxuFp9CyJ2tMUr8ytJJ9FfsFju3bqhBGI0lq/_apis/connectionData?connectOptions=1&lastChangeId=258625537&lastChangeId64=258625537 failed. HTTP Status: NotFound
[2025-09-16 08:29:40Z INFO GitHubActionsService] Finished operation Location.GetConnectionData
[2025-09-16 08:29:40Z ERR  GitHubActionsService] GET request to https://pipelinesghubeus6.actions.githubusercontent.com/hKyNd5hzQTjPqVOxuFp9CyJ2tMUr8ytJJ9FfsFju3bqhBGI0lq/_apis/connectionData?connectOptions=1&lastChangeId=258625537&lastChangeId64=258625537 failed. HTTP Status: NotFound
[2025-09-16 08:29:40Z INFO GitHubActionsService] Finished operation Location.GetConnectionData
[2025-09-16 08:29:40Z ERR  BrokerMessageListener] Catch exception during create session.
[2025-09-16 08:29:40Z ERR  BrokerMessageListener] GitHub.Services.WebApi.VssServiceResponseException: The resource cannot be found.
   at GitHub.Services.WebApi.VssHttpClientBase.HandleResponseAsync(HttpResponseMessage response, CancellationToken cancellationToken)
   at GitHub.Services.WebApi.VssHttpClientBase.SendAsync(HttpRequestMessage message, HttpCompletionOption completionOption, Object userState, CancellationToken cancellationToken)
   at GitHub.Services.WebApi.VssHttpClientBase.SendAsync[T](HttpRequestMessage message, Object userState, CancellationToken cancellationToken)
   at GitHub.Services.Location.Client.LocationHttpClient.GetConnectionDataAsync(ConnectOptions connectOptions, Int64 lastChangeId, CancellationToken cancellationToken, Object userState)
   at GitHub.Services.WebApi.Location.VssServerDataProvider.GetConnectionDataAsync(ConnectOptions connectOptions, Int32 lastChangeId, CancellationToken cancellationToken)
   at GitHub.Services.WebApi.Location.VssServerDataProvider.ConnectAsync(ConnectOptions connectOptions, CancellationToken cancellationToken)
   at GitHub.Runner.Common.RunnerService.EstablishVssConnection(Uri serverUrl, VssCredentials credentials, TimeSpan timeout)
   at GitHub.Runner.Common.RunnerServer.ConnectAsync(Uri serverUrl, VssCredentials credentials)
   at GitHub.Runner.Listener.BrokerMessageListener.CreateSessionAsync(CancellationToken token)
[2025-09-16 08:29:40Z INFO BrokerMessageListener] Retriable exception: The resource cannot be found.
[2025-09-16 08:29:40Z INFO BrokerMessageListener] Sleeping for 30 seconds before retrying.
[2025-09-16 08:30:10Z INFO BrokerMessageListener] Attempt to create session.
[2025-09-16 08:30:10Z INFO BrokerMessageListener] Connecting to the Broker Server...
[2025-09-16 08:30:10Z INFO ConfigurationStore] HasCredentials()
[2025-09-16 08:30:10Z INFO ConfigurationStore] stored True
[2025-09-16 08:30:10Z INFO CredentialManager] GetCredentialProvider
[2025-09-16 08:30:10Z INFO CredentialManager] Creating type OAuth
[2025-09-16 08:30:10Z INFO CredentialManager] Creating credential type: OAuth
[2025-09-16 08:30:10Z INFO RSAEncryptedFileKeyManager] Loading RSA key parameters from file G:\Brunella\actions-runner\.credentials_rsaparams
[2025-09-16 08:30:10Z INFO BrokerMessageListener] VssConnection created
[2025-09-16 08:30:10Z INFO BrokerMessageListener] Connecting to the Runner server...
[2025-09-16 08:30:10Z INFO RunnerServer] EstablishVssConnection
[2025-09-16 08:30:10Z INFO RunnerServer] Establish connection with 100 seconds timeout.
[2025-09-16 08:30:10Z INFO GitHubActionsService] Starting operation Location.GetConnectionData
[2025-09-16 08:30:10Z INFO RunnerServer] EstablishVssConnection
[2025-09-16 08:30:10Z INFO RunnerServer] Establish connection with 60 seconds timeout.
[2025-09-16 08:30:10Z INFO GitHubActionsService] Starting operation Location.GetConnectionData
[2025-09-16 08:30:10Z INFO RunnerServer] EstablishVssConnection
[2025-09-16 08:30:10Z INFO RunnerServer] Establish connection with 60 seconds timeout.
[2025-09-16 08:30:10Z INFO GitHubActionsService] Starting operation Location.GetConnectionData
[2025-09-16 08:30:11Z ERR  GitHubActionsService] GET request to https://pipelinesghubeus6.actions.githubusercontent.com/hKyNd5hzQTjPqVOxuFp9CyJ2tMUr8ytJJ9FfsFju3bqhBGI0lq/_apis/connectionData?connectOptions=1&lastChangeId=258625537&lastChangeId64=258625537 failed. HTTP Status: NotFound
[2025-09-16 08:30:11Z INFO GitHubActionsService] Finished operation Location.GetConnectionData
[2025-09-16 08:30:11Z INFO RunnerServer] Catch exception during connect. 4 attempt left.
[2025-09-16 08:30:11Z ERR  RunnerServer] GitHub.Services.WebApi.VssServiceResponseException: The resource cannot be found.
   at GitHub.Services.WebApi.VssHttpClientBase.HandleResponseAsync(HttpResponseMessage response, CancellationToken cancellationToken)
   at GitHub.Services.WebApi.VssHttpClientBase.SendAsync(HttpRequestMessage message, HttpCompletionOption completionOption, Object userState, CancellationToken cancellationToken)
   at GitHub.Services.WebApi.VssHttpClientBase.SendAsync[T](HttpRequestMessage message, Object userState, CancellationToken cancellationToken)
   at GitHub.Services.Location.Client.LocationHttpClient.GetConnectionDataAsync(ConnectOptions connectOptions, Int64 lastChangeId, CancellationToken cancellationToken, Object userState)
   at GitHub.Services.WebApi.Location.VssServerDataProvider.GetConnectionDataAsync(ConnectOptions connectOptions, Int32 lastChangeId, CancellationToken cancellationToken)
   at GitHub.Services.WebApi.Location.VssServerDataProvider.ConnectAsync(ConnectOptions connectOptions, CancellationToken cancellationToken)
   at GitHub.Runner.Common.RunnerService.EstablishVssConnection(Uri serverUrl, VssCredentials credentials, TimeSpan timeout)
[2025-09-16 08:30:11Z ERR  GitHubActionsService] GET request to https://pipelinesghubeus6.actions.githubusercontent.com/hKyNd5hzQTjPqVOxuFp9CyJ2tMUr8ytJJ9FfsFju3bqhBGI0lq/_apis/connectionData?connectOptions=1&lastChangeId=258625537&lastChangeId64=258625537 failed. HTTP Status: NotFound
[2025-09-16 08:30:11Z INFO GitHubActionsService] Finished operation Location.GetConnectionData
[2025-09-16 08:30:11Z INFO RunnerServer] Catch exception during connect. 4 attempt left.
[2025-09-16 08:30:11Z ERR  RunnerServer] GitHub.Services.WebApi.VssServiceResponseException: The resource cannot be found.
   at GitHub.Services.WebApi.VssHttpClientBase.HandleResponseAsync(HttpResponseMessage response, CancellationToken cancellationToken)
   at GitHub.Services.WebApi.VssHttpClientBase.SendAsync(HttpRequestMessage message, HttpCompletionOption completionOption, Object userState, CancellationToken cancellationToken)
   at GitHub.Services.WebApi.VssHttpClientBase.SendAsync[T](HttpRequestMessage message, Object userState, CancellationToken cancellationToken)
   at GitHub.Services.Location.Client.LocationHttpClient.GetConnectionDataAsync(ConnectOptions connectOptions, Int64 lastChangeId, CancellationToken cancellationToken, Object userState)
   at GitHub.Services.WebApi.Location.VssServerDataProvider.GetConnectionDataAsync(ConnectOptions connectOptions, Int32 lastChangeId, CancellationToken cancellationToken)
   at GitHub.Services.WebApi.Location.VssServerDataProvider.ConnectAsync(ConnectOptions connectOptions, CancellationToken cancellationToken)
   at GitHub.Runner.Common.RunnerService.EstablishVssConnection(Uri serverUrl, VssCredentials credentials, TimeSpan timeout)
[2025-09-16 08:30:11Z ERR  GitHubActionsService] GET request to https://pipelinesghubeus6.actions.githubusercontent.com/hKyNd5hzQTjPqVOxuFp9CyJ2tMUr8ytJJ9FfsFju3bqhBGI0lq/_apis/connectionData?connectOptions=1&lastChangeId=258625537&lastChangeId64=258625537 failed. HTTP Status: NotFound
[2025-09-16 08:30:11Z INFO GitHubActionsService] Finished operation Location.GetConnectionData
[2025-09-16 08:30:11Z INFO RunnerServer] Catch exception during connect. 4 attempt left.
[2025-09-16 08:30:11Z ERR  RunnerServer] GitHub.Services.WebApi.VssServiceResponseException: The resource cannot be found.
   at GitHub.Services.WebApi.VssHttpClientBase.HandleResponseAsync(HttpResponseMessage response, CancellationToken cancellationToken)
   at GitHub.Services.WebApi.VssHttpClientBase.SendAsync(HttpRequestMessage message, HttpCompletionOption completionOption, Object userState, CancellationToken cancellationToken)
   at GitHub.Services.WebApi.VssHttpClientBase.SendAsync[T](HttpRequestMessage message, Object userState, CancellationToken cancellationToken)
   at GitHub.Services.Location.Client.LocationHttpClient.GetConnectionDataAsync(ConnectOptions connectOptions, Int64 lastChangeId, CancellationToken cancellationToken, Object userState)
   at GitHub.Services.WebApi.Location.VssServerDataProvider.GetConnectionDataAsync(ConnectOptions connectOptions, Int32 lastChangeId, CancellationToken cancellationToken)
   at GitHub.Services.WebApi.Location.VssServerDataProvider.ConnectAsync(ConnectOptions connectOptions, CancellationToken cancellationToken)
   at GitHub.Runner.Common.RunnerService.EstablishVssConnection(Uri serverUrl, VssCredentials credentials, TimeSpan timeout)
[2025-09-16 08:30:11Z INFO GitHubActionsService] Starting operation Location.GetConnectionData
[2025-09-16 08:30:11Z INFO GitHubActionsService] Starting operation Location.GetConnectionData
[2025-09-16 08:30:11Z INFO GitHubActionsService] Starting operation Location.GetConnectionData
[2025-09-16 08:30:11Z ERR  GitHubActionsService] GET request to https://pipelinesghubeus6.actions.githubusercontent.com/hKyNd5hzQTjPqVOxuFp9CyJ2tMUr8ytJJ9FfsFju3bqhBGI0lq/_apis/connectionData?connectOptions=1&lastChangeId=258625537&lastChangeId64=258625537 failed. HTTP Status: NotFound
[2025-09-16 08:30:11Z INFO GitHubActionsService] Finished operation Location.GetConnectionData
[2025-09-16 08:30:11Z INFO RunnerServer] Catch exception during connect. 3 attempt left.
[2025-09-16 08:30:11Z ERR  RunnerServer] GitHub.Services.WebApi.VssServiceResponseException: The resource cannot be found.
   at GitHub.Services.WebApi.VssHttpClientBase.HandleResponseAsync(HttpResponseMessage response, CancellationToken cancellationToken)
   at GitHub.Services.WebApi.VssHttpClientBase.SendAsync(HttpRequestMessage message, HttpCompletionOption completionOption, Object userState, CancellationToken cancellationToken)
   at GitHub.Services.WebApi.VssHttpClientBase.SendAsync[T](HttpRequestMessage message, Object userState, CancellationToken cancellationToken)
   at GitHub.Services.Location.Client.LocationHttpClient.GetConnectionDataAsync(ConnectOptions connectOptions, Int64 lastChangeId, CancellationToken cancellationToken, Object userState)
   at GitHub.Services.WebApi.Location.VssServerDataProvider.GetConnectionDataAsync(ConnectOptions connectOptions, Int32 lastChangeId, CancellationToken cancellationToken)
   at GitHub.Services.WebApi.Location.VssServerDataProvider.ConnectAsync(ConnectOptions connectOptions, CancellationToken cancellationToken)
   at GitHub.Runner.Common.RunnerService.EstablishVssConnection(Uri serverUrl, VssCredentials credentials, TimeSpan timeout)
[2025-09-16 08:30:11Z ERR  GitHubActionsService] GET request to https://pipelinesghubeus6.actions.githubusercontent.com/hKyNd5hzQTjPqVOxuFp9CyJ2tMUr8ytJJ9FfsFju3bqhBGI0lq/_apis/connectionData?connectOptions=1&lastChangeId=258625537&lastChangeId64=258625537 failed. HTTP Status: NotFound
[2025-09-16 08:30:11Z INFO GitHubActionsService] Finished operation Location.GetConnectionData
[2025-09-16 08:30:11Z INFO RunnerServer] Catch exception during connect. 3 attempt left.
[2025-09-16 08:30:11Z ERR  RunnerServer] GitHub.Services.WebApi.VssServiceResponseException: The resource cannot be found.
   at GitHub.Services.WebApi.VssHttpClientBase.HandleResponseAsync(HttpResponseMessage response, CancellationToken cancellationToken)
   at GitHub.Services.WebApi.VssHttpClientBase.SendAsync(HttpRequestMessage message, HttpCompletionOption completionOption, Object userState, CancellationToken cancellationToken)
   at GitHub.Services.WebApi.VssHttpClientBase.SendAsync[T](HttpRequestMessage message, Object userState, CancellationToken cancellationToken)
   at GitHub.Services.Location.Client.LocationHttpClient.GetConnectionDataAsync(ConnectOptions connectOptions, Int64 lastChangeId, CancellationToken cancellationToken, Object userState)
   at GitHub.Services.WebApi.Location.VssServerDataProvider.GetConnectionDataAsync(ConnectOptions connectOptions, Int32 lastChangeId, CancellationToken cancellationToken)
   at GitHub.Services.WebApi.Location.VssServerDataProvider.ConnectAsync(ConnectOptions connectOptions, CancellationToken cancellationToken)
   at GitHub.Runner.Common.RunnerService.EstablishVssConnection(Uri serverUrl, VssCredentials credentials, TimeSpan timeout)
[2025-09-16 08:30:11Z ERR  GitHubActionsService] GET request to https://pipelinesghubeus6.actions.githubusercontent.com/hKyNd5hzQTjPqVOxuFp9CyJ2tMUr8ytJJ9FfsFju3bqhBGI0lq/_apis/connectionData?connectOptions=1&lastChangeId=258625537&lastChangeId64=258625537 failed. HTTP Status: NotFound
[2025-09-16 08:30:11Z INFO GitHubActionsService] Finished operation Location.GetConnectionData
[2025-09-16 08:30:11Z INFO RunnerServer] Catch exception during connect. 3 attempt left.
[2025-09-16 08:30:11Z ERR  RunnerServer] GitHub.Services.WebApi.VssServiceResponseException: The resource cannot be found.
   at GitHub.Services.WebApi.VssHttpClientBase.HandleResponseAsync(HttpResponseMessage response, CancellationToken cancellationToken)
   at GitHub.Services.WebApi.VssHttpClientBase.SendAsync(HttpRequestMessage message, HttpCompletionOption completionOption, Object userState, CancellationToken cancellationToken)
   at GitHub.Services.WebApi.VssHttpClientBase.SendAsync[T](HttpRequestMessage message, Object userState, CancellationToken cancellationToken)
   at GitHub.Services.Location.Client.LocationHttpClient.GetConnectionDataAsync(ConnectOptions connectOptions, Int64 lastChangeId, CancellationToken cancellationToken, Object userState)
   at GitHub.Services.WebApi.Location.VssServerDataProvider.GetConnectionDataAsync(ConnectOptions connectOptions, Int32 lastChangeId, CancellationToken cancellationToken)
   at GitHub.Services.WebApi.Location.VssServerDataProvider.ConnectAsync(ConnectOptions connectOptions, CancellationToken cancellationToken)
   at GitHub.Runner.Common.RunnerService.EstablishVssConnection(Uri serverUrl, VssCredentials credentials, TimeSpan timeout)
[2025-09-16 08:30:11Z INFO GitHubActionsService] Starting operation Location.GetConnectionData
[2025-09-16 08:30:11Z INFO GitHubActionsService] Starting operation Location.GetConnectionData
[2025-09-16 08:30:11Z INFO GitHubActionsService] Starting operation Location.GetConnectionData
[2025-09-16 08:30:12Z ERR  GitHubActionsService] GET request to https://pipelinesghubeus6.actions.githubusercontent.com/hKyNd5hzQTjPqVOxuFp9CyJ2tMUr8ytJJ9FfsFju3bqhBGI0lq/_apis/connectionData?connectOptions=1&lastChangeId=258625537&lastChangeId64=258625537 failed. HTTP Status: NotFound
[2025-09-16 08:30:12Z INFO GitHubActionsService] Finished operation Location.GetConnectionData
[2025-09-16 08:30:12Z INFO RunnerServer] Catch exception during connect. 2 attempt left.
[2025-09-16 08:30:12Z ERR  RunnerServer] GitHub.Services.WebApi.VssServiceResponseException: The resource cannot be found.
   at GitHub.Services.WebApi.VssHttpClientBase.HandleResponseAsync(HttpResponseMessage response, CancellationToken cancellationToken)
   at GitHub.Services.WebApi.VssHttpClientBase.SendAsync(HttpRequestMessage message, HttpCompletionOption completionOption, Object userState, CancellationToken cancellationToken)
   at GitHub.Services.WebApi.VssHttpClientBase.SendAsync[T](HttpRequestMessage message, Object userState, CancellationToken cancellationToken)
   at GitHub.Services.Location.Client.LocationHttpClient.GetConnectionDataAsync(ConnectOptions connectOptions, Int64 lastChangeId, CancellationToken cancellationToken, Object userState)
   at GitHub.Services.WebApi.Location.VssServerDataProvider.GetConnectionDataAsync(ConnectOptions connectOptions, Int32 lastChangeId, CancellationToken cancellationToken)
   at GitHub.Services.WebApi.Location.VssServerDataProvider.ConnectAsync(ConnectOptions connectOptions, CancellationToken cancellationToken)
   at GitHub.Runner.Common.RunnerService.EstablishVssConnection(Uri serverUrl, VssCredentials credentials, TimeSpan timeout)
[2025-09-16 08:30:12Z INFO GitHubActionsService] Starting operation Location.GetConnectionData
[2025-09-16 08:30:12Z ERR  GitHubActionsService] GET request to https://pipelinesghubeus6.actions.githubusercontent.com/hKyNd5hzQTjPqVOxuFp9CyJ2tMUr8ytJJ9FfsFju3bqhBGI0lq/_apis/connectionData?connectOptions=1&lastChangeId=258625537&lastChangeId64=258625537 failed. HTTP Status: NotFound
[2025-09-16 08:30:12Z INFO GitHubActionsService] Finished operation Location.GetConnectionData
[2025-09-16 08:30:12Z INFO RunnerServer] Catch exception during connect. 2 attempt left.
[2025-09-16 08:30:12Z ERR  RunnerServer] GitHub.Services.WebApi.VssServiceResponseException: The resource cannot be found.
   at GitHub.Services.WebApi.VssHttpClientBase.HandleResponseAsync(HttpResponseMessage response, CancellationToken cancellationToken)
   at GitHub.Services.WebApi.VssHttpClientBase.SendAsync(HttpRequestMessage message, HttpCompletionOption completionOption, Object userState, CancellationToken cancellationToken)
   at GitHub.Services.WebApi.VssHttpClientBase.SendAsync[T](HttpRequestMessage message, Object userState, CancellationToken cancellationToken)
   at GitHub.Services.Location.Client.LocationHttpClient.GetConnectionDataAsync(ConnectOptions connectOptions, Int64 lastChangeId, CancellationToken cancellationToken, Object userState)
   at GitHub.Services.WebApi.Location.VssServerDataProvider.GetConnectionDataAsync(ConnectOptions connectOptions, Int32 lastChangeId, CancellationToken cancellationToken)
   at GitHub.Services.WebApi.Location.VssServerDataProvider.ConnectAsync(ConnectOptions connectOptions, CancellationToken cancellationToken)
   at GitHub.Runner.Common.RunnerService.EstablishVssConnection(Uri serverUrl, VssCredentials credentials, TimeSpan timeout)
[2025-09-16 08:30:12Z ERR  GitHubActionsService] GET request to https://pipelinesghubeus6.actions.githubusercontent.com/hKyNd5hzQTjPqVOxuFp9CyJ2tMUr8ytJJ9FfsFju3bqhBGI0lq/_apis/connectionData?connectOptions=1&lastChangeId=258625537&lastChangeId64=258625537 failed. HTTP Status: NotFound
[2025-09-16 08:30:12Z INFO GitHubActionsService] Finished operation Location.GetConnectionData
[2025-09-16 08:30:12Z INFO RunnerServer] Catch exception during connect. 2 attempt left.
[2025-09-16 08:30:12Z ERR  RunnerServer] GitHub.Services.WebApi.VssServiceResponseException: The resource cannot be found.
   at GitHub.Services.WebApi.VssHttpClientBase.HandleResponseAsync(HttpResponseMessage response, CancellationToken cancellationToken)
   at GitHub.Services.WebApi.VssHttpClientBase.SendAsync(HttpRequestMessage message, HttpCompletionOption completionOption, Object userState, CancellationToken cancellationToken)
   at GitHub.Services.WebApi.VssHttpClientBase.SendAsync[T](HttpRequestMessage message, Object userState, CancellationToken cancellationToken)
   at GitHub.Services.Location.Client.LocationHttpClient.GetConnectionDataAsync(ConnectOptions connectOptions, Int64 lastChangeId, CancellationToken cancellationToken, Object userState)
   at GitHub.Services.WebApi.Location.VssServerDataProvider.GetConnectionDataAsync(ConnectOptions connectOptions, Int32 lastChangeId, CancellationToken cancellationToken)
   at GitHub.Services.WebApi.Location.VssServerDataProvider.ConnectAsync(ConnectOptions connectOptions, CancellationToken cancellationToken)
   at GitHub.Runner.Common.RunnerService.EstablishVssConnection(Uri serverUrl, VssCredentials credentials, TimeSpan timeout)
[2025-09-16 08:30:12Z INFO GitHubActionsService] Starting operation Location.GetConnectionData
[2025-09-16 08:30:12Z INFO GitHubActionsService] Starting operation Location.GetConnectionData
[2025-09-16 08:30:13Z ERR  GitHubActionsService] GET request to https://pipelinesghubeus6.actions.githubusercontent.com/hKyNd5hzQTjPqVOxuFp9CyJ2tMUr8ytJJ9FfsFju3bqhBGI0lq/_apis/connectionData?connectOptions=1&lastChangeId=258625537&lastChangeId64=258625537 failed. HTTP Status: NotFound
[2025-09-16 08:30:13Z INFO GitHubActionsService] Finished operation Location.GetConnectionData
[2025-09-16 08:30:13Z INFO RunnerServer] Catch exception during connect. 1 attempt left.
[2025-09-16 08:30:13Z ERR  RunnerServer] GitHub.Services.WebApi.VssServiceResponseException: The resource cannot be found.
   at GitHub.Services.WebApi.VssHttpClientBase.HandleResponseAsync(HttpResponseMessage response, CancellationToken cancellationToken)
   at GitHub.Services.WebApi.VssHttpClientBase.SendAsync(HttpRequestMessage message, HttpCompletionOption completionOption, Object userState, CancellationToken cancellationToken)
   at GitHub.Services.WebApi.VssHttpClientBase.SendAsync[T](HttpRequestMessage message, Object userState, CancellationToken cancellationToken)
   at GitHub.Services.Location.Client.LocationHttpClient.GetConnectionDataAsync(ConnectOptions connectOptions, Int64 lastChangeId, CancellationToken cancellationToken, Object userState)
   at GitHub.Services.WebApi.Location.VssServerDataProvider.GetConnectionDataAsync(ConnectOptions connectOptions, Int32 lastChangeId, CancellationToken cancellationToken)
   at GitHub.Services.WebApi.Location.VssServerDataProvider.ConnectAsync(ConnectOptions connectOptions, CancellationToken cancellationToken)
   at GitHub.Runner.Common.RunnerService.EstablishVssConnection(Uri serverUrl, VssCredentials credentials, TimeSpan timeout)
[2025-09-16 08:30:13Z ERR  GitHubActionsService] GET request to https://pipelinesghubeus6.actions.githubusercontent.com/hKyNd5hzQTjPqVOxuFp9CyJ2tMUr8ytJJ9FfsFju3bqhBGI0lq/_apis/connectionData?connectOptions=1&lastChangeId=258625537&lastChangeId64=258625537 failed. HTTP Status: NotFound
[2025-09-16 08:30:13Z INFO GitHubActionsService] Finished operation Location.GetConnectionData
[2025-09-16 08:30:13Z INFO RunnerServer] Catch exception during connect. 1 attempt left.
[2025-09-16 08:30:13Z ERR  RunnerServer] GitHub.Services.WebApi.VssServiceResponseException: The resource cannot be found.
   at GitHub.Services.WebApi.VssHttpClientBase.HandleResponseAsync(HttpResponseMessage response, CancellationToken cancellationToken)
   at GitHub.Services.WebApi.VssHttpClientBase.SendAsync(HttpRequestMessage message, HttpCompletionOption completionOption, Object userState, CancellationToken cancellationToken)
   at GitHub.Services.WebApi.VssHttpClientBase.SendAsync[T](HttpRequestMessage message, Object userState, CancellationToken cancellationToken)
   at GitHub.Services.Location.Client.LocationHttpClient.GetConnectionDataAsync(ConnectOptions connectOptions, Int64 lastChangeId, CancellationToken cancellationToken, Object userState)
   at GitHub.Services.WebApi.Location.VssServerDataProvider.GetConnectionDataAsync(ConnectOptions connectOptions, Int32 lastChangeId, CancellationToken cancellationToken)
   at GitHub.Services.WebApi.Location.VssServerDataProvider.ConnectAsync(ConnectOptions connectOptions, CancellationToken cancellationToken)
   at GitHub.Runner.Common.RunnerService.EstablishVssConnection(Uri serverUrl, VssCredentials credentials, TimeSpan timeout)
[2025-09-16 08:30:13Z ERR  GitHubActionsService] GET request to https://pipelinesghubeus6.actions.githubusercontent.com/hKyNd5hzQTjPqVOxuFp9CyJ2tMUr8ytJJ9FfsFju3bqhBGI0lq/_apis/connectionData?connectOptions=1&lastChangeId=258625537&lastChangeId64=258625537 failed. HTTP Status: NotFound
[2025-09-16 08:30:13Z INFO GitHubActionsService] Finished operation Location.GetConnectionData
[2025-09-16 08:30:13Z INFO RunnerServer] Catch exception during connect. 1 attempt left.
[2025-09-16 08:30:13Z ERR  RunnerServer] GitHub.Services.WebApi.VssServiceResponseException: The resource cannot be found.
   at GitHub.Services.WebApi.VssHttpClientBase.HandleResponseAsync(HttpResponseMessage response, CancellationToken cancellationToken)
   at GitHub.Services.WebApi.VssHttpClientBase.SendAsync(HttpRequestMessage message, HttpCompletionOption completionOption, Object userState, CancellationToken cancellationToken)
   at GitHub.Services.WebApi.VssHttpClientBase.SendAsync[T](HttpRequestMessage message, Object userState, CancellationToken cancellationToken)
   at GitHub.Services.Location.Client.LocationHttpClient.GetConnectionDataAsync(ConnectOptions connectOptions, Int64 lastChangeId, CancellationToken cancellationToken, Object userState)
   at GitHub.Services.WebApi.Location.VssServerDataProvider.GetConnectionDataAsync(ConnectOptions connectOptions, Int32 lastChangeId, CancellationToken cancellationToken)
   at GitHub.Services.WebApi.Location.VssServerDataProvider.ConnectAsync(ConnectOptions connectOptions, CancellationToken cancellationToken)
   at GitHub.Runner.Common.RunnerService.EstablishVssConnection(Uri serverUrl, VssCredentials credentials, TimeSpan timeout)
[2025-09-16 08:30:13Z INFO GitHubActionsService] Starting operation Location.GetConnectionData
[2025-09-16 08:30:13Z INFO GitHubActionsService] Starting operation Location.GetConnectionData
[2025-09-16 08:30:13Z INFO GitHubActionsService] Starting operation Location.GetConnectionData
[2025-09-16 08:30:14Z ERR  GitHubActionsService] GET request to https://pipelinesghubeus6.actions.githubusercontent.com/hKyNd5hzQTjPqVOxuFp9CyJ2tMUr8ytJJ9FfsFju3bqhBGI0lq/_apis/connectionData?connectOptions=1&lastChangeId=258625537&lastChangeId64=258625537 failed. HTTP Status: NotFound
[2025-09-16 08:30:14Z INFO GitHubActionsService] Finished operation Location.GetConnectionData
[2025-09-16 08:30:14Z ERR  GitHubActionsService] GET request to https://pipelinesghubeus6.actions.githubusercontent.com/hKyNd5hzQTjPqVOxuFp9CyJ2tMUr8ytJJ9FfsFju3bqhBGI0lq/_apis/connectionData?connectOptions=1&lastChangeId=258625537&lastChangeId64=258625537 failed. HTTP Status: NotFound
[2025-09-16 08:30:14Z INFO GitHubActionsService] Finished operation Location.GetConnectionData
[2025-09-16 08:30:14Z ERR  GitHubActionsService] GET request to https://pipelinesghubeus6.actions.githubusercontent.com/hKyNd5hzQTjPqVOxuFp9CyJ2tMUr8ytJJ9FfsFju3bqhBGI0lq/_apis/connectionData?connectOptions=1&lastChangeId=258625537&lastChangeId64=258625537 failed. HTTP Status: NotFound
[2025-09-16 08:30:14Z INFO GitHubActionsService] Finished operation Location.GetConnectionData
[2025-09-16 08:30:14Z ERR  BrokerMessageListener] Catch exception during create session.
[2025-09-16 08:30:14Z ERR  BrokerMessageListener] GitHub.Services.WebApi.VssServiceResponseException: The resource cannot be found.
   at GitHub.Services.WebApi.VssHttpClientBase.HandleResponseAsync(HttpResponseMessage response, CancellationToken cancellationToken)
   at GitHub.Services.WebApi.VssHttpClientBase.SendAsync(HttpRequestMessage message, HttpCompletionOption completionOption, Object userState, CancellationToken cancellationToken)
   at GitHub.Services.WebApi.VssHttpClientBase.SendAsync[T](HttpRequestMessage message, Object userState, CancellationToken cancellationToken)
   at GitHub.Services.Location.Client.LocationHttpClient.GetConnectionDataAsync(ConnectOptions connectOptions, Int64 lastChangeId, CancellationToken cancellationToken, Object userState)
   at GitHub.Services.WebApi.Location.VssServerDataProvider.GetConnectionDataAsync(ConnectOptions connectOptions, Int32 lastChangeId, CancellationToken cancellationToken)
   at GitHub.Services.WebApi.Location.VssServerDataProvider.ConnectAsync(ConnectOptions connectOptions, CancellationToken cancellationToken)
   at GitHub.Runner.Common.RunnerService.EstablishVssConnection(Uri serverUrl, VssCredentials credentials, TimeSpan timeout)
   at GitHub.Runner.Common.RunnerServer.ConnectAsync(Uri serverUrl, VssCredentials credentials)
   at GitHub.Runner.Listener.BrokerMessageListener.CreateSessionAsync(CancellationToken token)
[2025-09-16 08:30:14Z INFO BrokerMessageListener] Retriable exception: The resource cannot be found.
[2025-09-16 08:30:14Z INFO BrokerMessageListener] Sleeping for 30 seconds before retrying.
[2025-09-16 08:30:44Z INFO BrokerMessageListener] Attempt to create session.
[2025-09-16 08:30:44Z INFO BrokerMessageListener] Connecting to the Broker Server...
[2025-09-16 08:30:44Z INFO ConfigurationStore] HasCredentials()
[2025-09-16 08:30:44Z INFO ConfigurationStore] stored True
[2025-09-16 08:30:44Z INFO CredentialManager] GetCredentialProvider
[2025-09-16 08:30:44Z INFO CredentialManager] Creating type OAuth
[2025-09-16 08:30:44Z INFO CredentialManager] Creating credential type: OAuth
[2025-09-16 08:30:44Z INFO RSAEncryptedFileKeyManager] Loading RSA key parameters from file G:\Brunella\actions-runner\.credentials_rsaparams
[2025-09-16 08:30:44Z INFO BrokerMessageListener] VssConnection created
[2025-09-16 08:30:44Z INFO BrokerMessageListener] Connecting to the Runner server...
[2025-09-16 08:30:44Z INFO RunnerServer] EstablishVssConnection
[2025-09-16 08:30:44Z INFO RunnerServer] Establish connection with 100 seconds timeout.
[2025-09-16 08:30:44Z INFO GitHubActionsService] Starting operation Location.GetConnectionData
[2025-09-16 08:30:44Z INFO RunnerServer] EstablishVssConnection
[2025-09-16 08:30:44Z INFO RunnerServer] Establish connection with 60 seconds timeout.
[2025-09-16 08:30:44Z INFO GitHubActionsService] Starting operation Location.GetConnectionData
[2025-09-16 08:30:44Z INFO RunnerServer] EstablishVssConnection
[2025-09-16 08:30:44Z INFO RunnerServer] Establish connection with 60 seconds timeout.
[2025-09-16 08:30:44Z INFO GitHubActionsService] Starting operation Location.GetConnectionData
[2025-09-16 08:30:44Z ERR  GitHubActionsService] GET request to https://pipelinesghubeus6.actions.githubusercontent.com/hKyNd5hzQTjPqVOxuFp9CyJ2tMUr8ytJJ9FfsFju3bqhBGI0lq/_apis/connectionData?connectOptions=1&lastChangeId=258625537&lastChangeId64=258625537 failed. HTTP Status: NotFound
[2025-09-16 08:30:44Z INFO GitHubActionsService] Finished operation Location.GetConnectionData
[2025-09-16 08:30:44Z INFO RunnerServer] Catch exception during connect. 4 attempt left.
[2025-09-16 08:30:44Z ERR  RunnerServer] GitHub.Services.WebApi.VssServiceResponseException: The resource cannot be found.
   at GitHub.Services.WebApi.VssHttpClientBase.HandleResponseAsync(HttpResponseMessage response, CancellationToken cancellationToken)
   at GitHub.Services.WebApi.VssHttpClientBase.SendAsync(HttpRequestMessage message, HttpCompletionOption completionOption, Object userState, CancellationToken cancellationToken)
   at GitHub.Services.WebApi.VssHttpClientBase.SendAsync[T](HttpRequestMessage message, Object userState, CancellationToken cancellationToken)
   at GitHub.Services.Location.Client.LocationHttpClient.GetConnectionDataAsync(ConnectOptions connectOptions, Int64 lastChangeId, CancellationToken cancellationToken, Object userState)
   at GitHub.Services.WebApi.Location.VssServerDataProvider.GetConnectionDataAsync(ConnectOptions connectOptions, Int32 lastChangeId, CancellationToken cancellationToken)
   at GitHub.Services.WebApi.Location.VssServerDataProvider.ConnectAsync(ConnectOptions connectOptions, CancellationToken cancellationToken)
   at GitHub.Runner.Common.RunnerService.EstablishVssConnection(Uri serverUrl, VssCredentials credentials, TimeSpan timeout)
[2025-09-16 08:30:44Z ERR  GitHubActionsService] GET request to https://pipelinesghubeus6.actions.githubusercontent.com/hKyNd5hzQTjPqVOxuFp9CyJ2tMUr8ytJJ9FfsFju3bqhBGI0lq/_apis/connectionData?connectOptions=1&lastChangeId=258625537&lastChangeId64=258625537 failed. HTTP Status: NotFound
[2025-09-16 08:30:44Z INFO GitHubActionsService] Finished operation Location.GetConnectionData
[2025-09-16 08:30:44Z INFO RunnerServer] Catch exception during connect. 4 attempt left.
[2025-09-16 08:30:44Z ERR  RunnerServer] GitHub.Services.WebApi.VssServiceResponseException: The resource cannot be found.
   at GitHub.Services.WebApi.VssHttpClientBase.HandleResponseAsync(HttpResponseMessage response, CancellationToken cancellationToken)
   at GitHub.Services.WebApi.VssHttpClientBase.SendAsync(HttpRequestMessage message, HttpCompletionOption completionOption, Object userState, CancellationToken cancellationToken)
   at GitHub.Services.WebApi.VssHttpClientBase.SendAsync[T](HttpRequestMessage message, Object userState, CancellationToken cancellationToken)
   at GitHub.Services.Location.Client.LocationHttpClient.GetConnectionDataAsync(ConnectOptions connectOptions, Int64 lastChangeId, CancellationToken cancellationToken, Object userState)
   at GitHub.Services.WebApi.Location.VssServerDataProvider.GetConnectionDataAsync(ConnectOptions connectOptions, Int32 lastChangeId, CancellationToken cancellationToken)
   at GitHub.Services.WebApi.Location.VssServerDataProvider.ConnectAsync(ConnectOptions connectOptions, CancellationToken cancellationToken)
   at GitHub.Runner.Common.RunnerService.EstablishVssConnection(Uri serverUrl, VssCredentials credentials, TimeSpan timeout)
[2025-09-16 08:30:44Z ERR  GitHubActionsService] GET request to https://pipelinesghubeus6.actions.githubusercontent.com/hKyNd5hzQTjPqVOxuFp9CyJ2tMUr8ytJJ9FfsFju3bqhBGI0lq/_apis/connectionData?connectOptions=1&lastChangeId=258625537&lastChangeId64=258625537 failed. HTTP Status: NotFound
[2025-09-16 08:30:44Z INFO GitHubActionsService] Finished operation Location.GetConnectionData
[2025-09-16 08:30:44Z INFO RunnerServer] Catch exception during connect. 4 attempt left.
[2025-09-16 08:30:44Z ERR  RunnerServer] GitHub.Services.WebApi.VssServiceResponseException: The resource cannot be found.
   at GitHub.Services.WebApi.VssHttpClientBase.HandleResponseAsync(HttpResponseMessage response, CancellationToken cancellationToken)
   at GitHub.Services.WebApi.VssHttpClientBase.SendAsync(HttpRequestMessage message, HttpCompletionOption completionOption, Object userState, CancellationToken cancellationToken)
   at GitHub.Services.WebApi.VssHttpClientBase.SendAsync[T](HttpRequestMessage message, Object userState, CancellationToken cancellationToken)
   at GitHub.Services.Location.Client.LocationHttpClient.GetConnectionDataAsync(ConnectOptions connectOptions, Int64 lastChangeId, CancellationToken cancellationToken, Object userState)
   at GitHub.Services.WebApi.Location.VssServerDataProvider.GetConnectionDataAsync(ConnectOptions connectOptions, Int32 lastChangeId, CancellationToken cancellationToken)
   at GitHub.Services.WebApi.Location.VssServerDataProvider.ConnectAsync(ConnectOptions connectOptions, CancellationToken cancellationToken)
   at GitHub.Runner.Common.RunnerService.EstablishVssConnection(Uri serverUrl, VssCredentials credentials, TimeSpan timeout)
[2025-09-16 08:30:44Z INFO GitHubActionsService] Starting operation Location.GetConnectionData
[2025-09-16 08:30:44Z INFO GitHubActionsService] Starting operation Location.GetConnectionData
[2025-09-16 08:30:44Z INFO GitHubActionsService] Starting operation Location.GetConnectionData
[2025-09-16 08:30:45Z ERR  GitHubActionsService] GET request to https://pipelinesghubeus6.actions.githubusercontent.com/hKyNd5hzQTjPqVOxuFp9CyJ2tMUr8ytJJ9FfsFju3bqhBGI0lq/_apis/connectionData?connectOptions=1&lastChangeId=258625537&lastChangeId64=258625537 failed. HTTP Status: NotFound
[2025-09-16 08:30:45Z INFO GitHubActionsService] Finished operation Location.GetConnectionData
[2025-09-16 08:30:45Z INFO RunnerServer] Catch exception during connect. 3 attempt left.
[2025-09-16 08:30:45Z ERR  RunnerServer] GitHub.Services.WebApi.VssServiceResponseException: The resource cannot be found.
   at GitHub.Services.WebApi.VssHttpClientBase.HandleResponseAsync(HttpResponseMessage response, CancellationToken cancellationToken)
   at GitHub.Services.WebApi.VssHttpClientBase.SendAsync(HttpRequestMessage message, HttpCompletionOption completionOption, Object userState, CancellationToken cancellationToken)
   at GitHub.Services.WebApi.VssHttpClientBase.SendAsync[T](HttpRequestMessage message, Object userState, CancellationToken cancellationToken)
   at GitHub.Services.Location.Client.LocationHttpClient.GetConnectionDataAsync(ConnectOptions connectOptions, Int64 lastChangeId, CancellationToken cancellationToken, Object userState)
   at GitHub.Services.WebApi.Location.VssServerDataProvider.GetConnectionDataAsync(ConnectOptions connectOptions, Int32 lastChangeId, CancellationToken cancellationToken)
   at GitHub.Services.WebApi.Location.VssServerDataProvider.ConnectAsync(ConnectOptions connectOptions, CancellationToken cancellationToken)
   at GitHub.Runner.Common.RunnerService.EstablishVssConnection(Uri serverUrl, VssCredentials credentials, TimeSpan timeout)
[2025-09-16 08:30:45Z INFO GitHubActionsService] Starting operation Location.GetConnectionData
[2025-09-16 08:30:45Z ERR  GitHubActionsService] GET request to https://pipelinesghubeus6.actions.githubusercontent.com/hKyNd5hzQTjPqVOxuFp9CyJ2tMUr8ytJJ9FfsFju3bqhBGI0lq/_apis/connectionData?connectOptions=1&lastChangeId=258625537&lastChangeId64=258625537 failed. HTTP Status: NotFound
[2025-09-16 08:30:45Z INFO GitHubActionsService] Finished operation Location.GetConnectionData
[2025-09-16 08:30:45Z INFO RunnerServer] Catch exception during connect. 3 attempt left.
[2025-09-16 08:30:45Z ERR  RunnerServer] GitHub.Services.WebApi.VssServiceResponseException: The resource cannot be found.
   at GitHub.Services.WebApi.VssHttpClientBase.HandleResponseAsync(HttpResponseMessage response, CancellationToken cancellationToken)
   at GitHub.Services.WebApi.VssHttpClientBase.SendAsync(HttpRequestMessage message, HttpCompletionOption completionOption, Object userState, CancellationToken cancellationToken)
   at GitHub.Services.WebApi.VssHttpClientBase.SendAsync[T](HttpRequestMessage message, Object userState, CancellationToken cancellationToken)
   at GitHub.Services.Location.Client.LocationHttpClient.GetConnectionDataAsync(ConnectOptions connectOptions, Int64 lastChangeId, CancellationToken cancellationToken, Object userState)
   at GitHub.Services.WebApi.Location.VssServerDataProvider.GetConnectionDataAsync(ConnectOptions connectOptions, Int32 lastChangeId, CancellationToken cancellationToken)
   at GitHub.Services.WebApi.Location.VssServerDataProvider.ConnectAsync(ConnectOptions connectOptions, CancellationToken cancellationToken)
   at GitHub.Runner.Common.RunnerService.EstablishVssConnection(Uri serverUrl, VssCredentials credentials, TimeSpan timeout)
[2025-09-16 08:30:45Z ERR  GitHubActionsService] GET request to https://pipelinesghubeus6.actions.githubusercontent.com/hKyNd5hzQTjPqVOxuFp9CyJ2tMUr8ytJJ9FfsFju3bqhBGI0lq/_apis/connectionData?connectOptions=1&lastChangeId=258625537&lastChangeId64=258625537 failed. HTTP Status: NotFound
[2025-09-16 08:30:45Z INFO GitHubActionsService] Finished operation Location.GetConnectionData
[2025-09-16 08:30:45Z INFO RunnerServer] Catch exception during connect. 3 attempt left.
[2025-09-16 08:30:45Z ERR  RunnerServer] GitHub.Services.WebApi.VssServiceResponseException: The resource cannot be found.
   at GitHub.Services.WebApi.VssHttpClientBase.HandleResponseAsync(HttpResponseMessage response, CancellationToken cancellationToken)
   at GitHub.Services.WebApi.VssHttpClientBase.SendAsync(HttpRequestMessage message, HttpCompletionOption completionOption, Object userState, CancellationToken cancellationToken)
   at GitHub.Services.WebApi.VssHttpClientBase.SendAsync[T](HttpRequestMessage message, Object userState, CancellationToken cancellationToken)
   at GitHub.Services.Location.Client.LocationHttpClient.GetConnectionDataAsync(ConnectOptions connectOptions, Int64 lastChangeId, CancellationToken cancellationToken, Object userState)
   at GitHub.Services.WebApi.Location.VssServerDataProvider.GetConnectionDataAsync(ConnectOptions connectOptions, Int32 lastChangeId, CancellationToken cancellationToken)
   at GitHub.Services.WebApi.Location.VssServerDataProvider.ConnectAsync(ConnectOptions connectOptions, CancellationToken cancellationToken)
   at GitHub.Runner.Common.RunnerService.EstablishVssConnection(Uri serverUrl, VssCredentials credentials, TimeSpan timeout)
[2025-09-16 08:30:45Z INFO GitHubActionsService] Starting operation Location.GetConnectionData
[2025-09-16 08:30:45Z INFO GitHubActionsService] Starting operation Location.GetConnectionData
[2025-09-16 08:30:46Z ERR  GitHubActionsService] GET request to https://pipelinesghubeus6.actions.githubusercontent.com/hKyNd5hzQTjPqVOxuFp9CyJ2tMUr8ytJJ9FfsFju3bqhBGI0lq/_apis/connectionData?connectOptions=1&lastChangeId=258625537&lastChangeId64=258625537 failed. HTTP Status: NotFound
[2025-09-16 08:30:46Z INFO GitHubActionsService] Finished operation Location.GetConnectionData
[2025-09-16 08:30:46Z INFO RunnerServer] Catch exception during connect. 2 attempt left.
[2025-09-16 08:30:46Z ERR  RunnerServer] GitHub.Services.WebApi.VssServiceResponseException: The resource cannot be found.
   at GitHub.Services.WebApi.VssHttpClientBase.HandleResponseAsync(HttpResponseMessage response, CancellationToken cancellationToken)
   at GitHub.Services.WebApi.VssHttpClientBase.SendAsync(HttpRequestMessage message, HttpCompletionOption completionOption, Object userState, CancellationToken cancellationToken)
   at GitHub.Services.WebApi.VssHttpClientBase.SendAsync[T](HttpRequestMessage message, Object userState, CancellationToken cancellationToken)
   at GitHub.Services.Location.Client.LocationHttpClient.GetConnectionDataAsync(ConnectOptions connectOptions, Int64 lastChangeId, CancellationToken cancellationToken, Object userState)
   at GitHub.Services.WebApi.Location.VssServerDataProvider.GetConnectionDataAsync(ConnectOptions connectOptions, Int32 lastChangeId, CancellationToken cancellationToken)
   at GitHub.Services.WebApi.Location.VssServerDataProvider.ConnectAsync(ConnectOptions connectOptions, CancellationToken cancellationToken)
   at GitHub.Runner.Common.RunnerService.EstablishVssConnection(Uri serverUrl, VssCredentials credentials, TimeSpan timeout)
[2025-09-16 08:30:46Z ERR  GitHubActionsService] GET request to https://pipelinesghubeus6.actions.githubusercontent.com/hKyNd5hzQTjPqVOxuFp9CyJ2tMUr8ytJJ9FfsFju3bqhBGI0lq/_apis/connectionData?connectOptions=1&lastChangeId=258625537&lastChangeId64=258625537 failed. HTTP Status: NotFound
[2025-09-16 08:30:46Z INFO GitHubActionsService] Finished operation Location.GetConnectionData
[2025-09-16 08:30:46Z INFO RunnerServer] Catch exception during connect. 2 attempt left.
[2025-09-16 08:30:46Z ERR  RunnerServer] GitHub.Services.WebApi.VssServiceResponseException: The resource cannot be found.
   at GitHub.Services.WebApi.VssHttpClientBase.HandleResponseAsync(HttpResponseMessage response, CancellationToken cancellationToken)
   at GitHub.Services.WebApi.VssHttpClientBase.SendAsync(HttpRequestMessage message, HttpCompletionOption completionOption, Object userState, CancellationToken cancellationToken)
   at GitHub.Services.WebApi.VssHttpClientBase.SendAsync[T](HttpRequestMessage message, Object userState, CancellationToken cancellationToken)
   at GitHub.Services.Location.Client.LocationHttpClient.GetConnectionDataAsync(ConnectOptions connectOptions, Int64 lastChangeId, CancellationToken cancellationToken, Object userState)
   at GitHub.Services.WebApi.Location.VssServerDataProvider.GetConnectionDataAsync(ConnectOptions connectOptions, Int32 lastChangeId, CancellationToken cancellationToken)
   at GitHub.Services.WebApi.Location.VssServerDataProvider.ConnectAsync(ConnectOptions connectOptions, CancellationToken cancellationToken)
   at GitHub.Runner.Common.RunnerService.EstablishVssConnection(Uri serverUrl, VssCredentials credentials, TimeSpan timeout)
[2025-09-16 08:30:46Z INFO GitHubActionsService] Starting operation Location.GetConnectionData
[2025-09-16 08:30:46Z INFO GitHubActionsService] Starting operation Location.GetConnectionData
[2025-09-16 08:30:46Z ERR  GitHubActionsService] GET request to https://pipelinesghubeus6.actions.githubusercontent.com/hKyNd5hzQTjPqVOxuFp9CyJ2tMUr8ytJJ9FfsFju3bqhBGI0lq/_apis/connectionData?connectOptions=1&lastChangeId=258625537&lastChangeId64=258625537 failed. HTTP Status: NotFound
[2025-09-16 08:30:46Z INFO GitHubActionsService] Finished operation Location.GetConnectionData
[2025-09-16 08:30:46Z INFO RunnerServer] Catch exception during connect. 2 attempt left.
[2025-09-16 08:30:46Z ERR  RunnerServer] GitHub.Services.WebApi.VssServiceResponseException: The resource cannot be found.
   at GitHub.Services.WebApi.VssHttpClientBase.HandleResponseAsync(HttpResponseMessage response, CancellationToken cancellationToken)
   at GitHub.Services.WebApi.VssHttpClientBase.SendAsync(HttpRequestMessage message, HttpCompletionOption completionOption, Object userState, CancellationToken cancellationToken)
   at GitHub.Services.WebApi.VssHttpClientBase.SendAsync[T](HttpRequestMessage message, Object userState, CancellationToken cancellationToken)
   at GitHub.Services.Location.Client.LocationHttpClient.GetConnectionDataAsync(ConnectOptions connectOptions, Int64 lastChangeId, CancellationToken cancellationToken, Object userState)
   at GitHub.Services.WebApi.Location.VssServerDataProvider.GetConnectionDataAsync(ConnectOptions connectOptions, Int32 lastChangeId, CancellationToken cancellationToken)
   at GitHub.Services.WebApi.Location.VssServerDataProvider.ConnectAsync(ConnectOptions connectOptions, CancellationToken cancellationToken)
   at GitHub.Runner.Common.RunnerService.EstablishVssConnection(Uri serverUrl, VssCredentials credentials, TimeSpan timeout)
[2025-09-16 08:30:46Z INFO GitHubActionsService] Starting operation Location.GetConnectionData
[2025-09-16 08:30:47Z ERR  GitHubActionsService] GET request to https://pipelinesghubeus6.actions.githubusercontent.com/hKyNd5hzQTjPqVOxuFp9CyJ2tMUr8ytJJ9FfsFju3bqhBGI0lq/_apis/connectionData?connectOptions=1&lastChangeId=258625537&lastChangeId64=258625537 failed. HTTP Status: NotFound
[2025-09-16 08:30:47Z INFO GitHubActionsService] Finished operation Location.GetConnectionData
[2025-09-16 08:30:47Z INFO RunnerServer] Catch exception during connect. 1 attempt left.
[2025-09-16 08:30:47Z ERR  RunnerServer] GitHub.Services.WebApi.VssServiceResponseException: The resource cannot be found.
   at GitHub.Services.WebApi.VssHttpClientBase.HandleResponseAsync(HttpResponseMessage response, CancellationToken cancellationToken)
   at GitHub.Services.WebApi.VssHttpClientBase.SendAsync(HttpRequestMessage message, HttpCompletionOption completionOption, Object userState, CancellationToken cancellationToken)
   at GitHub.Services.WebApi.VssHttpClientBase.SendAsync[T](HttpRequestMessage message, Object userState, CancellationToken cancellationToken)
   at GitHub.Services.Location.Client.LocationHttpClient.GetConnectionDataAsync(ConnectOptions connectOptions, Int64 lastChangeId, CancellationToken cancellationToken, Object userState)
   at GitHub.Services.WebApi.Location.VssServerDataProvider.GetConnectionDataAsync(ConnectOptions connectOptions, Int32 lastChangeId, CancellationToken cancellationToken)
   at GitHub.Services.WebApi.Location.VssServerDataProvider.ConnectAsync(ConnectOptions connectOptions, CancellationToken cancellationToken)
   at GitHub.Runner.Common.RunnerService.EstablishVssConnection(Uri serverUrl, VssCredentials credentials, TimeSpan timeout)
[2025-09-16 08:30:47Z ERR  GitHubActionsService] GET request to https://pipelinesghubeus6.actions.githubusercontent.com/hKyNd5hzQTjPqVOxuFp9CyJ2tMUr8ytJJ9FfsFju3bqhBGI0lq/_apis/connectionData?connectOptions=1&lastChangeId=258625537&lastChangeId64=258625537 failed. HTTP Status: NotFound
[2025-09-16 08:30:47Z INFO GitHubActionsService] Finished operation Location.GetConnectionData
[2025-09-16 08:30:47Z INFO RunnerServer] Catch exception during connect. 1 attempt left.
[2025-09-16 08:30:47Z ERR  RunnerServer] GitHub.Services.WebApi.VssServiceResponseException: The resource cannot be found.
   at GitHub.Services.WebApi.VssHttpClientBase.HandleResponseAsync(HttpResponseMessage response, CancellationToken cancellationToken)
   at GitHub.Services.WebApi.VssHttpClientBase.SendAsync(HttpRequestMessage message, HttpCompletionOption completionOption, Object userState, CancellationToken cancellationToken)
   at GitHub.Services.WebApi.VssHttpClientBase.SendAsync[T](HttpRequestMessage message, Object userState, CancellationToken cancellationToken)
   at GitHub.Services.Location.Client.LocationHttpClient.GetConnectionDataAsync(ConnectOptions connectOptions, Int64 lastChangeId, CancellationToken cancellationToken, Object userState)
   at GitHub.Services.WebApi.Location.VssServerDataProvider.GetConnectionDataAsync(ConnectOptions connectOptions, Int32 lastChangeId, CancellationToken cancellationToken)
   at GitHub.Services.WebApi.Location.VssServerDataProvider.ConnectAsync(ConnectOptions connectOptions, CancellationToken cancellationToken)
   at GitHub.Runner.Common.RunnerService.EstablishVssConnection(Uri serverUrl, VssCredentials credentials, TimeSpan timeout)
[2025-09-16 08:30:47Z INFO GitHubActionsService] Starting operation Location.GetConnectionData
[2025-09-16 08:30:47Z INFO GitHubActionsService] Starting operation Location.GetConnectionData
[2025-09-16 08:30:47Z ERR  GitHubActionsService] GET request to https://pipelinesghubeus6.actions.githubusercontent.com/hKyNd5hzQTjPqVOxuFp9CyJ2tMUr8ytJJ9FfsFju3bqhBGI0lq/_apis/connectionData?connectOptions=1&lastChangeId=258625537&lastChangeId64=258625537 failed. HTTP Status: NotFound
[2025-09-16 08:30:47Z INFO GitHubActionsService] Finished operation Location.GetConnectionData
[2025-09-16 08:30:47Z INFO RunnerServer] Catch exception during connect. 1 attempt left.
[2025-09-16 08:30:47Z ERR  RunnerServer] GitHub.Services.WebApi.VssServiceResponseException: The resource cannot be found.
   at GitHub.Services.WebApi.VssHttpClientBase.HandleResponseAsync(HttpResponseMessage response, CancellationToken cancellationToken)
   at GitHub.Services.WebApi.VssHttpClientBase.SendAsync(HttpRequestMessage message, HttpCompletionOption completionOption, Object userState, CancellationToken cancellationToken)
   at GitHub.Services.WebApi.VssHttpClientBase.SendAsync[T](HttpRequestMessage message, Object userState, CancellationToken cancellationToken)
   at GitHub.Services.Location.Client.LocationHttpClient.GetConnectionDataAsync(ConnectOptions connectOptions, Int64 lastChangeId, CancellationToken cancellationToken, Object userState)
   at GitHub.Services.WebApi.Location.VssServerDataProvider.GetConnectionDataAsync(ConnectOptions connectOptions, Int32 lastChangeId, CancellationToken cancellationToken)
   at GitHub.Services.WebApi.Location.VssServerDataProvider.ConnectAsync(ConnectOptions connectOptions, CancellationToken cancellationToken)
   at GitHub.Runner.Common.RunnerService.EstablishVssConnection(Uri serverUrl, VssCredentials credentials, TimeSpan timeout)
[2025-09-16 08:30:47Z INFO GitHubActionsService] Starting operation Location.GetConnectionData
[2025-09-16 08:30:47Z ERR  GitHubActionsService] GET request to https://pipelinesghubeus6.actions.githubusercontent.com/hKyNd5hzQTjPqVOxuFp9CyJ2tMUr8ytJJ9FfsFju3bqhBGI0lq/_apis/connectionData?connectOptions=1&lastChangeId=258625537&lastChangeId64=258625537 failed. HTTP Status: NotFound
[2025-09-16 08:30:47Z INFO GitHubActionsService] Finished operation Location.GetConnectionData
[2025-09-16 08:30:47Z ERR  GitHubActionsService] GET request to https://pipelinesghubeus6.actions.githubusercontent.com/hKyNd5hzQTjPqVOxuFp9CyJ2tMUr8ytJJ9FfsFju3bqhBGI0lq/_apis/connectionData?connectOptions=1&lastChangeId=258625537&lastChangeId64=258625537 failed. HTTP Status: NotFound
[2025-09-16 08:30:47Z INFO GitHubActionsService] Finished operation Location.GetConnectionData
[2025-09-16 08:30:47Z ERR  GitHubActionsService] GET request to https://pipelinesghubeus6.actions.githubusercontent.com/hKyNd5hzQTjPqVOxuFp9CyJ2tMUr8ytJJ9FfsFju3bqhBGI0lq/_apis/connectionData?connectOptions=1&lastChangeId=258625537&lastChangeId64=258625537 failed. HTTP Status: NotFound
[2025-09-16 08:30:47Z INFO GitHubActionsService] Finished operation Location.GetConnectionData
[2025-09-16 08:30:47Z ERR  BrokerMessageListener] Catch exception during create session.
[2025-09-16 08:30:47Z ERR  BrokerMessageListener] GitHub.Services.WebApi.VssServiceResponseException: The resource cannot be found.
   at GitHub.Services.WebApi.VssHttpClientBase.HandleResponseAsync(HttpResponseMessage response, CancellationToken cancellationToken)
   at GitHub.Services.WebApi.VssHttpClientBase.SendAsync(HttpRequestMessage message, HttpCompletionOption completionOption, Object userState, CancellationToken cancellationToken)
   at GitHub.Services.WebApi.VssHttpClientBase.SendAsync[T](HttpRequestMessage message, Object userState, CancellationToken cancellationToken)
   at GitHub.Services.Location.Client.LocationHttpClient.GetConnectionDataAsync(ConnectOptions connectOptions, Int64 lastChangeId, CancellationToken cancellationToken, Object userState)
   at GitHub.Services.WebApi.Location.VssServerDataProvider.GetConnectionDataAsync(ConnectOptions connectOptions, Int32 lastChangeId, CancellationToken cancellationToken)
   at GitHub.Services.WebApi.Location.VssServerDataProvider.ConnectAsync(ConnectOptions connectOptions, CancellationToken cancellationToken)
   at GitHub.Runner.Common.RunnerService.EstablishVssConnection(Uri serverUrl, VssCredentials credentials, TimeSpan timeout)
   at GitHub.Runner.Common.RunnerServer.ConnectAsync(Uri serverUrl, VssCredentials credentials)
   at GitHub.Runner.Listener.BrokerMessageListener.CreateSessionAsync(CancellationToken token)
[2025-09-16 08:30:47Z INFO BrokerMessageListener] Retriable exception: The resource cannot be found.
[2025-09-16 08:30:47Z INFO BrokerMessageListener] Sleeping for 30 seconds before retrying.
[2025-09-16 08:31:17Z INFO BrokerMessageListener] Attempt to create session.
[2025-09-16 08:31:17Z INFO BrokerMessageListener] Connecting to the Broker Server...
[2025-09-16 08:31:17Z INFO ConfigurationStore] HasCredentials()
[2025-09-16 08:31:17Z INFO ConfigurationStore] stored True
[2025-09-16 08:31:17Z INFO CredentialManager] GetCredentialProvider
[2025-09-16 08:31:17Z INFO CredentialManager] Creating type OAuth
[2025-09-16 08:31:17Z INFO CredentialManager] Creating credential type: OAuth
[2025-09-16 08:31:17Z INFO RSAEncryptedFileKeyManager] Loading RSA key parameters from file G:\Brunella\actions-runner\.credentials_rsaparams
[2025-09-16 08:31:17Z INFO BrokerMessageListener] VssConnection created
[2025-09-16 08:31:17Z INFO BrokerMessageListener] Connecting to the Runner server...
[2025-09-16 08:31:17Z INFO RunnerServer] EstablishVssConnection
[2025-09-16 08:31:17Z INFO RunnerServer] Establish connection with 100 seconds timeout.
[2025-09-16 08:31:17Z INFO GitHubActionsService] Starting operation Location.GetConnectionData
[2025-09-16 08:31:17Z INFO RunnerServer] EstablishVssConnection
[2025-09-16 08:31:17Z INFO RunnerServer] Establish connection with 60 seconds timeout.
[2025-09-16 08:31:17Z INFO GitHubActionsService] Starting operation Location.GetConnectionData
[2025-09-16 08:31:17Z INFO RunnerServer] EstablishVssConnection
[2025-09-16 08:31:17Z INFO RunnerServer] Establish connection with 60 seconds timeout.
[2025-09-16 08:31:17Z INFO GitHubActionsService] Starting operation Location.GetConnectionData
[2025-09-16 08:31:18Z ERR  GitHubActionsService] GET request to https://pipelinesghubeus6.actions.githubusercontent.com/hKyNd5hzQTjPqVOxuFp9CyJ2tMUr8ytJJ9FfsFju3bqhBGI0lq/_apis/connectionData?connectOptions=1&lastChangeId=258625537&lastChangeId64=258625537 failed. HTTP Status: NotFound
[2025-09-16 08:31:18Z INFO GitHubActionsService] Finished operation Location.GetConnectionData
[2025-09-16 08:31:18Z INFO RunnerServer] Catch exception during connect. 4 attempt left.
[2025-09-16 08:31:18Z ERR  RunnerServer] GitHub.Services.WebApi.VssServiceResponseException: The resource cannot be found.
   at GitHub.Services.WebApi.VssHttpClientBase.HandleResponseAsync(HttpResponseMessage response, CancellationToken cancellationToken)
   at GitHub.Services.WebApi.VssHttpClientBase.SendAsync(HttpRequestMessage message, HttpCompletionOption completionOption, Object userState, CancellationToken cancellationToken)
   at GitHub.Services.WebApi.VssHttpClientBase.SendAsync[T](HttpRequestMessage message, Object userState, CancellationToken cancellationToken)
   at GitHub.Services.Location.Client.LocationHttpClient.GetConnectionDataAsync(ConnectOptions connectOptions, Int64 lastChangeId, CancellationToken cancellationToken, Object userState)
   at GitHub.Services.WebApi.Location.VssServerDataProvider.GetConnectionDataAsync(ConnectOptions connectOptions, Int32 lastChangeId, CancellationToken cancellationToken)
   at GitHub.Services.WebApi.Location.VssServerDataProvider.ConnectAsync(ConnectOptions connectOptions, CancellationToken cancellationToken)
   at GitHub.Runner.Common.RunnerService.EstablishVssConnection(Uri serverUrl, VssCredentials credentials, TimeSpan timeout)
[2025-09-16 08:31:18Z ERR  GitHubActionsService] GET request to https://pipelinesghubeus6.actions.githubusercontent.com/hKyNd5hzQTjPqVOxuFp9CyJ2tMUr8ytJJ9FfsFju3bqhBGI0lq/_apis/connectionData?connectOptions=1&lastChangeId=258625537&lastChangeId64=258625537 failed. HTTP Status: NotFound
[2025-09-16 08:31:18Z INFO GitHubActionsService] Finished operation Location.GetConnectionData
[2025-09-16 08:31:18Z INFO RunnerServer] Catch exception during connect. 4 attempt left.
[2025-09-16 08:31:18Z ERR  RunnerServer] GitHub.Services.WebApi.VssServiceResponseException: The resource cannot be found.
   at GitHub.Services.WebApi.VssHttpClientBase.HandleResponseAsync(HttpResponseMessage response, CancellationToken cancellationToken)
   at GitHub.Services.WebApi.VssHttpClientBase.SendAsync(HttpRequestMessage message, HttpCompletionOption completionOption, Object userState, CancellationToken cancellationToken)
   at GitHub.Services.WebApi.VssHttpClientBase.SendAsync[T](HttpRequestMessage message, Object userState, CancellationToken cancellationToken)
   at GitHub.Services.Location.Client.LocationHttpClient.GetConnectionDataAsync(ConnectOptions connectOptions, Int64 lastChangeId, CancellationToken cancellationToken, Object userState)
   at GitHub.Services.WebApi.Location.VssServerDataProvider.GetConnectionDataAsync(ConnectOptions connectOptions, Int32 lastChangeId, CancellationToken cancellationToken)
   at GitHub.Services.WebApi.Location.VssServerDataProvider.ConnectAsync(ConnectOptions connectOptions, CancellationToken cancellationToken)
   at GitHub.Runner.Common.RunnerService.EstablishVssConnection(Uri serverUrl, VssCredentials credentials, TimeSpan timeout)
[2025-09-16 08:31:18Z ERR  GitHubActionsService] GET request to https://pipelinesghubeus6.actions.githubusercontent.com/hKyNd5hzQTjPqVOxuFp9CyJ2tMUr8ytJJ9FfsFju3bqhBGI0lq/_apis/connectionData?connectOptions=1&lastChangeId=258625537&lastChangeId64=258625537 failed. HTTP Status: NotFound
[2025-09-16 08:31:18Z INFO GitHubActionsService] Finished operation Location.GetConnectionData
[2025-09-16 08:31:18Z INFO RunnerServer] Catch exception during connect. 4 attempt left.
[2025-09-16 08:31:18Z ERR  RunnerServer] GitHub.Services.WebApi.VssServiceResponseException: The resource cannot be found.
   at GitHub.Services.WebApi.VssHttpClientBase.HandleResponseAsync(HttpResponseMessage response, CancellationToken cancellationToken)
   at GitHub.Services.WebApi.VssHttpClientBase.SendAsync(HttpRequestMessage message, HttpCompletionOption completionOption, Object userState, CancellationToken cancellationToken)
   at GitHub.Services.WebApi.VssHttpClientBase.SendAsync[T](HttpRequestMessage message, Object userState, CancellationToken cancellationToken)
   at GitHub.Services.Location.Client.LocationHttpClient.GetConnectionDataAsync(ConnectOptions connectOptions, Int64 lastChangeId, CancellationToken cancellationToken, Object userState)
   at GitHub.Services.WebApi.Location.VssServerDataProvider.GetConnectionDataAsync(ConnectOptions connectOptions, Int32 lastChangeId, CancellationToken cancellationToken)
   at GitHub.Services.WebApi.Location.VssServerDataProvider.ConnectAsync(ConnectOptions connectOptions, CancellationToken cancellationToken)
   at GitHub.Runner.Common.RunnerService.EstablishVssConnection(Uri serverUrl, VssCredentials credentials, TimeSpan timeout)
[2025-09-16 08:31:18Z INFO GitHubActionsService] Starting operation Location.GetConnectionData
[2025-09-16 08:31:18Z INFO GitHubActionsService] Starting operation Location.GetConnectionData
[2025-09-16 08:31:18Z INFO GitHubActionsService] Starting operation Location.GetConnectionData
[2025-09-16 08:31:19Z ERR  GitHubActionsService] GET request to https://pipelinesghubeus6.actions.githubusercontent.com/hKyNd5hzQTjPqVOxuFp9CyJ2tMUr8ytJJ9FfsFju3bqhBGI0lq/_apis/connectionData?connectOptions=1&lastChangeId=258625537&lastChangeId64=258625537 failed. HTTP Status: NotFound
[2025-09-16 08:31:19Z INFO GitHubActionsService] Finished operation Location.GetConnectionData
[2025-09-16 08:31:19Z INFO RunnerServer] Catch exception during connect. 3 attempt left.
[2025-09-16 08:31:19Z ERR  RunnerServer] GitHub.Services.WebApi.VssServiceResponseException: The resource cannot be found.
   at GitHub.Services.WebApi.VssHttpClientBase.HandleResponseAsync(HttpResponseMessage response, CancellationToken cancellationToken)
   at GitHub.Services.WebApi.VssHttpClientBase.SendAsync(HttpRequestMessage message, HttpCompletionOption completionOption, Object userState, CancellationToken cancellationToken)
   at GitHub.Services.WebApi.VssHttpClientBase.SendAsync[T](HttpRequestMessage message, Object userState, CancellationToken cancellationToken)
   at GitHub.Services.Location.Client.LocationHttpClient.GetConnectionDataAsync(ConnectOptions connectOptions, Int64 lastChangeId, CancellationToken cancellationToken, Object userState)
   at GitHub.Services.WebApi.Location.VssServerDataProvider.GetConnectionDataAsync(ConnectOptions connectOptions, Int32 lastChangeId, CancellationToken cancellationToken)
   at GitHub.Services.WebApi.Location.VssServerDataProvider.ConnectAsync(ConnectOptions connectOptions, CancellationToken cancellationToken)
   at GitHub.Runner.Common.RunnerService.EstablishVssConnection(Uri serverUrl, VssCredentials credentials, TimeSpan timeout)
[2025-09-16 08:31:19Z ERR  GitHubActionsService] GET request to https://pipelinesghubeus6.actions.githubusercontent.com/hKyNd5hzQTjPqVOxuFp9CyJ2tMUr8ytJJ9FfsFju3bqhBGI0lq/_apis/connectionData?connectOptions=1&lastChangeId=258625537&lastChangeId64=258625537 failed. HTTP Status: NotFound
[2025-09-16 08:31:19Z INFO GitHubActionsService] Finished operation Location.GetConnectionData
[2025-09-16 08:31:19Z INFO RunnerServer] Catch exception during connect. 3 attempt left.
[2025-09-16 08:31:19Z ERR  RunnerServer] GitHub.Services.WebApi.VssServiceResponseException: The resource cannot be found.
   at GitHub.Services.WebApi.VssHttpClientBase.HandleResponseAsync(HttpResponseMessage response, CancellationToken cancellationToken)
   at GitHub.Services.WebApi.VssHttpClientBase.SendAsync(HttpRequestMessage message, HttpCompletionOption completionOption, Object userState, CancellationToken cancellationToken)
   at GitHub.Services.WebApi.VssHttpClientBase.SendAsync[T](HttpRequestMessage message, Object userState, CancellationToken cancellationToken)
   at GitHub.Services.Location.Client.LocationHttpClient.GetConnectionDataAsync(ConnectOptions connectOptions, Int64 lastChangeId, CancellationToken cancellationToken, Object userState)
   at GitHub.Services.WebApi.Location.VssServerDataProvider.GetConnectionDataAsync(ConnectOptions connectOptions, Int32 lastChangeId, CancellationToken cancellationToken)
   at GitHub.Services.WebApi.Location.VssServerDataProvider.ConnectAsync(ConnectOptions connectOptions, CancellationToken cancellationToken)
   at GitHub.Runner.Common.RunnerService.EstablishVssConnection(Uri serverUrl, VssCredentials credentials, TimeSpan timeout)
[2025-09-16 08:31:19Z ERR  GitHubActionsService] GET request to https://pipelinesghubeus6.actions.githubusercontent.com/hKyNd5hzQTjPqVOxuFp9CyJ2tMUr8ytJJ9FfsFju3bqhBGI0lq/_apis/connectionData?connectOptions=1&lastChangeId=258625537&lastChangeId64=258625537 failed. HTTP Status: NotFound
[2025-09-16 08:31:19Z INFO GitHubActionsService] Finished operation Location.GetConnectionData
[2025-09-16 08:31:19Z INFO RunnerServer] Catch exception during connect. 3 attempt left.
[2025-09-16 08:31:19Z ERR  RunnerServer] GitHub.Services.WebApi.VssServiceResponseException: The resource cannot be found.
   at GitHub.Services.WebApi.VssHttpClientBase.HandleResponseAsync(HttpResponseMessage response, CancellationToken cancellationToken)
   at GitHub.Services.WebApi.VssHttpClientBase.SendAsync(HttpRequestMessage message, HttpCompletionOption completionOption, Object userState, CancellationToken cancellationToken)
   at GitHub.Services.WebApi.VssHttpClientBase.SendAsync[T](HttpRequestMessage message, Object userState, CancellationToken cancellationToken)
   at GitHub.Services.Location.Client.LocationHttpClient.GetConnectionDataAsync(ConnectOptions connectOptions, Int64 lastChangeId, CancellationToken cancellationToken, Object userState)
   at GitHub.Services.WebApi.Location.VssServerDataProvider.GetConnectionDataAsync(ConnectOptions connectOptions, Int32 lastChangeId, CancellationToken cancellationToken)
   at GitHub.Services.WebApi.Location.VssServerDataProvider.ConnectAsync(ConnectOptions connectOptions, CancellationToken cancellationToken)
   at GitHub.Runner.Common.RunnerService.EstablishVssConnection(Uri serverUrl, VssCredentials credentials, TimeSpan timeout)
[2025-09-16 08:31:19Z INFO GitHubActionsService] Starting operation Location.GetConnectionData
[2025-09-16 08:31:19Z INFO GitHubActionsService] Starting operation Location.GetConnectionData
[2025-09-16 08:31:19Z INFO GitHubActionsService] Starting operation Location.GetConnectionData
[2025-09-16 08:31:20Z ERR  GitHubActionsService] GET request to https://pipelinesghubeus6.actions.githubusercontent.com/hKyNd5hzQTjPqVOxuFp9CyJ2tMUr8ytJJ9FfsFju3bqhBGI0lq/_apis/connectionData?connectOptions=1&lastChangeId=258625537&lastChangeId64=258625537 failed. HTTP Status: NotFound
[2025-09-16 08:31:20Z INFO GitHubActionsService] Finished operation Location.GetConnectionData
[2025-09-16 08:31:20Z INFO RunnerServer] Catch exception during connect. 2 attempt left.
[2025-09-16 08:31:20Z ERR  RunnerServer] GitHub.Services.WebApi.VssServiceResponseException: The resource cannot be found.
   at GitHub.Services.WebApi.VssHttpClientBase.HandleResponseAsync(HttpResponseMessage response, CancellationToken cancellationToken)
   at GitHub.Services.WebApi.VssHttpClientBase.SendAsync(HttpRequestMessage message, HttpCompletionOption completionOption, Object userState, CancellationToken cancellationToken)
   at GitHub.Services.WebApi.VssHttpClientBase.SendAsync[T](HttpRequestMessage message, Object userState, CancellationToken cancellationToken)
   at GitHub.Services.Location.Client.LocationHttpClient.GetConnectionDataAsync(ConnectOptions connectOptions, Int64 lastChangeId, CancellationToken cancellationToken, Object userState)
   at GitHub.Services.WebApi.Location.VssServerDataProvider.GetConnectionDataAsync(ConnectOptions connectOptions, Int32 lastChangeId, CancellationToken cancellationToken)
   at GitHub.Services.WebApi.Location.VssServerDataProvider.ConnectAsync(ConnectOptions connectOptions, CancellationToken cancellationToken)
   at GitHub.Runner.Common.RunnerService.EstablishVssConnection(Uri serverUrl, VssCredentials credentials, TimeSpan timeout)
[2025-09-16 08:31:20Z ERR  GitHubActionsService] GET request to https://pipelinesghubeus6.actions.githubusercontent.com/hKyNd5hzQTjPqVOxuFp9CyJ2tMUr8ytJJ9FfsFju3bqhBGI0lq/_apis/connectionData?connectOptions=1&lastChangeId=258625537&lastChangeId64=258625537 failed. HTTP Status: NotFound
[2025-09-16 08:31:20Z INFO GitHubActionsService] Finished operation Location.GetConnectionData
[2025-09-16 08:31:20Z INFO RunnerServer] Catch exception during connect. 2 attempt left.
[2025-09-16 08:31:20Z ERR  RunnerServer] GitHub.Services.WebApi.VssServiceResponseException: The resource cannot be found.
   at GitHub.Services.WebApi.VssHttpClientBase.HandleResponseAsync(HttpResponseMessage response, CancellationToken cancellationToken)
   at GitHub.Services.WebApi.VssHttpClientBase.SendAsync(HttpRequestMessage message, HttpCompletionOption completionOption, Object userState, CancellationToken cancellationToken)
   at GitHub.Services.WebApi.VssHttpClientBase.SendAsync[T](HttpRequestMessage message, Object userState, CancellationToken cancellationToken)
   at GitHub.Services.Location.Client.LocationHttpClient.GetConnectionDataAsync(ConnectOptions connectOptions, Int64 lastChangeId, CancellationToken cancellationToken, Object userState)
   at GitHub.Services.WebApi.Location.VssServerDataProvider.GetConnectionDataAsync(ConnectOptions connectOptions, Int32 lastChangeId, CancellationToken cancellationToken)
   at GitHub.Services.WebApi.Location.VssServerDataProvider.ConnectAsync(ConnectOptions connectOptions, CancellationToken cancellationToken)
   at GitHub.Runner.Common.RunnerService.EstablishVssConnection(Uri serverUrl, VssCredentials credentials, TimeSpan timeout)
[2025-09-16 08:31:20Z ERR  GitHubActionsService] GET request to https://pipelinesghubeus6.actions.githubusercontent.com/hKyNd5hzQTjPqVOxuFp9CyJ2tMUr8ytJJ9FfsFju3bqhBGI0lq/_apis/connectionData?connectOptions=1&lastChangeId=258625537&lastChangeId64=258625537 failed. HTTP Status: NotFound
[2025-09-16 08:31:20Z INFO GitHubActionsService] Finished operation Location.GetConnectionData
[2025-09-16 08:31:20Z INFO RunnerServer] Catch exception during connect. 2 attempt left.
[2025-09-16 08:31:20Z ERR  RunnerServer] GitHub.Services.WebApi.VssServiceResponseException: The resource cannot be found.
   at GitHub.Services.WebApi.VssHttpClientBase.HandleResponseAsync(HttpResponseMessage response, CancellationToken cancellationToken)
   at GitHub.Services.WebApi.VssHttpClientBase.SendAsync(HttpRequestMessage message, HttpCompletionOption completionOption, Object userState, CancellationToken cancellationToken)
   at GitHub.Services.WebApi.VssHttpClientBase.SendAsync[T](HttpRequestMessage message, Object userState, CancellationToken cancellationToken)
   at GitHub.Services.Location.Client.LocationHttpClient.GetConnectionDataAsync(ConnectOptions connectOptions, Int64 lastChangeId, CancellationToken cancellationToken, Object userState)
   at GitHub.Services.WebApi.Location.VssServerDataProvider.GetConnectionDataAsync(ConnectOptions connectOptions, Int32 lastChangeId, CancellationToken cancellationToken)
   at GitHub.Services.WebApi.Location.VssServerDataProvider.ConnectAsync(ConnectOptions connectOptions, CancellationToken cancellationToken)
   at GitHub.Runner.Common.RunnerService.EstablishVssConnection(Uri serverUrl, VssCredentials credentials, TimeSpan timeout)
[2025-09-16 08:31:20Z INFO GitHubActionsService] Starting operation Location.GetConnectionData
[2025-09-16 08:31:20Z INFO GitHubActionsService] Starting operation Location.GetConnectionData
[2025-09-16 08:31:20Z INFO GitHubActionsService] Starting operation Location.GetConnectionData
[2025-09-16 08:31:20Z ERR  GitHubActionsService] GET request to https://pipelinesghubeus6.actions.githubusercontent.com/hKyNd5hzQTjPqVOxuFp9CyJ2tMUr8ytJJ9FfsFju3bqhBGI0lq/_apis/connectionData?connectOptions=1&lastChangeId=258625537&lastChangeId64=258625537 failed. HTTP Status: NotFound
[2025-09-16 08:31:20Z INFO GitHubActionsService] Finished operation Location.GetConnectionData
[2025-09-16 08:31:20Z INFO RunnerServer] Catch exception during connect. 1 attempt left.
[2025-09-16 08:31:20Z ERR  RunnerServer] GitHub.Services.WebApi.VssServiceResponseException: The resource cannot be found.
   at GitHub.Services.WebApi.VssHttpClientBase.HandleResponseAsync(HttpResponseMessage response, CancellationToken cancellationToken)
   at GitHub.Services.WebApi.VssHttpClientBase.SendAsync(HttpRequestMessage message, HttpCompletionOption completionOption, Object userState, CancellationToken cancellationToken)
   at GitHub.Services.WebApi.VssHttpClientBase.SendAsync[T](HttpRequestMessage message, Object userState, CancellationToken cancellationToken)
   at GitHub.Services.Location.Client.LocationHttpClient.GetConnectionDataAsync(ConnectOptions connectOptions, Int64 lastChangeId, CancellationToken cancellationToken, Object userState)
   at GitHub.Services.WebApi.Location.VssServerDataProvider.GetConnectionDataAsync(ConnectOptions connectOptions, Int32 lastChangeId, CancellationToken cancellationToken)
   at GitHub.Services.WebApi.Location.VssServerDataProvider.ConnectAsync(ConnectOptions connectOptions, CancellationToken cancellationToken)
   at GitHub.Runner.Common.RunnerService.EstablishVssConnection(Uri serverUrl, VssCredentials credentials, TimeSpan timeout)
[2025-09-16 08:31:21Z ERR  GitHubActionsService] GET request to https://pipelinesghubeus6.actions.githubusercontent.com/hKyNd5hzQTjPqVOxuFp9CyJ2tMUr8ytJJ9FfsFju3bqhBGI0lq/_apis/connectionData?connectOptions=1&lastChangeId=258625537&lastChangeId64=258625537 failed. HTTP Status: NotFound
[2025-09-16 08:31:21Z INFO GitHubActionsService] Finished operation Location.GetConnectionData
[2025-09-16 08:31:21Z INFO RunnerServer] Catch exception during connect. 1 attempt left.
[2025-09-16 08:31:21Z ERR  RunnerServer] GitHub.Services.WebApi.VssServiceResponseException: The resource cannot be found.
   at GitHub.Services.WebApi.VssHttpClientBase.HandleResponseAsync(HttpResponseMessage response, CancellationToken cancellationToken)
   at GitHub.Services.WebApi.VssHttpClientBase.SendAsync(HttpRequestMessage message, HttpCompletionOption completionOption, Object userState, CancellationToken cancellationToken)
   at GitHub.Services.WebApi.VssHttpClientBase.SendAsync[T](HttpRequestMessage message, Object userState, CancellationToken cancellationToken)
   at GitHub.Services.Location.Client.LocationHttpClient.GetConnectionDataAsync(ConnectOptions connectOptions, Int64 lastChangeId, CancellationToken cancellationToken, Object userState)
   at GitHub.Services.WebApi.Location.VssServerDataProvider.GetConnectionDataAsync(ConnectOptions connectOptions, Int32 lastChangeId, CancellationToken cancellationToken)
   at GitHub.Services.WebApi.Location.VssServerDataProvider.ConnectAsync(ConnectOptions connectOptions, CancellationToken cancellationToken)
   at GitHub.Runner.Common.RunnerService.EstablishVssConnection(Uri serverUrl, VssCredentials credentials, TimeSpan timeout)
[2025-09-16 08:31:21Z ERR  GitHubActionsService] GET request to https://pipelinesghubeus6.actions.githubusercontent.com/hKyNd5hzQTjPqVOxuFp9CyJ2tMUr8ytJJ9FfsFju3bqhBGI0lq/_apis/connectionData?connectOptions=1&lastChangeId=258625537&lastChangeId64=258625537 failed. HTTP Status: NotFound
[2025-09-16 08:31:21Z INFO GitHubActionsService] Finished operation Location.GetConnectionData
[2025-09-16 08:31:21Z INFO RunnerServer] Catch exception during connect. 1 attempt left.
[2025-09-16 08:31:21Z ERR  RunnerServer] GitHub.Services.WebApi.VssServiceResponseException: The resource cannot be found.
   at GitHub.Services.WebApi.VssHttpClientBase.HandleResponseAsync(HttpResponseMessage response, CancellationToken cancellationToken)
   at GitHub.Services.WebApi.VssHttpClientBase.SendAsync(HttpRequestMessage message, HttpCompletionOption completionOption, Object userState, CancellationToken cancellationToken)
   at GitHub.Services.WebApi.VssHttpClientBase.SendAsync[T](HttpRequestMessage message, Object userState, CancellationToken cancellationToken)
   at GitHub.Services.Location.Client.LocationHttpClient.GetConnectionDataAsync(ConnectOptions connectOptions, Int64 lastChangeId, CancellationToken cancellationToken, Object userState)
   at GitHub.Services.WebApi.Location.VssServerDataProvider.GetConnectionDataAsync(ConnectOptions connectOptions, Int32 lastChangeId, CancellationToken cancellationToken)
   at GitHub.Services.WebApi.Location.VssServerDataProvider.ConnectAsync(ConnectOptions connectOptions, CancellationToken cancellationToken)
   at GitHub.Runner.Common.RunnerService.EstablishVssConnection(Uri serverUrl, VssCredentials credentials, TimeSpan timeout)
[2025-09-16 08:31:21Z INFO GitHubActionsService] Starting operation Location.GetConnectionData
[2025-09-16 08:31:21Z INFO GitHubActionsService] Starting operation Location.GetConnectionData
[2025-09-16 08:31:21Z INFO GitHubActionsService] Starting operation Location.GetConnectionData
[2025-09-16 08:31:21Z ERR  GitHubActionsService] GET request to https://pipelinesghubeus6.actions.githubusercontent.com/hKyNd5hzQTjPqVOxuFp9CyJ2tMUr8ytJJ9FfsFju3bqhBGI0lq/_apis/connectionData?connectOptions=1&lastChangeId=258625537&lastChangeId64=258625537 failed. HTTP Status: NotFound
[2025-09-16 08:31:21Z INFO GitHubActionsService] Finished operation Location.GetConnectionData
[2025-09-16 08:31:21Z ERR  GitHubActionsService] GET request to https://pipelinesghubeus6.actions.githubusercontent.com/hKyNd5hzQTjPqVOxuFp9CyJ2tMUr8ytJJ9FfsFju3bqhBGI0lq/_apis/connectionData?connectOptions=1&lastChangeId=258625537&lastChangeId64=258625537 failed. HTTP Status: NotFound
[2025-09-16 08:31:21Z INFO GitHubActionsService] Finished operation Location.GetConnectionData
[2025-09-16 08:31:21Z ERR  GitHubActionsService] GET request to https://pipelinesghubeus6.actions.githubusercontent.com/hKyNd5hzQTjPqVOxuFp9CyJ2tMUr8ytJJ9FfsFju3bqhBGI0lq/_apis/connectionData?connectOptions=1&lastChangeId=258625537&lastChangeId64=258625537 failed. HTTP Status: NotFound
[2025-09-16 08:31:21Z INFO GitHubActionsService] Finished operation Location.GetConnectionData
[2025-09-16 08:31:21Z ERR  BrokerMessageListener] Catch exception during create session.
[2025-09-16 08:31:21Z ERR  BrokerMessageListener] GitHub.Services.WebApi.VssServiceResponseException: The resource cannot be found.
   at GitHub.Services.WebApi.VssHttpClientBase.HandleResponseAsync(HttpResponseMessage response, CancellationToken cancellationToken)
   at GitHub.Services.WebApi.VssHttpClientBase.SendAsync(HttpRequestMessage message, HttpCompletionOption completionOption, Object userState, CancellationToken cancellationToken)
   at GitHub.Services.WebApi.VssHttpClientBase.SendAsync[T](HttpRequestMessage message, Object userState, CancellationToken cancellationToken)
   at GitHub.Services.Location.Client.LocationHttpClient.GetConnectionDataAsync(ConnectOptions connectOptions, Int64 lastChangeId, CancellationToken cancellationToken, Object userState)
   at GitHub.Services.WebApi.Location.VssServerDataProvider.GetConnectionDataAsync(ConnectOptions connectOptions, Int32 lastChangeId, CancellationToken cancellationToken)
   at GitHub.Services.WebApi.Location.VssServerDataProvider.ConnectAsync(ConnectOptions connectOptions, CancellationToken cancellationToken)
   at GitHub.Runner.Common.RunnerService.EstablishVssConnection(Uri serverUrl, VssCredentials credentials, TimeSpan timeout)
   at GitHub.Runner.Common.RunnerServer.ConnectAsync(Uri serverUrl, VssCredentials credentials)
   at GitHub.Runner.Listener.BrokerMessageListener.CreateSessionAsync(CancellationToken token)
[2025-09-16 08:31:21Z INFO BrokerMessageListener] Retriable exception: The resource cannot be found.
[2025-09-16 08:31:21Z INFO BrokerMessageListener] Sleeping for 30 seconds before retrying.
[2025-09-16 08:31:51Z INFO BrokerMessageListener] Attempt to create session.
[2025-09-16 08:31:51Z INFO BrokerMessageListener] Connecting to the Broker Server...
[2025-09-16 08:31:51Z INFO ConfigurationStore] HasCredentials()
[2025-09-16 08:31:51Z INFO ConfigurationStore] stored True
[2025-09-16 08:31:51Z INFO CredentialManager] GetCredentialProvider
[2025-09-16 08:31:51Z INFO CredentialManager] Creating type OAuth
[2025-09-16 08:31:51Z INFO CredentialManager] Creating credential type: OAuth
[2025-09-16 08:31:51Z INFO RSAEncryptedFileKeyManager] Loading RSA key parameters from file G:\Brunella\actions-runner\.credentials_rsaparams
[2025-09-16 08:31:51Z INFO BrokerMessageListener] VssConnection created
[2025-09-16 08:31:51Z INFO BrokerMessageListener] Connecting to the Runner server...
[2025-09-16 08:31:51Z INFO RunnerServer] EstablishVssConnection
[2025-09-16 08:31:51Z INFO RunnerServer] Establish connection with 100 seconds timeout.
[2025-09-16 08:31:51Z INFO GitHubActionsService] Starting operation Location.GetConnectionData
[2025-09-16 08:31:51Z INFO RunnerServer] EstablishVssConnection
[2025-09-16 08:31:51Z INFO RunnerServer] Establish connection with 60 seconds timeout.
[2025-09-16 08:31:51Z INFO GitHubActionsService] Starting operation Location.GetConnectionData
[2025-09-16 08:31:51Z INFO RunnerServer] EstablishVssConnection
[2025-09-16 08:31:51Z INFO RunnerServer] Establish connection with 60 seconds timeout.
[2025-09-16 08:31:51Z INFO GitHubActionsService] Starting operation Location.GetConnectionData
[2025-09-16 08:31:52Z ERR  GitHubActionsService] GET request to https://pipelinesghubeus6.actions.githubusercontent.com/hKyNd5hzQTjPqVOxuFp9CyJ2tMUr8ytJJ9FfsFju3bqhBGI0lq/_apis/connectionData?connectOptions=1&lastChangeId=258625537&lastChangeId64=258625537 failed. HTTP Status: NotFound
[2025-09-16 08:31:52Z INFO GitHubActionsService] Finished operation Location.GetConnectionData
[2025-09-16 08:31:52Z INFO RunnerServer] Catch exception during connect. 4 attempt left.
[2025-09-16 08:31:52Z ERR  RunnerServer] GitHub.Services.WebApi.VssServiceResponseException: The resource cannot be found.
   at GitHub.Services.WebApi.VssHttpClientBase.HandleResponseAsync(HttpResponseMessage response, CancellationToken cancellationToken)
   at GitHub.Services.WebApi.VssHttpClientBase.SendAsync(HttpRequestMessage message, HttpCompletionOption completionOption, Object userState, CancellationToken cancellationToken)
   at GitHub.Services.WebApi.VssHttpClientBase.SendAsync[T](HttpRequestMessage message, Object userState, CancellationToken cancellationToken)
   at GitHub.Services.Location.Client.LocationHttpClient.GetConnectionDataAsync(ConnectOptions connectOptions, Int64 lastChangeId, CancellationToken cancellationToken, Object userState)
   at GitHub.Services.WebApi.Location.VssServerDataProvider.GetConnectionDataAsync(ConnectOptions connectOptions, Int32 lastChangeId, CancellationToken cancellationToken)
   at GitHub.Services.WebApi.Location.VssServerDataProvider.ConnectAsync(ConnectOptions connectOptions, CancellationToken cancellationToken)
   at GitHub.Runner.Common.RunnerService.EstablishVssConnection(Uri serverUrl, VssCredentials credentials, TimeSpan timeout)
[2025-09-16 08:31:52Z INFO GitHubActionsService] Starting operation Location.GetConnectionData
[2025-09-16 08:31:52Z ERR  GitHubActionsService] GET request to https://pipelinesghubeus6.actions.githubusercontent.com/hKyNd5hzQTjPqVOxuFp9CyJ2tMUr8ytJJ9FfsFju3bqhBGI0lq/_apis/connectionData?connectOptions=1&lastChangeId=258625537&lastChangeId64=258625537 failed. HTTP Status: NotFound
[2025-09-16 08:31:52Z INFO GitHubActionsService] Finished operation Location.GetConnectionData
[2025-09-16 08:31:52Z INFO RunnerServer] Catch exception during connect. 4 attempt left.
[2025-09-16 08:31:52Z ERR  RunnerServer] GitHub.Services.WebApi.VssServiceResponseException: The resource cannot be found.
   at GitHub.Services.WebApi.VssHttpClientBase.HandleResponseAsync(HttpResponseMessage response, CancellationToken cancellationToken)
   at GitHub.Services.WebApi.VssHttpClientBase.SendAsync(HttpRequestMessage message, HttpCompletionOption completionOption, Object userState, CancellationToken cancellationToken)
   at GitHub.Services.WebApi.VssHttpClientBase.SendAsync[T](HttpRequestMessage message, Object userState, CancellationToken cancellationToken)
   at GitHub.Services.Location.Client.LocationHttpClient.GetConnectionDataAsync(ConnectOptions connectOptions, Int64 lastChangeId, CancellationToken cancellationToken, Object userState)
   at GitHub.Services.WebApi.Location.VssServerDataProvider.GetConnectionDataAsync(ConnectOptions connectOptions, Int32 lastChangeId, CancellationToken cancellationToken)
   at GitHub.Services.WebApi.Location.VssServerDataProvider.ConnectAsync(ConnectOptions connectOptions, CancellationToken cancellationToken)
   at GitHub.Runner.Common.RunnerService.EstablishVssConnection(Uri serverUrl, VssCredentials credentials, TimeSpan timeout)
[2025-09-16 08:31:52Z ERR  GitHubActionsService] GET request to https://pipelinesghubeus6.actions.githubusercontent.com/hKyNd5hzQTjPqVOxuFp9CyJ2tMUr8ytJJ9FfsFju3bqhBGI0lq/_apis/connectionData?connectOptions=1&lastChangeId=258625537&lastChangeId64=258625537 failed. HTTP Status: NotFound
[2025-09-16 08:31:52Z INFO GitHubActionsService] Finished operation Location.GetConnectionData
[2025-09-16 08:31:52Z INFO RunnerServer] Catch exception during connect. 4 attempt left.
[2025-09-16 08:31:52Z ERR  RunnerServer] GitHub.Services.WebApi.VssServiceResponseException: The resource cannot be found.
   at GitHub.Services.WebApi.VssHttpClientBase.HandleResponseAsync(HttpResponseMessage response, CancellationToken cancellationToken)
   at GitHub.Services.WebApi.VssHttpClientBase.SendAsync(HttpRequestMessage message, HttpCompletionOption completionOption, Object userState, CancellationToken cancellationToken)
   at GitHub.Services.WebApi.VssHttpClientBase.SendAsync[T](HttpRequestMessage message, Object userState, CancellationToken cancellationToken)
   at GitHub.Services.Location.Client.LocationHttpClient.GetConnectionDataAsync(ConnectOptions connectOptions, Int64 lastChangeId, CancellationToken cancellationToken, Object userState)
   at GitHub.Services.WebApi.Location.VssServerDataProvider.GetConnectionDataAsync(ConnectOptions connectOptions, Int32 lastChangeId, CancellationToken cancellationToken)
   at GitHub.Services.WebApi.Location.VssServerDataProvider.ConnectAsync(ConnectOptions connectOptions, CancellationToken cancellationToken)
   at GitHub.Runner.Common.RunnerService.EstablishVssConnection(Uri serverUrl, VssCredentials credentials, TimeSpan timeout)
[2025-09-16 08:31:52Z INFO GitHubActionsService] Starting operation Location.GetConnectionData
[2025-09-16 08:31:52Z INFO GitHubActionsService] Starting operation Location.GetConnectionData
[2025-09-16 08:31:53Z ERR  GitHubActionsService] GET request to https://pipelinesghubeus6.actions.githubusercontent.com/hKyNd5hzQTjPqVOxuFp9CyJ2tMUr8ytJJ9FfsFju3bqhBGI0lq/_apis/connectionData?connectOptions=1&lastChangeId=258625537&lastChangeId64=258625537 failed. HTTP Status: NotFound
[2025-09-16 08:31:53Z INFO GitHubActionsService] Finished operation Location.GetConnectionData
[2025-09-16 08:31:53Z INFO RunnerServer] Catch exception during connect. 3 attempt left.
[2025-09-16 08:31:53Z ERR  RunnerServer] GitHub.Services.WebApi.VssServiceResponseException: The resource cannot be found.
   at GitHub.Services.WebApi.VssHttpClientBase.HandleResponseAsync(HttpResponseMessage response, CancellationToken cancellationToken)
   at GitHub.Services.WebApi.VssHttpClientBase.SendAsync(HttpRequestMessage message, HttpCompletionOption completionOption, Object userState, CancellationToken cancellationToken)
   at GitHub.Services.WebApi.VssHttpClientBase.SendAsync[T](HttpRequestMessage message, Object userState, CancellationToken cancellationToken)
   at GitHub.Services.Location.Client.LocationHttpClient.GetConnectionDataAsync(ConnectOptions connectOptions, Int64 lastChangeId, CancellationToken cancellationToken, Object userState)
   at GitHub.Services.WebApi.Location.VssServerDataProvider.GetConnectionDataAsync(ConnectOptions connectOptions, Int32 lastChangeId, CancellationToken cancellationToken)
   at GitHub.Services.WebApi.Location.VssServerDataProvider.ConnectAsync(ConnectOptions connectOptions, CancellationToken cancellationToken)
   at GitHub.Runner.Common.RunnerService.EstablishVssConnection(Uri serverUrl, VssCredentials credentials, TimeSpan timeout)
[2025-09-16 08:31:53Z INFO GitHubActionsService] Starting operation Location.GetConnectionData
[2025-09-16 08:31:53Z ERR  GitHubActionsService] GET request to https://pipelinesghubeus6.actions.githubusercontent.com/hKyNd5hzQTjPqVOxuFp9CyJ2tMUr8ytJJ9FfsFju3bqhBGI0lq/_apis/connectionData?connectOptions=1&lastChangeId=258625537&lastChangeId64=258625537 failed. HTTP Status: NotFound
[2025-09-16 08:31:53Z INFO GitHubActionsService] Finished operation Location.GetConnectionData
[2025-09-16 08:31:53Z INFO RunnerServer] Catch exception during connect. 3 attempt left.
[2025-09-16 08:31:53Z ERR  RunnerServer] GitHub.Services.WebApi.VssServiceResponseException: The resource cannot be found.
   at GitHub.Services.WebApi.VssHttpClientBase.HandleResponseAsync(HttpResponseMessage response, CancellationToken cancellationToken)
   at GitHub.Services.WebApi.VssHttpClientBase.SendAsync(HttpRequestMessage message, HttpCompletionOption completionOption, Object userState, CancellationToken cancellationToken)
   at GitHub.Services.WebApi.VssHttpClientBase.SendAsync[T](HttpRequestMessage message, Object userState, CancellationToken cancellationToken)
   at GitHub.Services.Location.Client.LocationHttpClient.GetConnectionDataAsync(ConnectOptions connectOptions, Int64 lastChangeId, CancellationToken cancellationToken, Object userState)
   at GitHub.Services.WebApi.Location.VssServerDataProvider.GetConnectionDataAsync(ConnectOptions connectOptions, Int32 lastChangeId, CancellationToken cancellationToken)
   at GitHub.Services.WebApi.Location.VssServerDataProvider.ConnectAsync(ConnectOptions connectOptions, CancellationToken cancellationToken)
   at GitHub.Runner.Common.RunnerService.EstablishVssConnection(Uri serverUrl, VssCredentials credentials, TimeSpan timeout)
[2025-09-16 08:31:53Z ERR  GitHubActionsService] GET request to https://pipelinesghubeus6.actions.githubusercontent.com/hKyNd5hzQTjPqVOxuFp9CyJ2tMUr8ytJJ9FfsFju3bqhBGI0lq/_apis/connectionData?connectOptions=1&lastChangeId=258625537&lastChangeId64=258625537 failed. HTTP Status: NotFound
[2025-09-16 08:31:53Z INFO GitHubActionsService] Finished operation Location.GetConnectionData
[2025-09-16 08:31:53Z INFO RunnerServer] Catch exception during connect. 3 attempt left.
[2025-09-16 08:31:53Z ERR  RunnerServer] GitHub.Services.WebApi.VssServiceResponseException: The resource cannot be found.
   at GitHub.Services.WebApi.VssHttpClientBase.HandleResponseAsync(HttpResponseMessage response, CancellationToken cancellationToken)
   at GitHub.Services.WebApi.VssHttpClientBase.SendAsync(HttpRequestMessage message, HttpCompletionOption completionOption, Object userState, CancellationToken cancellationToken)
   at GitHub.Services.WebApi.VssHttpClientBase.SendAsync[T](HttpRequestMessage message, Object userState, CancellationToken cancellationToken)
   at GitHub.Services.Location.Client.LocationHttpClient.GetConnectionDataAsync(ConnectOptions connectOptions, Int64 lastChangeId, CancellationToken cancellationToken, Object userState)
   at GitHub.Services.WebApi.Location.VssServerDataProvider.GetConnectionDataAsync(ConnectOptions connectOptions, Int32 lastChangeId, CancellationToken cancellationToken)
   at GitHub.Services.WebApi.Location.VssServerDataProvider.ConnectAsync(ConnectOptions connectOptions, CancellationToken cancellationToken)
   at GitHub.Runner.Common.RunnerService.EstablishVssConnection(Uri serverUrl, VssCredentials credentials, TimeSpan timeout)
[2025-09-16 08:31:53Z INFO GitHubActionsService] Starting operation Location.GetConnectionData
[2025-09-16 08:31:53Z INFO GitHubActionsService] Starting operation Location.GetConnectionData
[2025-09-16 08:31:53Z ERR  GitHubActionsService] GET request to https://pipelinesghubeus6.actions.githubusercontent.com/hKyNd5hzQTjPqVOxuFp9CyJ2tMUr8ytJJ9FfsFju3bqhBGI0lq/_apis/connectionData?connectOptions=1&lastChangeId=258625537&lastChangeId64=258625537 failed. HTTP Status: NotFound
[2025-09-16 08:31:53Z INFO GitHubActionsService] Finished operation Location.GetConnectionData
[2025-09-16 08:31:53Z INFO RunnerServer] Catch exception during connect. 2 attempt left.
[2025-09-16 08:31:53Z ERR  RunnerServer] GitHub.Services.WebApi.VssServiceResponseException: The resource cannot be found.
   at GitHub.Services.WebApi.VssHttpClientBase.HandleResponseAsync(HttpResponseMessage response, CancellationToken cancellationToken)
   at GitHub.Services.WebApi.VssHttpClientBase.SendAsync(HttpRequestMessage message, HttpCompletionOption completionOption, Object userState, CancellationToken cancellationToken)
   at GitHub.Services.WebApi.VssHttpClientBase.SendAsync[T](HttpRequestMessage message, Object userState, CancellationToken cancellationToken)
   at GitHub.Services.Location.Client.LocationHttpClient.GetConnectionDataAsync(ConnectOptions connectOptions, Int64 lastChangeId, CancellationToken cancellationToken, Object userState)
   at GitHub.Services.WebApi.Location.VssServerDataProvider.GetConnectionDataAsync(ConnectOptions connectOptions, Int32 lastChangeId, CancellationToken cancellationToken)
   at GitHub.Services.WebApi.Location.VssServerDataProvider.ConnectAsync(ConnectOptions connectOptions, CancellationToken cancellationToken)
   at GitHub.Runner.Common.RunnerService.EstablishVssConnection(Uri serverUrl, VssCredentials credentials, TimeSpan timeout)
[2025-09-16 08:31:53Z INFO GitHubActionsService] Starting operation Location.GetConnectionData
[2025-09-16 08:31:53Z ERR  GitHubActionsService] GET request to https://pipelinesghubeus6.actions.githubusercontent.com/hKyNd5hzQTjPqVOxuFp9CyJ2tMUr8ytJJ9FfsFju3bqhBGI0lq/_apis/connectionData?connectOptions=1&lastChangeId=258625537&lastChangeId64=258625537 failed. HTTP Status: NotFound
[2025-09-16 08:31:53Z INFO GitHubActionsService] Finished operation Location.GetConnectionData
[2025-09-16 08:31:53Z INFO RunnerServer] Catch exception during connect. 2 attempt left.
[2025-09-16 08:31:53Z ERR  RunnerServer] GitHub.Services.WebApi.VssServiceResponseException: The resource cannot be found.
   at GitHub.Services.WebApi.VssHttpClientBase.HandleResponseAsync(HttpResponseMessage response, CancellationToken cancellationToken)
   at GitHub.Services.WebApi.VssHttpClientBase.SendAsync(HttpRequestMessage message, HttpCompletionOption completionOption, Object userState, CancellationToken cancellationToken)
   at GitHub.Services.WebApi.VssHttpClientBase.SendAsync[T](HttpRequestMessage message, Object userState, CancellationToken cancellationToken)
   at GitHub.Services.Location.Client.LocationHttpClient.GetConnectionDataAsync(ConnectOptions connectOptions, Int64 lastChangeId, CancellationToken cancellationToken, Object userState)
   at GitHub.Services.WebApi.Location.VssServerDataProvider.GetConnectionDataAsync(ConnectOptions connectOptions, Int32 lastChangeId, CancellationToken cancellationToken)
   at GitHub.Services.WebApi.Location.VssServerDataProvider.ConnectAsync(ConnectOptions connectOptions, CancellationToken cancellationToken)
   at GitHub.Runner.Common.RunnerService.EstablishVssConnection(Uri serverUrl, VssCredentials credentials, TimeSpan timeout)
[2025-09-16 08:31:54Z ERR  GitHubActionsService] GET request to https://pipelinesghubeus6.actions.githubusercontent.com/hKyNd5hzQTjPqVOxuFp9CyJ2tMUr8ytJJ9FfsFju3bqhBGI0lq/_apis/connectionData?connectOptions=1&lastChangeId=258625537&lastChangeId64=258625537 failed. HTTP Status: NotFound
[2025-09-16 08:31:54Z INFO GitHubActionsService] Finished operation Location.GetConnectionData
[2025-09-16 08:31:54Z INFO RunnerServer] Catch exception during connect. 2 attempt left.
[2025-09-16 08:31:54Z ERR  RunnerServer] GitHub.Services.WebApi.VssServiceResponseException: The resource cannot be found.
   at GitHub.Services.WebApi.VssHttpClientBase.HandleResponseAsync(HttpResponseMessage response, CancellationToken cancellationToken)
   at GitHub.Services.WebApi.VssHttpClientBase.SendAsync(HttpRequestMessage message, HttpCompletionOption completionOption, Object userState, CancellationToken cancellationToken)
   at GitHub.Services.WebApi.VssHttpClientBase.SendAsync[T](HttpRequestMessage message, Object userState, CancellationToken cancellationToken)
   at GitHub.Services.Location.Client.LocationHttpClient.GetConnectionDataAsync(ConnectOptions connectOptions, Int64 lastChangeId, CancellationToken cancellationToken, Object userState)
   at GitHub.Services.WebApi.Location.VssServerDataProvider.GetConnectionDataAsync(ConnectOptions connectOptions, Int32 lastChangeId, CancellationToken cancellationToken)
   at GitHub.Services.WebApi.Location.VssServerDataProvider.ConnectAsync(ConnectOptions connectOptions, CancellationToken cancellationToken)
   at GitHub.Runner.Common.RunnerService.EstablishVssConnection(Uri serverUrl, VssCredentials credentials, TimeSpan timeout)
[2025-09-16 08:31:54Z INFO GitHubActionsService] Starting operation Location.GetConnectionData
[2025-09-16 08:31:54Z INFO GitHubActionsService] Starting operation Location.GetConnectionData
[2025-09-16 08:31:54Z ERR  GitHubActionsService] GET request to https://pipelinesghubeus6.actions.githubusercontent.com/hKyNd5hzQTjPqVOxuFp9CyJ2tMUr8ytJJ9FfsFju3bqhBGI0lq/_apis/connectionData?connectOptions=1&lastChangeId=258625537&lastChangeId64=258625537 failed. HTTP Status: NotFound
[2025-09-16 08:31:54Z INFO GitHubActionsService] Finished operation Location.GetConnectionData
[2025-09-16 08:31:54Z INFO RunnerServer] Catch exception during connect. 1 attempt left.
[2025-09-16 08:31:54Z ERR  RunnerServer] GitHub.Services.WebApi.VssServiceResponseException: The resource cannot be found.
   at GitHub.Services.WebApi.VssHttpClientBase.HandleResponseAsync(HttpResponseMessage response, CancellationToken cancellationToken)
   at GitHub.Services.WebApi.VssHttpClientBase.SendAsync(HttpRequestMessage message, HttpCompletionOption completionOption, Object userState, CancellationToken cancellationToken)
   at GitHub.Services.WebApi.VssHttpClientBase.SendAsync[T](HttpRequestMessage message, Object userState, CancellationToken cancellationToken)
   at GitHub.Services.Location.Client.LocationHttpClient.GetConnectionDataAsync(ConnectOptions connectOptions, Int64 lastChangeId, CancellationToken cancellationToken, Object userState)
   at GitHub.Services.WebApi.Location.VssServerDataProvider.GetConnectionDataAsync(ConnectOptions connectOptions, Int32 lastChangeId, CancellationToken cancellationToken)
   at GitHub.Services.WebApi.Location.VssServerDataProvider.ConnectAsync(ConnectOptions connectOptions, CancellationToken cancellationToken)
   at GitHub.Runner.Common.RunnerService.EstablishVssConnection(Uri serverUrl, VssCredentials credentials, TimeSpan timeout)
[2025-09-16 08:31:54Z INFO GitHubActionsService] Starting operation Location.GetConnectionData
[2025-09-16 08:31:54Z ERR  GitHubActionsService] GET request to https://pipelinesghubeus6.actions.githubusercontent.com/hKyNd5hzQTjPqVOxuFp9CyJ2tMUr8ytJJ9FfsFju3bqhBGI0lq/_apis/connectionData?connectOptions=1&lastChangeId=258625537&lastChangeId64=258625537 failed. HTTP Status: NotFound
[2025-09-16 08:31:54Z INFO GitHubActionsService] Finished operation Location.GetConnectionData
[2025-09-16 08:31:54Z INFO RunnerServer] Catch exception during connect. 1 attempt left.
[2025-09-16 08:31:54Z ERR  RunnerServer] GitHub.Services.WebApi.VssServiceResponseException: The resource cannot be found.
   at GitHub.Services.WebApi.VssHttpClientBase.HandleResponseAsync(HttpResponseMessage response, CancellationToken cancellationToken)
   at GitHub.Services.WebApi.VssHttpClientBase.SendAsync(HttpRequestMessage message, HttpCompletionOption completionOption, Object userState, CancellationToken cancellationToken)
   at GitHub.Services.WebApi.VssHttpClientBase.SendAsync[T](HttpRequestMessage message, Object userState, CancellationToken cancellationToken)
   at GitHub.Services.Location.Client.LocationHttpClient.GetConnectionDataAsync(ConnectOptions connectOptions, Int64 lastChangeId, CancellationToken cancellationToken, Object userState)
   at GitHub.Services.WebApi.Location.VssServerDataProvider.GetConnectionDataAsync(ConnectOptions connectOptions, Int32 lastChangeId, CancellationToken cancellationToken)
   at GitHub.Services.WebApi.Location.VssServerDataProvider.ConnectAsync(ConnectOptions connectOptions, CancellationToken cancellationToken)
   at GitHub.Runner.Common.RunnerService.EstablishVssConnection(Uri serverUrl, VssCredentials credentials, TimeSpan timeout)
[2025-09-16 08:31:54Z ERR  GitHubActionsService] GET request to https://pipelinesghubeus6.actions.githubusercontent.com/hKyNd5hzQTjPqVOxuFp9CyJ2tMUr8ytJJ9FfsFju3bqhBGI0lq/_apis/connectionData?connectOptions=1&lastChangeId=258625537&lastChangeId64=258625537 failed. HTTP Status: NotFound
[2025-09-16 08:31:54Z INFO GitHubActionsService] Finished operation Location.GetConnectionData
[2025-09-16 08:31:54Z INFO RunnerServer] Catch exception during connect. 1 attempt left.
[2025-09-16 08:31:54Z ERR  RunnerServer] GitHub.Services.WebApi.VssServiceResponseException: The resource cannot be found.
   at GitHub.Services.WebApi.VssHttpClientBase.HandleResponseAsync(HttpResponseMessage response, CancellationToken cancellationToken)
   at GitHub.Services.WebApi.VssHttpClientBase.SendAsync(HttpRequestMessage message, HttpCompletionOption completionOption, Object userState, CancellationToken cancellationToken)
   at GitHub.Services.WebApi.VssHttpClientBase.SendAsync[T](HttpRequestMessage message, Object userState, CancellationToken cancellationToken)
   at GitHub.Services.Location.Client.LocationHttpClient.GetConnectionDataAsync(ConnectOptions connectOptions, Int64 lastChangeId, CancellationToken cancellationToken, Object userState)
   at GitHub.Services.WebApi.Location.VssServerDataProvider.GetConnectionDataAsync(ConnectOptions connectOptions, Int32 lastChangeId, CancellationToken cancellationToken)
   at GitHub.Services.WebApi.Location.VssServerDataProvider.ConnectAsync(ConnectOptions connectOptions, CancellationToken cancellationToken)
   at GitHub.Runner.Common.RunnerService.EstablishVssConnection(Uri serverUrl, VssCredentials credentials, TimeSpan timeout)
[2025-09-16 08:31:54Z INFO GitHubActionsService] Starting operation Location.GetConnectionData
[2025-09-16 08:31:54Z INFO GitHubActionsService] Starting operation Location.GetConnectionData
[2025-09-16 08:31:55Z ERR  GitHubActionsService] GET request to https://pipelinesghubeus6.actions.githubusercontent.com/hKyNd5hzQTjPqVOxuFp9CyJ2tMUr8ytJJ9FfsFju3bqhBGI0lq/_apis/connectionData?connectOptions=1&lastChangeId=258625537&lastChangeId64=258625537 failed. HTTP Status: NotFound
[2025-09-16 08:31:55Z INFO GitHubActionsService] Finished operation Location.GetConnectionData
[2025-09-16 08:31:55Z ERR  GitHubActionsService] GET request to https://pipelinesghubeus6.actions.githubusercontent.com/hKyNd5hzQTjPqVOxuFp9CyJ2tMUr8ytJJ9FfsFju3bqhBGI0lq/_apis/connectionData?connectOptions=1&lastChangeId=258625537&lastChangeId64=258625537 failed. HTTP Status: NotFound
[2025-09-16 08:31:55Z INFO GitHubActionsService] Finished operation Location.GetConnectionData
[2025-09-16 08:31:55Z ERR  GitHubActionsService] GET request to https://pipelinesghubeus6.actions.githubusercontent.com/hKyNd5hzQTjPqVOxuFp9CyJ2tMUr8ytJJ9FfsFju3bqhBGI0lq/_apis/connectionData?connectOptions=1&lastChangeId=258625537&lastChangeId64=258625537 failed. HTTP Status: NotFound
[2025-09-16 08:31:55Z INFO GitHubActionsService] Finished operation Location.GetConnectionData
[2025-09-16 08:31:55Z ERR  BrokerMessageListener] Catch exception during create session.
[2025-09-16 08:31:55Z ERR  BrokerMessageListener] GitHub.Services.WebApi.VssServiceResponseException: The resource cannot be found.
   at GitHub.Services.WebApi.VssHttpClientBase.HandleResponseAsync(HttpResponseMessage response, CancellationToken cancellationToken)
   at GitHub.Services.WebApi.VssHttpClientBase.SendAsync(HttpRequestMessage message, HttpCompletionOption completionOption, Object userState, CancellationToken cancellationToken)
   at GitHub.Services.WebApi.VssHttpClientBase.SendAsync[T](HttpRequestMessage message, Object userState, CancellationToken cancellationToken)
   at GitHub.Services.Location.Client.LocationHttpClient.GetConnectionDataAsync(ConnectOptions connectOptions, Int64 lastChangeId, CancellationToken cancellationToken, Object userState)
   at GitHub.Services.WebApi.Location.VssServerDataProvider.GetConnectionDataAsync(ConnectOptions connectOptions, Int32 lastChangeId, CancellationToken cancellationToken)
   at GitHub.Services.WebApi.Location.VssServerDataProvider.ConnectAsync(ConnectOptions connectOptions, CancellationToken cancellationToken)
   at GitHub.Runner.Common.RunnerService.EstablishVssConnection(Uri serverUrl, VssCredentials credentials, TimeSpan timeout)
   at GitHub.Runner.Common.RunnerServer.ConnectAsync(Uri serverUrl, VssCredentials credentials)
   at GitHub.Runner.Listener.BrokerMessageListener.CreateSessionAsync(CancellationToken token)
[2025-09-16 08:31:55Z INFO BrokerMessageListener] Retriable exception: The resource cannot be found.
[2025-09-16 08:31:55Z INFO BrokerMessageListener] Sleeping for 30 seconds before retrying.
[2025-09-16 08:32:25Z INFO BrokerMessageListener] Attempt to create session.
[2025-09-16 08:32:25Z INFO BrokerMessageListener] Connecting to the Broker Server...
[2025-09-16 08:32:25Z INFO ConfigurationStore] HasCredentials()
[2025-09-16 08:32:25Z INFO ConfigurationStore] stored True
[2025-09-16 08:32:25Z INFO CredentialManager] GetCredentialProvider
[2025-09-16 08:32:25Z INFO CredentialManager] Creating type OAuth
[2025-09-16 08:32:25Z INFO CredentialManager] Creating credential type: OAuth
[2025-09-16 08:32:25Z INFO RSAEncryptedFileKeyManager] Loading RSA key parameters from file G:\Brunella\actions-runner\.credentials_rsaparams
[2025-09-16 08:32:25Z INFO BrokerMessageListener] VssConnection created
[2025-09-16 08:32:25Z INFO BrokerMessageListener] Connecting to the Runner server...
[2025-09-16 08:32:25Z INFO RunnerServer] EstablishVssConnection
[2025-09-16 08:32:25Z INFO RunnerServer] Establish connection with 100 seconds timeout.
[2025-09-16 08:32:25Z INFO GitHubActionsService] Starting operation Location.GetConnectionData
[2025-09-16 08:32:25Z INFO RunnerServer] EstablishVssConnection
[2025-09-16 08:32:25Z INFO RunnerServer] Establish connection with 60 seconds timeout.
[2025-09-16 08:32:25Z INFO GitHubActionsService] Starting operation Location.GetConnectionData
[2025-09-16 08:32:25Z INFO RunnerServer] EstablishVssConnection
[2025-09-16 08:32:25Z INFO RunnerServer] Establish connection with 60 seconds timeout.
[2025-09-16 08:32:25Z INFO GitHubActionsService] Starting operation Location.GetConnectionData
[2025-09-16 08:32:26Z ERR  GitHubActionsService] GET request to https://pipelinesghubeus6.actions.githubusercontent.com/hKyNd5hzQTjPqVOxuFp9CyJ2tMUr8ytJJ9FfsFju3bqhBGI0lq/_apis/connectionData?connectOptions=1&lastChangeId=258625537&lastChangeId64=258625537 failed. HTTP Status: NotFound
[2025-09-16 08:32:26Z INFO GitHubActionsService] Finished operation Location.GetConnectionData
[2025-09-16 08:32:26Z INFO RunnerServer] Catch exception during connect. 4 attempt left.
[2025-09-16 08:32:26Z ERR  RunnerServer] GitHub.Services.WebApi.VssServiceResponseException: The resource cannot be found.
   at GitHub.Services.WebApi.VssHttpClientBase.HandleResponseAsync(HttpResponseMessage response, CancellationToken cancellationToken)
   at GitHub.Services.WebApi.VssHttpClientBase.SendAsync(HttpRequestMessage message, HttpCompletionOption completionOption, Object userState, CancellationToken cancellationToken)
   at GitHub.Services.WebApi.VssHttpClientBase.SendAsync[T](HttpRequestMessage message, Object userState, CancellationToken cancellationToken)
   at GitHub.Services.Location.Client.LocationHttpClient.GetConnectionDataAsync(ConnectOptions connectOptions, Int64 lastChangeId, CancellationToken cancellationToken, Object userState)
   at GitHub.Services.WebApi.Location.VssServerDataProvider.GetConnectionDataAsync(ConnectOptions connectOptions, Int32 lastChangeId, CancellationToken cancellationToken)
   at GitHub.Services.WebApi.Location.VssServerDataProvider.ConnectAsync(ConnectOptions connectOptions, CancellationToken cancellationToken)
   at GitHub.Runner.Common.RunnerService.EstablishVssConnection(Uri serverUrl, VssCredentials credentials, TimeSpan timeout)
[2025-09-16 08:32:26Z ERR  GitHubActionsService] GET request to https://pipelinesghubeus6.actions.githubusercontent.com/hKyNd5hzQTjPqVOxuFp9CyJ2tMUr8ytJJ9FfsFju3bqhBGI0lq/_apis/connectionData?connectOptions=1&lastChangeId=258625537&lastChangeId64=258625537 failed. HTTP Status: NotFound
[2025-09-16 08:32:26Z INFO GitHubActionsService] Finished operation Location.GetConnectionData
[2025-09-16 08:32:26Z INFO RunnerServer] Catch exception during connect. 4 attempt left.
[2025-09-16 08:32:26Z ERR  RunnerServer] GitHub.Services.WebApi.VssServiceResponseException: The resource cannot be found.
   at GitHub.Services.WebApi.VssHttpClientBase.HandleResponseAsync(HttpResponseMessage response, CancellationToken cancellationToken)
   at GitHub.Services.WebApi.VssHttpClientBase.SendAsync(HttpRequestMessage message, HttpCompletionOption completionOption, Object userState, CancellationToken cancellationToken)
   at GitHub.Services.WebApi.VssHttpClientBase.SendAsync[T](HttpRequestMessage message, Object userState, CancellationToken cancellationToken)
   at GitHub.Services.Location.Client.LocationHttpClient.GetConnectionDataAsync(ConnectOptions connectOptions, Int64 lastChangeId, CancellationToken cancellationToken, Object userState)
   at GitHub.Services.WebApi.Location.VssServerDataProvider.GetConnectionDataAsync(ConnectOptions connectOptions, Int32 lastChangeId, CancellationToken cancellationToken)
   at GitHub.Services.WebApi.Location.VssServerDataProvider.ConnectAsync(ConnectOptions connectOptions, CancellationToken cancellationToken)
   at GitHub.Runner.Common.RunnerService.EstablishVssConnection(Uri serverUrl, VssCredentials credentials, TimeSpan timeout)
[2025-09-16 08:32:26Z INFO GitHubActionsService] Starting operation Location.GetConnectionData
[2025-09-16 08:32:26Z ERR  GitHubActionsService] GET request to https://pipelinesghubeus6.actions.githubusercontent.com/hKyNd5hzQTjPqVOxuFp9CyJ2tMUr8ytJJ9FfsFju3bqhBGI0lq/_apis/connectionData?connectOptions=1&lastChangeId=258625537&lastChangeId64=258625537 failed. HTTP Status: NotFound
[2025-09-16 08:32:26Z INFO GitHubActionsService] Finished operation Location.GetConnectionData
[2025-09-16 08:32:26Z INFO RunnerServer] Catch exception during connect. 4 attempt left.
[2025-09-16 08:32:26Z ERR  RunnerServer] GitHub.Services.WebApi.VssServiceResponseException: The resource cannot be found.
   at GitHub.Services.WebApi.VssHttpClientBase.HandleResponseAsync(HttpResponseMessage response, CancellationToken cancellationToken)
   at GitHub.Services.WebApi.VssHttpClientBase.SendAsync(HttpRequestMessage message, HttpCompletionOption completionOption, Object userState, CancellationToken cancellationToken)
   at GitHub.Services.WebApi.VssHttpClientBase.SendAsync[T](HttpRequestMessage message, Object userState, CancellationToken cancellationToken)
   at GitHub.Services.Location.Client.LocationHttpClient.GetConnectionDataAsync(ConnectOptions connectOptions, Int64 lastChangeId, CancellationToken cancellationToken, Object userState)
   at GitHub.Services.WebApi.Location.VssServerDataProvider.GetConnectionDataAsync(ConnectOptions connectOptions, Int32 lastChangeId, CancellationToken cancellationToken)
   at GitHub.Services.WebApi.Location.VssServerDataProvider.ConnectAsync(ConnectOptions connectOptions, CancellationToken cancellationToken)
   at GitHub.Runner.Common.RunnerService.EstablishVssConnection(Uri serverUrl, VssCredentials credentials, TimeSpan timeout)
[2025-09-16 08:32:26Z INFO GitHubActionsService] Starting operation Location.GetConnectionData
[2025-09-16 08:32:26Z INFO GitHubActionsService] Starting operation Location.GetConnectionData
[2025-09-16 08:32:26Z ERR  GitHubActionsService] GET request to https://pipelinesghubeus6.actions.githubusercontent.com/hKyNd5hzQTjPqVOxuFp9CyJ2tMUr8ytJJ9FfsFju3bqhBGI0lq/_apis/connectionData?connectOptions=1&lastChangeId=258625537&lastChangeId64=258625537 failed. HTTP Status: NotFound
[2025-09-16 08:32:26Z INFO GitHubActionsService] Finished operation Location.GetConnectionData
[2025-09-16 08:32:26Z INFO RunnerServer] Catch exception during connect. 3 attempt left.
[2025-09-16 08:32:26Z ERR  RunnerServer] GitHub.Services.WebApi.VssServiceResponseException: The resource cannot be found.
   at GitHub.Services.WebApi.VssHttpClientBase.HandleResponseAsync(HttpResponseMessage response, CancellationToken cancellationToken)
   at GitHub.Services.WebApi.VssHttpClientBase.SendAsync(HttpRequestMessage message, HttpCompletionOption completionOption, Object userState, CancellationToken cancellationToken)
   at GitHub.Services.WebApi.VssHttpClientBase.SendAsync[T](HttpRequestMessage message, Object userState, CancellationToken cancellationToken)
   at GitHub.Services.Location.Client.LocationHttpClient.GetConnectionDataAsync(ConnectOptions connectOptions, Int64 lastChangeId, CancellationToken cancellationToken, Object userState)
   at GitHub.Services.WebApi.Location.VssServerDataProvider.GetConnectionDataAsync(ConnectOptions connectOptions, Int32 lastChangeId, CancellationToken cancellationToken)
   at GitHub.Services.WebApi.Location.VssServerDataProvider.ConnectAsync(ConnectOptions connectOptions, CancellationToken cancellationToken)
   at GitHub.Runner.Common.RunnerService.EstablishVssConnection(Uri serverUrl, VssCredentials credentials, TimeSpan timeout)
[2025-09-16 08:32:26Z INFO GitHubActionsService] Starting operation Location.GetConnectionData
[2025-09-16 08:32:27Z ERR  GitHubActionsService] GET request to https://pipelinesghubeus6.actions.githubusercontent.com/hKyNd5hzQTjPqVOxuFp9CyJ2tMUr8ytJJ9FfsFju3bqhBGI0lq/_apis/connectionData?connectOptions=1&lastChangeId=258625537&lastChangeId64=258625537 failed. HTTP Status: NotFound
[2025-09-16 08:32:27Z INFO GitHubActionsService] Finished operation Location.GetConnectionData
[2025-09-16 08:32:27Z INFO RunnerServer] Catch exception during connect. 3 attempt left.
[2025-09-16 08:32:27Z ERR  RunnerServer] GitHub.Services.WebApi.VssServiceResponseException: The resource cannot be found.
   at GitHub.Services.WebApi.VssHttpClientBase.HandleResponseAsync(HttpResponseMessage response, CancellationToken cancellationToken)
   at GitHub.Services.WebApi.VssHttpClientBase.SendAsync(HttpRequestMessage message, HttpCompletionOption completionOption, Object userState, CancellationToken cancellationToken)
   at GitHub.Services.WebApi.VssHttpClientBase.SendAsync[T](HttpRequestMessage message, Object userState, CancellationToken cancellationToken)
   at GitHub.Services.Location.Client.LocationHttpClient.GetConnectionDataAsync(ConnectOptions connectOptions, Int64 lastChangeId, CancellationToken cancellationToken, Object userState)
   at GitHub.Services.WebApi.Location.VssServerDataProvider.GetConnectionDataAsync(ConnectOptions connectOptions, Int32 lastChangeId, CancellationToken cancellationToken)
   at GitHub.Services.WebApi.Location.VssServerDataProvider.ConnectAsync(ConnectOptions connectOptions, CancellationToken cancellationToken)
   at GitHub.Runner.Common.RunnerService.EstablishVssConnection(Uri serverUrl, VssCredentials credentials, TimeSpan timeout)
[2025-09-16 08:32:27Z ERR  GitHubActionsService] GET request to https://pipelinesghubeus6.actions.githubusercontent.com/hKyNd5hzQTjPqVOxuFp9CyJ2tMUr8ytJJ9FfsFju3bqhBGI0lq/_apis/connectionData?connectOptions=1&lastChangeId=258625537&lastChangeId64=258625537 failed. HTTP Status: NotFound
[2025-09-16 08:32:27Z INFO GitHubActionsService] Finished operation Location.GetConnectionData
[2025-09-16 08:32:27Z INFO RunnerServer] Catch exception during connect. 3 attempt left.
[2025-09-16 08:32:27Z ERR  RunnerServer] GitHub.Services.WebApi.VssServiceResponseException: The resource cannot be found.
   at GitHub.Services.WebApi.VssHttpClientBase.HandleResponseAsync(HttpResponseMessage response, CancellationToken cancellationToken)
   at GitHub.Services.WebApi.VssHttpClientBase.SendAsync(HttpRequestMessage message, HttpCompletionOption completionOption, Object userState, CancellationToken cancellationToken)
   at GitHub.Services.WebApi.VssHttpClientBase.SendAsync[T](HttpRequestMessage message, Object userState, CancellationToken cancellationToken)
   at GitHub.Services.Location.Client.LocationHttpClient.GetConnectionDataAsync(ConnectOptions connectOptions, Int64 lastChangeId, CancellationToken cancellationToken, Object userState)
   at GitHub.Services.WebApi.Location.VssServerDataProvider.GetConnectionDataAsync(ConnectOptions connectOptions, Int32 lastChangeId, CancellationToken cancellationToken)
   at GitHub.Services.WebApi.Location.VssServerDataProvider.ConnectAsync(ConnectOptions connectOptions, CancellationToken cancellationToken)
   at GitHub.Runner.Common.RunnerService.EstablishVssConnection(Uri serverUrl, VssCredentials credentials, TimeSpan timeout)
[2025-09-16 08:32:27Z INFO GitHubActionsService] Starting operation Location.GetConnectionData
[2025-09-16 08:32:27Z INFO GitHubActionsService] Starting operation Location.GetConnectionData
[2025-09-16 08:32:27Z ERR  GitHubActionsService] GET request to https://pipelinesghubeus6.actions.githubusercontent.com/hKyNd5hzQTjPqVOxuFp9CyJ2tMUr8ytJJ9FfsFju3bqhBGI0lq/_apis/connectionData?connectOptions=1&lastChangeId=258625537&lastChangeId64=258625537 failed. HTTP Status: NotFound
[2025-09-16 08:32:27Z INFO GitHubActionsService] Finished operation Location.GetConnectionData
[2025-09-16 08:32:27Z INFO RunnerServer] Catch exception during connect. 2 attempt left.
[2025-09-16 08:32:27Z ERR  RunnerServer] GitHub.Services.WebApi.VssServiceResponseException: The resource cannot be found.
   at GitHub.Services.WebApi.VssHttpClientBase.HandleResponseAsync(HttpResponseMessage response, CancellationToken cancellationToken)
   at GitHub.Services.WebApi.VssHttpClientBase.SendAsync(HttpRequestMessage message, HttpCompletionOption completionOption, Object userState, CancellationToken cancellationToken)
   at GitHub.Services.WebApi.VssHttpClientBase.SendAsync[T](HttpRequestMessage message, Object userState, CancellationToken cancellationToken)
   at GitHub.Services.Location.Client.LocationHttpClient.GetConnectionDataAsync(ConnectOptions connectOptions, Int64 lastChangeId, CancellationToken cancellationToken, Object userState)
   at GitHub.Services.WebApi.Location.VssServerDataProvider.GetConnectionDataAsync(ConnectOptions connectOptions, Int32 lastChangeId, CancellationToken cancellationToken)
   at GitHub.Services.WebApi.Location.VssServerDataProvider.ConnectAsync(ConnectOptions connectOptions, CancellationToken cancellationToken)
   at GitHub.Runner.Common.RunnerService.EstablishVssConnection(Uri serverUrl, VssCredentials credentials, TimeSpan timeout)
[2025-09-16 08:32:27Z INFO GitHubActionsService] Starting operation Location.GetConnectionData
[2025-09-16 08:32:27Z ERR  GitHubActionsService] GET request to https://pipelinesghubeus6.actions.githubusercontent.com/hKyNd5hzQTjPqVOxuFp9CyJ2tMUr8ytJJ9FfsFju3bqhBGI0lq/_apis/connectionData?connectOptions=1&lastChangeId=258625537&lastChangeId64=258625537 failed. HTTP Status: NotFound
[2025-09-16 08:32:27Z INFO GitHubActionsService] Finished operation Location.GetConnectionData
[2025-09-16 08:32:27Z INFO RunnerServer] Catch exception during connect. 2 attempt left.
[2025-09-16 08:32:27Z ERR  RunnerServer] GitHub.Services.WebApi.VssServiceResponseException: The resource cannot be found.
   at GitHub.Services.WebApi.VssHttpClientBase.HandleResponseAsync(HttpResponseMessage response, CancellationToken cancellationToken)
   at GitHub.Services.WebApi.VssHttpClientBase.SendAsync(HttpRequestMessage message, HttpCompletionOption completionOption, Object userState, CancellationToken cancellationToken)
   at GitHub.Services.WebApi.VssHttpClientBase.SendAsync[T](HttpRequestMessage message, Object userState, CancellationToken cancellationToken)
   at GitHub.Services.Location.Client.LocationHttpClient.GetConnectionDataAsync(ConnectOptions connectOptions, Int64 lastChangeId, CancellationToken cancellationToken, Object userState)
   at GitHub.Services.WebApi.Location.VssServerDataProvider.GetConnectionDataAsync(ConnectOptions connectOptions, Int32 lastChangeId, CancellationToken cancellationToken)
   at GitHub.Services.WebApi.Location.VssServerDataProvider.ConnectAsync(ConnectOptions connectOptions, CancellationToken cancellationToken)
   at GitHub.Runner.Common.RunnerService.EstablishVssConnection(Uri serverUrl, VssCredentials credentials, TimeSpan timeout)
[2025-09-16 08:32:27Z ERR  GitHubActionsService] GET request to https://pipelinesghubeus6.actions.githubusercontent.com/hKyNd5hzQTjPqVOxuFp9CyJ2tMUr8ytJJ9FfsFju3bqhBGI0lq/_apis/connectionData?connectOptions=1&lastChangeId=258625537&lastChangeId64=258625537 failed. HTTP Status: NotFound
[2025-09-16 08:32:27Z INFO GitHubActionsService] Finished operation Location.GetConnectionData
[2025-09-16 08:32:27Z INFO RunnerServer] Catch exception during connect. 2 attempt left.
[2025-09-16 08:32:27Z ERR  RunnerServer] GitHub.Services.WebApi.VssServiceResponseException: The resource cannot be found.
   at GitHub.Services.WebApi.VssHttpClientBase.HandleResponseAsync(HttpResponseMessage response, CancellationToken cancellationToken)
   at GitHub.Services.WebApi.VssHttpClientBase.SendAsync(HttpRequestMessage message, HttpCompletionOption completionOption, Object userState, CancellationToken cancellationToken)
   at GitHub.Services.WebApi.VssHttpClientBase.SendAsync[T](HttpRequestMessage message, Object userState, CancellationToken cancellationToken)
   at GitHub.Services.Location.Client.LocationHttpClient.GetConnectionDataAsync(ConnectOptions connectOptions, Int64 lastChangeId, CancellationToken cancellationToken, Object userState)
   at GitHub.Services.WebApi.Location.VssServerDataProvider.GetConnectionDataAsync(ConnectOptions connectOptions, Int32 lastChangeId, CancellationToken cancellationToken)
   at GitHub.Services.WebApi.Location.VssServerDataProvider.ConnectAsync(ConnectOptions connectOptions, CancellationToken cancellationToken)
   at GitHub.Runner.Common.RunnerService.EstablishVssConnection(Uri serverUrl, VssCredentials credentials, TimeSpan timeout)
[2025-09-16 08:32:27Z INFO GitHubActionsService] Starting operation Location.GetConnectionData
[2025-09-16 08:32:28Z INFO GitHubActionsService] Starting operation Location.GetConnectionData
[2025-09-16 08:32:28Z ERR  GitHubActionsService] GET request to https://pipelinesghubeus6.actions.githubusercontent.com/hKyNd5hzQTjPqVOxuFp9CyJ2tMUr8ytJJ9FfsFju3bqhBGI0lq/_apis/connectionData?connectOptions=1&lastChangeId=258625537&lastChangeId64=258625537 failed. HTTP Status: NotFound
[2025-09-16 08:32:28Z INFO GitHubActionsService] Finished operation Location.GetConnectionData
[2025-09-16 08:32:28Z INFO RunnerServer] Catch exception during connect. 1 attempt left.
[2025-09-16 08:32:28Z ERR  RunnerServer] GitHub.Services.WebApi.VssServiceResponseException: The resource cannot be found.
   at GitHub.Services.WebApi.VssHttpClientBase.HandleResponseAsync(HttpResponseMessage response, CancellationToken cancellationToken)
   at GitHub.Services.WebApi.VssHttpClientBase.SendAsync(HttpRequestMessage message, HttpCompletionOption completionOption, Object userState, CancellationToken cancellationToken)
   at GitHub.Services.WebApi.VssHttpClientBase.SendAsync[T](HttpRequestMessage message, Object userState, CancellationToken cancellationToken)
   at GitHub.Services.Location.Client.LocationHttpClient.GetConnectionDataAsync(ConnectOptions connectOptions, Int64 lastChangeId, CancellationToken cancellationToken, Object userState)
   at GitHub.Services.WebApi.Location.VssServerDataProvider.GetConnectionDataAsync(ConnectOptions connectOptions, Int32 lastChangeId, CancellationToken cancellationToken)
   at GitHub.Services.WebApi.Location.VssServerDataProvider.ConnectAsync(ConnectOptions connectOptions, CancellationToken cancellationToken)
   at GitHub.Runner.Common.RunnerService.EstablishVssConnection(Uri serverUrl, VssCredentials credentials, TimeSpan timeout)
[2025-09-16 08:32:28Z INFO GitHubActionsService] Starting operation Location.GetConnectionData
[2025-09-16 08:32:28Z ERR  GitHubActionsService] GET request to https://pipelinesghubeus6.actions.githubusercontent.com/hKyNd5hzQTjPqVOxuFp9CyJ2tMUr8ytJJ9FfsFju3bqhBGI0lq/_apis/connectionData?connectOptions=1&lastChangeId=258625537&lastChangeId64=258625537 failed. HTTP Status: NotFound
[2025-09-16 08:32:28Z INFO GitHubActionsService] Finished operation Location.GetConnectionData
[2025-09-16 08:32:28Z INFO RunnerServer] Catch exception during connect. 1 attempt left.
[2025-09-16 08:32:28Z ERR  RunnerServer] GitHub.Services.WebApi.VssServiceResponseException: The resource cannot be found.
   at GitHub.Services.WebApi.VssHttpClientBase.HandleResponseAsync(HttpResponseMessage response, CancellationToken cancellationToken)
   at GitHub.Services.WebApi.VssHttpClientBase.SendAsync(HttpRequestMessage message, HttpCompletionOption completionOption, Object userState, CancellationToken cancellationToken)
   at GitHub.Services.WebApi.VssHttpClientBase.SendAsync[T](HttpRequestMessage message, Object userState, CancellationToken cancellationToken)
   at GitHub.Services.Location.Client.LocationHttpClient.GetConnectionDataAsync(ConnectOptions connectOptions, Int64 lastChangeId, CancellationToken cancellationToken, Object userState)
   at GitHub.Services.WebApi.Location.VssServerDataProvider.GetConnectionDataAsync(ConnectOptions connectOptions, Int32 lastChangeId, CancellationToken cancellationToken)
   at GitHub.Services.WebApi.Location.VssServerDataProvider.ConnectAsync(ConnectOptions connectOptions, CancellationToken cancellationToken)
   at GitHub.Runner.Common.RunnerService.EstablishVssConnection(Uri serverUrl, VssCredentials credentials, TimeSpan timeout)
[2025-09-16 08:32:28Z ERR  GitHubActionsService] GET request to https://pipelinesghubeus6.actions.githubusercontent.com/hKyNd5hzQTjPqVOxuFp9CyJ2tMUr8ytJJ9FfsFju3bqhBGI0lq/_apis/connectionData?connectOptions=1&lastChangeId=258625537&lastChangeId64=258625537 failed. HTTP Status: NotFound
[2025-09-16 08:32:28Z INFO GitHubActionsService] Finished operation Location.GetConnectionData
[2025-09-16 08:32:28Z INFO RunnerServer] Catch exception during connect. 1 attempt left.
[2025-09-16 08:32:28Z ERR  RunnerServer] GitHub.Services.WebApi.VssServiceResponseException: The resource cannot be found.
   at GitHub.Services.WebApi.VssHttpClientBase.HandleResponseAsync(HttpResponseMessage response, CancellationToken cancellationToken)
   at GitHub.Services.WebApi.VssHttpClientBase.SendAsync(HttpRequestMessage message, HttpCompletionOption completionOption, Object userState, CancellationToken cancellationToken)
   at GitHub.Services.WebApi.VssHttpClientBase.SendAsync[T](HttpRequestMessage message, Object userState, CancellationToken cancellationToken)
   at GitHub.Services.Location.Client.LocationHttpClient.GetConnectionDataAsync(ConnectOptions connectOptions, Int64 lastChangeId, CancellationToken cancellationToken, Object userState)
   at GitHub.Services.WebApi.Location.VssServerDataProvider.GetConnectionDataAsync(ConnectOptions connectOptions, Int32 lastChangeId, CancellationToken cancellationToken)
   at GitHub.Services.WebApi.Location.VssServerDataProvider.ConnectAsync(ConnectOptions connectOptions, CancellationToken cancellationToken)
   at GitHub.Runner.Common.RunnerService.EstablishVssConnection(Uri serverUrl, VssCredentials credentials, TimeSpan timeout)
[2025-09-16 08:32:28Z INFO GitHubActionsService] Starting operation Location.GetConnectionData
[2025-09-16 08:32:28Z INFO GitHubActionsService] Starting operation Location.GetConnectionData
[2025-09-16 08:32:29Z ERR  GitHubActionsService] GET request to https://pipelinesghubeus6.actions.githubusercontent.com/hKyNd5hzQTjPqVOxuFp9CyJ2tMUr8ytJJ9FfsFju3bqhBGI0lq/_apis/connectionData?connectOptions=1&lastChangeId=258625537&lastChangeId64=258625537 failed. HTTP Status: NotFound
[2025-09-16 08:32:29Z INFO GitHubActionsService] Finished operation Location.GetConnectionData
[2025-09-16 08:32:29Z ERR  GitHubActionsService] GET request to https://pipelinesghubeus6.actions.githubusercontent.com/hKyNd5hzQTjPqVOxuFp9CyJ2tMUr8ytJJ9FfsFju3bqhBGI0lq/_apis/connectionData?connectOptions=1&lastChangeId=258625537&lastChangeId64=258625537 failed. HTTP Status: NotFound
[2025-09-16 08:32:29Z INFO GitHubActionsService] Finished operation Location.GetConnectionData
[2025-09-16 08:32:29Z ERR  GitHubActionsService] GET request to https://pipelinesghubeus6.actions.githubusercontent.com/hKyNd5hzQTjPqVOxuFp9CyJ2tMUr8ytJJ9FfsFju3bqhBGI0lq/_apis/connectionData?connectOptions=1&lastChangeId=258625537&lastChangeId64=258625537 failed. HTTP Status: NotFound
[2025-09-16 08:32:29Z INFO GitHubActionsService] Finished operation Location.GetConnectionData
[2025-09-16 08:32:29Z ERR  BrokerMessageListener] Catch exception during create session.
[2025-09-16 08:32:29Z ERR  BrokerMessageListener] GitHub.Services.WebApi.VssServiceResponseException: The resource cannot be found.
   at GitHub.Services.WebApi.VssHttpClientBase.HandleResponseAsync(HttpResponseMessage response, CancellationToken cancellationToken)
   at GitHub.Services.WebApi.VssHttpClientBase.SendAsync(HttpRequestMessage message, HttpCompletionOption completionOption, Object userState, CancellationToken cancellationToken)
   at GitHub.Services.WebApi.VssHttpClientBase.SendAsync[T](HttpRequestMessage message, Object userState, CancellationToken cancellationToken)
   at GitHub.Services.Location.Client.LocationHttpClient.GetConnectionDataAsync(ConnectOptions connectOptions, Int64 lastChangeId, CancellationToken cancellationToken, Object userState)
   at GitHub.Services.WebApi.Location.VssServerDataProvider.GetConnectionDataAsync(ConnectOptions connectOptions, Int32 lastChangeId, CancellationToken cancellationToken)
   at GitHub.Services.WebApi.Location.VssServerDataProvider.ConnectAsync(ConnectOptions connectOptions, CancellationToken cancellationToken)
   at GitHub.Runner.Common.RunnerService.EstablishVssConnection(Uri serverUrl, VssCredentials credentials, TimeSpan timeout)
   at GitHub.Runner.Common.RunnerServer.ConnectAsync(Uri serverUrl, VssCredentials credentials)
   at GitHub.Runner.Listener.BrokerMessageListener.CreateSessionAsync(CancellationToken token)
[2025-09-16 08:32:29Z INFO BrokerMessageListener] Retriable exception: The resource cannot be found.
[2025-09-16 08:32:29Z INFO BrokerMessageListener] Sleeping for 30 seconds before retrying.
[2025-09-16 08:32:59Z INFO BrokerMessageListener] Attempt to create session.
[2025-09-16 08:32:59Z INFO BrokerMessageListener] Connecting to the Broker Server...
[2025-09-16 08:32:59Z INFO ConfigurationStore] HasCredentials()
[2025-09-16 08:32:59Z INFO ConfigurationStore] stored True
[2025-09-16 08:32:59Z INFO CredentialManager] GetCredentialProvider
[2025-09-16 08:32:59Z INFO CredentialManager] Creating type OAuth
[2025-09-16 08:32:59Z INFO CredentialManager] Creating credential type: OAuth
[2025-09-16 08:32:59Z INFO RSAEncryptedFileKeyManager] Loading RSA key parameters from file G:\Brunella\actions-runner\.credentials_rsaparams
[2025-09-16 08:32:59Z INFO BrokerMessageListener] VssConnection created
[2025-09-16 08:32:59Z INFO BrokerMessageListener] Connecting to the Runner server...
[2025-09-16 08:32:59Z INFO RunnerServer] EstablishVssConnection
[2025-09-16 08:32:59Z INFO RunnerServer] Establish connection with 100 seconds timeout.
[2025-09-16 08:32:59Z INFO GitHubActionsService] Starting operation Location.GetConnectionData
[2025-09-16 08:32:59Z INFO RunnerServer] EstablishVssConnection
[2025-09-16 08:32:59Z INFO RunnerServer] Establish connection with 60 seconds timeout.
[2025-09-16 08:32:59Z INFO GitHubActionsService] Starting operation Location.GetConnectionData
[2025-09-16 08:32:59Z INFO RunnerServer] EstablishVssConnection
[2025-09-16 08:32:59Z INFO RunnerServer] Establish connection with 60 seconds timeout.
[2025-09-16 08:32:59Z INFO GitHubActionsService] Starting operation Location.GetConnectionData
[2025-09-16 08:33:00Z ERR  GitHubActionsService] GET request to https://pipelinesghubeus6.actions.githubusercontent.com/hKyNd5hzQTjPqVOxuFp9CyJ2tMUr8ytJJ9FfsFju3bqhBGI0lq/_apis/connectionData?connectOptions=1&lastChangeId=258625537&lastChangeId64=258625537 failed. HTTP Status: NotFound
[2025-09-16 08:33:00Z INFO GitHubActionsService] Finished operation Location.GetConnectionData
[2025-09-16 08:33:00Z INFO RunnerServer] Catch exception during connect. 4 attempt left.
[2025-09-16 08:33:00Z ERR  RunnerServer] GitHub.Services.WebApi.VssServiceResponseException: The resource cannot be found.
   at GitHub.Services.WebApi.VssHttpClientBase.HandleResponseAsync(HttpResponseMessage response, CancellationToken cancellationToken)
   at GitHub.Services.WebApi.VssHttpClientBase.SendAsync(HttpRequestMessage message, HttpCompletionOption completionOption, Object userState, CancellationToken cancellationToken)
   at GitHub.Services.WebApi.VssHttpClientBase.SendAsync[T](HttpRequestMessage message, Object userState, CancellationToken cancellationToken)
   at GitHub.Services.Location.Client.LocationHttpClient.GetConnectionDataAsync(ConnectOptions connectOptions, Int64 lastChangeId, CancellationToken cancellationToken, Object userState)
   at GitHub.Services.WebApi.Location.VssServerDataProvider.GetConnectionDataAsync(ConnectOptions connectOptions, Int32 lastChangeId, CancellationToken cancellationToken)
   at GitHub.Services.WebApi.Location.VssServerDataProvider.ConnectAsync(ConnectOptions connectOptions, CancellationToken cancellationToken)
   at GitHub.Runner.Common.RunnerService.EstablishVssConnection(Uri serverUrl, VssCredentials credentials, TimeSpan timeout)
[2025-09-16 08:33:00Z ERR  GitHubActionsService] GET request to https://pipelinesghubeus6.actions.githubusercontent.com/hKyNd5hzQTjPqVOxuFp9CyJ2tMUr8ytJJ9FfsFju3bqhBGI0lq/_apis/connectionData?connectOptions=1&lastChangeId=258625537&lastChangeId64=258625537 failed. HTTP Status: NotFound
[2025-09-16 08:33:00Z INFO GitHubActionsService] Finished operation Location.GetConnectionData
[2025-09-16 08:33:00Z INFO RunnerServer] Catch exception during connect. 4 attempt left.
[2025-09-16 08:33:00Z ERR  RunnerServer] GitHub.Services.WebApi.VssServiceResponseException: The resource cannot be found.
   at GitHub.Services.WebApi.VssHttpClientBase.HandleResponseAsync(HttpResponseMessage response, CancellationToken cancellationToken)
   at GitHub.Services.WebApi.VssHttpClientBase.SendAsync(HttpRequestMessage message, HttpCompletionOption completionOption, Object userState, CancellationToken cancellationToken)
   at GitHub.Services.WebApi.VssHttpClientBase.SendAsync[T](HttpRequestMessage message, Object userState, CancellationToken cancellationToken)
   at GitHub.Services.Location.Client.LocationHttpClient.GetConnectionDataAsync(ConnectOptions connectOptions, Int64 lastChangeId, CancellationToken cancellationToken, Object userState)
   at GitHub.Services.WebApi.Location.VssServerDataProvider.GetConnectionDataAsync(ConnectOptions connectOptions, Int32 lastChangeId, CancellationToken cancellationToken)
   at GitHub.Services.WebApi.Location.VssServerDataProvider.ConnectAsync(ConnectOptions connectOptions, CancellationToken cancellationToken)
   at GitHub.Runner.Common.RunnerService.EstablishVssConnection(Uri serverUrl, VssCredentials credentials, TimeSpan timeout)
[2025-09-16 08:33:00Z ERR  GitHubActionsService] GET request to https://pipelinesghubeus6.actions.githubusercontent.com/hKyNd5hzQTjPqVOxuFp9CyJ2tMUr8ytJJ9FfsFju3bqhBGI0lq/_apis/connectionData?connectOptions=1&lastChangeId=258625537&lastChangeId64=258625537 failed. HTTP Status: NotFound
[2025-09-16 08:33:00Z INFO GitHubActionsService] Finished operation Location.GetConnectionData
[2025-09-16 08:33:00Z INFO RunnerServer] Catch exception during connect. 4 attempt left.
[2025-09-16 08:33:00Z ERR  RunnerServer] GitHub.Services.WebApi.VssServiceResponseException: The resource cannot be found.
   at GitHub.Services.WebApi.VssHttpClientBase.HandleResponseAsync(HttpResponseMessage response, CancellationToken cancellationToken)
   at GitHub.Services.WebApi.VssHttpClientBase.SendAsync(HttpRequestMessage message, HttpCompletionOption completionOption, Object userState, CancellationToken cancellationToken)
   at GitHub.Services.WebApi.VssHttpClientBase.SendAsync[T](HttpRequestMessage message, Object userState, CancellationToken cancellationToken)
   at GitHub.Services.Location.Client.LocationHttpClient.GetConnectionDataAsync(ConnectOptions connectOptions, Int64 lastChangeId, CancellationToken cancellationToken, Object userState)
   at GitHub.Services.WebApi.Location.VssServerDataProvider.GetConnectionDataAsync(ConnectOptions connectOptions, Int32 lastChangeId, CancellationToken cancellationToken)
   at GitHub.Services.WebApi.Location.VssServerDataProvider.ConnectAsync(ConnectOptions connectOptions, CancellationToken cancellationToken)
   at GitHub.Runner.Common.RunnerService.EstablishVssConnection(Uri serverUrl, VssCredentials credentials, TimeSpan timeout)
[2025-09-16 08:33:00Z INFO GitHubActionsService] Starting operation Location.GetConnectionData
[2025-09-16 08:33:00Z INFO GitHubActionsService] Starting operation Location.GetConnectionData
[2025-09-16 08:33:00Z INFO GitHubActionsService] Starting operation Location.GetConnectionData
[2025-09-16 08:33:00Z ERR  GitHubActionsService] GET request to https://pipelinesghubeus6.actions.githubusercontent.com/hKyNd5hzQTjPqVOxuFp9CyJ2tMUr8ytJJ9FfsFju3bqhBGI0lq/_apis/connectionData?connectOptions=1&lastChangeId=258625537&lastChangeId64=258625537 failed. HTTP Status: NotFound
[2025-09-16 08:33:00Z INFO GitHubActionsService] Finished operation Location.GetConnectionData
[2025-09-16 08:33:00Z INFO RunnerServer] Catch exception during connect. 3 attempt left.
[2025-09-16 08:33:00Z ERR  RunnerServer] GitHub.Services.WebApi.VssServiceResponseException: The resource cannot be found.
   at GitHub.Services.WebApi.VssHttpClientBase.HandleResponseAsync(HttpResponseMessage response, CancellationToken cancellationToken)
   at GitHub.Services.WebApi.VssHttpClientBase.SendAsync(HttpRequestMessage message, HttpCompletionOption completionOption, Object userState, CancellationToken cancellationToken)
   at GitHub.Services.WebApi.VssHttpClientBase.SendAsync[T](HttpRequestMessage message, Object userState, CancellationToken cancellationToken)
   at GitHub.Services.Location.Client.LocationHttpClient.GetConnectionDataAsync(ConnectOptions connectOptions, Int64 lastChangeId, CancellationToken cancellationToken, Object userState)
   at GitHub.Services.WebApi.Location.VssServerDataProvider.GetConnectionDataAsync(ConnectOptions connectOptions, Int32 lastChangeId, CancellationToken cancellationToken)
   at GitHub.Services.WebApi.Location.VssServerDataProvider.ConnectAsync(ConnectOptions connectOptions, CancellationToken cancellationToken)
   at GitHub.Runner.Common.RunnerService.EstablishVssConnection(Uri serverUrl, VssCredentials credentials, TimeSpan timeout)
[2025-09-16 08:33:00Z ERR  GitHubActionsService] GET request to https://pipelinesghubeus6.actions.githubusercontent.com/hKyNd5hzQTjPqVOxuFp9CyJ2tMUr8ytJJ9FfsFju3bqhBGI0lq/_apis/connectionData?connectOptions=1&lastChangeId=258625537&lastChangeId64=258625537 failed. HTTP Status: NotFound
[2025-09-16 08:33:00Z INFO GitHubActionsService] Finished operation Location.GetConnectionData
[2025-09-16 08:33:00Z INFO RunnerServer] Catch exception during connect. 3 attempt left.
[2025-09-16 08:33:00Z ERR  RunnerServer] GitHub.Services.WebApi.VssServiceResponseException: The resource cannot be found.
   at GitHub.Services.WebApi.VssHttpClientBase.HandleResponseAsync(HttpResponseMessage response, CancellationToken cancellationToken)
   at GitHub.Services.WebApi.VssHttpClientBase.SendAsync(HttpRequestMessage message, HttpCompletionOption completionOption, Object userState, CancellationToken cancellationToken)
   at GitHub.Services.WebApi.VssHttpClientBase.SendAsync[T](HttpRequestMessage message, Object userState, CancellationToken cancellationToken)
   at GitHub.Services.Location.Client.LocationHttpClient.GetConnectionDataAsync(ConnectOptions connectOptions, Int64 lastChangeId, CancellationToken cancellationToken, Object userState)
   at GitHub.Services.WebApi.Location.VssServerDataProvider.GetConnectionDataAsync(ConnectOptions connectOptions, Int32 lastChangeId, CancellationToken cancellationToken)
   at GitHub.Services.WebApi.Location.VssServerDataProvider.ConnectAsync(ConnectOptions connectOptions, CancellationToken cancellationToken)
   at GitHub.Runner.Common.RunnerService.EstablishVssConnection(Uri serverUrl, VssCredentials credentials, TimeSpan timeout)
[2025-09-16 08:33:00Z ERR  GitHubActionsService] GET request to https://pipelinesghubeus6.actions.githubusercontent.com/hKyNd5hzQTjPqVOxuFp9CyJ2tMUr8ytJJ9FfsFju3bqhBGI0lq/_apis/connectionData?connectOptions=1&lastChangeId=258625537&lastChangeId64=258625537 failed. HTTP Status: NotFound
[2025-09-16 08:33:00Z INFO GitHubActionsService] Finished operation Location.GetConnectionData
[2025-09-16 08:33:00Z INFO RunnerServer] Catch exception during connect. 3 attempt left.
[2025-09-16 08:33:00Z ERR  RunnerServer] GitHub.Services.WebApi.VssServiceResponseException: The resource cannot be found.
   at GitHub.Services.WebApi.VssHttpClientBase.HandleResponseAsync(HttpResponseMessage response, CancellationToken cancellationToken)
   at GitHub.Services.WebApi.VssHttpClientBase.SendAsync(HttpRequestMessage message, HttpCompletionOption completionOption, Object userState, CancellationToken cancellationToken)
   at GitHub.Services.WebApi.VssHttpClientBase.SendAsync[T](HttpRequestMessage message, Object userState, CancellationToken cancellationToken)
   at GitHub.Services.Location.Client.LocationHttpClient.GetConnectionDataAsync(ConnectOptions connectOptions, Int64 lastChangeId, CancellationToken cancellationToken, Object userState)
   at GitHub.Services.WebApi.Location.VssServerDataProvider.GetConnectionDataAsync(ConnectOptions connectOptions, Int32 lastChangeId, CancellationToken cancellationToken)
   at GitHub.Services.WebApi.Location.VssServerDataProvider.ConnectAsync(ConnectOptions connectOptions, CancellationToken cancellationToken)
   at GitHub.Runner.Common.RunnerService.EstablishVssConnection(Uri serverUrl, VssCredentials credentials, TimeSpan timeout)
[2025-09-16 08:33:00Z INFO GitHubActionsService] Starting operation Location.GetConnectionData
[2025-09-16 08:33:00Z INFO GitHubActionsService] Starting operation Location.GetConnectionData
[2025-09-16 08:33:00Z INFO GitHubActionsService] Starting operation Location.GetConnectionData
[2025-09-16 08:33:01Z ERR  GitHubActionsService] GET request to https://pipelinesghubeus6.actions.githubusercontent.com/hKyNd5hzQTjPqVOxuFp9CyJ2tMUr8ytJJ9FfsFju3bqhBGI0lq/_apis/connectionData?connectOptions=1&lastChangeId=258625537&lastChangeId64=258625537 failed. HTTP Status: NotFound
[2025-09-16 08:33:01Z INFO GitHubActionsService] Finished operation Location.GetConnectionData
[2025-09-16 08:33:01Z INFO RunnerServer] Catch exception during connect. 2 attempt left.
[2025-09-16 08:33:01Z ERR  RunnerServer] GitHub.Services.WebApi.VssServiceResponseException: The resource cannot be found.
   at GitHub.Services.WebApi.VssHttpClientBase.HandleResponseAsync(HttpResponseMessage response, CancellationToken cancellationToken)
   at GitHub.Services.WebApi.VssHttpClientBase.SendAsync(HttpRequestMessage message, HttpCompletionOption completionOption, Object userState, CancellationToken cancellationToken)
   at GitHub.Services.WebApi.VssHttpClientBase.SendAsync[T](HttpRequestMessage message, Object userState, CancellationToken cancellationToken)
   at GitHub.Services.Location.Client.LocationHttpClient.GetConnectionDataAsync(ConnectOptions connectOptions, Int64 lastChangeId, CancellationToken cancellationToken, Object userState)
   at GitHub.Services.WebApi.Location.VssServerDataProvider.GetConnectionDataAsync(ConnectOptions connectOptions, Int32 lastChangeId, CancellationToken cancellationToken)
   at GitHub.Services.WebApi.Location.VssServerDataProvider.ConnectAsync(ConnectOptions connectOptions, CancellationToken cancellationToken)
   at GitHub.Runner.Common.RunnerService.EstablishVssConnection(Uri serverUrl, VssCredentials credentials, TimeSpan timeout)
[2025-09-16 08:33:01Z ERR  GitHubActionsService] GET request to https://pipelinesghubeus6.actions.githubusercontent.com/hKyNd5hzQTjPqVOxuFp9CyJ2tMUr8ytJJ9FfsFju3bqhBGI0lq/_apis/connectionData?connectOptions=1&lastChangeId=258625537&lastChangeId64=258625537 failed. HTTP Status: NotFound
[2025-09-16 08:33:01Z INFO GitHubActionsService] Finished operation Location.GetConnectionData
[2025-09-16 08:33:01Z INFO RunnerServer] Catch exception during connect. 2 attempt left.
[2025-09-16 08:33:01Z ERR  RunnerServer] GitHub.Services.WebApi.VssServiceResponseException: The resource cannot be found.
   at GitHub.Services.WebApi.VssHttpClientBase.HandleResponseAsync(HttpResponseMessage response, CancellationToken cancellationToken)
   at GitHub.Services.WebApi.VssHttpClientBase.SendAsync(HttpRequestMessage message, HttpCompletionOption completionOption, Object userState, CancellationToken cancellationToken)
   at GitHub.Services.WebApi.VssHttpClientBase.SendAsync[T](HttpRequestMessage message, Object userState, CancellationToken cancellationToken)
   at GitHub.Services.Location.Client.LocationHttpClient.GetConnectionDataAsync(ConnectOptions connectOptions, Int64 lastChangeId, CancellationToken cancellationToken, Object userState)
   at GitHub.Services.WebApi.Location.VssServerDataProvider.GetConnectionDataAsync(ConnectOptions connectOptions, Int32 lastChangeId, CancellationToken cancellationToken)
   at GitHub.Services.WebApi.Location.VssServerDataProvider.ConnectAsync(ConnectOptions connectOptions, CancellationToken cancellationToken)
   at GitHub.Runner.Common.RunnerService.EstablishVssConnection(Uri serverUrl, VssCredentials credentials, TimeSpan timeout)
[2025-09-16 08:33:01Z ERR  GitHubActionsService] GET request to https://pipelinesghubeus6.actions.githubusercontent.com/hKyNd5hzQTjPqVOxuFp9CyJ2tMUr8ytJJ9FfsFju3bqhBGI0lq/_apis/connectionData?connectOptions=1&lastChangeId=258625537&lastChangeId64=258625537 failed. HTTP Status: NotFound
[2025-09-16 08:33:01Z INFO GitHubActionsService] Finished operation Location.GetConnectionData
[2025-09-16 08:33:01Z INFO RunnerServer] Catch exception during connect. 2 attempt left.
[2025-09-16 08:33:01Z ERR  RunnerServer] GitHub.Services.WebApi.VssServiceResponseException: The resource cannot be found.
   at GitHub.Services.WebApi.VssHttpClientBase.HandleResponseAsync(HttpResponseMessage response, CancellationToken cancellationToken)
   at GitHub.Services.WebApi.VssHttpClientBase.SendAsync(HttpRequestMessage message, HttpCompletionOption completionOption, Object userState, CancellationToken cancellationToken)
   at GitHub.Services.WebApi.VssHttpClientBase.SendAsync[T](HttpRequestMessage message, Object userState, CancellationToken cancellationToken)
   at GitHub.Services.Location.Client.LocationHttpClient.GetConnectionDataAsync(ConnectOptions connectOptions, Int64 lastChangeId, CancellationToken cancellationToken, Object userState)
   at GitHub.Services.WebApi.Location.VssServerDataProvider.GetConnectionDataAsync(ConnectOptions connectOptions, Int32 lastChangeId, CancellationToken cancellationToken)
   at GitHub.Services.WebApi.Location.VssServerDataProvider.ConnectAsync(ConnectOptions connectOptions, CancellationToken cancellationToken)
   at GitHub.Runner.Common.RunnerService.EstablishVssConnection(Uri serverUrl, VssCredentials credentials, TimeSpan timeout)
[2025-09-16 08:33:01Z INFO GitHubActionsService] Starting operation Location.GetConnectionData
[2025-09-16 08:33:01Z INFO GitHubActionsService] Starting operation Location.GetConnectionData
[2025-09-16 08:33:01Z INFO GitHubActionsService] Starting operation Location.GetConnectionData
[2025-09-16 08:33:02Z ERR  GitHubActionsService] GET request to https://pipelinesghubeus6.actions.githubusercontent.com/hKyNd5hzQTjPqVOxuFp9CyJ2tMUr8ytJJ9FfsFju3bqhBGI0lq/_apis/connectionData?connectOptions=1&lastChangeId=258625537&lastChangeId64=258625537 failed. HTTP Status: NotFound
[2025-09-16 08:33:02Z INFO GitHubActionsService] Finished operation Location.GetConnectionData
[2025-09-16 08:33:02Z INFO RunnerServer] Catch exception during connect. 1 attempt left.
[2025-09-16 08:33:02Z ERR  RunnerServer] GitHub.Services.WebApi.VssServiceResponseException: The resource cannot be found.
   at GitHub.Services.WebApi.VssHttpClientBase.HandleResponseAsync(HttpResponseMessage response, CancellationToken cancellationToken)
   at GitHub.Services.WebApi.VssHttpClientBase.SendAsync(HttpRequestMessage message, HttpCompletionOption completionOption, Object userState, CancellationToken cancellationToken)
   at GitHub.Services.WebApi.VssHttpClientBase.SendAsync[T](HttpRequestMessage message, Object userState, CancellationToken cancellationToken)
   at GitHub.Services.Location.Client.LocationHttpClient.GetConnectionDataAsync(ConnectOptions connectOptions, Int64 lastChangeId, CancellationToken cancellationToken, Object userState)
   at GitHub.Services.WebApi.Location.VssServerDataProvider.GetConnectionDataAsync(ConnectOptions connectOptions, Int32 lastChangeId, CancellationToken cancellationToken)
   at GitHub.Services.WebApi.Location.VssServerDataProvider.ConnectAsync(ConnectOptions connectOptions, CancellationToken cancellationToken)
   at GitHub.Runner.Common.RunnerService.EstablishVssConnection(Uri serverUrl, VssCredentials credentials, TimeSpan timeout)
[2025-09-16 08:33:02Z ERR  GitHubActionsService] GET request to https://pipelinesghubeus6.actions.githubusercontent.com/hKyNd5hzQTjPqVOxuFp9CyJ2tMUr8ytJJ9FfsFju3bqhBGI0lq/_apis/connectionData?connectOptions=1&lastChangeId=258625537&lastChangeId64=258625537 failed. HTTP Status: NotFound
[2025-09-16 08:33:02Z INFO GitHubActionsService] Finished operation Location.GetConnectionData
[2025-09-16 08:33:02Z INFO RunnerServer] Catch exception during connect. 1 attempt left.
[2025-09-16 08:33:02Z ERR  RunnerServer] GitHub.Services.WebApi.VssServiceResponseException: The resource cannot be found.
   at GitHub.Services.WebApi.VssHttpClientBase.HandleResponseAsync(HttpResponseMessage response, CancellationToken cancellationToken)
   at GitHub.Services.WebApi.VssHttpClientBase.SendAsync(HttpRequestMessage message, HttpCompletionOption completionOption, Object userState, CancellationToken cancellationToken)
   at GitHub.Services.WebApi.VssHttpClientBase.SendAsync[T](HttpRequestMessage message, Object userState, CancellationToken cancellationToken)
   at GitHub.Services.Location.Client.LocationHttpClient.GetConnectionDataAsync(ConnectOptions connectOptions, Int64 lastChangeId, CancellationToken cancellationToken, Object userState)
   at GitHub.Services.WebApi.Location.VssServerDataProvider.GetConnectionDataAsync(ConnectOptions connectOptions, Int32 lastChangeId, CancellationToken cancellationToken)
   at GitHub.Services.WebApi.Location.VssServerDataProvider.ConnectAsync(ConnectOptions connectOptions, CancellationToken cancellationToken)
   at GitHub.Runner.Common.RunnerService.EstablishVssConnection(Uri serverUrl, VssCredentials credentials, TimeSpan timeout)
[2025-09-16 08:33:02Z ERR  GitHubActionsService] GET request to https://pipelinesghubeus6.actions.githubusercontent.com/hKyNd5hzQTjPqVOxuFp9CyJ2tMUr8ytJJ9FfsFju3bqhBGI0lq/_apis/connectionData?connectOptions=1&lastChangeId=258625537&lastChangeId64=258625537 failed. HTTP Status: NotFound
[2025-09-16 08:33:02Z INFO GitHubActionsService] Finished operation Location.GetConnectionData
[2025-09-16 08:33:02Z INFO RunnerServer] Catch exception during connect. 1 attempt left.
[2025-09-16 08:33:02Z ERR  RunnerServer] GitHub.Services.WebApi.VssServiceResponseException: The resource cannot be found.
   at GitHub.Services.WebApi.VssHttpClientBase.HandleResponseAsync(HttpResponseMessage response, CancellationToken cancellationToken)
   at GitHub.Services.WebApi.VssHttpClientBase.SendAsync(HttpRequestMessage message, HttpCompletionOption completionOption, Object userState, CancellationToken cancellationToken)
   at GitHub.Services.WebApi.VssHttpClientBase.SendAsync[T](HttpRequestMessage message, Object userState, CancellationToken cancellationToken)
   at GitHub.Services.Location.Client.LocationHttpClient.GetConnectionDataAsync(ConnectOptions connectOptions, Int64 lastChangeId, CancellationToken cancellationToken, Object userState)
   at GitHub.Services.WebApi.Location.VssServerDataProvider.GetConnectionDataAsync(ConnectOptions connectOptions, Int32 lastChangeId, CancellationToken cancellationToken)
   at GitHub.Services.WebApi.Location.VssServerDataProvider.ConnectAsync(ConnectOptions connectOptions, CancellationToken cancellationToken)
   at GitHub.Runner.Common.RunnerService.EstablishVssConnection(Uri serverUrl, VssCredentials credentials, TimeSpan timeout)
[2025-09-16 08:33:02Z INFO GitHubActionsService] Starting operation Location.GetConnectionData
[2025-09-16 08:33:02Z INFO GitHubActionsService] Starting operation Location.GetConnectionData
[2025-09-16 08:33:02Z INFO GitHubActionsService] Starting operation Location.GetConnectionData
[2025-09-16 08:33:03Z ERR  GitHubActionsService] GET request to https://pipelinesghubeus6.actions.githubusercontent.com/hKyNd5hzQTjPqVOxuFp9CyJ2tMUr8ytJJ9FfsFju3bqhBGI0lq/_apis/connectionData?connectOptions=1&lastChangeId=258625537&lastChangeId64=258625537 failed. HTTP Status: NotFound
[2025-09-16 08:33:03Z INFO GitHubActionsService] Finished operation Location.GetConnectionData
[2025-09-16 08:33:03Z ERR  GitHubActionsService] GET request to https://pipelinesghubeus6.actions.githubusercontent.com/hKyNd5hzQTjPqVOxuFp9CyJ2tMUr8ytJJ9FfsFju3bqhBGI0lq/_apis/connectionData?connectOptions=1&lastChangeId=258625537&lastChangeId64=258625537 failed. HTTP Status: NotFound
[2025-09-16 08:33:03Z INFO GitHubActionsService] Finished operation Location.GetConnectionData
[2025-09-16 08:33:03Z ERR  GitHubActionsService] GET request to https://pipelinesghubeus6.actions.githubusercontent.com/hKyNd5hzQTjPqVOxuFp9CyJ2tMUr8ytJJ9FfsFju3bqhBGI0lq/_apis/connectionData?connectOptions=1&lastChangeId=258625537&lastChangeId64=258625537 failed. HTTP Status: NotFound
[2025-09-16 08:33:03Z INFO GitHubActionsService] Finished operation Location.GetConnectionData
[2025-09-16 08:33:03Z ERR  BrokerMessageListener] Catch exception during create session.
[2025-09-16 08:33:03Z ERR  BrokerMessageListener] GitHub.Services.WebApi.VssServiceResponseException: The resource cannot be found.
   at GitHub.Services.WebApi.VssHttpClientBase.HandleResponseAsync(HttpResponseMessage response, CancellationToken cancellationToken)
   at GitHub.Services.WebApi.VssHttpClientBase.SendAsync(HttpRequestMessage message, HttpCompletionOption completionOption, Object userState, CancellationToken cancellationToken)
   at GitHub.Services.WebApi.VssHttpClientBase.SendAsync[T](HttpRequestMessage message, Object userState, CancellationToken cancellationToken)
   at GitHub.Services.Location.Client.LocationHttpClient.GetConnectionDataAsync(ConnectOptions connectOptions, Int64 lastChangeId, CancellationToken cancellationToken, Object userState)
   at GitHub.Services.WebApi.Location.VssServerDataProvider.GetConnectionDataAsync(ConnectOptions connectOptions, Int32 lastChangeId, CancellationToken cancellationToken)
   at GitHub.Services.WebApi.Location.VssServerDataProvider.ConnectAsync(ConnectOptions connectOptions, CancellationToken cancellationToken)
   at GitHub.Runner.Common.RunnerService.EstablishVssConnection(Uri serverUrl, VssCredentials credentials, TimeSpan timeout)
   at GitHub.Runner.Common.RunnerServer.ConnectAsync(Uri serverUrl, VssCredentials credentials)
   at GitHub.Runner.Listener.BrokerMessageListener.CreateSessionAsync(CancellationToken token)
[2025-09-16 08:33:03Z INFO BrokerMessageListener] Retriable exception: The resource cannot be found.
[2025-09-16 08:33:03Z INFO BrokerMessageListener] Sleeping for 30 seconds before retrying.
[2025-09-16 08:33:33Z INFO BrokerMessageListener] Attempt to create session.
[2025-09-16 08:33:33Z INFO BrokerMessageListener] Connecting to the Broker Server...
[2025-09-16 08:33:33Z INFO ConfigurationStore] HasCredentials()
[2025-09-16 08:33:33Z INFO ConfigurationStore] stored True
[2025-09-16 08:33:33Z INFO CredentialManager] GetCredentialProvider
[2025-09-16 08:33:33Z INFO CredentialManager] Creating type OAuth
[2025-09-16 08:33:33Z INFO CredentialManager] Creating credential type: OAuth
[2025-09-16 08:33:33Z INFO RSAEncryptedFileKeyManager] Loading RSA key parameters from file G:\Brunella\actions-runner\.credentials_rsaparams
[2025-09-16 08:33:33Z INFO BrokerMessageListener] VssConnection created
[2025-09-16 08:33:33Z INFO BrokerMessageListener] Connecting to the Runner server...
[2025-09-16 08:33:33Z INFO RunnerServer] EstablishVssConnection
[2025-09-16 08:33:33Z INFO RunnerServer] Establish connection with 100 seconds timeout.
[2025-09-16 08:33:33Z INFO GitHubActionsService] Starting operation Location.GetConnectionData
[2025-09-16 08:33:33Z INFO RunnerServer] EstablishVssConnection
[2025-09-16 08:33:33Z INFO RunnerServer] Establish connection with 60 seconds timeout.
[2025-09-16 08:33:33Z INFO GitHubActionsService] Starting operation Location.GetConnectionData
[2025-09-16 08:33:33Z INFO RunnerServer] EstablishVssConnection
[2025-09-16 08:33:33Z INFO RunnerServer] Establish connection with 60 seconds timeout.
[2025-09-16 08:33:33Z INFO GitHubActionsService] Starting operation Location.GetConnectionData
[2025-09-16 08:33:33Z ERR  GitHubActionsService] GET request to https://pipelinesghubeus6.actions.githubusercontent.com/hKyNd5hzQTjPqVOxuFp9CyJ2tMUr8ytJJ9FfsFju3bqhBGI0lq/_apis/connectionData?connectOptions=1&lastChangeId=258625537&lastChangeId64=258625537 failed. HTTP Status: NotFound
[2025-09-16 08:33:33Z INFO GitHubActionsService] Finished operation Location.GetConnectionData
[2025-09-16 08:33:33Z INFO RunnerServer] Catch exception during connect. 4 attempt left.
[2025-09-16 08:33:33Z ERR  RunnerServer] GitHub.Services.WebApi.VssServiceResponseException: The resource cannot be found.
   at GitHub.Services.WebApi.VssHttpClientBase.HandleResponseAsync(HttpResponseMessage response, CancellationToken cancellationToken)
   at GitHub.Services.WebApi.VssHttpClientBase.SendAsync(HttpRequestMessage message, HttpCompletionOption completionOption, Object userState, CancellationToken cancellationToken)
   at GitHub.Services.WebApi.VssHttpClientBase.SendAsync[T](HttpRequestMessage message, Object userState, CancellationToken cancellationToken)
   at GitHub.Services.Location.Client.LocationHttpClient.GetConnectionDataAsync(ConnectOptions connectOptions, Int64 lastChangeId, CancellationToken cancellationToken, Object userState)
   at GitHub.Services.WebApi.Location.VssServerDataProvider.GetConnectionDataAsync(ConnectOptions connectOptions, Int32 lastChangeId, CancellationToken cancellationToken)
   at GitHub.Services.WebApi.Location.VssServerDataProvider.ConnectAsync(ConnectOptions connectOptions, CancellationToken cancellationToken)
   at GitHub.Runner.Common.RunnerService.EstablishVssConnection(Uri serverUrl, VssCredentials credentials, TimeSpan timeout)
[2025-09-16 08:33:33Z INFO GitHubActionsService] Starting operation Location.GetConnectionData
[2025-09-16 08:33:33Z ERR  GitHubActionsService] GET request to https://pipelinesghubeus6.actions.githubusercontent.com/hKyNd5hzQTjPqVOxuFp9CyJ2tMUr8ytJJ9FfsFju3bqhBGI0lq/_apis/connectionData?connectOptions=1&lastChangeId=258625537&lastChangeId64=258625537 failed. HTTP Status: NotFound
[2025-09-16 08:33:33Z INFO GitHubActionsService] Finished operation Location.GetConnectionData
[2025-09-16 08:33:33Z INFO RunnerServer] Catch exception during connect. 4 attempt left.
[2025-09-16 08:33:33Z ERR  RunnerServer] GitHub.Services.WebApi.VssServiceResponseException: The resource cannot be found.
   at GitHub.Services.WebApi.VssHttpClientBase.HandleResponseAsync(HttpResponseMessage response, CancellationToken cancellationToken)
   at GitHub.Services.WebApi.VssHttpClientBase.SendAsync(HttpRequestMessage message, HttpCompletionOption completionOption, Object userState, CancellationToken cancellationToken)
   at GitHub.Services.WebApi.VssHttpClientBase.SendAsync[T](HttpRequestMessage message, Object userState, CancellationToken cancellationToken)
   at GitHub.Services.Location.Client.LocationHttpClient.GetConnectionDataAsync(ConnectOptions connectOptions, Int64 lastChangeId, CancellationToken cancellationToken, Object userState)
   at GitHub.Services.WebApi.Location.VssServerDataProvider.GetConnectionDataAsync(ConnectOptions connectOptions, Int32 lastChangeId, CancellationToken cancellationToken)
   at GitHub.Services.WebApi.Location.VssServerDataProvider.ConnectAsync(ConnectOptions connectOptions, CancellationToken cancellationToken)
   at GitHub.Runner.Common.RunnerService.EstablishVssConnection(Uri serverUrl, VssCredentials credentials, TimeSpan timeout)
[2025-09-16 08:33:33Z ERR  GitHubActionsService] GET request to https://pipelinesghubeus6.actions.githubusercontent.com/hKyNd5hzQTjPqVOxuFp9CyJ2tMUr8ytJJ9FfsFju3bqhBGI0lq/_apis/connectionData?connectOptions=1&lastChangeId=258625537&lastChangeId64=258625537 failed. HTTP Status: NotFound
[2025-09-16 08:33:33Z INFO GitHubActionsService] Finished operation Location.GetConnectionData
[2025-09-16 08:33:33Z INFO RunnerServer] Catch exception during connect. 4 attempt left.
[2025-09-16 08:33:33Z ERR  RunnerServer] GitHub.Services.WebApi.VssServiceResponseException: The resource cannot be found.
   at GitHub.Services.WebApi.VssHttpClientBase.HandleResponseAsync(HttpResponseMessage response, CancellationToken cancellationToken)
   at GitHub.Services.WebApi.VssHttpClientBase.SendAsync(HttpRequestMessage message, HttpCompletionOption completionOption, Object userState, CancellationToken cancellationToken)
   at GitHub.Services.WebApi.VssHttpClientBase.SendAsync[T](HttpRequestMessage message, Object userState, CancellationToken cancellationToken)
   at GitHub.Services.Location.Client.LocationHttpClient.GetConnectionDataAsync(ConnectOptions connectOptions, Int64 lastChangeId, CancellationToken cancellationToken, Object userState)
   at GitHub.Services.WebApi.Location.VssServerDataProvider.GetConnectionDataAsync(ConnectOptions connectOptions, Int32 lastChangeId, CancellationToken cancellationToken)
   at GitHub.Services.WebApi.Location.VssServerDataProvider.ConnectAsync(ConnectOptions connectOptions, CancellationToken cancellationToken)
   at GitHub.Runner.Common.RunnerService.EstablishVssConnection(Uri serverUrl, VssCredentials credentials, TimeSpan timeout)
[2025-09-16 08:33:34Z INFO GitHubActionsService] Starting operation Location.GetConnectionData
[2025-09-16 08:33:34Z INFO GitHubActionsService] Starting operation Location.GetConnectionData
[2025-09-16 08:33:34Z ERR  GitHubActionsService] GET request to https://pipelinesghubeus6.actions.githubusercontent.com/hKyNd5hzQTjPqVOxuFp9CyJ2tMUr8ytJJ9FfsFju3bqhBGI0lq/_apis/connectionData?connectOptions=1&lastChangeId=258625537&lastChangeId64=258625537 failed. HTTP Status: NotFound
[2025-09-16 08:33:34Z INFO GitHubActionsService] Finished operation Location.GetConnectionData
[2025-09-16 08:33:34Z INFO RunnerServer] Catch exception during connect. 3 attempt left.
[2025-09-16 08:33:34Z ERR  RunnerServer] GitHub.Services.WebApi.VssServiceResponseException: The resource cannot be found.
   at GitHub.Services.WebApi.VssHttpClientBase.HandleResponseAsync(HttpResponseMessage response, CancellationToken cancellationToken)
   at GitHub.Services.WebApi.VssHttpClientBase.SendAsync(HttpRequestMessage message, HttpCompletionOption completionOption, Object userState, CancellationToken cancellationToken)
   at GitHub.Services.WebApi.VssHttpClientBase.SendAsync[T](HttpRequestMessage message, Object userState, CancellationToken cancellationToken)
   at GitHub.Services.Location.Client.LocationHttpClient.GetConnectionDataAsync(ConnectOptions connectOptions, Int64 lastChangeId, CancellationToken cancellationToken, Object userState)
   at GitHub.Services.WebApi.Location.VssServerDataProvider.GetConnectionDataAsync(ConnectOptions connectOptions, Int32 lastChangeId, CancellationToken cancellationToken)
   at GitHub.Services.WebApi.Location.VssServerDataProvider.ConnectAsync(ConnectOptions connectOptions, CancellationToken cancellationToken)
   at GitHub.Runner.Common.RunnerService.EstablishVssConnection(Uri serverUrl, VssCredentials credentials, TimeSpan timeout)
[2025-09-16 08:33:34Z ERR  GitHubActionsService] GET request to https://pipelinesghubeus6.actions.githubusercontent.com/hKyNd5hzQTjPqVOxuFp9CyJ2tMUr8ytJJ9FfsFju3bqhBGI0lq/_apis/connectionData?connectOptions=1&lastChangeId=258625537&lastChangeId64=258625537 failed. HTTP Status: NotFound
[2025-09-16 08:33:34Z INFO GitHubActionsService] Finished operation Location.GetConnectionData
[2025-09-16 08:33:34Z INFO RunnerServer] Catch exception during connect. 3 attempt left.
[2025-09-16 08:33:34Z ERR  RunnerServer] GitHub.Services.WebApi.VssServiceResponseException: The resource cannot be found.
   at GitHub.Services.WebApi.VssHttpClientBase.HandleResponseAsync(HttpResponseMessage response, CancellationToken cancellationToken)
   at GitHub.Services.WebApi.VssHttpClientBase.SendAsync(HttpRequestMessage message, HttpCompletionOption completionOption, Object userState, CancellationToken cancellationToken)
   at GitHub.Services.WebApi.VssHttpClientBase.SendAsync[T](HttpRequestMessage message, Object userState, CancellationToken cancellationToken)
   at GitHub.Services.Location.Client.LocationHttpClient.GetConnectionDataAsync(ConnectOptions connectOptions, Int64 lastChangeId, CancellationToken cancellationToken, Object userState)
   at GitHub.Services.WebApi.Location.VssServerDataProvider.GetConnectionDataAsync(ConnectOptions connectOptions, Int32 lastChangeId, CancellationToken cancellationToken)
   at GitHub.Services.WebApi.Location.VssServerDataProvider.ConnectAsync(ConnectOptions connectOptions, CancellationToken cancellationToken)
   at GitHub.Runner.Common.RunnerService.EstablishVssConnection(Uri serverUrl, VssCredentials credentials, TimeSpan timeout)
[2025-09-16 08:33:34Z INFO GitHubActionsService] Starting operation Location.GetConnectionData
[2025-09-16 08:33:34Z INFO GitHubActionsService] Starting operation Location.GetConnectionData
[2025-09-16 08:33:34Z ERR  GitHubActionsService] GET request to https://pipelinesghubeus6.actions.githubusercontent.com/hKyNd5hzQTjPqVOxuFp9CyJ2tMUr8ytJJ9FfsFju3bqhBGI0lq/_apis/connectionData?connectOptions=1&lastChangeId=258625537&lastChangeId64=258625537 failed. HTTP Status: NotFound
[2025-09-16 08:33:34Z INFO GitHubActionsService] Finished operation Location.GetConnectionData
[2025-09-16 08:33:34Z INFO RunnerServer] Catch exception during connect. 3 attempt left.
[2025-09-16 08:33:34Z ERR  RunnerServer] GitHub.Services.WebApi.VssServiceResponseException: The resource cannot be found.
   at GitHub.Services.WebApi.VssHttpClientBase.HandleResponseAsync(HttpResponseMessage response, CancellationToken cancellationToken)
   at GitHub.Services.WebApi.VssHttpClientBase.SendAsync(HttpRequestMessage message, HttpCompletionOption completionOption, Object userState, CancellationToken cancellationToken)
   at GitHub.Services.WebApi.VssHttpClientBase.SendAsync[T](HttpRequestMessage message, Object userState, CancellationToken cancellationToken)
   at GitHub.Services.Location.Client.LocationHttpClient.GetConnectionDataAsync(ConnectOptions connectOptions, Int64 lastChangeId, CancellationToken cancellationToken, Object userState)
   at GitHub.Services.WebApi.Location.VssServerDataProvider.GetConnectionDataAsync(ConnectOptions connectOptions, Int32 lastChangeId, CancellationToken cancellationToken)
   at GitHub.Services.WebApi.Location.VssServerDataProvider.ConnectAsync(ConnectOptions connectOptions, CancellationToken cancellationToken)
   at GitHub.Runner.Common.RunnerService.EstablishVssConnection(Uri serverUrl, VssCredentials credentials, TimeSpan timeout)
[2025-09-16 08:33:34Z INFO GitHubActionsService] Starting operation Location.GetConnectionData
[2025-09-16 08:33:35Z ERR  GitHubActionsService] GET request to https://pipelinesghubeus6.actions.githubusercontent.com/hKyNd5hzQTjPqVOxuFp9CyJ2tMUr8ytJJ9FfsFju3bqhBGI0lq/_apis/connectionData?connectOptions=1&lastChangeId=258625537&lastChangeId64=258625537 failed. HTTP Status: NotFound
[2025-09-16 08:33:35Z INFO GitHubActionsService] Finished operation Location.GetConnectionData
[2025-09-16 08:33:35Z INFO RunnerServer] Catch exception during connect. 2 attempt left.
[2025-09-16 08:33:35Z ERR  RunnerServer] GitHub.Services.WebApi.VssServiceResponseException: The resource cannot be found.
   at GitHub.Services.WebApi.VssHttpClientBase.HandleResponseAsync(HttpResponseMessage response, CancellationToken cancellationToken)
   at GitHub.Services.WebApi.VssHttpClientBase.SendAsync(HttpRequestMessage message, HttpCompletionOption completionOption, Object userState, CancellationToken cancellationToken)
   at GitHub.Services.WebApi.VssHttpClientBase.SendAsync[T](HttpRequestMessage message, Object userState, CancellationToken cancellationToken)
   at GitHub.Services.Location.Client.LocationHttpClient.GetConnectionDataAsync(ConnectOptions connectOptions, Int64 lastChangeId, CancellationToken cancellationToken, Object userState)
   at GitHub.Services.WebApi.Location.VssServerDataProvider.GetConnectionDataAsync(ConnectOptions connectOptions, Int32 lastChangeId, CancellationToken cancellationToken)
   at GitHub.Services.WebApi.Location.VssServerDataProvider.ConnectAsync(ConnectOptions connectOptions, CancellationToken cancellationToken)
   at GitHub.Runner.Common.RunnerService.EstablishVssConnection(Uri serverUrl, VssCredentials credentials, TimeSpan timeout)
[2025-09-16 08:33:35Z ERR  GitHubActionsService] GET request to https://pipelinesghubeus6.actions.githubusercontent.com/hKyNd5hzQTjPqVOxuFp9CyJ2tMUr8ytJJ9FfsFju3bqhBGI0lq/_apis/connectionData?connectOptions=1&lastChangeId=258625537&lastChangeId64=258625537 failed. HTTP Status: NotFound
[2025-09-16 08:33:35Z INFO GitHubActionsService] Finished operation Location.GetConnectionData
[2025-09-16 08:33:35Z INFO RunnerServer] Catch exception during connect. 2 attempt left.
[2025-09-16 08:33:35Z ERR  RunnerServer] GitHub.Services.WebApi.VssServiceResponseException: The resource cannot be found.
   at GitHub.Services.WebApi.VssHttpClientBase.HandleResponseAsync(HttpResponseMessage response, CancellationToken cancellationToken)
   at GitHub.Services.WebApi.VssHttpClientBase.SendAsync(HttpRequestMessage message, HttpCompletionOption completionOption, Object userState, CancellationToken cancellationToken)
   at GitHub.Services.WebApi.VssHttpClientBase.SendAsync[T](HttpRequestMessage message, Object userState, CancellationToken cancellationToken)
   at GitHub.Services.Location.Client.LocationHttpClient.GetConnectionDataAsync(ConnectOptions connectOptions, Int64 lastChangeId, CancellationToken cancellationToken, Object userState)
   at GitHub.Services.WebApi.Location.VssServerDataProvider.GetConnectionDataAsync(ConnectOptions connectOptions, Int32 lastChangeId, CancellationToken cancellationToken)
   at GitHub.Services.WebApi.Location.VssServerDataProvider.ConnectAsync(ConnectOptions connectOptions, CancellationToken cancellationToken)
   at GitHub.Runner.Common.RunnerService.EstablishVssConnection(Uri serverUrl, VssCredentials credentials, TimeSpan timeout)
[2025-09-16 08:33:35Z INFO GitHubActionsService] Starting operation Location.GetConnectionData
[2025-09-16 08:33:35Z ERR  GitHubActionsService] GET request to https://pipelinesghubeus6.actions.githubusercontent.com/hKyNd5hzQTjPqVOxuFp9CyJ2tMUr8ytJJ9FfsFju3bqhBGI0lq/_apis/connectionData?connectOptions=1&lastChangeId=258625537&lastChangeId64=258625537 failed. HTTP Status: NotFound
[2025-09-16 08:33:35Z INFO GitHubActionsService] Finished operation Location.GetConnectionData
[2025-09-16 08:33:35Z INFO RunnerServer] Catch exception during connect. 2 attempt left.
[2025-09-16 08:33:35Z ERR  RunnerServer] GitHub.Services.WebApi.VssServiceResponseException: The resource cannot be found.
   at GitHub.Services.WebApi.VssHttpClientBase.HandleResponseAsync(HttpResponseMessage response, CancellationToken cancellationToken)
   at GitHub.Services.WebApi.VssHttpClientBase.SendAsync(HttpRequestMessage message, HttpCompletionOption completionOption, Object userState, CancellationToken cancellationToken)
   at GitHub.Services.WebApi.VssHttpClientBase.SendAsync[T](HttpRequestMessage message, Object userState, CancellationToken cancellationToken)
   at GitHub.Services.Location.Client.LocationHttpClient.GetConnectionDataAsync(ConnectOptions connectOptions, Int64 lastChangeId, CancellationToken cancellationToken, Object userState)
   at GitHub.Services.WebApi.Location.VssServerDataProvider.GetConnectionDataAsync(ConnectOptions connectOptions, Int32 lastChangeId, CancellationToken cancellationToken)
   at GitHub.Services.WebApi.Location.VssServerDataProvider.ConnectAsync(ConnectOptions connectOptions, CancellationToken cancellationToken)
   at GitHub.Runner.Common.RunnerService.EstablishVssConnection(Uri serverUrl, VssCredentials credentials, TimeSpan timeout)
[2025-09-16 08:33:35Z INFO GitHubActionsService] Starting operation Location.GetConnectionData
[2025-09-16 08:33:35Z INFO GitHubActionsService] Starting operation Location.GetConnectionData
[2025-09-16 08:33:36Z ERR  GitHubActionsService] GET request to https://pipelinesghubeus6.actions.githubusercontent.com/hKyNd5hzQTjPqVOxuFp9CyJ2tMUr8ytJJ9FfsFju3bqhBGI0lq/_apis/connectionData?connectOptions=1&lastChangeId=258625537&lastChangeId64=258625537 failed. HTTP Status: NotFound
[2025-09-16 08:33:36Z INFO GitHubActionsService] Finished operation Location.GetConnectionData
[2025-09-16 08:33:36Z INFO RunnerServer] Catch exception during connect. 1 attempt left.
[2025-09-16 08:33:36Z ERR  RunnerServer] GitHub.Services.WebApi.VssServiceResponseException: The resource cannot be found.
   at GitHub.Services.WebApi.VssHttpClientBase.HandleResponseAsync(HttpResponseMessage response, CancellationToken cancellationToken)
   at GitHub.Services.WebApi.VssHttpClientBase.SendAsync(HttpRequestMessage message, HttpCompletionOption completionOption, Object userState, CancellationToken cancellationToken)
   at GitHub.Services.WebApi.VssHttpClientBase.SendAsync[T](HttpRequestMessage message, Object userState, CancellationToken cancellationToken)
   at GitHub.Services.Location.Client.LocationHttpClient.GetConnectionDataAsync(ConnectOptions connectOptions, Int64 lastChangeId, CancellationToken cancellationToken, Object userState)
   at GitHub.Services.WebApi.Location.VssServerDataProvider.GetConnectionDataAsync(ConnectOptions connectOptions, Int32 lastChangeId, CancellationToken cancellationToken)
   at GitHub.Services.WebApi.Location.VssServerDataProvider.ConnectAsync(ConnectOptions connectOptions, CancellationToken cancellationToken)
   at GitHub.Runner.Common.RunnerService.EstablishVssConnection(Uri serverUrl, VssCredentials credentials, TimeSpan timeout)
[2025-09-16 08:33:36Z ERR  GitHubActionsService] GET request to https://pipelinesghubeus6.actions.githubusercontent.com/hKyNd5hzQTjPqVOxuFp9CyJ2tMUr8ytJJ9FfsFju3bqhBGI0lq/_apis/connectionData?connectOptions=1&lastChangeId=258625537&lastChangeId64=258625537 failed. HTTP Status: NotFound
[2025-09-16 08:33:36Z INFO GitHubActionsService] Finished operation Location.GetConnectionData
[2025-09-16 08:33:36Z INFO RunnerServer] Catch exception during connect. 1 attempt left.
[2025-09-16 08:33:36Z ERR  RunnerServer] GitHub.Services.WebApi.VssServiceResponseException: The resource cannot be found.
   at GitHub.Services.WebApi.VssHttpClientBase.HandleResponseAsync(HttpResponseMessage response, CancellationToken cancellationToken)
   at GitHub.Services.WebApi.VssHttpClientBase.SendAsync(HttpRequestMessage message, HttpCompletionOption completionOption, Object userState, CancellationToken cancellationToken)
   at GitHub.Services.WebApi.VssHttpClientBase.SendAsync[T](HttpRequestMessage message, Object userState, CancellationToken cancellationToken)
   at GitHub.Services.Location.Client.LocationHttpClient.GetConnectionDataAsync(ConnectOptions connectOptions, Int64 lastChangeId, CancellationToken cancellationToken, Object userState)
   at GitHub.Services.WebApi.Location.VssServerDataProvider.GetConnectionDataAsync(ConnectOptions connectOptions, Int32 lastChangeId, CancellationToken cancellationToken)
   at GitHub.Services.WebApi.Location.VssServerDataProvider.ConnectAsync(ConnectOptions connectOptions, CancellationToken cancellationToken)
   at GitHub.Runner.Common.RunnerService.EstablishVssConnection(Uri serverUrl, VssCredentials credentials, TimeSpan timeout)
[2025-09-16 08:33:36Z INFO GitHubActionsService] Starting operation Location.GetConnectionData
[2025-09-16 08:33:36Z ERR  GitHubActionsService] GET request to https://pipelinesghubeus6.actions.githubusercontent.com/hKyNd5hzQTjPqVOxuFp9CyJ2tMUr8ytJJ9FfsFju3bqhBGI0lq/_apis/connectionData?connectOptions=1&lastChangeId=258625537&lastChangeId64=258625537 failed. HTTP Status: NotFound
[2025-09-16 08:33:36Z INFO GitHubActionsService] Finished operation Location.GetConnectionData
[2025-09-16 08:33:36Z INFO RunnerServer] Catch exception during connect. 1 attempt left.
[2025-09-16 08:33:36Z ERR  RunnerServer] GitHub.Services.WebApi.VssServiceResponseException: The resource cannot be found.
   at GitHub.Services.WebApi.VssHttpClientBase.HandleResponseAsync(HttpResponseMessage response, CancellationToken cancellationToken)
   at GitHub.Services.WebApi.VssHttpClientBase.SendAsync(HttpRequestMessage message, HttpCompletionOption completionOption, Object userState, CancellationToken cancellationToken)
   at GitHub.Services.WebApi.VssHttpClientBase.SendAsync[T](HttpRequestMessage message, Object userState, CancellationToken cancellationToken)
   at GitHub.Services.Location.Client.LocationHttpClient.GetConnectionDataAsync(ConnectOptions connectOptions, Int64 lastChangeId, CancellationToken cancellationToken, Object userState)
   at GitHub.Services.WebApi.Location.VssServerDataProvider.GetConnectionDataAsync(ConnectOptions connectOptions, Int32 lastChangeId, CancellationToken cancellationToken)
   at GitHub.Services.WebApi.Location.VssServerDataProvider.ConnectAsync(ConnectOptions connectOptions, CancellationToken cancellationToken)
   at GitHub.Runner.Common.RunnerService.EstablishVssConnection(Uri serverUrl, VssCredentials credentials, TimeSpan timeout)
[2025-09-16 08:33:36Z INFO GitHubActionsService] Starting operation Location.GetConnectionData
[2025-09-16 08:33:36Z INFO GitHubActionsService] Starting operation Location.GetConnectionData
[2025-09-16 08:33:36Z ERR  GitHubActionsService] GET request to https://pipelinesghubeus6.actions.githubusercontent.com/hKyNd5hzQTjPqVOxuFp9CyJ2tMUr8ytJJ9FfsFju3bqhBGI0lq/_apis/connectionData?connectOptions=1&lastChangeId=258625537&lastChangeId64=258625537 failed. HTTP Status: NotFound
[2025-09-16 08:33:36Z INFO GitHubActionsService] Finished operation Location.GetConnectionData
[2025-09-16 08:33:36Z ERR  GitHubActionsService] GET request to https://pipelinesghubeus6.actions.githubusercontent.com/hKyNd5hzQTjPqVOxuFp9CyJ2tMUr8ytJJ9FfsFju3bqhBGI0lq/_apis/connectionData?connectOptions=1&lastChangeId=258625537&lastChangeId64=258625537 failed. HTTP Status: NotFound
[2025-09-16 08:33:36Z INFO GitHubActionsService] Finished operation Location.GetConnectionData
[2025-09-16 08:33:37Z ERR  GitHubActionsService] GET request to https://pipelinesghubeus6.actions.githubusercontent.com/hKyNd5hzQTjPqVOxuFp9CyJ2tMUr8ytJJ9FfsFju3bqhBGI0lq/_apis/connectionData?connectOptions=1&lastChangeId=258625537&lastChangeId64=258625537 failed. HTTP Status: NotFound
[2025-09-16 08:33:37Z INFO GitHubActionsService] Finished operation Location.GetConnectionData
[2025-09-16 08:33:37Z ERR  BrokerMessageListener] Catch exception during create session.
[2025-09-16 08:33:37Z ERR  BrokerMessageListener] GitHub.Services.WebApi.VssServiceResponseException: The resource cannot be found.
   at GitHub.Services.WebApi.VssHttpClientBase.HandleResponseAsync(HttpResponseMessage response, CancellationToken cancellationToken)
   at GitHub.Services.WebApi.VssHttpClientBase.SendAsync(HttpRequestMessage message, HttpCompletionOption completionOption, Object userState, CancellationToken cancellationToken)
   at GitHub.Services.WebApi.VssHttpClientBase.SendAsync[T](HttpRequestMessage message, Object userState, CancellationToken cancellationToken)
   at GitHub.Services.Location.Client.LocationHttpClient.GetConnectionDataAsync(ConnectOptions connectOptions, Int64 lastChangeId, CancellationToken cancellationToken, Object userState)
   at GitHub.Services.WebApi.Location.VssServerDataProvider.GetConnectionDataAsync(ConnectOptions connectOptions, Int32 lastChangeId, CancellationToken cancellationToken)
   at GitHub.Services.WebApi.Location.VssServerDataProvider.ConnectAsync(ConnectOptions connectOptions, CancellationToken cancellationToken)
   at GitHub.Runner.Common.RunnerService.EstablishVssConnection(Uri serverUrl, VssCredentials credentials, TimeSpan timeout)
   at GitHub.Runner.Common.RunnerServer.ConnectAsync(Uri serverUrl, VssCredentials credentials)
   at GitHub.Runner.Listener.BrokerMessageListener.CreateSessionAsync(CancellationToken token)
[2025-09-16 08:33:37Z INFO BrokerMessageListener] Retriable exception: The resource cannot be found.
[2025-09-16 08:33:37Z INFO BrokerMessageListener] Sleeping for 30 seconds before retrying.
[2025-09-16 08:34:07Z INFO BrokerMessageListener] Attempt to create session.
[2025-09-16 08:34:07Z INFO BrokerMessageListener] Connecting to the Broker Server...
[2025-09-16 08:34:07Z INFO ConfigurationStore] HasCredentials()
[2025-09-16 08:34:07Z INFO ConfigurationStore] stored True
[2025-09-16 08:34:07Z INFO CredentialManager] GetCredentialProvider
[2025-09-16 08:34:07Z INFO CredentialManager] Creating type OAuth
[2025-09-16 08:34:07Z INFO CredentialManager] Creating credential type: OAuth
[2025-09-16 08:34:07Z INFO RSAEncryptedFileKeyManager] Loading RSA key parameters from file G:\Brunella\actions-runner\.credentials_rsaparams
[2025-09-16 08:34:07Z INFO BrokerMessageListener] VssConnection created
[2025-09-16 08:34:07Z INFO BrokerMessageListener] Connecting to the Runner server...
[2025-09-16 08:34:07Z INFO RunnerServer] EstablishVssConnection
[2025-09-16 08:34:07Z INFO RunnerServer] Establish connection with 100 seconds timeout.
[2025-09-16 08:34:07Z INFO GitHubActionsService] Starting operation Location.GetConnectionData
[2025-09-16 08:34:07Z INFO RunnerServer] EstablishVssConnection
[2025-09-16 08:34:07Z INFO RunnerServer] Establish connection with 60 seconds timeout.
[2025-09-16 08:34:07Z INFO GitHubActionsService] Starting operation Location.GetConnectionData
[2025-09-16 08:34:07Z INFO RunnerServer] EstablishVssConnection
[2025-09-16 08:34:07Z INFO RunnerServer] Establish connection with 60 seconds timeout.
[2025-09-16 08:34:07Z INFO GitHubActionsService] Starting operation Location.GetConnectionData
[2025-09-16 08:34:08Z ERR  GitHubActionsService] GET request to https://pipelinesghubeus6.actions.githubusercontent.com/hKyNd5hzQTjPqVOxuFp9CyJ2tMUr8ytJJ9FfsFju3bqhBGI0lq/_apis/connectionData?connectOptions=1&lastChangeId=258625537&lastChangeId64=258625537 failed. HTTP Status: NotFound
[2025-09-16 08:34:08Z INFO GitHubActionsService] Finished operation Location.GetConnectionData
[2025-09-16 08:34:08Z INFO RunnerServer] Catch exception during connect. 4 attempt left.
[2025-09-16 08:34:08Z ERR  GitHubActionsService] GET request to https://pipelinesghubeus6.actions.githubusercontent.com/hKyNd5hzQTjPqVOxuFp9CyJ2tMUr8ytJJ9FfsFju3bqhBGI0lq/_apis/connectionData?connectOptions=1&lastChangeId=258625537&lastChangeId64=258625537 failed. HTTP Status: NotFound
[2025-09-16 08:34:08Z INFO GitHubActionsService] Finished operation Location.GetConnectionData
[2025-09-16 08:34:08Z INFO RunnerServer] Catch exception during connect. 4 attempt left.
[2025-09-16 08:34:08Z ERR  RunnerServer] GitHub.Services.WebApi.VssServiceResponseException: The resource cannot be found.
   at GitHub.Services.WebApi.VssHttpClientBase.HandleResponseAsync(HttpResponseMessage response, CancellationToken cancellationToken)
   at GitHub.Services.WebApi.VssHttpClientBase.SendAsync(HttpRequestMessage message, HttpCompletionOption completionOption, Object userState, CancellationToken cancellationToken)
   at GitHub.Services.WebApi.VssHttpClientBase.SendAsync[T](HttpRequestMessage message, Object userState, CancellationToken cancellationToken)
   at GitHub.Services.Location.Client.LocationHttpClient.GetConnectionDataAsync(ConnectOptions connectOptions, Int64 lastChangeId, CancellationToken cancellationToken, Object userState)
   at GitHub.Services.WebApi.Location.VssServerDataProvider.GetConnectionDataAsync(ConnectOptions connectOptions, Int32 lastChangeId, CancellationToken cancellationToken)
   at GitHub.Services.WebApi.Location.VssServerDataProvider.ConnectAsync(ConnectOptions connectOptions, CancellationToken cancellationToken)
   at GitHub.Runner.Common.RunnerService.EstablishVssConnection(Uri serverUrl, VssCredentials credentials, TimeSpan timeout)
[2025-09-16 08:34:08Z ERR  RunnerServer] GitHub.Services.WebApi.VssServiceResponseException: The resource cannot be found.
   at GitHub.Services.WebApi.VssHttpClientBase.HandleResponseAsync(HttpResponseMessage response, CancellationToken cancellationToken)
   at GitHub.Services.WebApi.VssHttpClientBase.SendAsync(HttpRequestMessage message, HttpCompletionOption completionOption, Object userState, CancellationToken cancellationToken)
   at GitHub.Services.WebApi.VssHttpClientBase.SendAsync[T](HttpRequestMessage message, Object userState, CancellationToken cancellationToken)
   at GitHub.Services.Location.Client.LocationHttpClient.GetConnectionDataAsync(ConnectOptions connectOptions, Int64 lastChangeId, CancellationToken cancellationToken, Object userState)
   at GitHub.Services.WebApi.Location.VssServerDataProvider.GetConnectionDataAsync(ConnectOptions connectOptions, Int32 lastChangeId, CancellationToken cancellationToken)
   at GitHub.Services.WebApi.Location.VssServerDataProvider.ConnectAsync(ConnectOptions connectOptions, CancellationToken cancellationToken)
   at GitHub.Runner.Common.RunnerService.EstablishVssConnection(Uri serverUrl, VssCredentials credentials, TimeSpan timeout)
[2025-09-16 08:34:08Z ERR  GitHubActionsService] GET request to https://pipelinesghubeus6.actions.githubusercontent.com/hKyNd5hzQTjPqVOxuFp9CyJ2tMUr8ytJJ9FfsFju3bqhBGI0lq/_apis/connectionData?connectOptions=1&lastChangeId=258625537&lastChangeId64=258625537 failed. HTTP Status: NotFound
[2025-09-16 08:34:08Z INFO GitHubActionsService] Finished operation Location.GetConnectionData
[2025-09-16 08:34:08Z INFO RunnerServer] Catch exception during connect. 4 attempt left.
[2025-09-16 08:34:08Z ERR  RunnerServer] GitHub.Services.WebApi.VssServiceResponseException: The resource cannot be found.
   at GitHub.Services.WebApi.VssHttpClientBase.HandleResponseAsync(HttpResponseMessage response, CancellationToken cancellationToken)
   at GitHub.Services.WebApi.VssHttpClientBase.SendAsync(HttpRequestMessage message, HttpCompletionOption completionOption, Object userState, CancellationToken cancellationToken)
   at GitHub.Services.WebApi.VssHttpClientBase.SendAsync[T](HttpRequestMessage message, Object userState, CancellationToken cancellationToken)
   at GitHub.Services.Location.Client.LocationHttpClient.GetConnectionDataAsync(ConnectOptions connectOptions, Int64 lastChangeId, CancellationToken cancellationToken, Object userState)
   at GitHub.Services.WebApi.Location.VssServerDataProvider.GetConnectionDataAsync(ConnectOptions connectOptions, Int32 lastChangeId, CancellationToken cancellationToken)
   at GitHub.Services.WebApi.Location.VssServerDataProvider.ConnectAsync(ConnectOptions connectOptions, CancellationToken cancellationToken)
   at GitHub.Runner.Common.RunnerService.EstablishVssConnection(Uri serverUrl, VssCredentials credentials, TimeSpan timeout)
[2025-09-16 08:34:08Z INFO GitHubActionsService] Starting operation Location.GetConnectionData
[2025-09-16 08:34:08Z INFO GitHubActionsService] Starting operation Location.GetConnectionData
[2025-09-16 08:34:08Z INFO GitHubActionsService] Starting operation Location.GetConnectionData
[2025-09-16 08:34:09Z ERR  GitHubActionsService] GET request to https://pipelinesghubeus6.actions.githubusercontent.com/hKyNd5hzQTjPqVOxuFp9CyJ2tMUr8ytJJ9FfsFju3bqhBGI0lq/_apis/connectionData?connectOptions=1&lastChangeId=258625537&lastChangeId64=258625537 failed. HTTP Status: NotFound
[2025-09-16 08:34:09Z INFO GitHubActionsService] Finished operation Location.GetConnectionData
[2025-09-16 08:34:09Z INFO RunnerServer] Catch exception during connect. 3 attempt left.
[2025-09-16 08:34:09Z ERR  RunnerServer] GitHub.Services.WebApi.VssServiceResponseException: The resource cannot be found.
   at GitHub.Services.WebApi.VssHttpClientBase.HandleResponseAsync(HttpResponseMessage response, CancellationToken cancellationToken)
   at GitHub.Services.WebApi.VssHttpClientBase.SendAsync(HttpRequestMessage message, HttpCompletionOption completionOption, Object userState, CancellationToken cancellationToken)
   at GitHub.Services.WebApi.VssHttpClientBase.SendAsync[T](HttpRequestMessage message, Object userState, CancellationToken cancellationToken)
   at GitHub.Services.Location.Client.LocationHttpClient.GetConnectionDataAsync(ConnectOptions connectOptions, Int64 lastChangeId, CancellationToken cancellationToken, Object userState)
   at GitHub.Services.WebApi.Location.VssServerDataProvider.GetConnectionDataAsync(ConnectOptions connectOptions, Int32 lastChangeId, CancellationToken cancellationToken)
   at GitHub.Services.WebApi.Location.VssServerDataProvider.ConnectAsync(ConnectOptions connectOptions, CancellationToken cancellationToken)
   at GitHub.Runner.Common.RunnerService.EstablishVssConnection(Uri serverUrl, VssCredentials credentials, TimeSpan timeout)
[2025-09-16 08:34:09Z ERR  GitHubActionsService] GET request to https://pipelinesghubeus6.actions.githubusercontent.com/hKyNd5hzQTjPqVOxuFp9CyJ2tMUr8ytJJ9FfsFju3bqhBGI0lq/_apis/connectionData?connectOptions=1&lastChangeId=258625537&lastChangeId64=258625537 failed. HTTP Status: NotFound
[2025-09-16 08:34:09Z INFO GitHubActionsService] Finished operation Location.GetConnectionData
[2025-09-16 08:34:09Z INFO RunnerServer] Catch exception during connect. 3 attempt left.
[2025-09-16 08:34:09Z ERR  RunnerServer] GitHub.Services.WebApi.VssServiceResponseException: The resource cannot be found.
   at GitHub.Services.WebApi.VssHttpClientBase.HandleResponseAsync(HttpResponseMessage response, CancellationToken cancellationToken)
   at GitHub.Services.WebApi.VssHttpClientBase.SendAsync(HttpRequestMessage message, HttpCompletionOption completionOption, Object userState, CancellationToken cancellationToken)
   at GitHub.Services.WebApi.VssHttpClientBase.SendAsync[T](HttpRequestMessage message, Object userState, CancellationToken cancellationToken)
   at GitHub.Services.Location.Client.LocationHttpClient.GetConnectionDataAsync(ConnectOptions connectOptions, Int64 lastChangeId, CancellationToken cancellationToken, Object userState)
   at GitHub.Services.WebApi.Location.VssServerDataProvider.GetConnectionDataAsync(ConnectOptions connectOptions, Int32 lastChangeId, CancellationToken cancellationToken)
   at GitHub.Services.WebApi.Location.VssServerDataProvider.ConnectAsync(ConnectOptions connectOptions, CancellationToken cancellationToken)
   at GitHub.Runner.Common.RunnerService.EstablishVssConnection(Uri serverUrl, VssCredentials credentials, TimeSpan timeout)
[2025-09-16 08:34:09Z ERR  GitHubActionsService] GET request to https://pipelinesghubeus6.actions.githubusercontent.com/hKyNd5hzQTjPqVOxuFp9CyJ2tMUr8ytJJ9FfsFju3bqhBGI0lq/_apis/connectionData?connectOptions=1&lastChangeId=258625537&lastChangeId64=258625537 failed. HTTP Status: NotFound
[2025-09-16 08:34:09Z INFO GitHubActionsService] Finished operation Location.GetConnectionData
[2025-09-16 08:34:09Z INFO RunnerServer] Catch exception during connect. 3 attempt left.
[2025-09-16 08:34:09Z ERR  RunnerServer] GitHub.Services.WebApi.VssServiceResponseException: The resource cannot be found.
   at GitHub.Services.WebApi.VssHttpClientBase.HandleResponseAsync(HttpResponseMessage response, CancellationToken cancellationToken)
   at GitHub.Services.WebApi.VssHttpClientBase.SendAsync(HttpRequestMessage message, HttpCompletionOption completionOption, Object userState, CancellationToken cancellationToken)
   at GitHub.Services.WebApi.VssHttpClientBase.SendAsync[T](HttpRequestMessage message, Object userState, CancellationToken cancellationToken)
   at GitHub.Services.Location.Client.LocationHttpClient.GetConnectionDataAsync(ConnectOptions connectOptions, Int64 lastChangeId, CancellationToken cancellationToken, Object userState)
   at GitHub.Services.WebApi.Location.VssServerDataProvider.GetConnectionDataAsync(ConnectOptions connectOptions, Int32 lastChangeId, CancellationToken cancellationToken)
   at GitHub.Services.WebApi.Location.VssServerDataProvider.ConnectAsync(ConnectOptions connectOptions, CancellationToken cancellationToken)
   at GitHub.Runner.Common.RunnerService.EstablishVssConnection(Uri serverUrl, VssCredentials credentials, TimeSpan timeout)
[2025-09-16 08:34:09Z INFO GitHubActionsService] Starting operation Location.GetConnectionData
[2025-09-16 08:34:09Z INFO GitHubActionsService] Starting operation Location.GetConnectionData
[2025-09-16 08:34:09Z INFO GitHubActionsService] Starting operation Location.GetConnectionData
[2025-09-16 08:34:09Z ERR  GitHubActionsService] GET request to https://pipelinesghubeus6.actions.githubusercontent.com/hKyNd5hzQTjPqVOxuFp9CyJ2tMUr8ytJJ9FfsFju3bqhBGI0lq/_apis/connectionData?connectOptions=1&lastChangeId=258625537&lastChangeId64=258625537 failed. HTTP Status: NotFound
[2025-09-16 08:34:09Z INFO GitHubActionsService] Finished operation Location.GetConnectionData
[2025-09-16 08:34:09Z INFO RunnerServer] Catch exception during connect. 2 attempt left.
[2025-09-16 08:34:09Z ERR  RunnerServer] GitHub.Services.WebApi.VssServiceResponseException: The resource cannot be found.
   at GitHub.Services.WebApi.VssHttpClientBase.HandleResponseAsync(HttpResponseMessage response, CancellationToken cancellationToken)
   at GitHub.Services.WebApi.VssHttpClientBase.SendAsync(HttpRequestMessage message, HttpCompletionOption completionOption, Object userState, CancellationToken cancellationToken)
   at GitHub.Services.WebApi.VssHttpClientBase.SendAsync[T](HttpRequestMessage message, Object userState, CancellationToken cancellationToken)
   at GitHub.Services.Location.Client.LocationHttpClient.GetConnectionDataAsync(ConnectOptions connectOptions, Int64 lastChangeId, CancellationToken cancellationToken, Object userState)
   at GitHub.Services.WebApi.Location.VssServerDataProvider.GetConnectionDataAsync(ConnectOptions connectOptions, Int32 lastChangeId, CancellationToken cancellationToken)
   at GitHub.Services.WebApi.Location.VssServerDataProvider.ConnectAsync(ConnectOptions connectOptions, CancellationToken cancellationToken)
   at GitHub.Runner.Common.RunnerService.EstablishVssConnection(Uri serverUrl, VssCredentials credentials, TimeSpan timeout)
[2025-09-16 08:34:09Z ERR  GitHubActionsService] GET request to https://pipelinesghubeus6.actions.githubusercontent.com/hKyNd5hzQTjPqVOxuFp9CyJ2tMUr8ytJJ9FfsFju3bqhBGI0lq/_apis/connectionData?connectOptions=1&lastChangeId=258625537&lastChangeId64=258625537 failed. HTTP Status: NotFound
[2025-09-16 08:34:09Z INFO GitHubActionsService] Finished operation Location.GetConnectionData
[2025-09-16 08:34:09Z INFO RunnerServer] Catch exception during connect. 2 attempt left.
[2025-09-16 08:34:09Z ERR  RunnerServer] GitHub.Services.WebApi.VssServiceResponseException: The resource cannot be found.
   at GitHub.Services.WebApi.VssHttpClientBase.HandleResponseAsync(HttpResponseMessage response, CancellationToken cancellationToken)
   at GitHub.Services.WebApi.VssHttpClientBase.SendAsync(HttpRequestMessage message, HttpCompletionOption completionOption, Object userState, CancellationToken cancellationToken)
   at GitHub.Services.WebApi.VssHttpClientBase.SendAsync[T](HttpRequestMessage message, Object userState, CancellationToken cancellationToken)
   at GitHub.Services.Location.Client.LocationHttpClient.GetConnectionDataAsync(ConnectOptions connectOptions, Int64 lastChangeId, CancellationToken cancellationToken, Object userState)
   at GitHub.Services.WebApi.Location.VssServerDataProvider.GetConnectionDataAsync(ConnectOptions connectOptions, Int32 lastChangeId, CancellationToken cancellationToken)
   at GitHub.Services.WebApi.Location.VssServerDataProvider.ConnectAsync(ConnectOptions connectOptions, CancellationToken cancellationToken)
   at GitHub.Runner.Common.RunnerService.EstablishVssConnection(Uri serverUrl, VssCredentials credentials, TimeSpan timeout)
[2025-09-16 08:34:10Z ERR  GitHubActionsService] GET request to https://pipelinesghubeus6.actions.githubusercontent.com/hKyNd5hzQTjPqVOxuFp9CyJ2tMUr8ytJJ9FfsFju3bqhBGI0lq/_apis/connectionData?connectOptions=1&lastChangeId=258625537&lastChangeId64=258625537 failed. HTTP Status: NotFound
[2025-09-16 08:34:10Z INFO GitHubActionsService] Finished operation Location.GetConnectionData
[2025-09-16 08:34:10Z INFO RunnerServer] Catch exception during connect. 2 attempt left.
[2025-09-16 08:34:10Z ERR  RunnerServer] GitHub.Services.WebApi.VssServiceResponseException: The resource cannot be found.
   at GitHub.Services.WebApi.VssHttpClientBase.HandleResponseAsync(HttpResponseMessage response, CancellationToken cancellationToken)
   at GitHub.Services.WebApi.VssHttpClientBase.SendAsync(HttpRequestMessage message, HttpCompletionOption completionOption, Object userState, CancellationToken cancellationToken)
   at GitHub.Services.WebApi.VssHttpClientBase.SendAsync[T](HttpRequestMessage message, Object userState, CancellationToken cancellationToken)
   at GitHub.Services.Location.Client.LocationHttpClient.GetConnectionDataAsync(ConnectOptions connectOptions, Int64 lastChangeId, CancellationToken cancellationToken, Object userState)
   at GitHub.Services.WebApi.Location.VssServerDataProvider.GetConnectionDataAsync(ConnectOptions connectOptions, Int32 lastChangeId, CancellationToken cancellationToken)
   at GitHub.Services.WebApi.Location.VssServerDataProvider.ConnectAsync(ConnectOptions connectOptions, CancellationToken cancellationToken)
   at GitHub.Runner.Common.RunnerService.EstablishVssConnection(Uri serverUrl, VssCredentials credentials, TimeSpan timeout)
[2025-09-16 08:34:10Z INFO GitHubActionsService] Starting operation Location.GetConnectionData
[2025-09-16 08:34:10Z INFO GitHubActionsService] Starting operation Location.GetConnectionData
[2025-09-16 08:34:10Z INFO GitHubActionsService] Starting operation Location.GetConnectionData
[2025-09-16 08:34:10Z ERR  GitHubActionsService] GET request to https://pipelinesghubeus6.actions.githubusercontent.com/hKyNd5hzQTjPqVOxuFp9CyJ2tMUr8ytJJ9FfsFju3bqhBGI0lq/_apis/connectionData?connectOptions=1&lastChangeId=258625537&lastChangeId64=258625537 failed. HTTP Status: NotFound
[2025-09-16 08:34:10Z INFO GitHubActionsService] Finished operation Location.GetConnectionData
[2025-09-16 08:34:10Z INFO RunnerServer] Catch exception during connect. 1 attempt left.
[2025-09-16 08:34:10Z ERR  RunnerServer] GitHub.Services.WebApi.VssServiceResponseException: The resource cannot be found.
   at GitHub.Services.WebApi.VssHttpClientBase.HandleResponseAsync(HttpResponseMessage response, CancellationToken cancellationToken)
   at GitHub.Services.WebApi.VssHttpClientBase.SendAsync(HttpRequestMessage message, HttpCompletionOption completionOption, Object userState, CancellationToken cancellationToken)
   at GitHub.Services.WebApi.VssHttpClientBase.SendAsync[T](HttpRequestMessage message, Object userState, CancellationToken cancellationToken)
   at GitHub.Services.Location.Client.LocationHttpClient.GetConnectionDataAsync(ConnectOptions connectOptions, Int64 lastChangeId, CancellationToken cancellationToken, Object userState)
   at GitHub.Services.WebApi.Location.VssServerDataProvider.GetConnectionDataAsync(ConnectOptions connectOptions, Int32 lastChangeId, CancellationToken cancellationToken)
   at GitHub.Services.WebApi.Location.VssServerDataProvider.ConnectAsync(ConnectOptions connectOptions, CancellationToken cancellationToken)
   at GitHub.Runner.Common.RunnerService.EstablishVssConnection(Uri serverUrl, VssCredentials credentials, TimeSpan timeout)
[2025-09-16 08:34:10Z ERR  GitHubActionsService] GET request to https://pipelinesghubeus6.actions.githubusercontent.com/hKyNd5hzQTjPqVOxuFp9CyJ2tMUr8ytJJ9FfsFju3bqhBGI0lq/_apis/connectionData?connectOptions=1&lastChangeId=258625537&lastChangeId64=258625537 failed. HTTP Status: NotFound
[2025-09-16 08:34:10Z INFO GitHubActionsService] Finished operation Location.GetConnectionData
[2025-09-16 08:34:10Z INFO RunnerServer] Catch exception during connect. 1 attempt left.
[2025-09-16 08:34:10Z ERR  RunnerServer] GitHub.Services.WebApi.VssServiceResponseException: The resource cannot be found.
   at GitHub.Services.WebApi.VssHttpClientBase.HandleResponseAsync(HttpResponseMessage response, CancellationToken cancellationToken)
   at GitHub.Services.WebApi.VssHttpClientBase.SendAsync(HttpRequestMessage message, HttpCompletionOption completionOption, Object userState, CancellationToken cancellationToken)
   at GitHub.Services.WebApi.VssHttpClientBase.SendAsync[T](HttpRequestMessage message, Object userState, CancellationToken cancellationToken)
   at GitHub.Services.Location.Client.LocationHttpClient.GetConnectionDataAsync(ConnectOptions connectOptions, Int64 lastChangeId, CancellationToken cancellationToken, Object userState)
   at GitHub.Services.WebApi.Location.VssServerDataProvider.GetConnectionDataAsync(ConnectOptions connectOptions, Int32 lastChangeId, CancellationToken cancellationToken)
   at GitHub.Services.WebApi.Location.VssServerDataProvider.ConnectAsync(ConnectOptions connectOptions, CancellationToken cancellationToken)
   at GitHub.Runner.Common.RunnerService.EstablishVssConnection(Uri serverUrl, VssCredentials credentials, TimeSpan timeout)
[2025-09-16 08:34:10Z ERR  GitHubActionsService] GET request to https://pipelinesghubeus6.actions.githubusercontent.com/hKyNd5hzQTjPqVOxuFp9CyJ2tMUr8ytJJ9FfsFju3bqhBGI0lq/_apis/connectionData?connectOptions=1&lastChangeId=258625537&lastChangeId64=258625537 failed. HTTP Status: NotFound
[2025-09-16 08:34:10Z INFO GitHubActionsService] Finished operation Location.GetConnectionData
[2025-09-16 08:34:10Z INFO RunnerServer] Catch exception during connect. 1 attempt left.
[2025-09-16 08:34:10Z ERR  RunnerServer] GitHub.Services.WebApi.VssServiceResponseException: The resource cannot be found.
   at GitHub.Services.WebApi.VssHttpClientBase.HandleResponseAsync(HttpResponseMessage response, CancellationToken cancellationToken)
   at GitHub.Services.WebApi.VssHttpClientBase.SendAsync(HttpRequestMessage message, HttpCompletionOption completionOption, Object userState, CancellationToken cancellationToken)
   at GitHub.Services.WebApi.VssHttpClientBase.SendAsync[T](HttpRequestMessage message, Object userState, CancellationToken cancellationToken)
   at GitHub.Services.Location.Client.LocationHttpClient.GetConnectionDataAsync(ConnectOptions connectOptions, Int64 lastChangeId, CancellationToken cancellationToken, Object userState)
   at GitHub.Services.WebApi.Location.VssServerDataProvider.GetConnectionDataAsync(ConnectOptions connectOptions, Int32 lastChangeId, CancellationToken cancellationToken)
   at GitHub.Services.WebApi.Location.VssServerDataProvider.ConnectAsync(ConnectOptions connectOptions, CancellationToken cancellationToken)
   at GitHub.Runner.Common.RunnerService.EstablishVssConnection(Uri serverUrl, VssCredentials credentials, TimeSpan timeout)
[2025-09-16 08:34:10Z INFO GitHubActionsService] Starting operation Location.GetConnectionData
[2025-09-16 08:34:10Z INFO GitHubActionsService] Starting operation Location.GetConnectionData
[2025-09-16 08:34:10Z INFO GitHubActionsService] Starting operation Location.GetConnectionData
[2025-09-16 08:34:11Z ERR  GitHubActionsService] GET request to https://pipelinesghubeus6.actions.githubusercontent.com/hKyNd5hzQTjPqVOxuFp9CyJ2tMUr8ytJJ9FfsFju3bqhBGI0lq/_apis/connectionData?connectOptions=1&lastChangeId=258625537&lastChangeId64=258625537 failed. HTTP Status: NotFound
[2025-09-16 08:34:11Z INFO GitHubActionsService] Finished operation Location.GetConnectionData
[2025-09-16 08:34:11Z ERR  GitHubActionsService] GET request to https://pipelinesghubeus6.actions.githubusercontent.com/hKyNd5hzQTjPqVOxuFp9CyJ2tMUr8ytJJ9FfsFju3bqhBGI0lq/_apis/connectionData?connectOptions=1&lastChangeId=258625537&lastChangeId64=258625537 failed. HTTP Status: NotFound
[2025-09-16 08:34:11Z INFO GitHubActionsService] Finished operation Location.GetConnectionData
[2025-09-16 08:34:11Z ERR  GitHubActionsService] GET request to https://pipelinesghubeus6.actions.githubusercontent.com/hKyNd5hzQTjPqVOxuFp9CyJ2tMUr8ytJJ9FfsFju3bqhBGI0lq/_apis/connectionData?connectOptions=1&lastChangeId=258625537&lastChangeId64=258625537 failed. HTTP Status: NotFound
[2025-09-16 08:34:11Z INFO GitHubActionsService] Finished operation Location.GetConnectionData
[2025-09-16 08:34:11Z ERR  BrokerMessageListener] Catch exception during create session.
[2025-09-16 08:34:11Z ERR  BrokerMessageListener] GitHub.Services.WebApi.VssServiceResponseException: The resource cannot be found.
   at GitHub.Services.WebApi.VssHttpClientBase.HandleResponseAsync(HttpResponseMessage response, CancellationToken cancellationToken)
   at GitHub.Services.WebApi.VssHttpClientBase.SendAsync(HttpRequestMessage message, HttpCompletionOption completionOption, Object userState, CancellationToken cancellationToken)
   at GitHub.Services.WebApi.VssHttpClientBase.SendAsync[T](HttpRequestMessage message, Object userState, CancellationToken cancellationToken)
   at GitHub.Services.Location.Client.LocationHttpClient.GetConnectionDataAsync(ConnectOptions connectOptions, Int64 lastChangeId, CancellationToken cancellationToken, Object userState)
   at GitHub.Services.WebApi.Location.VssServerDataProvider.GetConnectionDataAsync(ConnectOptions connectOptions, Int32 lastChangeId, CancellationToken cancellationToken)
   at GitHub.Services.WebApi.Location.VssServerDataProvider.ConnectAsync(ConnectOptions connectOptions, CancellationToken cancellationToken)
   at GitHub.Runner.Common.RunnerService.EstablishVssConnection(Uri serverUrl, VssCredentials credentials, TimeSpan timeout)
   at GitHub.Runner.Common.RunnerServer.ConnectAsync(Uri serverUrl, VssCredentials credentials)
   at GitHub.Runner.Listener.BrokerMessageListener.CreateSessionAsync(CancellationToken token)
[2025-09-16 08:34:11Z INFO BrokerMessageListener] Retriable exception: The resource cannot be found.
[2025-09-16 08:34:11Z INFO BrokerMessageListener] Sleeping for 30 seconds before retrying.
[2025-09-16 08:34:41Z INFO BrokerMessageListener] Attempt to create session.
[2025-09-16 08:34:41Z INFO BrokerMessageListener] Connecting to the Broker Server...
[2025-09-16 08:34:41Z INFO ConfigurationStore] HasCredentials()
[2025-09-16 08:34:41Z INFO ConfigurationStore] stored True
[2025-09-16 08:34:41Z INFO CredentialManager] GetCredentialProvider
[2025-09-16 08:34:41Z INFO CredentialManager] Creating type OAuth
[2025-09-16 08:34:41Z INFO CredentialManager] Creating credential type: OAuth
[2025-09-16 08:34:41Z INFO RSAEncryptedFileKeyManager] Loading RSA key parameters from file G:\Brunella\actions-runner\.credentials_rsaparams
[2025-09-16 08:34:41Z INFO BrokerMessageListener] VssConnection created
[2025-09-16 08:34:41Z INFO BrokerMessageListener] Connecting to the Runner server...
[2025-09-16 08:34:41Z INFO RunnerServer] EstablishVssConnection
[2025-09-16 08:34:41Z INFO RunnerServer] Establish connection with 100 seconds timeout.
[2025-09-16 08:34:41Z INFO GitHubActionsService] Starting operation Location.GetConnectionData
[2025-09-16 08:34:41Z INFO RunnerServer] EstablishVssConnection
[2025-09-16 08:34:41Z INFO RunnerServer] Establish connection with 60 seconds timeout.
[2025-09-16 08:34:41Z INFO GitHubActionsService] Starting operation Location.GetConnectionData
[2025-09-16 08:34:41Z INFO RunnerServer] EstablishVssConnection
[2025-09-16 08:34:41Z INFO RunnerServer] Establish connection with 60 seconds timeout.
[2025-09-16 08:34:41Z INFO GitHubActionsService] Starting operation Location.GetConnectionData
[2025-09-16 08:34:42Z ERR  GitHubActionsService] GET request to https://pipelinesghubeus6.actions.githubusercontent.com/hKyNd5hzQTjPqVOxuFp9CyJ2tMUr8ytJJ9FfsFju3bqhBGI0lq/_apis/connectionData?connectOptions=1&lastChangeId=258625537&lastChangeId64=258625537 failed. HTTP Status: NotFound
[2025-09-16 08:34:42Z INFO GitHubActionsService] Finished operation Location.GetConnectionData
[2025-09-16 08:34:42Z INFO RunnerServer] Catch exception during connect. 4 attempt left.
[2025-09-16 08:34:42Z ERR  RunnerServer] GitHub.Services.WebApi.VssServiceResponseException: The resource cannot be found.
   at GitHub.Services.WebApi.VssHttpClientBase.HandleResponseAsync(HttpResponseMessage response, CancellationToken cancellationToken)
   at GitHub.Services.WebApi.VssHttpClientBase.SendAsync(HttpRequestMessage message, HttpCompletionOption completionOption, Object userState, CancellationToken cancellationToken)
   at GitHub.Services.WebApi.VssHttpClientBase.SendAsync[T](HttpRequestMessage message, Object userState, CancellationToken cancellationToken)
   at GitHub.Services.Location.Client.LocationHttpClient.GetConnectionDataAsync(ConnectOptions connectOptions, Int64 lastChangeId, CancellationToken cancellationToken, Object userState)
   at GitHub.Services.WebApi.Location.VssServerDataProvider.GetConnectionDataAsync(ConnectOptions connectOptions, Int32 lastChangeId, CancellationToken cancellationToken)
   at GitHub.Services.WebApi.Location.VssServerDataProvider.ConnectAsync(ConnectOptions connectOptions, CancellationToken cancellationToken)
   at GitHub.Runner.Common.RunnerService.EstablishVssConnection(Uri serverUrl, VssCredentials credentials, TimeSpan timeout)
[2025-09-16 08:34:42Z ERR  GitHubActionsService] GET request to https://pipelinesghubeus6.actions.githubusercontent.com/hKyNd5hzQTjPqVOxuFp9CyJ2tMUr8ytJJ9FfsFju3bqhBGI0lq/_apis/connectionData?connectOptions=1&lastChangeId=258625537&lastChangeId64=258625537 failed. HTTP Status: NotFound
[2025-09-16 08:34:42Z INFO GitHubActionsService] Finished operation Location.GetConnectionData
[2025-09-16 08:34:42Z INFO RunnerServer] Catch exception during connect. 4 attempt left.
[2025-09-16 08:34:42Z ERR  RunnerServer] GitHub.Services.WebApi.VssServiceResponseException: The resource cannot be found.
   at GitHub.Services.WebApi.VssHttpClientBase.HandleResponseAsync(HttpResponseMessage response, CancellationToken cancellationToken)
   at GitHub.Services.WebApi.VssHttpClientBase.SendAsync(HttpRequestMessage message, HttpCompletionOption completionOption, Object userState, CancellationToken cancellationToken)
   at GitHub.Services.WebApi.VssHttpClientBase.SendAsync[T](HttpRequestMessage message, Object userState, CancellationToken cancellationToken)
   at GitHub.Services.Location.Client.LocationHttpClient.GetConnectionDataAsync(ConnectOptions connectOptions, Int64 lastChangeId, CancellationToken cancellationToken, Object userState)
   at GitHub.Services.WebApi.Location.VssServerDataProvider.GetConnectionDataAsync(ConnectOptions connectOptions, Int32 lastChangeId, CancellationToken cancellationToken)
   at GitHub.Services.WebApi.Location.VssServerDataProvider.ConnectAsync(ConnectOptions connectOptions, CancellationToken cancellationToken)
   at GitHub.Runner.Common.RunnerService.EstablishVssConnection(Uri serverUrl, VssCredentials credentials, TimeSpan timeout)
[2025-09-16 08:34:42Z INFO GitHubActionsService] Starting operation Location.GetConnectionData
[2025-09-16 08:34:42Z INFO GitHubActionsService] Starting operation Location.GetConnectionData
[2025-09-16 08:34:42Z ERR  GitHubActionsService] GET request to https://pipelinesghubeus6.actions.githubusercontent.com/hKyNd5hzQTjPqVOxuFp9CyJ2tMUr8ytJJ9FfsFju3bqhBGI0lq/_apis/connectionData?connectOptions=1&lastChangeId=258625537&lastChangeId64=258625537 failed. HTTP Status: NotFound
[2025-09-16 08:34:42Z INFO GitHubActionsService] Finished operation Location.GetConnectionData
[2025-09-16 08:34:42Z INFO RunnerServer] Catch exception during connect. 4 attempt left.
[2025-09-16 08:34:42Z ERR  RunnerServer] GitHub.Services.WebApi.VssServiceResponseException: The resource cannot be found.
   at GitHub.Services.WebApi.VssHttpClientBase.HandleResponseAsync(HttpResponseMessage response, CancellationToken cancellationToken)
   at GitHub.Services.WebApi.VssHttpClientBase.SendAsync(HttpRequestMessage message, HttpCompletionOption completionOption, Object userState, CancellationToken cancellationToken)
   at GitHub.Services.WebApi.VssHttpClientBase.SendAsync[T](HttpRequestMessage message, Object userState, CancellationToken cancellationToken)
   at GitHub.Services.Location.Client.LocationHttpClient.GetConnectionDataAsync(ConnectOptions connectOptions, Int64 lastChangeId, CancellationToken cancellationToken, Object userState)
   at GitHub.Services.WebApi.Location.VssServerDataProvider.GetConnectionDataAsync(ConnectOptions connectOptions, Int32 lastChangeId, CancellationToken cancellationToken)
   at GitHub.Services.WebApi.Location.VssServerDataProvider.ConnectAsync(ConnectOptions connectOptions, CancellationToken cancellationToken)
   at GitHub.Runner.Common.RunnerService.EstablishVssConnection(Uri serverUrl, VssCredentials credentials, TimeSpan timeout)
[2025-09-16 08:34:42Z INFO GitHubActionsService] Starting operation Location.GetConnectionData
[2025-09-16 08:34:42Z ERR  GitHubActionsService] GET request to https://pipelinesghubeus6.actions.githubusercontent.com/hKyNd5hzQTjPqVOxuFp9CyJ2tMUr8ytJJ9FfsFju3bqhBGI0lq/_apis/connectionData?connectOptions=1&lastChangeId=258625537&lastChangeId64=258625537 failed. HTTP Status: NotFound
[2025-09-16 08:34:42Z INFO GitHubActionsService] Finished operation Location.GetConnectionData
[2025-09-16 08:34:42Z INFO RunnerServer] Catch exception during connect. 3 attempt left.
[2025-09-16 08:34:42Z ERR  RunnerServer] GitHub.Services.WebApi.VssServiceResponseException: The resource cannot be found.
   at GitHub.Services.WebApi.VssHttpClientBase.HandleResponseAsync(HttpResponseMessage response, CancellationToken cancellationToken)
   at GitHub.Services.WebApi.VssHttpClientBase.SendAsync(HttpRequestMessage message, HttpCompletionOption completionOption, Object userState, CancellationToken cancellationToken)
   at GitHub.Services.WebApi.VssHttpClientBase.SendAsync[T](HttpRequestMessage message, Object userState, CancellationToken cancellationToken)
   at GitHub.Services.Location.Client.LocationHttpClient.GetConnectionDataAsync(ConnectOptions connectOptions, Int64 lastChangeId, CancellationToken cancellationToken, Object userState)
   at GitHub.Services.WebApi.Location.VssServerDataProvider.GetConnectionDataAsync(ConnectOptions connectOptions, Int32 lastChangeId, CancellationToken cancellationToken)
   at GitHub.Services.WebApi.Location.VssServerDataProvider.ConnectAsync(ConnectOptions connectOptions, CancellationToken cancellationToken)
   at GitHub.Runner.Common.RunnerService.EstablishVssConnection(Uri serverUrl, VssCredentials credentials, TimeSpan timeout)
[2025-09-16 08:34:42Z ERR  GitHubActionsService] GET request to https://pipelinesghubeus6.actions.githubusercontent.com/hKyNd5hzQTjPqVOxuFp9CyJ2tMUr8ytJJ9FfsFju3bqhBGI0lq/_apis/connectionData?connectOptions=1&lastChangeId=258625537&lastChangeId64=258625537 failed. HTTP Status: NotFound
[2025-09-16 08:34:42Z INFO GitHubActionsService] Finished operation Location.GetConnectionData
[2025-09-16 08:34:42Z INFO RunnerServer] Catch exception during connect. 3 attempt left.
[2025-09-16 08:34:42Z ERR  RunnerServer] GitHub.Services.WebApi.VssServiceResponseException: The resource cannot be found.
   at GitHub.Services.WebApi.VssHttpClientBase.HandleResponseAsync(HttpResponseMessage response, CancellationToken cancellationToken)
   at GitHub.Services.WebApi.VssHttpClientBase.SendAsync(HttpRequestMessage message, HttpCompletionOption completionOption, Object userState, CancellationToken cancellationToken)
   at GitHub.Services.WebApi.VssHttpClientBase.SendAsync[T](HttpRequestMessage message, Object userState, CancellationToken cancellationToken)
   at GitHub.Services.Location.Client.LocationHttpClient.GetConnectionDataAsync(ConnectOptions connectOptions, Int64 lastChangeId, CancellationToken cancellationToken, Object userState)
   at GitHub.Services.WebApi.Location.VssServerDataProvider.GetConnectionDataAsync(ConnectOptions connectOptions, Int32 lastChangeId, CancellationToken cancellationToken)
   at GitHub.Services.WebApi.Location.VssServerDataProvider.ConnectAsync(ConnectOptions connectOptions, CancellationToken cancellationToken)
   at GitHub.Runner.Common.RunnerService.EstablishVssConnection(Uri serverUrl, VssCredentials credentials, TimeSpan timeout)
[2025-09-16 08:34:42Z ERR  GitHubActionsService] GET request to https://pipelinesghubeus6.actions.githubusercontent.com/hKyNd5hzQTjPqVOxuFp9CyJ2tMUr8ytJJ9FfsFju3bqhBGI0lq/_apis/connectionData?connectOptions=1&lastChangeId=258625537&lastChangeId64=258625537 failed. HTTP Status: NotFound
[2025-09-16 08:34:42Z INFO GitHubActionsService] Finished operation Location.GetConnectionData
[2025-09-16 08:34:42Z INFO RunnerServer] Catch exception during connect. 3 attempt left.
[2025-09-16 08:34:42Z ERR  RunnerServer] GitHub.Services.WebApi.VssServiceResponseException: The resource cannot be found.
   at GitHub.Services.WebApi.VssHttpClientBase.HandleResponseAsync(HttpResponseMessage response, CancellationToken cancellationToken)
   at GitHub.Services.WebApi.VssHttpClientBase.SendAsync(HttpRequestMessage message, HttpCompletionOption completionOption, Object userState, CancellationToken cancellationToken)
   at GitHub.Services.WebApi.VssHttpClientBase.SendAsync[T](HttpRequestMessage message, Object userState, CancellationToken cancellationToken)
   at GitHub.Services.Location.Client.LocationHttpClient.GetConnectionDataAsync(ConnectOptions connectOptions, Int64 lastChangeId, CancellationToken cancellationToken, Object userState)
   at GitHub.Services.WebApi.Location.VssServerDataProvider.GetConnectionDataAsync(ConnectOptions connectOptions, Int32 lastChangeId, CancellationToken cancellationToken)
   at GitHub.Services.WebApi.Location.VssServerDataProvider.ConnectAsync(ConnectOptions connectOptions, CancellationToken cancellationToken)
   at GitHub.Runner.Common.RunnerService.EstablishVssConnection(Uri serverUrl, VssCredentials credentials, TimeSpan timeout)
[2025-09-16 08:34:43Z INFO GitHubActionsService] Starting operation Location.GetConnectionData
[2025-09-16 08:34:43Z INFO GitHubActionsService] Starting operation Location.GetConnectionData
[2025-09-16 08:34:43Z INFO GitHubActionsService] Starting operation Location.GetConnectionData
[2025-09-16 08:34:43Z ERR  GitHubActionsService] GET request to https://pipelinesghubeus6.actions.githubusercontent.com/hKyNd5hzQTjPqVOxuFp9CyJ2tMUr8ytJJ9FfsFju3bqhBGI0lq/_apis/connectionData?connectOptions=1&lastChangeId=258625537&lastChangeId64=258625537 failed. HTTP Status: NotFound
[2025-09-16 08:34:43Z INFO GitHubActionsService] Finished operation Location.GetConnectionData
[2025-09-16 08:34:43Z INFO RunnerServer] Catch exception during connect. 2 attempt left.
[2025-09-16 08:34:43Z ERR  RunnerServer] GitHub.Services.WebApi.VssServiceResponseException: The resource cannot be found.
   at GitHub.Services.WebApi.VssHttpClientBase.HandleResponseAsync(HttpResponseMessage response, CancellationToken cancellationToken)
   at GitHub.Services.WebApi.VssHttpClientBase.SendAsync(HttpRequestMessage message, HttpCompletionOption completionOption, Object userState, CancellationToken cancellationToken)
   at GitHub.Services.WebApi.VssHttpClientBase.SendAsync[T](HttpRequestMessage message, Object userState, CancellationToken cancellationToken)
   at GitHub.Services.Location.Client.LocationHttpClient.GetConnectionDataAsync(ConnectOptions connectOptions, Int64 lastChangeId, CancellationToken cancellationToken, Object userState)
   at GitHub.Services.WebApi.Location.VssServerDataProvider.GetConnectionDataAsync(ConnectOptions connectOptions, Int32 lastChangeId, CancellationToken cancellationToken)
   at GitHub.Services.WebApi.Location.VssServerDataProvider.ConnectAsync(ConnectOptions connectOptions, CancellationToken cancellationToken)
   at GitHub.Runner.Common.RunnerService.EstablishVssConnection(Uri serverUrl, VssCredentials credentials, TimeSpan timeout)
[2025-09-16 08:34:43Z ERR  GitHubActionsService] GET request to https://pipelinesghubeus6.actions.githubusercontent.com/hKyNd5hzQTjPqVOxuFp9CyJ2tMUr8ytJJ9FfsFju3bqhBGI0lq/_apis/connectionData?connectOptions=1&lastChangeId=258625537&lastChangeId64=258625537 failed. HTTP Status: NotFound
[2025-09-16 08:34:43Z INFO GitHubActionsService] Finished operation Location.GetConnectionData
[2025-09-16 08:34:43Z INFO RunnerServer] Catch exception during connect. 2 attempt left.
[2025-09-16 08:34:43Z ERR  RunnerServer] GitHub.Services.WebApi.VssServiceResponseException: The resource cannot be found.
   at GitHub.Services.WebApi.VssHttpClientBase.HandleResponseAsync(HttpResponseMessage response, CancellationToken cancellationToken)
   at GitHub.Services.WebApi.VssHttpClientBase.SendAsync(HttpRequestMessage message, HttpCompletionOption completionOption, Object userState, CancellationToken cancellationToken)
   at GitHub.Services.WebApi.VssHttpClientBase.SendAsync[T](HttpRequestMessage message, Object userState, CancellationToken cancellationToken)
   at GitHub.Services.Location.Client.LocationHttpClient.GetConnectionDataAsync(ConnectOptions connectOptions, Int64 lastChangeId, CancellationToken cancellationToken, Object userState)
   at GitHub.Services.WebApi.Location.VssServerDataProvider.GetConnectionDataAsync(ConnectOptions connectOptions, Int32 lastChangeId, CancellationToken cancellationToken)
   at GitHub.Services.WebApi.Location.VssServerDataProvider.ConnectAsync(ConnectOptions connectOptions, CancellationToken cancellationToken)
   at GitHub.Runner.Common.RunnerService.EstablishVssConnection(Uri serverUrl, VssCredentials credentials, TimeSpan timeout)
[2025-09-16 08:34:43Z ERR  GitHubActionsService] GET request to https://pipelinesghubeus6.actions.githubusercontent.com/hKyNd5hzQTjPqVOxuFp9CyJ2tMUr8ytJJ9FfsFju3bqhBGI0lq/_apis/connectionData?connectOptions=1&lastChangeId=258625537&lastChangeId64=258625537 failed. HTTP Status: NotFound
[2025-09-16 08:34:43Z INFO GitHubActionsService] Finished operation Location.GetConnectionData
[2025-09-16 08:34:43Z INFO RunnerServer] Catch exception during connect. 2 attempt left.
[2025-09-16 08:34:43Z ERR  RunnerServer] GitHub.Services.WebApi.VssServiceResponseException: The resource cannot be found.
   at GitHub.Services.WebApi.VssHttpClientBase.HandleResponseAsync(HttpResponseMessage response, CancellationToken cancellationToken)
   at GitHub.Services.WebApi.VssHttpClientBase.SendAsync(HttpRequestMessage message, HttpCompletionOption completionOption, Object userState, CancellationToken cancellationToken)
   at GitHub.Services.WebApi.VssHttpClientBase.SendAsync[T](HttpRequestMessage message, Object userState, CancellationToken cancellationToken)
   at GitHub.Services.Location.Client.LocationHttpClient.GetConnectionDataAsync(ConnectOptions connectOptions, Int64 lastChangeId, CancellationToken cancellationToken, Object userState)
   at GitHub.Services.WebApi.Location.VssServerDataProvider.GetConnectionDataAsync(ConnectOptions connectOptions, Int32 lastChangeId, CancellationToken cancellationToken)
   at GitHub.Services.WebApi.Location.VssServerDataProvider.ConnectAsync(ConnectOptions connectOptions, CancellationToken cancellationToken)
   at GitHub.Runner.Common.RunnerService.EstablishVssConnection(Uri serverUrl, VssCredentials credentials, TimeSpan timeout)
[2025-09-16 08:34:43Z INFO GitHubActionsService] Starting operation Location.GetConnectionData
[2025-09-16 08:34:43Z INFO GitHubActionsService] Starting operation Location.GetConnectionData
[2025-09-16 08:34:43Z INFO GitHubActionsService] Starting operation Location.GetConnectionData
[2025-09-16 08:34:44Z ERR  GitHubActionsService] GET request to https://pipelinesghubeus6.actions.githubusercontent.com/hKyNd5hzQTjPqVOxuFp9CyJ2tMUr8ytJJ9FfsFju3bqhBGI0lq/_apis/connectionData?connectOptions=1&lastChangeId=258625537&lastChangeId64=258625537 failed. HTTP Status: NotFound
[2025-09-16 08:34:44Z INFO GitHubActionsService] Finished operation Location.GetConnectionData
[2025-09-16 08:34:44Z INFO RunnerServer] Catch exception during connect. 1 attempt left.
[2025-09-16 08:34:44Z ERR  RunnerServer] GitHub.Services.WebApi.VssServiceResponseException: The resource cannot be found.
   at GitHub.Services.WebApi.VssHttpClientBase.HandleResponseAsync(HttpResponseMessage response, CancellationToken cancellationToken)
   at GitHub.Services.WebApi.VssHttpClientBase.SendAsync(HttpRequestMessage message, HttpCompletionOption completionOption, Object userState, CancellationToken cancellationToken)
   at GitHub.Services.WebApi.VssHttpClientBase.SendAsync[T](HttpRequestMessage message, Object userState, CancellationToken cancellationToken)
   at GitHub.Services.Location.Client.LocationHttpClient.GetConnectionDataAsync(ConnectOptions connectOptions, Int64 lastChangeId, CancellationToken cancellationToken, Object userState)
   at GitHub.Services.WebApi.Location.VssServerDataProvider.GetConnectionDataAsync(ConnectOptions connectOptions, Int32 lastChangeId, CancellationToken cancellationToken)
   at GitHub.Services.WebApi.Location.VssServerDataProvider.ConnectAsync(ConnectOptions connectOptions, CancellationToken cancellationToken)
   at GitHub.Runner.Common.RunnerService.EstablishVssConnection(Uri serverUrl, VssCredentials credentials, TimeSpan timeout)
[2025-09-16 08:34:44Z ERR  GitHubActionsService] GET request to https://pipelinesghubeus6.actions.githubusercontent.com/hKyNd5hzQTjPqVOxuFp9CyJ2tMUr8ytJJ9FfsFju3bqhBGI0lq/_apis/connectionData?connectOptions=1&lastChangeId=258625537&lastChangeId64=258625537 failed. HTTP Status: NotFound
[2025-09-16 08:34:44Z INFO GitHubActionsService] Finished operation Location.GetConnectionData
[2025-09-16 08:34:44Z INFO RunnerServer] Catch exception during connect. 1 attempt left.
[2025-09-16 08:34:44Z ERR  RunnerServer] GitHub.Services.WebApi.VssServiceResponseException: The resource cannot be found.
   at GitHub.Services.WebApi.VssHttpClientBase.HandleResponseAsync(HttpResponseMessage response, CancellationToken cancellationToken)
   at GitHub.Services.WebApi.VssHttpClientBase.SendAsync(HttpRequestMessage message, HttpCompletionOption completionOption, Object userState, CancellationToken cancellationToken)
   at GitHub.Services.WebApi.VssHttpClientBase.SendAsync[T](HttpRequestMessage message, Object userState, CancellationToken cancellationToken)
   at GitHub.Services.Location.Client.LocationHttpClient.GetConnectionDataAsync(ConnectOptions connectOptions, Int64 lastChangeId, CancellationToken cancellationToken, Object userState)
   at GitHub.Services.WebApi.Location.VssServerDataProvider.GetConnectionDataAsync(ConnectOptions connectOptions, Int32 lastChangeId, CancellationToken cancellationToken)
   at GitHub.Services.WebApi.Location.VssServerDataProvider.ConnectAsync(ConnectOptions connectOptions, CancellationToken cancellationToken)
   at GitHub.Runner.Common.RunnerService.EstablishVssConnection(Uri serverUrl, VssCredentials credentials, TimeSpan timeout)
[2025-09-16 08:34:44Z ERR  GitHubActionsService] GET request to https://pipelinesghubeus6.actions.githubusercontent.com/hKyNd5hzQTjPqVOxuFp9CyJ2tMUr8ytJJ9FfsFju3bqhBGI0lq/_apis/connectionData?connectOptions=1&lastChangeId=258625537&lastChangeId64=258625537 failed. HTTP Status: NotFound
[2025-09-16 08:34:44Z INFO GitHubActionsService] Finished operation Location.GetConnectionData
[2025-09-16 08:34:44Z INFO RunnerServer] Catch exception during connect. 1 attempt left.
[2025-09-16 08:34:44Z ERR  RunnerServer] GitHub.Services.WebApi.VssServiceResponseException: The resource cannot be found.
   at GitHub.Services.WebApi.VssHttpClientBase.HandleResponseAsync(HttpResponseMessage response, CancellationToken cancellationToken)
   at GitHub.Services.WebApi.VssHttpClientBase.SendAsync(HttpRequestMessage message, HttpCompletionOption completionOption, Object userState, CancellationToken cancellationToken)
   at GitHub.Services.WebApi.VssHttpClientBase.SendAsync[T](HttpRequestMessage message, Object userState, CancellationToken cancellationToken)
   at GitHub.Services.Location.Client.LocationHttpClient.GetConnectionDataAsync(ConnectOptions connectOptions, Int64 lastChangeId, CancellationToken cancellationToken, Object userState)
   at GitHub.Services.WebApi.Location.VssServerDataProvider.GetConnectionDataAsync(ConnectOptions connectOptions, Int32 lastChangeId, CancellationToken cancellationToken)
   at GitHub.Services.WebApi.Location.VssServerDataProvider.ConnectAsync(ConnectOptions connectOptions, CancellationToken cancellationToken)
   at GitHub.Runner.Common.RunnerService.EstablishVssConnection(Uri serverUrl, VssCredentials credentials, TimeSpan timeout)
[2025-09-16 08:34:44Z INFO GitHubActionsService] Starting operation Location.GetConnectionData
[2025-09-16 08:34:44Z INFO GitHubActionsService] Starting operation Location.GetConnectionData
[2025-09-16 08:34:44Z INFO GitHubActionsService] Starting operation Location.GetConnectionData
[2025-09-16 08:34:45Z ERR  GitHubActionsService] GET request to https://pipelinesghubeus6.actions.githubusercontent.com/hKyNd5hzQTjPqVOxuFp9CyJ2tMUr8ytJJ9FfsFju3bqhBGI0lq/_apis/connectionData?connectOptions=1&lastChangeId=258625537&lastChangeId64=258625537 failed. HTTP Status: NotFound
[2025-09-16 08:34:45Z INFO GitHubActionsService] Finished operation Location.GetConnectionData
[2025-09-16 08:34:45Z ERR  GitHubActionsService] GET request to https://pipelinesghubeus6.actions.githubusercontent.com/hKyNd5hzQTjPqVOxuFp9CyJ2tMUr8ytJJ9FfsFju3bqhBGI0lq/_apis/connectionData?connectOptions=1&lastChangeId=258625537&lastChangeId64=258625537 failed. HTTP Status: NotFound
[2025-09-16 08:34:45Z INFO GitHubActionsService] Finished operation Location.GetConnectionData
[2025-09-16 08:34:45Z ERR  GitHubActionsService] GET request to https://pipelinesghubeus6.actions.githubusercontent.com/hKyNd5hzQTjPqVOxuFp9CyJ2tMUr8ytJJ9FfsFju3bqhBGI0lq/_apis/connectionData?connectOptions=1&lastChangeId=258625537&lastChangeId64=258625537 failed. HTTP Status: NotFound
[2025-09-16 08:34:45Z INFO GitHubActionsService] Finished operation Location.GetConnectionData
[2025-09-16 08:34:45Z ERR  BrokerMessageListener] Catch exception during create session.
[2025-09-16 08:34:45Z ERR  BrokerMessageListener] GitHub.Services.WebApi.VssServiceResponseException: The resource cannot be found.
   at GitHub.Services.WebApi.VssHttpClientBase.HandleResponseAsync(HttpResponseMessage response, CancellationToken cancellationToken)
   at GitHub.Services.WebApi.VssHttpClientBase.SendAsync(HttpRequestMessage message, HttpCompletionOption completionOption, Object userState, CancellationToken cancellationToken)
   at GitHub.Services.WebApi.VssHttpClientBase.SendAsync[T](HttpRequestMessage message, Object userState, CancellationToken cancellationToken)
   at GitHub.Services.Location.Client.LocationHttpClient.GetConnectionDataAsync(ConnectOptions connectOptions, Int64 lastChangeId, CancellationToken cancellationToken, Object userState)
   at GitHub.Services.WebApi.Location.VssServerDataProvider.GetConnectionDataAsync(ConnectOptions connectOptions, Int32 lastChangeId, CancellationToken cancellationToken)
   at GitHub.Services.WebApi.Location.VssServerDataProvider.ConnectAsync(ConnectOptions connectOptions, CancellationToken cancellationToken)
   at GitHub.Runner.Common.RunnerService.EstablishVssConnection(Uri serverUrl, VssCredentials credentials, TimeSpan timeout)
   at GitHub.Runner.Common.RunnerServer.ConnectAsync(Uri serverUrl, VssCredentials credentials)
   at GitHub.Runner.Listener.BrokerMessageListener.CreateSessionAsync(CancellationToken token)
[2025-09-16 08:34:45Z INFO BrokerMessageListener] Retriable exception: The resource cannot be found.
[2025-09-16 08:34:45Z INFO BrokerMessageListener] Sleeping for 30 seconds before retrying.
[2025-09-16 08:35:15Z INFO BrokerMessageListener] Attempt to create session.
[2025-09-16 08:35:15Z INFO BrokerMessageListener] Connecting to the Broker Server...
[2025-09-16 08:35:15Z INFO ConfigurationStore] HasCredentials()
[2025-09-16 08:35:15Z INFO ConfigurationStore] stored True
[2025-09-16 08:35:15Z INFO CredentialManager] GetCredentialProvider
[2025-09-16 08:35:15Z INFO CredentialManager] Creating type OAuth
[2025-09-16 08:35:15Z INFO CredentialManager] Creating credential type: OAuth
[2025-09-16 08:35:15Z INFO RSAEncryptedFileKeyManager] Loading RSA key parameters from file G:\Brunella\actions-runner\.credentials_rsaparams
[2025-09-16 08:35:15Z INFO BrokerMessageListener] VssConnection created
[2025-09-16 08:35:15Z INFO BrokerMessageListener] Connecting to the Runner server...
[2025-09-16 08:35:15Z INFO RunnerServer] EstablishVssConnection
[2025-09-16 08:35:15Z INFO RunnerServer] Establish connection with 100 seconds timeout.
[2025-09-16 08:35:15Z INFO GitHubActionsService] Starting operation Location.GetConnectionData
[2025-09-16 08:35:15Z INFO RunnerServer] EstablishVssConnection
[2025-09-16 08:35:15Z INFO RunnerServer] Establish connection with 60 seconds timeout.
[2025-09-16 08:35:15Z INFO GitHubActionsService] Starting operation Location.GetConnectionData
[2025-09-16 08:35:15Z INFO RunnerServer] EstablishVssConnection
[2025-09-16 08:35:15Z INFO RunnerServer] Establish connection with 60 seconds timeout.
[2025-09-16 08:35:15Z INFO GitHubActionsService] Starting operation Location.GetConnectionData
[2025-09-16 08:35:16Z ERR  GitHubActionsService] GET request to https://pipelinesghubeus6.actions.githubusercontent.com/hKyNd5hzQTjPqVOxuFp9CyJ2tMUr8ytJJ9FfsFju3bqhBGI0lq/_apis/connectionData?connectOptions=1&lastChangeId=258625537&lastChangeId64=258625537 failed. HTTP Status: NotFound
[2025-09-16 08:35:16Z INFO GitHubActionsService] Finished operation Location.GetConnectionData
[2025-09-16 08:35:16Z INFO RunnerServer] Catch exception during connect. 4 attempt left.
[2025-09-16 08:35:16Z ERR  RunnerServer] GitHub.Services.WebApi.VssServiceResponseException: The resource cannot be found.
   at GitHub.Services.WebApi.VssHttpClientBase.HandleResponseAsync(HttpResponseMessage response, CancellationToken cancellationToken)
   at GitHub.Services.WebApi.VssHttpClientBase.SendAsync(HttpRequestMessage message, HttpCompletionOption completionOption, Object userState, CancellationToken cancellationToken)
   at GitHub.Services.WebApi.VssHttpClientBase.SendAsync[T](HttpRequestMessage message, Object userState, CancellationToken cancellationToken)
   at GitHub.Services.Location.Client.LocationHttpClient.GetConnectionDataAsync(ConnectOptions connectOptions, Int64 lastChangeId, CancellationToken cancellationToken, Object userState)
   at GitHub.Services.WebApi.Location.VssServerDataProvider.GetConnectionDataAsync(ConnectOptions connectOptions, Int32 lastChangeId, CancellationToken cancellationToken)
   at GitHub.Services.WebApi.Location.VssServerDataProvider.ConnectAsync(ConnectOptions connectOptions, CancellationToken cancellationToken)
   at GitHub.Runner.Common.RunnerService.EstablishVssConnection(Uri serverUrl, VssCredentials credentials, TimeSpan timeout)
[2025-09-16 08:35:16Z ERR  GitHubActionsService] GET request to https://pipelinesghubeus6.actions.githubusercontent.com/hKyNd5hzQTjPqVOxuFp9CyJ2tMUr8ytJJ9FfsFju3bqhBGI0lq/_apis/connectionData?connectOptions=1&lastChangeId=258625537&lastChangeId64=258625537 failed. HTTP Status: NotFound
[2025-09-16 08:35:16Z INFO GitHubActionsService] Finished operation Location.GetConnectionData
[2025-09-16 08:35:16Z INFO RunnerServer] Catch exception during connect. 4 attempt left.
[2025-09-16 08:35:16Z ERR  RunnerServer] GitHub.Services.WebApi.VssServiceResponseException: The resource cannot be found.
   at GitHub.Services.WebApi.VssHttpClientBase.HandleResponseAsync(HttpResponseMessage response, CancellationToken cancellationToken)
   at GitHub.Services.WebApi.VssHttpClientBase.SendAsync(HttpRequestMessage message, HttpCompletionOption completionOption, Object userState, CancellationToken cancellationToken)
   at GitHub.Services.WebApi.VssHttpClientBase.SendAsync[T](HttpRequestMessage message, Object userState, CancellationToken cancellationToken)
   at GitHub.Services.Location.Client.LocationHttpClient.GetConnectionDataAsync(ConnectOptions connectOptions, Int64 lastChangeId, CancellationToken cancellationToken, Object userState)
   at GitHub.Services.WebApi.Location.VssServerDataProvider.GetConnectionDataAsync(ConnectOptions connectOptions, Int32 lastChangeId, CancellationToken cancellationToken)
   at GitHub.Services.WebApi.Location.VssServerDataProvider.ConnectAsync(ConnectOptions connectOptions, CancellationToken cancellationToken)
   at GitHub.Runner.Common.RunnerService.EstablishVssConnection(Uri serverUrl, VssCredentials credentials, TimeSpan timeout)
[2025-09-16 08:35:16Z ERR  GitHubActionsService] GET request to https://pipelinesghubeus6.actions.githubusercontent.com/hKyNd5hzQTjPqVOxuFp9CyJ2tMUr8ytJJ9FfsFju3bqhBGI0lq/_apis/connectionData?connectOptions=1&lastChangeId=258625537&lastChangeId64=258625537 failed. HTTP Status: NotFound
[2025-09-16 08:35:16Z INFO GitHubActionsService] Finished operation Location.GetConnectionData
[2025-09-16 08:35:16Z INFO RunnerServer] Catch exception during connect. 4 attempt left.
[2025-09-16 08:35:16Z ERR  RunnerServer] GitHub.Services.WebApi.VssServiceResponseException: The resource cannot be found.
   at GitHub.Services.WebApi.VssHttpClientBase.HandleResponseAsync(HttpResponseMessage response, CancellationToken cancellationToken)
   at GitHub.Services.WebApi.VssHttpClientBase.SendAsync(HttpRequestMessage message, HttpCompletionOption completionOption, Object userState, CancellationToken cancellationToken)
   at GitHub.Services.WebApi.VssHttpClientBase.SendAsync[T](HttpRequestMessage message, Object userState, CancellationToken cancellationToken)
   at GitHub.Services.Location.Client.LocationHttpClient.GetConnectionDataAsync(ConnectOptions connectOptions, Int64 lastChangeId, CancellationToken cancellationToken, Object userState)
   at GitHub.Services.WebApi.Location.VssServerDataProvider.GetConnectionDataAsync(ConnectOptions connectOptions, Int32 lastChangeId, CancellationToken cancellationToken)
   at GitHub.Services.WebApi.Location.VssServerDataProvider.ConnectAsync(ConnectOptions connectOptions, CancellationToken cancellationToken)
   at GitHub.Runner.Common.RunnerService.EstablishVssConnection(Uri serverUrl, VssCredentials credentials, TimeSpan timeout)
[2025-09-16 08:35:16Z INFO GitHubActionsService] Starting operation Location.GetConnectionData
[2025-09-16 08:35:16Z INFO GitHubActionsService] Starting operation Location.GetConnectionData
[2025-09-16 08:35:16Z INFO GitHubActionsService] Starting operation Location.GetConnectionData
[2025-09-16 08:35:16Z ERR  GitHubActionsService] GET request to https://pipelinesghubeus6.actions.githubusercontent.com/hKyNd5hzQTjPqVOxuFp9CyJ2tMUr8ytJJ9FfsFju3bqhBGI0lq/_apis/connectionData?connectOptions=1&lastChangeId=258625537&lastChangeId64=258625537 failed. HTTP Status: NotFound
[2025-09-16 08:35:16Z ERR  GitHubActionsService] GET request to https://pipelinesghubeus6.actions.githubusercontent.com/hKyNd5hzQTjPqVOxuFp9CyJ2tMUr8ytJJ9FfsFju3bqhBGI0lq/_apis/connectionData?connectOptions=1&lastChangeId=258625537&lastChangeId64=258625537 failed. HTTP Status: NotFound
[2025-09-16 08:35:16Z INFO GitHubActionsService] Finished operation Location.GetConnectionData
[2025-09-16 08:35:16Z INFO GitHubActionsService] Finished operation Location.GetConnectionData
[2025-09-16 08:35:16Z INFO RunnerServer] Catch exception during connect. 3 attempt left.
[2025-09-16 08:35:16Z INFO RunnerServer] Catch exception during connect. 3 attempt left.
[2025-09-16 08:35:16Z ERR  RunnerServer] GitHub.Services.WebApi.VssServiceResponseException: The resource cannot be found.
   at GitHub.Services.WebApi.VssHttpClientBase.HandleResponseAsync(HttpResponseMessage response, CancellationToken cancellationToken)
   at GitHub.Services.WebApi.VssHttpClientBase.SendAsync(HttpRequestMessage message, HttpCompletionOption completionOption, Object userState, CancellationToken cancellationToken)
   at GitHub.Services.WebApi.VssHttpClientBase.SendAsync[T](HttpRequestMessage message, Object userState, CancellationToken cancellationToken)
   at GitHub.Services.Location.Client.LocationHttpClient.GetConnectionDataAsync(ConnectOptions connectOptions, Int64 lastChangeId, CancellationToken cancellationToken, Object userState)
   at GitHub.Services.WebApi.Location.VssServerDataProvider.GetConnectionDataAsync(ConnectOptions connectOptions, Int32 lastChangeId, CancellationToken cancellationToken)
   at GitHub.Services.WebApi.Location.VssServerDataProvider.ConnectAsync(ConnectOptions connectOptions, CancellationToken cancellationToken)
   at GitHub.Runner.Common.RunnerService.EstablishVssConnection(Uri serverUrl, VssCredentials credentials, TimeSpan timeout)
[2025-09-16 08:35:16Z ERR  RunnerServer] GitHub.Services.WebApi.VssServiceResponseException: The resource cannot be found.
   at GitHub.Services.WebApi.VssHttpClientBase.HandleResponseAsync(HttpResponseMessage response, CancellationToken cancellationToken)
   at GitHub.Services.WebApi.VssHttpClientBase.SendAsync(HttpRequestMessage message, HttpCompletionOption completionOption, Object userState, CancellationToken cancellationToken)
   at GitHub.Services.WebApi.VssHttpClientBase.SendAsync[T](HttpRequestMessage message, Object userState, CancellationToken cancellationToken)
   at GitHub.Services.Location.Client.LocationHttpClient.GetConnectionDataAsync(ConnectOptions connectOptions, Int64 lastChangeId, CancellationToken cancellationToken, Object userState)
   at GitHub.Services.WebApi.Location.VssServerDataProvider.GetConnectionDataAsync(ConnectOptions connectOptions, Int32 lastChangeId, CancellationToken cancellationToken)
   at GitHub.Services.WebApi.Location.VssServerDataProvider.ConnectAsync(ConnectOptions connectOptions, CancellationToken cancellationToken)
   at GitHub.Runner.Common.RunnerService.EstablishVssConnection(Uri serverUrl, VssCredentials credentials, TimeSpan timeout)
[2025-09-16 08:35:16Z INFO GitHubActionsService] Starting operation Location.GetConnectionData
[2025-09-16 08:35:16Z INFO GitHubActionsService] Starting operation Location.GetConnectionData
[2025-09-16 08:35:16Z ERR  GitHubActionsService] GET request to https://pipelinesghubeus6.actions.githubusercontent.com/hKyNd5hzQTjPqVOxuFp9CyJ2tMUr8ytJJ9FfsFju3bqhBGI0lq/_apis/connectionData?connectOptions=1&lastChangeId=258625537&lastChangeId64=258625537 failed. HTTP Status: NotFound
[2025-09-16 08:35:16Z INFO GitHubActionsService] Finished operation Location.GetConnectionData
[2025-09-16 08:35:16Z INFO RunnerServer] Catch exception during connect. 3 attempt left.
[2025-09-16 08:35:16Z ERR  RunnerServer] GitHub.Services.WebApi.VssServiceResponseException: The resource cannot be found.
   at GitHub.Services.WebApi.VssHttpClientBase.HandleResponseAsync(HttpResponseMessage response, CancellationToken cancellationToken)
   at GitHub.Services.WebApi.VssHttpClientBase.SendAsync(HttpRequestMessage message, HttpCompletionOption completionOption, Object userState, CancellationToken cancellationToken)
   at GitHub.Services.WebApi.VssHttpClientBase.SendAsync[T](HttpRequestMessage message, Object userState, CancellationToken cancellationToken)
   at GitHub.Services.Location.Client.LocationHttpClient.GetConnectionDataAsync(ConnectOptions connectOptions, Int64 lastChangeId, CancellationToken cancellationToken, Object userState)
   at GitHub.Services.WebApi.Location.VssServerDataProvider.GetConnectionDataAsync(ConnectOptions connectOptions, Int32 lastChangeId, CancellationToken cancellationToken)
   at GitHub.Services.WebApi.Location.VssServerDataProvider.ConnectAsync(ConnectOptions connectOptions, CancellationToken cancellationToken)
   at GitHub.Runner.Common.RunnerService.EstablishVssConnection(Uri serverUrl, VssCredentials credentials, TimeSpan timeout)
[2025-09-16 08:35:16Z INFO GitHubActionsService] Starting operation Location.GetConnectionData
[2025-09-16 08:35:17Z ERR  GitHubActionsService] GET request to https://pipelinesghubeus6.actions.githubusercontent.com/hKyNd5hzQTjPqVOxuFp9CyJ2tMUr8ytJJ9FfsFju3bqhBGI0lq/_apis/connectionData?connectOptions=1&lastChangeId=258625537&lastChangeId64=258625537 failed. HTTP Status: NotFound
[2025-09-16 08:35:17Z INFO GitHubActionsService] Finished operation Location.GetConnectionData
[2025-09-16 08:35:17Z INFO RunnerServer] Catch exception during connect. 2 attempt left.
[2025-09-16 08:35:17Z ERR  RunnerServer] GitHub.Services.WebApi.VssServiceResponseException: The resource cannot be found.
   at GitHub.Services.WebApi.VssHttpClientBase.HandleResponseAsync(HttpResponseMessage response, CancellationToken cancellationToken)
   at GitHub.Services.WebApi.VssHttpClientBase.SendAsync(HttpRequestMessage message, HttpCompletionOption completionOption, Object userState, CancellationToken cancellationToken)
   at GitHub.Services.WebApi.VssHttpClientBase.SendAsync[T](HttpRequestMessage message, Object userState, CancellationToken cancellationToken)
   at GitHub.Services.Location.Client.LocationHttpClient.GetConnectionDataAsync(ConnectOptions connectOptions, Int64 lastChangeId, CancellationToken cancellationToken, Object userState)
   at GitHub.Services.WebApi.Location.VssServerDataProvider.GetConnectionDataAsync(ConnectOptions connectOptions, Int32 lastChangeId, CancellationToken cancellationToken)
   at GitHub.Services.WebApi.Location.VssServerDataProvider.ConnectAsync(ConnectOptions connectOptions, CancellationToken cancellationToken)
   at GitHub.Runner.Common.RunnerService.EstablishVssConnection(Uri serverUrl, VssCredentials credentials, TimeSpan timeout)
[2025-09-16 08:35:17Z ERR  GitHubActionsService] GET request to https://pipelinesghubeus6.actions.githubusercontent.com/hKyNd5hzQTjPqVOxuFp9CyJ2tMUr8ytJJ9FfsFju3bqhBGI0lq/_apis/connectionData?connectOptions=1&lastChangeId=258625537&lastChangeId64=258625537 failed. HTTP Status: NotFound
[2025-09-16 08:35:17Z INFO GitHubActionsService] Finished operation Location.GetConnectionData
[2025-09-16 08:35:17Z INFO RunnerServer] Catch exception during connect. 2 attempt left.
[2025-09-16 08:35:17Z ERR  RunnerServer] GitHub.Services.WebApi.VssServiceResponseException: The resource cannot be found.
   at GitHub.Services.WebApi.VssHttpClientBase.HandleResponseAsync(HttpResponseMessage response, CancellationToken cancellationToken)
   at GitHub.Services.WebApi.VssHttpClientBase.SendAsync(HttpRequestMessage message, HttpCompletionOption completionOption, Object userState, CancellationToken cancellationToken)
   at GitHub.Services.WebApi.VssHttpClientBase.SendAsync[T](HttpRequestMessage message, Object userState, CancellationToken cancellationToken)
   at GitHub.Services.Location.Client.LocationHttpClient.GetConnectionDataAsync(ConnectOptions connectOptions, Int64 lastChangeId, CancellationToken cancellationToken, Object userState)
   at GitHub.Services.WebApi.Location.VssServerDataProvider.GetConnectionDataAsync(ConnectOptions connectOptions, Int32 lastChangeId, CancellationToken cancellationToken)
   at GitHub.Services.WebApi.Location.VssServerDataProvider.ConnectAsync(ConnectOptions connectOptions, CancellationToken cancellationToken)
   at GitHub.Runner.Common.RunnerService.EstablishVssConnection(Uri serverUrl, VssCredentials credentials, TimeSpan timeout)
[2025-09-16 08:35:17Z INFO GitHubActionsService] Starting operation Location.GetConnectionData
[2025-09-16 08:35:17Z ERR  GitHubActionsService] GET request to https://pipelinesghubeus6.actions.githubusercontent.com/hKyNd5hzQTjPqVOxuFp9CyJ2tMUr8ytJJ9FfsFju3bqhBGI0lq/_apis/connectionData?connectOptions=1&lastChangeId=258625537&lastChangeId64=258625537 failed. HTTP Status: NotFound
[2025-09-16 08:35:17Z INFO GitHubActionsService] Finished operation Location.GetConnectionData
[2025-09-16 08:35:17Z INFO RunnerServer] Catch exception during connect. 2 attempt left.
[2025-09-16 08:35:17Z ERR  RunnerServer] GitHub.Services.WebApi.VssServiceResponseException: The resource cannot be found.
   at GitHub.Services.WebApi.VssHttpClientBase.HandleResponseAsync(HttpResponseMessage response, CancellationToken cancellationToken)
   at GitHub.Services.WebApi.VssHttpClientBase.SendAsync(HttpRequestMessage message, HttpCompletionOption completionOption, Object userState, CancellationToken cancellationToken)
   at GitHub.Services.WebApi.VssHttpClientBase.SendAsync[T](HttpRequestMessage message, Object userState, CancellationToken cancellationToken)
   at GitHub.Services.Location.Client.LocationHttpClient.GetConnectionDataAsync(ConnectOptions connectOptions, Int64 lastChangeId, CancellationToken cancellationToken, Object userState)
   at GitHub.Services.WebApi.Location.VssServerDataProvider.GetConnectionDataAsync(ConnectOptions connectOptions, Int32 lastChangeId, CancellationToken cancellationToken)
   at GitHub.Services.WebApi.Location.VssServerDataProvider.ConnectAsync(ConnectOptions connectOptions, CancellationToken cancellationToken)
   at GitHub.Runner.Common.RunnerService.EstablishVssConnection(Uri serverUrl, VssCredentials credentials, TimeSpan timeout)
[2025-09-16 08:35:17Z INFO GitHubActionsService] Starting operation Location.GetConnectionData
[2025-09-16 08:35:17Z INFO GitHubActionsService] Starting operation Location.GetConnectionData
[2025-09-16 08:35:18Z ERR  GitHubActionsService] GET request to https://pipelinesghubeus6.actions.githubusercontent.com/hKyNd5hzQTjPqVOxuFp9CyJ2tMUr8ytJJ9FfsFju3bqhBGI0lq/_apis/connectionData?connectOptions=1&lastChangeId=258625537&lastChangeId64=258625537 failed. HTTP Status: NotFound
[2025-09-16 08:35:18Z INFO GitHubActionsService] Finished operation Location.GetConnectionData
[2025-09-16 08:35:18Z INFO RunnerServer] Catch exception during connect. 1 attempt left.
[2025-09-16 08:35:18Z ERR  RunnerServer] GitHub.Services.WebApi.VssServiceResponseException: The resource cannot be found.
   at GitHub.Services.WebApi.VssHttpClientBase.HandleResponseAsync(HttpResponseMessage response, CancellationToken cancellationToken)
   at GitHub.Services.WebApi.VssHttpClientBase.SendAsync(HttpRequestMessage message, HttpCompletionOption completionOption, Object userState, CancellationToken cancellationToken)
   at GitHub.Services.WebApi.VssHttpClientBase.SendAsync[T](HttpRequestMessage message, Object userState, CancellationToken cancellationToken)
   at GitHub.Services.Location.Client.LocationHttpClient.GetConnectionDataAsync(ConnectOptions connectOptions, Int64 lastChangeId, CancellationToken cancellationToken, Object userState)
   at GitHub.Services.WebApi.Location.VssServerDataProvider.GetConnectionDataAsync(ConnectOptions connectOptions, Int32 lastChangeId, CancellationToken cancellationToken)
   at GitHub.Services.WebApi.Location.VssServerDataProvider.ConnectAsync(ConnectOptions connectOptions, CancellationToken cancellationToken)
   at GitHub.Runner.Common.RunnerService.EstablishVssConnection(Uri serverUrl, VssCredentials credentials, TimeSpan timeout)
[2025-09-16 08:35:18Z ERR  GitHubActionsService] GET request to https://pipelinesghubeus6.actions.githubusercontent.com/hKyNd5hzQTjPqVOxuFp9CyJ2tMUr8ytJJ9FfsFju3bqhBGI0lq/_apis/connectionData?connectOptions=1&lastChangeId=258625537&lastChangeId64=258625537 failed. HTTP Status: NotFound
[2025-09-16 08:35:18Z INFO GitHubActionsService] Finished operation Location.GetConnectionData
[2025-09-16 08:35:18Z INFO RunnerServer] Catch exception during connect. 1 attempt left.
[2025-09-16 08:35:18Z ERR  RunnerServer] GitHub.Services.WebApi.VssServiceResponseException: The resource cannot be found.
   at GitHub.Services.WebApi.VssHttpClientBase.HandleResponseAsync(HttpResponseMessage response, CancellationToken cancellationToken)
   at GitHub.Services.WebApi.VssHttpClientBase.SendAsync(HttpRequestMessage message, HttpCompletionOption completionOption, Object userState, CancellationToken cancellationToken)
   at GitHub.Services.WebApi.VssHttpClientBase.SendAsync[T](HttpRequestMessage message, Object userState, CancellationToken cancellationToken)
   at GitHub.Services.Location.Client.LocationHttpClient.GetConnectionDataAsync(ConnectOptions connectOptions, Int64 lastChangeId, CancellationToken cancellationToken, Object userState)
   at GitHub.Services.WebApi.Location.VssServerDataProvider.GetConnectionDataAsync(ConnectOptions connectOptions, Int32 lastChangeId, CancellationToken cancellationToken)
   at GitHub.Services.WebApi.Location.VssServerDataProvider.ConnectAsync(ConnectOptions connectOptions, CancellationToken cancellationToken)
   at GitHub.Runner.Common.RunnerService.EstablishVssConnection(Uri serverUrl, VssCredentials credentials, TimeSpan timeout)
[2025-09-16 08:35:18Z ERR  GitHubActionsService] GET request to https://pipelinesghubeus6.actions.githubusercontent.com/hKyNd5hzQTjPqVOxuFp9CyJ2tMUr8ytJJ9FfsFju3bqhBGI0lq/_apis/connectionData?connectOptions=1&lastChangeId=258625537&lastChangeId64=258625537 failed. HTTP Status: NotFound
[2025-09-16 08:35:18Z INFO GitHubActionsService] Finished operation Location.GetConnectionData
[2025-09-16 08:35:18Z INFO RunnerServer] Catch exception during connect. 1 attempt left.
[2025-09-16 08:35:18Z ERR  RunnerServer] GitHub.Services.WebApi.VssServiceResponseException: The resource cannot be found.
   at GitHub.Services.WebApi.VssHttpClientBase.HandleResponseAsync(HttpResponseMessage response, CancellationToken cancellationToken)
   at GitHub.Services.WebApi.VssHttpClientBase.SendAsync(HttpRequestMessage message, HttpCompletionOption completionOption, Object userState, CancellationToken cancellationToken)
   at GitHub.Services.WebApi.VssHttpClientBase.SendAsync[T](HttpRequestMessage message, Object userState, CancellationToken cancellationToken)
   at GitHub.Services.Location.Client.LocationHttpClient.GetConnectionDataAsync(ConnectOptions connectOptions, Int64 lastChangeId, CancellationToken cancellationToken, Object userState)
   at GitHub.Services.WebApi.Location.VssServerDataProvider.GetConnectionDataAsync(ConnectOptions connectOptions, Int32 lastChangeId, CancellationToken cancellationToken)
   at GitHub.Services.WebApi.Location.VssServerDataProvider.ConnectAsync(ConnectOptions connectOptions, CancellationToken cancellationToken)
   at GitHub.Runner.Common.RunnerService.EstablishVssConnection(Uri serverUrl, VssCredentials credentials, TimeSpan timeout)
[2025-09-16 08:35:18Z INFO GitHubActionsService] Starting operation Location.GetConnectionData
[2025-09-16 08:35:18Z INFO GitHubActionsService] Starting operation Location.GetConnectionData
[2025-09-16 08:35:18Z INFO GitHubActionsService] Starting operation Location.GetConnectionData
[2025-09-16 08:35:18Z ERR  GitHubActionsService] GET request to https://pipelinesghubeus6.actions.githubusercontent.com/hKyNd5hzQTjPqVOxuFp9CyJ2tMUr8ytJJ9FfsFju3bqhBGI0lq/_apis/connectionData?connectOptions=1&lastChangeId=258625537&lastChangeId64=258625537 failed. HTTP Status: NotFound
[2025-09-16 08:35:18Z INFO GitHubActionsService] Finished operation Location.GetConnectionData
[2025-09-16 08:35:19Z ERR  GitHubActionsService] GET request to https://pipelinesghubeus6.actions.githubusercontent.com/hKyNd5hzQTjPqVOxuFp9CyJ2tMUr8ytJJ9FfsFju3bqhBGI0lq/_apis/connectionData?connectOptions=1&lastChangeId=258625537&lastChangeId64=258625537 failed. HTTP Status: NotFound
[2025-09-16 08:35:19Z INFO GitHubActionsService] Finished operation Location.GetConnectionData
[2025-09-16 08:35:19Z ERR  GitHubActionsService] GET request to https://pipelinesghubeus6.actions.githubusercontent.com/hKyNd5hzQTjPqVOxuFp9CyJ2tMUr8ytJJ9FfsFju3bqhBGI0lq/_apis/connectionData?connectOptions=1&lastChangeId=258625537&lastChangeId64=258625537 failed. HTTP Status: NotFound
[2025-09-16 08:35:19Z INFO GitHubActionsService] Finished operation Location.GetConnectionData
[2025-09-16 08:35:19Z ERR  BrokerMessageListener] Catch exception during create session.
[2025-09-16 08:35:19Z ERR  BrokerMessageListener] GitHub.Services.WebApi.VssServiceResponseException: The resource cannot be found.
   at GitHub.Services.WebApi.VssHttpClientBase.HandleResponseAsync(HttpResponseMessage response, CancellationToken cancellationToken)
   at GitHub.Services.WebApi.VssHttpClientBase.SendAsync(HttpRequestMessage message, HttpCompletionOption completionOption, Object userState, CancellationToken cancellationToken)
   at GitHub.Services.WebApi.VssHttpClientBase.SendAsync[T](HttpRequestMessage message, Object userState, CancellationToken cancellationToken)
   at GitHub.Services.Location.Client.LocationHttpClient.GetConnectionDataAsync(ConnectOptions connectOptions, Int64 lastChangeId, CancellationToken cancellationToken, Object userState)
   at GitHub.Services.WebApi.Location.VssServerDataProvider.GetConnectionDataAsync(ConnectOptions connectOptions, Int32 lastChangeId, CancellationToken cancellationToken)
   at GitHub.Services.WebApi.Location.VssServerDataProvider.ConnectAsync(ConnectOptions connectOptions, CancellationToken cancellationToken)
   at GitHub.Runner.Common.RunnerService.EstablishVssConnection(Uri serverUrl, VssCredentials credentials, TimeSpan timeout)
   at GitHub.Runner.Common.RunnerServer.ConnectAsync(Uri serverUrl, VssCredentials credentials)
   at GitHub.Runner.Listener.BrokerMessageListener.CreateSessionAsync(CancellationToken token)
[2025-09-16 08:35:19Z INFO BrokerMessageListener] Retriable exception: The resource cannot be found.
[2025-09-16 08:35:19Z INFO BrokerMessageListener] Sleeping for 30 seconds before retrying.
[2025-09-16 08:35:49Z INFO BrokerMessageListener] Attempt to create session.
[2025-09-16 08:35:49Z INFO BrokerMessageListener] Connecting to the Broker Server...
[2025-09-16 08:35:49Z INFO ConfigurationStore] HasCredentials()
[2025-09-16 08:35:49Z INFO ConfigurationStore] stored True
[2025-09-16 08:35:49Z INFO CredentialManager] GetCredentialProvider
[2025-09-16 08:35:49Z INFO CredentialManager] Creating type OAuth
[2025-09-16 08:35:49Z INFO CredentialManager] Creating credential type: OAuth
[2025-09-16 08:35:49Z INFO RSAEncryptedFileKeyManager] Loading RSA key parameters from file G:\Brunella\actions-runner\.credentials_rsaparams
[2025-09-16 08:35:49Z INFO BrokerMessageListener] VssConnection created
[2025-09-16 08:35:49Z INFO BrokerMessageListener] Connecting to the Runner server...
[2025-09-16 08:35:49Z INFO RunnerServer] EstablishVssConnection
[2025-09-16 08:35:49Z INFO RunnerServer] Establish connection with 100 seconds timeout.
[2025-09-16 08:35:49Z INFO GitHubActionsService] Starting operation Location.GetConnectionData
[2025-09-16 08:35:49Z INFO RunnerServer] EstablishVssConnection
[2025-09-16 08:35:49Z INFO RunnerServer] Establish connection with 60 seconds timeout.
[2025-09-16 08:35:49Z INFO GitHubActionsService] Starting operation Location.GetConnectionData
[2025-09-16 08:35:49Z INFO RunnerServer] EstablishVssConnection
[2025-09-16 08:35:49Z INFO RunnerServer] Establish connection with 60 seconds timeout.
[2025-09-16 08:35:49Z INFO GitHubActionsService] Starting operation Location.GetConnectionData
[2025-09-16 08:35:49Z ERR  GitHubActionsService] GET request to https://pipelinesghubeus6.actions.githubusercontent.com/hKyNd5hzQTjPqVOxuFp9CyJ2tMUr8ytJJ9FfsFju3bqhBGI0lq/_apis/connectionData?connectOptions=1&lastChangeId=258625537&lastChangeId64=258625537 failed. HTTP Status: NotFound
[2025-09-16 08:35:49Z INFO GitHubActionsService] Finished operation Location.GetConnectionData
[2025-09-16 08:35:49Z INFO RunnerServer] Catch exception during connect. 4 attempt left.
[2025-09-16 08:35:49Z ERR  RunnerServer] GitHub.Services.WebApi.VssServiceResponseException: The resource cannot be found.
   at GitHub.Services.WebApi.VssHttpClientBase.HandleResponseAsync(HttpResponseMessage response, CancellationToken cancellationToken)
   at GitHub.Services.WebApi.VssHttpClientBase.SendAsync(HttpRequestMessage message, HttpCompletionOption completionOption, Object userState, CancellationToken cancellationToken)
   at GitHub.Services.WebApi.VssHttpClientBase.SendAsync[T](HttpRequestMessage message, Object userState, CancellationToken cancellationToken)
   at GitHub.Services.Location.Client.LocationHttpClient.GetConnectionDataAsync(ConnectOptions connectOptions, Int64 lastChangeId, CancellationToken cancellationToken, Object userState)
   at GitHub.Services.WebApi.Location.VssServerDataProvider.GetConnectionDataAsync(ConnectOptions connectOptions, Int32 lastChangeId, CancellationToken cancellationToken)
   at GitHub.Services.WebApi.Location.VssServerDataProvider.ConnectAsync(ConnectOptions connectOptions, CancellationToken cancellationToken)
   at GitHub.Runner.Common.RunnerService.EstablishVssConnection(Uri serverUrl, VssCredentials credentials, TimeSpan timeout)
[2025-09-16 08:35:49Z INFO GitHubActionsService] Starting operation Location.GetConnectionData
[2025-09-16 08:35:49Z ERR  GitHubActionsService] GET request to https://pipelinesghubeus6.actions.githubusercontent.com/hKyNd5hzQTjPqVOxuFp9CyJ2tMUr8ytJJ9FfsFju3bqhBGI0lq/_apis/connectionData?connectOptions=1&lastChangeId=258625537&lastChangeId64=258625537 failed. HTTP Status: NotFound
[2025-09-16 08:35:49Z INFO GitHubActionsService] Finished operation Location.GetConnectionData
[2025-09-16 08:35:49Z INFO RunnerServer] Catch exception during connect. 4 attempt left.
[2025-09-16 08:35:49Z ERR  GitHubActionsService] GET request to https://pipelinesghubeus6.actions.githubusercontent.com/hKyNd5hzQTjPqVOxuFp9CyJ2tMUr8ytJJ9FfsFju3bqhBGI0lq/_apis/connectionData?connectOptions=1&lastChangeId=258625537&lastChangeId64=258625537 failed. HTTP Status: NotFound
[2025-09-16 08:35:49Z INFO GitHubActionsService] Finished operation Location.GetConnectionData
[2025-09-16 08:35:49Z INFO RunnerServer] Catch exception during connect. 4 attempt left.
[2025-09-16 08:35:49Z ERR  RunnerServer] GitHub.Services.WebApi.VssServiceResponseException: The resource cannot be found.
   at GitHub.Services.WebApi.VssHttpClientBase.HandleResponseAsync(HttpResponseMessage response, CancellationToken cancellationToken)
   at GitHub.Services.WebApi.VssHttpClientBase.SendAsync(HttpRequestMessage message, HttpCompletionOption completionOption, Object userState, CancellationToken cancellationToken)
   at GitHub.Services.WebApi.VssHttpClientBase.SendAsync[T](HttpRequestMessage message, Object userState, CancellationToken cancellationToken)
   at GitHub.Services.Location.Client.LocationHttpClient.GetConnectionDataAsync(ConnectOptions connectOptions, Int64 lastChangeId, CancellationToken cancellationToken, Object userState)
   at GitHub.Services.WebApi.Location.VssServerDataProvider.GetConnectionDataAsync(ConnectOptions connectOptions, Int32 lastChangeId, CancellationToken cancellationToken)
   at GitHub.Services.WebApi.Location.VssServerDataProvider.ConnectAsync(ConnectOptions connectOptions, CancellationToken cancellationToken)
   at GitHub.Runner.Common.RunnerService.EstablishVssConnection(Uri serverUrl, VssCredentials credentials, TimeSpan timeout)
[2025-09-16 08:35:49Z ERR  RunnerServer] GitHub.Services.WebApi.VssServiceResponseException: The resource cannot be found.
   at GitHub.Services.WebApi.VssHttpClientBase.HandleResponseAsync(HttpResponseMessage response, CancellationToken cancellationToken)
   at GitHub.Services.WebApi.VssHttpClientBase.SendAsync(HttpRequestMessage message, HttpCompletionOption completionOption, Object userState, CancellationToken cancellationToken)
   at GitHub.Services.WebApi.VssHttpClientBase.SendAsync[T](HttpRequestMessage message, Object userState, CancellationToken cancellationToken)
   at GitHub.Services.Location.Client.LocationHttpClient.GetConnectionDataAsync(ConnectOptions connectOptions, Int64 lastChangeId, CancellationToken cancellationToken, Object userState)
   at GitHub.Services.WebApi.Location.VssServerDataProvider.GetConnectionDataAsync(ConnectOptions connectOptions, Int32 lastChangeId, CancellationToken cancellationToken)
   at GitHub.Services.WebApi.Location.VssServerDataProvider.ConnectAsync(ConnectOptions connectOptions, CancellationToken cancellationToken)
   at GitHub.Runner.Common.RunnerService.EstablishVssConnection(Uri serverUrl, VssCredentials credentials, TimeSpan timeout)
[2025-09-16 08:35:49Z INFO GitHubActionsService] Starting operation Location.GetConnectionData
[2025-09-16 08:35:49Z INFO GitHubActionsService] Starting operation Location.GetConnectionData
[2025-09-16 08:35:50Z ERR  GitHubActionsService] GET request to https://pipelinesghubeus6.actions.githubusercontent.com/hKyNd5hzQTjPqVOxuFp9CyJ2tMUr8ytJJ9FfsFju3bqhBGI0lq/_apis/connectionData?connectOptions=1&lastChangeId=258625537&lastChangeId64=258625537 failed. HTTP Status: NotFound
[2025-09-16 08:35:50Z INFO GitHubActionsService] Finished operation Location.GetConnectionData
[2025-09-16 08:35:50Z INFO RunnerServer] Catch exception during connect. 3 attempt left.
[2025-09-16 08:35:50Z ERR  RunnerServer] GitHub.Services.WebApi.VssServiceResponseException: The resource cannot be found.
   at GitHub.Services.WebApi.VssHttpClientBase.HandleResponseAsync(HttpResponseMessage response, CancellationToken cancellationToken)
   at GitHub.Services.WebApi.VssHttpClientBase.SendAsync(HttpRequestMessage message, HttpCompletionOption completionOption, Object userState, CancellationToken cancellationToken)
   at GitHub.Services.WebApi.VssHttpClientBase.SendAsync[T](HttpRequestMessage message, Object userState, CancellationToken cancellationToken)
   at GitHub.Services.Location.Client.LocationHttpClient.GetConnectionDataAsync(ConnectOptions connectOptions, Int64 lastChangeId, CancellationToken cancellationToken, Object userState)
   at GitHub.Services.WebApi.Location.VssServerDataProvider.GetConnectionDataAsync(ConnectOptions connectOptions, Int32 lastChangeId, CancellationToken cancellationToken)
   at GitHub.Services.WebApi.Location.VssServerDataProvider.ConnectAsync(ConnectOptions connectOptions, CancellationToken cancellationToken)
   at GitHub.Runner.Common.RunnerService.EstablishVssConnection(Uri serverUrl, VssCredentials credentials, TimeSpan timeout)
[2025-09-16 08:35:50Z INFO GitHubActionsService] Starting operation Location.GetConnectionData
[2025-09-16 08:35:50Z ERR  GitHubActionsService] GET request to https://pipelinesghubeus6.actions.githubusercontent.com/hKyNd5hzQTjPqVOxuFp9CyJ2tMUr8ytJJ9FfsFju3bqhBGI0lq/_apis/connectionData?connectOptions=1&lastChangeId=258625537&lastChangeId64=258625537 failed. HTTP Status: NotFound
[2025-09-16 08:35:50Z INFO GitHubActionsService] Finished operation Location.GetConnectionData
[2025-09-16 08:35:50Z INFO RunnerServer] Catch exception during connect. 3 attempt left.
[2025-09-16 08:35:50Z ERR  RunnerServer] GitHub.Services.WebApi.VssServiceResponseException: The resource cannot be found.
   at GitHub.Services.WebApi.VssHttpClientBase.HandleResponseAsync(HttpResponseMessage response, CancellationToken cancellationToken)
   at GitHub.Services.WebApi.VssHttpClientBase.SendAsync(HttpRequestMessage message, HttpCompletionOption completionOption, Object userState, CancellationToken cancellationToken)
   at GitHub.Services.WebApi.VssHttpClientBase.SendAsync[T](HttpRequestMessage message, Object userState, CancellationToken cancellationToken)
   at GitHub.Services.Location.Client.LocationHttpClient.GetConnectionDataAsync(ConnectOptions connectOptions, Int64 lastChangeId, CancellationToken cancellationToken, Object userState)
   at GitHub.Services.WebApi.Location.VssServerDataProvider.GetConnectionDataAsync(ConnectOptions connectOptions, Int32 lastChangeId, CancellationToken cancellationToken)
   at GitHub.Services.WebApi.Location.VssServerDataProvider.ConnectAsync(ConnectOptions connectOptions, CancellationToken cancellationToken)
   at GitHub.Runner.Common.RunnerService.EstablishVssConnection(Uri serverUrl, VssCredentials credentials, TimeSpan timeout)
[2025-09-16 08:35:50Z ERR  GitHubActionsService] GET request to https://pipelinesghubeus6.actions.githubusercontent.com/hKyNd5hzQTjPqVOxuFp9CyJ2tMUr8ytJJ9FfsFju3bqhBGI0lq/_apis/connectionData?connectOptions=1&lastChangeId=258625537&lastChangeId64=258625537 failed. HTTP Status: NotFound
[2025-09-16 08:35:50Z INFO GitHubActionsService] Finished operation Location.GetConnectionData
[2025-09-16 08:35:50Z INFO RunnerServer] Catch exception during connect. 3 attempt left.
[2025-09-16 08:35:50Z ERR  RunnerServer] GitHub.Services.WebApi.VssServiceResponseException: The resource cannot be found.
   at GitHub.Services.WebApi.VssHttpClientBase.HandleResponseAsync(HttpResponseMessage response, CancellationToken cancellationToken)
   at GitHub.Services.WebApi.VssHttpClientBase.SendAsync(HttpRequestMessage message, HttpCompletionOption completionOption, Object userState, CancellationToken cancellationToken)
   at GitHub.Services.WebApi.VssHttpClientBase.SendAsync[T](HttpRequestMessage message, Object userState, CancellationToken cancellationToken)
   at GitHub.Services.Location.Client.LocationHttpClient.GetConnectionDataAsync(ConnectOptions connectOptions, Int64 lastChangeId, CancellationToken cancellationToken, Object userState)
   at GitHub.Services.WebApi.Location.VssServerDataProvider.GetConnectionDataAsync(ConnectOptions connectOptions, Int32 lastChangeId, CancellationToken cancellationToken)
   at GitHub.Services.WebApi.Location.VssServerDataProvider.ConnectAsync(ConnectOptions connectOptions, CancellationToken cancellationToken)
   at GitHub.Runner.Common.RunnerService.EstablishVssConnection(Uri serverUrl, VssCredentials credentials, TimeSpan timeout)
[2025-09-16 08:35:50Z INFO GitHubActionsService] Starting operation Location.GetConnectionData
[2025-09-16 08:35:50Z INFO GitHubActionsService] Starting operation Location.GetConnectionData
[2025-09-16 08:35:51Z ERR  GitHubActionsService] GET request to https://pipelinesghubeus6.actions.githubusercontent.com/hKyNd5hzQTjPqVOxuFp9CyJ2tMUr8ytJJ9FfsFju3bqhBGI0lq/_apis/connectionData?connectOptions=1&lastChangeId=258625537&lastChangeId64=258625537 failed. HTTP Status: NotFound
[2025-09-16 08:35:51Z INFO GitHubActionsService] Finished operation Location.GetConnectionData
[2025-09-16 08:35:51Z INFO RunnerServer] Catch exception during connect. 2 attempt left.
[2025-09-16 08:35:51Z ERR  RunnerServer] GitHub.Services.WebApi.VssServiceResponseException: The resource cannot be found.
   at GitHub.Services.WebApi.VssHttpClientBase.HandleResponseAsync(HttpResponseMessage response, CancellationToken cancellationToken)
   at GitHub.Services.WebApi.VssHttpClientBase.SendAsync(HttpRequestMessage message, HttpCompletionOption completionOption, Object userState, CancellationToken cancellationToken)
   at GitHub.Services.WebApi.VssHttpClientBase.SendAsync[T](HttpRequestMessage message, Object userState, CancellationToken cancellationToken)
   at GitHub.Services.Location.Client.LocationHttpClient.GetConnectionDataAsync(ConnectOptions connectOptions, Int64 lastChangeId, CancellationToken cancellationToken, Object userState)
   at GitHub.Services.WebApi.Location.VssServerDataProvider.GetConnectionDataAsync(ConnectOptions connectOptions, Int32 lastChangeId, CancellationToken cancellationToken)
   at GitHub.Services.WebApi.Location.VssServerDataProvider.ConnectAsync(ConnectOptions connectOptions, CancellationToken cancellationToken)
   at GitHub.Runner.Common.RunnerService.EstablishVssConnection(Uri serverUrl, VssCredentials credentials, TimeSpan timeout)
[2025-09-16 08:35:51Z ERR  GitHubActionsService] GET request to https://pipelinesghubeus6.actions.githubusercontent.com/hKyNd5hzQTjPqVOxuFp9CyJ2tMUr8ytJJ9FfsFju3bqhBGI0lq/_apis/connectionData?connectOptions=1&lastChangeId=258625537&lastChangeId64=258625537 failed. HTTP Status: NotFound
[2025-09-16 08:35:51Z INFO GitHubActionsService] Finished operation Location.GetConnectionData
[2025-09-16 08:35:51Z INFO RunnerServer] Catch exception during connect. 2 attempt left.
[2025-09-16 08:35:51Z ERR  RunnerServer] GitHub.Services.WebApi.VssServiceResponseException: The resource cannot be found.
   at GitHub.Services.WebApi.VssHttpClientBase.HandleResponseAsync(HttpResponseMessage response, CancellationToken cancellationToken)
   at GitHub.Services.WebApi.VssHttpClientBase.SendAsync(HttpRequestMessage message, HttpCompletionOption completionOption, Object userState, CancellationToken cancellationToken)
   at GitHub.Services.WebApi.VssHttpClientBase.SendAsync[T](HttpRequestMessage message, Object userState, CancellationToken cancellationToken)
   at GitHub.Services.Location.Client.LocationHttpClient.GetConnectionDataAsync(ConnectOptions connectOptions, Int64 lastChangeId, CancellationToken cancellationToken, Object userState)
   at GitHub.Services.WebApi.Location.VssServerDataProvider.GetConnectionDataAsync(ConnectOptions connectOptions, Int32 lastChangeId, CancellationToken cancellationToken)
   at GitHub.Services.WebApi.Location.VssServerDataProvider.ConnectAsync(ConnectOptions connectOptions, CancellationToken cancellationToken)
   at GitHub.Runner.Common.RunnerService.EstablishVssConnection(Uri serverUrl, VssCredentials credentials, TimeSpan timeout)
[2025-09-16 08:35:51Z ERR  GitHubActionsService] GET request to https://pipelinesghubeus6.actions.githubusercontent.com/hKyNd5hzQTjPqVOxuFp9CyJ2tMUr8ytJJ9FfsFju3bqhBGI0lq/_apis/connectionData?connectOptions=1&lastChangeId=258625537&lastChangeId64=258625537 failed. HTTP Status: NotFound
[2025-09-16 08:35:51Z INFO GitHubActionsService] Finished operation Location.GetConnectionData
[2025-09-16 08:35:51Z INFO RunnerServer] Catch exception during connect. 2 attempt left.
[2025-09-16 08:35:51Z ERR  RunnerServer] GitHub.Services.WebApi.VssServiceResponseException: The resource cannot be found.
   at GitHub.Services.WebApi.VssHttpClientBase.HandleResponseAsync(HttpResponseMessage response, CancellationToken cancellationToken)
   at GitHub.Services.WebApi.VssHttpClientBase.SendAsync(HttpRequestMessage message, HttpCompletionOption completionOption, Object userState, CancellationToken cancellationToken)
   at GitHub.Services.WebApi.VssHttpClientBase.SendAsync[T](HttpRequestMessage message, Object userState, CancellationToken cancellationToken)
   at GitHub.Services.Location.Client.LocationHttpClient.GetConnectionDataAsync(ConnectOptions connectOptions, Int64 lastChangeId, CancellationToken cancellationToken, Object userState)
   at GitHub.Services.WebApi.Location.VssServerDataProvider.GetConnectionDataAsync(ConnectOptions connectOptions, Int32 lastChangeId, CancellationToken cancellationToken)
   at GitHub.Services.WebApi.Location.VssServerDataProvider.ConnectAsync(ConnectOptions connectOptions, CancellationToken cancellationToken)
   at GitHub.Runner.Common.RunnerService.EstablishVssConnection(Uri serverUrl, VssCredentials credentials, TimeSpan timeout)
[2025-09-16 08:35:51Z INFO GitHubActionsService] Starting operation Location.GetConnectionData
[2025-09-16 08:35:51Z INFO GitHubActionsService] Starting operation Location.GetConnectionData
[2025-09-16 08:35:51Z INFO GitHubActionsService] Starting operation Location.GetConnectionData
[2025-09-16 08:35:52Z ERR  GitHubActionsService] GET request to https://pipelinesghubeus6.actions.githubusercontent.com/hKyNd5hzQTjPqVOxuFp9CyJ2tMUr8ytJJ9FfsFju3bqhBGI0lq/_apis/connectionData?connectOptions=1&lastChangeId=258625537&lastChangeId64=258625537 failed. HTTP Status: NotFound
[2025-09-16 08:35:52Z INFO GitHubActionsService] Finished operation Location.GetConnectionData
[2025-09-16 08:35:52Z INFO RunnerServer] Catch exception during connect. 1 attempt left.
[2025-09-16 08:35:52Z ERR  RunnerServer] GitHub.Services.WebApi.VssServiceResponseException: The resource cannot be found.
   at GitHub.Services.WebApi.VssHttpClientBase.HandleResponseAsync(HttpResponseMessage response, CancellationToken cancellationToken)
   at GitHub.Services.WebApi.VssHttpClientBase.SendAsync(HttpRequestMessage message, HttpCompletionOption completionOption, Object userState, CancellationToken cancellationToken)
   at GitHub.Services.WebApi.VssHttpClientBase.SendAsync[T](HttpRequestMessage message, Object userState, CancellationToken cancellationToken)
   at GitHub.Services.Location.Client.LocationHttpClient.GetConnectionDataAsync(ConnectOptions connectOptions, Int64 lastChangeId, CancellationToken cancellationToken, Object userState)
   at GitHub.Services.WebApi.Location.VssServerDataProvider.GetConnectionDataAsync(ConnectOptions connectOptions, Int32 lastChangeId, CancellationToken cancellationToken)
   at GitHub.Services.WebApi.Location.VssServerDataProvider.ConnectAsync(ConnectOptions connectOptions, CancellationToken cancellationToken)
   at GitHub.Runner.Common.RunnerService.EstablishVssConnection(Uri serverUrl, VssCredentials credentials, TimeSpan timeout)
[2025-09-16 08:35:52Z ERR  GitHubActionsService] GET request to https://pipelinesghubeus6.actions.githubusercontent.com/hKyNd5hzQTjPqVOxuFp9CyJ2tMUr8ytJJ9FfsFju3bqhBGI0lq/_apis/connectionData?connectOptions=1&lastChangeId=258625537&lastChangeId64=258625537 failed. HTTP Status: NotFound
[2025-09-16 08:35:52Z INFO GitHubActionsService] Finished operation Location.GetConnectionData
[2025-09-16 08:35:52Z INFO RunnerServer] Catch exception during connect. 1 attempt left.
[2025-09-16 08:35:52Z ERR  RunnerServer] GitHub.Services.WebApi.VssServiceResponseException: The resource cannot be found.
   at GitHub.Services.WebApi.VssHttpClientBase.HandleResponseAsync(HttpResponseMessage response, CancellationToken cancellationToken)
   at GitHub.Services.WebApi.VssHttpClientBase.SendAsync(HttpRequestMessage message, HttpCompletionOption completionOption, Object userState, CancellationToken cancellationToken)
   at GitHub.Services.WebApi.VssHttpClientBase.SendAsync[T](HttpRequestMessage message, Object userState, CancellationToken cancellationToken)
   at GitHub.Services.Location.Client.LocationHttpClient.GetConnectionDataAsync(ConnectOptions connectOptions, Int64 lastChangeId, CancellationToken cancellationToken, Object userState)
   at GitHub.Services.WebApi.Location.VssServerDataProvider.GetConnectionDataAsync(ConnectOptions connectOptions, Int32 lastChangeId, CancellationToken cancellationToken)
   at GitHub.Services.WebApi.Location.VssServerDataProvider.ConnectAsync(ConnectOptions connectOptions, CancellationToken cancellationToken)
   at GitHub.Runner.Common.RunnerService.EstablishVssConnection(Uri serverUrl, VssCredentials credentials, TimeSpan timeout)
[2025-09-16 08:35:52Z INFO GitHubActionsService] Starting operation Location.GetConnectionData
[2025-09-16 08:35:52Z ERR  GitHubActionsService] GET request to https://pipelinesghubeus6.actions.githubusercontent.com/hKyNd5hzQTjPqVOxuFp9CyJ2tMUr8ytJJ9FfsFju3bqhBGI0lq/_apis/connectionData?connectOptions=1&lastChangeId=258625537&lastChangeId64=258625537 failed. HTTP Status: NotFound
[2025-09-16 08:35:52Z INFO GitHubActionsService] Finished operation Location.GetConnectionData
[2025-09-16 08:35:52Z INFO RunnerServer] Catch exception during connect. 1 attempt left.
[2025-09-16 08:35:52Z ERR  RunnerServer] GitHub.Services.WebApi.VssServiceResponseException: The resource cannot be found.
   at GitHub.Services.WebApi.VssHttpClientBase.HandleResponseAsync(HttpResponseMessage response, CancellationToken cancellationToken)
   at GitHub.Services.WebApi.VssHttpClientBase.SendAsync(HttpRequestMessage message, HttpCompletionOption completionOption, Object userState, CancellationToken cancellationToken)
   at GitHub.Services.WebApi.VssHttpClientBase.SendAsync[T](HttpRequestMessage message, Object userState, CancellationToken cancellationToken)
   at GitHub.Services.Location.Client.LocationHttpClient.GetConnectionDataAsync(ConnectOptions connectOptions, Int64 lastChangeId, CancellationToken cancellationToken, Object userState)
   at GitHub.Services.WebApi.Location.VssServerDataProvider.GetConnectionDataAsync(ConnectOptions connectOptions, Int32 lastChangeId, CancellationToken cancellationToken)
   at GitHub.Services.WebApi.Location.VssServerDataProvider.ConnectAsync(ConnectOptions connectOptions, CancellationToken cancellationToken)
   at GitHub.Runner.Common.RunnerService.EstablishVssConnection(Uri serverUrl, VssCredentials credentials, TimeSpan timeout)
[2025-09-16 08:35:52Z INFO GitHubActionsService] Starting operation Location.GetConnectionData
[2025-09-16 08:35:52Z INFO GitHubActionsService] Starting operation Location.GetConnectionData
[2025-09-16 08:35:52Z ERR  GitHubActionsService] GET request to https://pipelinesghubeus6.actions.githubusercontent.com/hKyNd5hzQTjPqVOxuFp9CyJ2tMUr8ytJJ9FfsFju3bqhBGI0lq/_apis/connectionData?connectOptions=1&lastChangeId=258625537&lastChangeId64=258625537 failed. HTTP Status: NotFound
[2025-09-16 08:35:52Z INFO GitHubActionsService] Finished operation Location.GetConnectionData
[2025-09-16 08:35:52Z ERR  GitHubActionsService] GET request to https://pipelinesghubeus6.actions.githubusercontent.com/hKyNd5hzQTjPqVOxuFp9CyJ2tMUr8ytJJ9FfsFju3bqhBGI0lq/_apis/connectionData?connectOptions=1&lastChangeId=258625537&lastChangeId64=258625537 failed. HTTP Status: NotFound
[2025-09-16 08:35:52Z INFO GitHubActionsService] Finished operation Location.GetConnectionData
[2025-09-16 08:35:52Z ERR  GitHubActionsService] GET request to https://pipelinesghubeus6.actions.githubusercontent.com/hKyNd5hzQTjPqVOxuFp9CyJ2tMUr8ytJJ9FfsFju3bqhBGI0lq/_apis/connectionData?connectOptions=1&lastChangeId=258625537&lastChangeId64=258625537 failed. HTTP Status: NotFound
[2025-09-16 08:35:52Z INFO GitHubActionsService] Finished operation Location.GetConnectionData
[2025-09-16 08:35:52Z ERR  BrokerMessageListener] Catch exception during create session.
[2025-09-16 08:35:52Z ERR  BrokerMessageListener] GitHub.Services.WebApi.VssServiceResponseException: The resource cannot be found.
   at GitHub.Services.WebApi.VssHttpClientBase.HandleResponseAsync(HttpResponseMessage response, CancellationToken cancellationToken)
   at GitHub.Services.WebApi.VssHttpClientBase.SendAsync(HttpRequestMessage message, HttpCompletionOption completionOption, Object userState, CancellationToken cancellationToken)
   at GitHub.Services.WebApi.VssHttpClientBase.SendAsync[T](HttpRequestMessage message, Object userState, CancellationToken cancellationToken)
   at GitHub.Services.Location.Client.LocationHttpClient.GetConnectionDataAsync(ConnectOptions connectOptions, Int64 lastChangeId, CancellationToken cancellationToken, Object userState)
   at GitHub.Services.WebApi.Location.VssServerDataProvider.GetConnectionDataAsync(ConnectOptions connectOptions, Int32 lastChangeId, CancellationToken cancellationToken)
   at GitHub.Services.WebApi.Location.VssServerDataProvider.ConnectAsync(ConnectOptions connectOptions, CancellationToken cancellationToken)
   at GitHub.Runner.Common.RunnerService.EstablishVssConnection(Uri serverUrl, VssCredentials credentials, TimeSpan timeout)
   at GitHub.Runner.Common.RunnerServer.ConnectAsync(Uri serverUrl, VssCredentials credentials)
   at GitHub.Runner.Listener.BrokerMessageListener.CreateSessionAsync(CancellationToken token)
[2025-09-16 08:35:52Z INFO BrokerMessageListener] Retriable exception: The resource cannot be found.
[2025-09-16 08:35:52Z INFO BrokerMessageListener] Sleeping for 30 seconds before retrying.
[2025-09-16 08:36:22Z INFO BrokerMessageListener] Attempt to create session.
[2025-09-16 08:36:22Z INFO BrokerMessageListener] Connecting to the Broker Server...
[2025-09-16 08:36:22Z INFO ConfigurationStore] HasCredentials()
[2025-09-16 08:36:22Z INFO ConfigurationStore] stored True
[2025-09-16 08:36:22Z INFO CredentialManager] GetCredentialProvider
[2025-09-16 08:36:22Z INFO CredentialManager] Creating type OAuth
[2025-09-16 08:36:22Z INFO CredentialManager] Creating credential type: OAuth
[2025-09-16 08:36:22Z INFO RSAEncryptedFileKeyManager] Loading RSA key parameters from file G:\Brunella\actions-runner\.credentials_rsaparams
[2025-09-16 08:36:22Z INFO BrokerMessageListener] VssConnection created
[2025-09-16 08:36:22Z INFO BrokerMessageListener] Connecting to the Runner server...
[2025-09-16 08:36:22Z INFO RunnerServer] EstablishVssConnection
[2025-09-16 08:36:22Z INFO RunnerServer] Establish connection with 100 seconds timeout.
[2025-09-16 08:36:22Z INFO GitHubActionsService] Starting operation Location.GetConnectionData
[2025-09-16 08:36:22Z INFO RunnerServer] EstablishVssConnection
[2025-09-16 08:36:22Z INFO RunnerServer] Establish connection with 60 seconds timeout.
[2025-09-16 08:36:22Z INFO GitHubActionsService] Starting operation Location.GetConnectionData
[2025-09-16 08:36:22Z INFO RunnerServer] EstablishVssConnection
[2025-09-16 08:36:22Z INFO RunnerServer] Establish connection with 60 seconds timeout.
[2025-09-16 08:36:22Z INFO GitHubActionsService] Starting operation Location.GetConnectionData
[2025-09-16 08:36:23Z ERR  GitHubActionsService] GET request to https://pipelinesghubeus6.actions.githubusercontent.com/hKyNd5hzQTjPqVOxuFp9CyJ2tMUr8ytJJ9FfsFju3bqhBGI0lq/_apis/connectionData?connectOptions=1&lastChangeId=258625537&lastChangeId64=258625537 failed. HTTP Status: NotFound
[2025-09-16 08:36:23Z INFO GitHubActionsService] Finished operation Location.GetConnectionData
[2025-09-16 08:36:23Z INFO RunnerServer] Catch exception during connect. 4 attempt left.
[2025-09-16 08:36:23Z ERR  RunnerServer] GitHub.Services.WebApi.VssServiceResponseException: The resource cannot be found.
   at GitHub.Services.WebApi.VssHttpClientBase.HandleResponseAsync(HttpResponseMessage response, CancellationToken cancellationToken)
   at GitHub.Services.WebApi.VssHttpClientBase.SendAsync(HttpRequestMessage message, HttpCompletionOption completionOption, Object userState, CancellationToken cancellationToken)
   at GitHub.Services.WebApi.VssHttpClientBase.SendAsync[T](HttpRequestMessage message, Object userState, CancellationToken cancellationToken)
   at GitHub.Services.Location.Client.LocationHttpClient.GetConnectionDataAsync(ConnectOptions connectOptions, Int64 lastChangeId, CancellationToken cancellationToken, Object userState)
   at GitHub.Services.WebApi.Location.VssServerDataProvider.GetConnectionDataAsync(ConnectOptions connectOptions, Int32 lastChangeId, CancellationToken cancellationToken)
   at GitHub.Services.WebApi.Location.VssServerDataProvider.ConnectAsync(ConnectOptions connectOptions, CancellationToken cancellationToken)
   at GitHub.Runner.Common.RunnerService.EstablishVssConnection(Uri serverUrl, VssCredentials credentials, TimeSpan timeout)
[2025-09-16 08:36:23Z ERR  GitHubActionsService] GET request to https://pipelinesghubeus6.actions.githubusercontent.com/hKyNd5hzQTjPqVOxuFp9CyJ2tMUr8ytJJ9FfsFju3bqhBGI0lq/_apis/connectionData?connectOptions=1&lastChangeId=258625537&lastChangeId64=258625537 failed. HTTP Status: NotFound
[2025-09-16 08:36:23Z INFO GitHubActionsService] Finished operation Location.GetConnectionData
[2025-09-16 08:36:23Z INFO RunnerServer] Catch exception during connect. 4 attempt left.
[2025-09-16 08:36:23Z ERR  RunnerServer] GitHub.Services.WebApi.VssServiceResponseException: The resource cannot be found.
   at GitHub.Services.WebApi.VssHttpClientBase.HandleResponseAsync(HttpResponseMessage response, CancellationToken cancellationToken)
   at GitHub.Services.WebApi.VssHttpClientBase.SendAsync(HttpRequestMessage message, HttpCompletionOption completionOption, Object userState, CancellationToken cancellationToken)
   at GitHub.Services.WebApi.VssHttpClientBase.SendAsync[T](HttpRequestMessage message, Object userState, CancellationToken cancellationToken)
   at GitHub.Services.Location.Client.LocationHttpClient.GetConnectionDataAsync(ConnectOptions connectOptions, Int64 lastChangeId, CancellationToken cancellationToken, Object userState)
   at GitHub.Services.WebApi.Location.VssServerDataProvider.GetConnectionDataAsync(ConnectOptions connectOptions, Int32 lastChangeId, CancellationToken cancellationToken)
   at GitHub.Services.WebApi.Location.VssServerDataProvider.ConnectAsync(ConnectOptions connectOptions, CancellationToken cancellationToken)
   at GitHub.Runner.Common.RunnerService.EstablishVssConnection(Uri serverUrl, VssCredentials credentials, TimeSpan timeout)
[2025-09-16 08:36:23Z ERR  GitHubActionsService] GET request to https://pipelinesghubeus6.actions.githubusercontent.com/hKyNd5hzQTjPqVOxuFp9CyJ2tMUr8ytJJ9FfsFju3bqhBGI0lq/_apis/connectionData?connectOptions=1&lastChangeId=258625537&lastChangeId64=258625537 failed. HTTP Status: NotFound
[2025-09-16 08:36:23Z INFO GitHubActionsService] Finished operation Location.GetConnectionData
[2025-09-16 08:36:23Z INFO RunnerServer] Catch exception during connect. 4 attempt left.
[2025-09-16 08:36:23Z ERR  RunnerServer] GitHub.Services.WebApi.VssServiceResponseException: The resource cannot be found.
   at GitHub.Services.WebApi.VssHttpClientBase.HandleResponseAsync(HttpResponseMessage response, CancellationToken cancellationToken)
   at GitHub.Services.WebApi.VssHttpClientBase.SendAsync(HttpRequestMessage message, HttpCompletionOption completionOption, Object userState, CancellationToken cancellationToken)
   at GitHub.Services.WebApi.VssHttpClientBase.SendAsync[T](HttpRequestMessage message, Object userState, CancellationToken cancellationToken)
   at GitHub.Services.Location.Client.LocationHttpClient.GetConnectionDataAsync(ConnectOptions connectOptions, Int64 lastChangeId, CancellationToken cancellationToken, Object userState)
   at GitHub.Services.WebApi.Location.VssServerDataProvider.GetConnectionDataAsync(ConnectOptions connectOptions, Int32 lastChangeId, CancellationToken cancellationToken)
   at GitHub.Services.WebApi.Location.VssServerDataProvider.ConnectAsync(ConnectOptions connectOptions, CancellationToken cancellationToken)
   at GitHub.Runner.Common.RunnerService.EstablishVssConnection(Uri serverUrl, VssCredentials credentials, TimeSpan timeout)
[2025-09-16 08:36:23Z INFO GitHubActionsService] Starting operation Location.GetConnectionData
[2025-09-16 08:36:23Z INFO GitHubActionsService] Starting operation Location.GetConnectionData
[2025-09-16 08:36:23Z INFO GitHubActionsService] Starting operation Location.GetConnectionData
[2025-09-16 08:36:24Z ERR  GitHubActionsService] GET request to https://pipelinesghubeus6.actions.githubusercontent.com/hKyNd5hzQTjPqVOxuFp9CyJ2tMUr8ytJJ9FfsFju3bqhBGI0lq/_apis/connectionData?connectOptions=1&lastChangeId=258625537&lastChangeId64=258625537 failed. HTTP Status: NotFound
[2025-09-16 08:36:24Z INFO GitHubActionsService] Finished operation Location.GetConnectionData
[2025-09-16 08:36:24Z INFO RunnerServer] Catch exception during connect. 3 attempt left.
[2025-09-16 08:36:24Z ERR  RunnerServer] GitHub.Services.WebApi.VssServiceResponseException: The resource cannot be found.
   at GitHub.Services.WebApi.VssHttpClientBase.HandleResponseAsync(HttpResponseMessage response, CancellationToken cancellationToken)
   at GitHub.Services.WebApi.VssHttpClientBase.SendAsync(HttpRequestMessage message, HttpCompletionOption completionOption, Object userState, CancellationToken cancellationToken)
   at GitHub.Services.WebApi.VssHttpClientBase.SendAsync[T](HttpRequestMessage message, Object userState, CancellationToken cancellationToken)
   at GitHub.Services.Location.Client.LocationHttpClient.GetConnectionDataAsync(ConnectOptions connectOptions, Int64 lastChangeId, CancellationToken cancellationToken, Object userState)
   at GitHub.Services.WebApi.Location.VssServerDataProvider.GetConnectionDataAsync(ConnectOptions connectOptions, Int32 lastChangeId, CancellationToken cancellationToken)
   at GitHub.Services.WebApi.Location.VssServerDataProvider.ConnectAsync(ConnectOptions connectOptions, CancellationToken cancellationToken)
   at GitHub.Runner.Common.RunnerService.EstablishVssConnection(Uri serverUrl, VssCredentials credentials, TimeSpan timeout)
[2025-09-16 08:36:24Z ERR  GitHubActionsService] GET request to https://pipelinesghubeus6.actions.githubusercontent.com/hKyNd5hzQTjPqVOxuFp9CyJ2tMUr8ytJJ9FfsFju3bqhBGI0lq/_apis/connectionData?connectOptions=1&lastChangeId=258625537&lastChangeId64=258625537 failed. HTTP Status: NotFound
[2025-09-16 08:36:24Z INFO GitHubActionsService] Finished operation Location.GetConnectionData
[2025-09-16 08:36:24Z INFO RunnerServer] Catch exception during connect. 3 attempt left.
[2025-09-16 08:36:24Z ERR  RunnerServer] GitHub.Services.WebApi.VssServiceResponseException: The resource cannot be found.
   at GitHub.Services.WebApi.VssHttpClientBase.HandleResponseAsync(HttpResponseMessage response, CancellationToken cancellationToken)
   at GitHub.Services.WebApi.VssHttpClientBase.SendAsync(HttpRequestMessage message, HttpCompletionOption completionOption, Object userState, CancellationToken cancellationToken)
   at GitHub.Services.WebApi.VssHttpClientBase.SendAsync[T](HttpRequestMessage message, Object userState, CancellationToken cancellationToken)
   at GitHub.Services.Location.Client.LocationHttpClient.GetConnectionDataAsync(ConnectOptions connectOptions, Int64 lastChangeId, CancellationToken cancellationToken, Object userState)
   at GitHub.Services.WebApi.Location.VssServerDataProvider.GetConnectionDataAsync(ConnectOptions connectOptions, Int32 lastChangeId, CancellationToken cancellationToken)
   at GitHub.Services.WebApi.Location.VssServerDataProvider.ConnectAsync(ConnectOptions connectOptions, CancellationToken cancellationToken)
   at GitHub.Runner.Common.RunnerService.EstablishVssConnection(Uri serverUrl, VssCredentials credentials, TimeSpan timeout)
[2025-09-16 08:36:24Z ERR  GitHubActionsService] GET request to https://pipelinesghubeus6.actions.githubusercontent.com/hKyNd5hzQTjPqVOxuFp9CyJ2tMUr8ytJJ9FfsFju3bqhBGI0lq/_apis/connectionData?connectOptions=1&lastChangeId=258625537&lastChangeId64=258625537 failed. HTTP Status: NotFound
[2025-09-16 08:36:24Z INFO GitHubActionsService] Finished operation Location.GetConnectionData
[2025-09-16 08:36:24Z INFO RunnerServer] Catch exception during connect. 3 attempt left.
[2025-09-16 08:36:24Z ERR  RunnerServer] GitHub.Services.WebApi.VssServiceResponseException: The resource cannot be found.
   at GitHub.Services.WebApi.VssHttpClientBase.HandleResponseAsync(HttpResponseMessage response, CancellationToken cancellationToken)
   at GitHub.Services.WebApi.VssHttpClientBase.SendAsync(HttpRequestMessage message, HttpCompletionOption completionOption, Object userState, CancellationToken cancellationToken)
   at GitHub.Services.WebApi.VssHttpClientBase.SendAsync[T](HttpRequestMessage message, Object userState, CancellationToken cancellationToken)
   at GitHub.Services.Location.Client.LocationHttpClient.GetConnectionDataAsync(ConnectOptions connectOptions, Int64 lastChangeId, CancellationToken cancellationToken, Object userState)
   at GitHub.Services.WebApi.Location.VssServerDataProvider.GetConnectionDataAsync(ConnectOptions connectOptions, Int32 lastChangeId, CancellationToken cancellationToken)
   at GitHub.Services.WebApi.Location.VssServerDataProvider.ConnectAsync(ConnectOptions connectOptions, CancellationToken cancellationToken)
   at GitHub.Runner.Common.RunnerService.EstablishVssConnection(Uri serverUrl, VssCredentials credentials, TimeSpan timeout)
[2025-09-16 08:36:24Z INFO GitHubActionsService] Starting operation Location.GetConnectionData
[2025-09-16 08:36:24Z INFO GitHubActionsService] Starting operation Location.GetConnectionData
[2025-09-16 08:36:24Z INFO GitHubActionsService] Starting operation Location.GetConnectionData
[2025-09-16 08:36:25Z ERR  GitHubActionsService] GET request to https://pipelinesghubeus6.actions.githubusercontent.com/hKyNd5hzQTjPqVOxuFp9CyJ2tMUr8ytJJ9FfsFju3bqhBGI0lq/_apis/connectionData?connectOptions=1&lastChangeId=258625537&lastChangeId64=258625537 failed. HTTP Status: NotFound
[2025-09-16 08:36:25Z INFO GitHubActionsService] Finished operation Location.GetConnectionData
[2025-09-16 08:36:25Z INFO RunnerServer] Catch exception during connect. 2 attempt left.
[2025-09-16 08:36:25Z ERR  RunnerServer] GitHub.Services.WebApi.VssServiceResponseException: The resource cannot be found.
   at GitHub.Services.WebApi.VssHttpClientBase.HandleResponseAsync(HttpResponseMessage response, CancellationToken cancellationToken)
   at GitHub.Services.WebApi.VssHttpClientBase.SendAsync(HttpRequestMessage message, HttpCompletionOption completionOption, Object userState, CancellationToken cancellationToken)
   at GitHub.Services.WebApi.VssHttpClientBase.SendAsync[T](HttpRequestMessage message, Object userState, CancellationToken cancellationToken)
   at GitHub.Services.Location.Client.LocationHttpClient.GetConnectionDataAsync(ConnectOptions connectOptions, Int64 lastChangeId, CancellationToken cancellationToken, Object userState)
   at GitHub.Services.WebApi.Location.VssServerDataProvider.GetConnectionDataAsync(ConnectOptions connectOptions, Int32 lastChangeId, CancellationToken cancellationToken)
   at GitHub.Services.WebApi.Location.VssServerDataProvider.ConnectAsync(ConnectOptions connectOptions, CancellationToken cancellationToken)
   at GitHub.Runner.Common.RunnerService.EstablishVssConnection(Uri serverUrl, VssCredentials credentials, TimeSpan timeout)
[2025-09-16 08:36:25Z ERR  GitHubActionsService] GET request to https://pipelinesghubeus6.actions.githubusercontent.com/hKyNd5hzQTjPqVOxuFp9CyJ2tMUr8ytJJ9FfsFju3bqhBGI0lq/_apis/connectionData?connectOptions=1&lastChangeId=258625537&lastChangeId64=258625537 failed. HTTP Status: NotFound
[2025-09-16 08:36:25Z INFO GitHubActionsService] Finished operation Location.GetConnectionData
[2025-09-16 08:36:25Z INFO RunnerServer] Catch exception during connect. 2 attempt left.
[2025-09-16 08:36:25Z ERR  RunnerServer] GitHub.Services.WebApi.VssServiceResponseException: The resource cannot be found.
   at GitHub.Services.WebApi.VssHttpClientBase.HandleResponseAsync(HttpResponseMessage response, CancellationToken cancellationToken)
   at GitHub.Services.WebApi.VssHttpClientBase.SendAsync(HttpRequestMessage message, HttpCompletionOption completionOption, Object userState, CancellationToken cancellationToken)
   at GitHub.Services.WebApi.VssHttpClientBase.SendAsync[T](HttpRequestMessage message, Object userState, CancellationToken cancellationToken)
   at GitHub.Services.Location.Client.LocationHttpClient.GetConnectionDataAsync(ConnectOptions connectOptions, Int64 lastChangeId, CancellationToken cancellationToken, Object userState)
   at GitHub.Services.WebApi.Location.VssServerDataProvider.GetConnectionDataAsync(ConnectOptions connectOptions, Int32 lastChangeId, CancellationToken cancellationToken)
   at GitHub.Services.WebApi.Location.VssServerDataProvider.ConnectAsync(ConnectOptions connectOptions, CancellationToken cancellationToken)
   at GitHub.Runner.Common.RunnerService.EstablishVssConnection(Uri serverUrl, VssCredentials credentials, TimeSpan timeout)
[2025-09-16 08:36:25Z ERR  GitHubActionsService] GET request to https://pipelinesghubeus6.actions.githubusercontent.com/hKyNd5hzQTjPqVOxuFp9CyJ2tMUr8ytJJ9FfsFju3bqhBGI0lq/_apis/connectionData?connectOptions=1&lastChangeId=258625537&lastChangeId64=258625537 failed. HTTP Status: NotFound
[2025-09-16 08:36:25Z INFO GitHubActionsService] Finished operation Location.GetConnectionData
[2025-09-16 08:36:25Z INFO RunnerServer] Catch exception during connect. 2 attempt left.
[2025-09-16 08:36:25Z ERR  RunnerServer] GitHub.Services.WebApi.VssServiceResponseException: The resource cannot be found.
   at GitHub.Services.WebApi.VssHttpClientBase.HandleResponseAsync(HttpResponseMessage response, CancellationToken cancellationToken)
   at GitHub.Services.WebApi.VssHttpClientBase.SendAsync(HttpRequestMessage message, HttpCompletionOption completionOption, Object userState, CancellationToken cancellationToken)
   at GitHub.Services.WebApi.VssHttpClientBase.SendAsync[T](HttpRequestMessage message, Object userState, CancellationToken cancellationToken)
   at GitHub.Services.Location.Client.LocationHttpClient.GetConnectionDataAsync(ConnectOptions connectOptions, Int64 lastChangeId, CancellationToken cancellationToken, Object userState)
   at GitHub.Services.WebApi.Location.VssServerDataProvider.GetConnectionDataAsync(ConnectOptions connectOptions, Int32 lastChangeId, CancellationToken cancellationToken)
   at GitHub.Services.WebApi.Location.VssServerDataProvider.ConnectAsync(ConnectOptions connectOptions, CancellationToken cancellationToken)
   at GitHub.Runner.Common.RunnerService.EstablishVssConnection(Uri serverUrl, VssCredentials credentials, TimeSpan timeout)
[2025-09-16 08:36:25Z INFO GitHubActionsService] Starting operation Location.GetConnectionData
[2025-09-16 08:36:25Z INFO GitHubActionsService] Starting operation Location.GetConnectionData
[2025-09-16 08:36:25Z INFO GitHubActionsService] Starting operation Location.GetConnectionData
[2025-09-16 08:36:25Z ERR  GitHubActionsService] GET request to https://pipelinesghubeus6.actions.githubusercontent.com/hKyNd5hzQTjPqVOxuFp9CyJ2tMUr8ytJJ9FfsFju3bqhBGI0lq/_apis/connectionData?connectOptions=1&lastChangeId=258625537&lastChangeId64=258625537 failed. HTTP Status: NotFound
[2025-09-16 08:36:25Z INFO GitHubActionsService] Finished operation Location.GetConnectionData
[2025-09-16 08:36:25Z INFO RunnerServer] Catch exception during connect. 1 attempt left.
[2025-09-16 08:36:25Z ERR  RunnerServer] GitHub.Services.WebApi.VssServiceResponseException: The resource cannot be found.
   at GitHub.Services.WebApi.VssHttpClientBase.HandleResponseAsync(HttpResponseMessage response, CancellationToken cancellationToken)
   at GitHub.Services.WebApi.VssHttpClientBase.SendAsync(HttpRequestMessage message, HttpCompletionOption completionOption, Object userState, CancellationToken cancellationToken)
   at GitHub.Services.WebApi.VssHttpClientBase.SendAsync[T](HttpRequestMessage message, Object userState, CancellationToken cancellationToken)
   at GitHub.Services.Location.Client.LocationHttpClient.GetConnectionDataAsync(ConnectOptions connectOptions, Int64 lastChangeId, CancellationToken cancellationToken, Object userState)
   at GitHub.Services.WebApi.Location.VssServerDataProvider.GetConnectionDataAsync(ConnectOptions connectOptions, Int32 lastChangeId, CancellationToken cancellationToken)
   at GitHub.Services.WebApi.Location.VssServerDataProvider.ConnectAsync(ConnectOptions connectOptions, CancellationToken cancellationToken)
   at GitHub.Runner.Common.RunnerService.EstablishVssConnection(Uri serverUrl, VssCredentials credentials, TimeSpan timeout)
[2025-09-16 08:36:25Z INFO GitHubActionsService] Starting operation Location.GetConnectionData
[2025-09-16 08:36:25Z ERR  GitHubActionsService] GET request to https://pipelinesghubeus6.actions.githubusercontent.com/hKyNd5hzQTjPqVOxuFp9CyJ2tMUr8ytJJ9FfsFju3bqhBGI0lq/_apis/connectionData?connectOptions=1&lastChangeId=258625537&lastChangeId64=258625537 failed. HTTP Status: NotFound
[2025-09-16 08:36:25Z INFO GitHubActionsService] Finished operation Location.GetConnectionData
[2025-09-16 08:36:25Z INFO RunnerServer] Catch exception during connect. 1 attempt left.
[2025-09-16 08:36:25Z ERR  RunnerServer] GitHub.Services.WebApi.VssServiceResponseException: The resource cannot be found.
   at GitHub.Services.WebApi.VssHttpClientBase.HandleResponseAsync(HttpResponseMessage response, CancellationToken cancellationToken)
   at GitHub.Services.WebApi.VssHttpClientBase.SendAsync(HttpRequestMessage message, HttpCompletionOption completionOption, Object userState, CancellationToken cancellationToken)
   at GitHub.Services.WebApi.VssHttpClientBase.SendAsync[T](HttpRequestMessage message, Object userState, CancellationToken cancellationToken)
   at GitHub.Services.Location.Client.LocationHttpClient.GetConnectionDataAsync(ConnectOptions connectOptions, Int64 lastChangeId, CancellationToken cancellationToken, Object userState)
   at GitHub.Services.WebApi.Location.VssServerDataProvider.GetConnectionDataAsync(ConnectOptions connectOptions, Int32 lastChangeId, CancellationToken cancellationToken)
   at GitHub.Services.WebApi.Location.VssServerDataProvider.ConnectAsync(ConnectOptions connectOptions, CancellationToken cancellationToken)
   at GitHub.Runner.Common.RunnerService.EstablishVssConnection(Uri serverUrl, VssCredentials credentials, TimeSpan timeout)
[2025-09-16 08:36:26Z ERR  GitHubActionsService] GET request to https://pipelinesghubeus6.actions.githubusercontent.com/hKyNd5hzQTjPqVOxuFp9CyJ2tMUr8ytJJ9FfsFju3bqhBGI0lq/_apis/connectionData?connectOptions=1&lastChangeId=258625537&lastChangeId64=258625537 failed. HTTP Status: NotFound
[2025-09-16 08:36:26Z INFO GitHubActionsService] Finished operation Location.GetConnectionData
[2025-09-16 08:36:26Z INFO RunnerServer] Catch exception during connect. 1 attempt left.
[2025-09-16 08:36:26Z ERR  RunnerServer] GitHub.Services.WebApi.VssServiceResponseException: The resource cannot be found.
   at GitHub.Services.WebApi.VssHttpClientBase.HandleResponseAsync(HttpResponseMessage response, CancellationToken cancellationToken)
   at GitHub.Services.WebApi.VssHttpClientBase.SendAsync(HttpRequestMessage message, HttpCompletionOption completionOption, Object userState, CancellationToken cancellationToken)
   at GitHub.Services.WebApi.VssHttpClientBase.SendAsync[T](HttpRequestMessage message, Object userState, CancellationToken cancellationToken)
   at GitHub.Services.Location.Client.LocationHttpClient.GetConnectionDataAsync(ConnectOptions connectOptions, Int64 lastChangeId, CancellationToken cancellationToken, Object userState)
   at GitHub.Services.WebApi.Location.VssServerDataProvider.GetConnectionDataAsync(ConnectOptions connectOptions, Int32 lastChangeId, CancellationToken cancellationToken)
   at GitHub.Services.WebApi.Location.VssServerDataProvider.ConnectAsync(ConnectOptions connectOptions, CancellationToken cancellationToken)
   at GitHub.Runner.Common.RunnerService.EstablishVssConnection(Uri serverUrl, VssCredentials credentials, TimeSpan timeout)
[2025-09-16 08:36:26Z INFO GitHubActionsService] Starting operation Location.GetConnectionData
[2025-09-16 08:36:26Z INFO GitHubActionsService] Starting operation Location.GetConnectionData
[2025-09-16 08:36:26Z ERR  GitHubActionsService] GET request to https://pipelinesghubeus6.actions.githubusercontent.com/hKyNd5hzQTjPqVOxuFp9CyJ2tMUr8ytJJ9FfsFju3bqhBGI0lq/_apis/connectionData?connectOptions=1&lastChangeId=258625537&lastChangeId64=258625537 failed. HTTP Status: NotFound
[2025-09-16 08:36:26Z INFO GitHubActionsService] Finished operation Location.GetConnectionData
[2025-09-16 08:36:26Z ERR  GitHubActionsService] GET request to https://pipelinesghubeus6.actions.githubusercontent.com/hKyNd5hzQTjPqVOxuFp9CyJ2tMUr8ytJJ9FfsFju3bqhBGI0lq/_apis/connectionData?connectOptions=1&lastChangeId=258625537&lastChangeId64=258625537 failed. HTTP Status: NotFound
[2025-09-16 08:36:26Z INFO GitHubActionsService] Finished operation Location.GetConnectionData
[2025-09-16 08:36:26Z ERR  GitHubActionsService] GET request to https://pipelinesghubeus6.actions.githubusercontent.com/hKyNd5hzQTjPqVOxuFp9CyJ2tMUr8ytJJ9FfsFju3bqhBGI0lq/_apis/connectionData?connectOptions=1&lastChangeId=258625537&lastChangeId64=258625537 failed. HTTP Status: NotFound
[2025-09-16 08:36:26Z INFO GitHubActionsService] Finished operation Location.GetConnectionData
[2025-09-16 08:36:26Z ERR  BrokerMessageListener] Catch exception during create session.
[2025-09-16 08:36:26Z ERR  BrokerMessageListener] GitHub.Services.WebApi.VssServiceResponseException: The resource cannot be found.
   at GitHub.Services.WebApi.VssHttpClientBase.HandleResponseAsync(HttpResponseMessage response, CancellationToken cancellationToken)
   at GitHub.Services.WebApi.VssHttpClientBase.SendAsync(HttpRequestMessage message, HttpCompletionOption completionOption, Object userState, CancellationToken cancellationToken)
   at GitHub.Services.WebApi.VssHttpClientBase.SendAsync[T](HttpRequestMessage message, Object userState, CancellationToken cancellationToken)
   at GitHub.Services.Location.Client.LocationHttpClient.GetConnectionDataAsync(ConnectOptions connectOptions, Int64 lastChangeId, CancellationToken cancellationToken, Object userState)
   at GitHub.Services.WebApi.Location.VssServerDataProvider.GetConnectionDataAsync(ConnectOptions connectOptions, Int32 lastChangeId, CancellationToken cancellationToken)
   at GitHub.Services.WebApi.Location.VssServerDataProvider.ConnectAsync(ConnectOptions connectOptions, CancellationToken cancellationToken)
   at GitHub.Runner.Common.RunnerService.EstablishVssConnection(Uri serverUrl, VssCredentials credentials, TimeSpan timeout)
   at GitHub.Runner.Common.RunnerServer.ConnectAsync(Uri serverUrl, VssCredentials credentials)
   at GitHub.Runner.Listener.BrokerMessageListener.CreateSessionAsync(CancellationToken token)
[2025-09-16 08:36:26Z INFO BrokerMessageListener] Retriable exception: The resource cannot be found.
[2025-09-16 08:36:26Z INFO BrokerMessageListener] Sleeping for 30 seconds before retrying.
[2025-09-16 08:36:56Z INFO BrokerMessageListener] Attempt to create session.
[2025-09-16 08:36:56Z INFO BrokerMessageListener] Connecting to the Broker Server...
[2025-09-16 08:36:56Z INFO ConfigurationStore] HasCredentials()
[2025-09-16 08:36:56Z INFO ConfigurationStore] stored True
[2025-09-16 08:36:56Z INFO CredentialManager] GetCredentialProvider
[2025-09-16 08:36:56Z INFO CredentialManager] Creating type OAuth
[2025-09-16 08:36:56Z INFO CredentialManager] Creating credential type: OAuth
[2025-09-16 08:36:56Z INFO RSAEncryptedFileKeyManager] Loading RSA key parameters from file G:\Brunella\actions-runner\.credentials_rsaparams
[2025-09-16 08:36:56Z INFO BrokerMessageListener] VssConnection created
[2025-09-16 08:36:56Z INFO BrokerMessageListener] Connecting to the Runner server...
[2025-09-16 08:36:56Z INFO RunnerServer] EstablishVssConnection
[2025-09-16 08:36:56Z INFO RunnerServer] Establish connection with 100 seconds timeout.
[2025-09-16 08:36:56Z INFO GitHubActionsService] Starting operation Location.GetConnectionData
[2025-09-16 08:36:56Z INFO RunnerServer] EstablishVssConnection
[2025-09-16 08:36:56Z INFO RunnerServer] Establish connection with 60 seconds timeout.
[2025-09-16 08:36:56Z INFO GitHubActionsService] Starting operation Location.GetConnectionData
[2025-09-16 08:36:56Z INFO RunnerServer] EstablishVssConnection
[2025-09-16 08:36:56Z INFO RunnerServer] Establish connection with 60 seconds timeout.
[2025-09-16 08:36:56Z INFO GitHubActionsService] Starting operation Location.GetConnectionData
[2025-09-16 08:36:57Z ERR  GitHubActionsService] GET request to https://pipelinesghubeus6.actions.githubusercontent.com/hKyNd5hzQTjPqVOxuFp9CyJ2tMUr8ytJJ9FfsFju3bqhBGI0lq/_apis/connectionData?connectOptions=1&lastChangeId=258625537&lastChangeId64=258625537 failed. HTTP Status: NotFound
[2025-09-16 08:36:57Z INFO GitHubActionsService] Finished operation Location.GetConnectionData
[2025-09-16 08:36:57Z INFO RunnerServer] Catch exception during connect. 4 attempt left.
[2025-09-16 08:36:57Z ERR  RunnerServer] GitHub.Services.WebApi.VssServiceResponseException: The resource cannot be found.
   at GitHub.Services.WebApi.VssHttpClientBase.HandleResponseAsync(HttpResponseMessage response, CancellationToken cancellationToken)
   at GitHub.Services.WebApi.VssHttpClientBase.SendAsync(HttpRequestMessage message, HttpCompletionOption completionOption, Object userState, CancellationToken cancellationToken)
   at GitHub.Services.WebApi.VssHttpClientBase.SendAsync[T](HttpRequestMessage message, Object userState, CancellationToken cancellationToken)
   at GitHub.Services.Location.Client.LocationHttpClient.GetConnectionDataAsync(ConnectOptions connectOptions, Int64 lastChangeId, CancellationToken cancellationToken, Object userState)
   at GitHub.Services.WebApi.Location.VssServerDataProvider.GetConnectionDataAsync(ConnectOptions connectOptions, Int32 lastChangeId, CancellationToken cancellationToken)
   at GitHub.Services.WebApi.Location.VssServerDataProvider.ConnectAsync(ConnectOptions connectOptions, CancellationToken cancellationToken)
   at GitHub.Runner.Common.RunnerService.EstablishVssConnection(Uri serverUrl, VssCredentials credentials, TimeSpan timeout)
[2025-09-16 08:36:57Z ERR  GitHubActionsService] GET request to https://pipelinesghubeus6.actions.githubusercontent.com/hKyNd5hzQTjPqVOxuFp9CyJ2tMUr8ytJJ9FfsFju3bqhBGI0lq/_apis/connectionData?connectOptions=1&lastChangeId=258625537&lastChangeId64=258625537 failed. HTTP Status: NotFound
[2025-09-16 08:36:57Z INFO GitHubActionsService] Finished operation Location.GetConnectionData
[2025-09-16 08:36:57Z INFO RunnerServer] Catch exception during connect. 4 attempt left.
[2025-09-16 08:36:57Z ERR  RunnerServer] GitHub.Services.WebApi.VssServiceResponseException: The resource cannot be found.
   at GitHub.Services.WebApi.VssHttpClientBase.HandleResponseAsync(HttpResponseMessage response, CancellationToken cancellationToken)
   at GitHub.Services.WebApi.VssHttpClientBase.SendAsync(HttpRequestMessage message, HttpCompletionOption completionOption, Object userState, CancellationToken cancellationToken)
   at GitHub.Services.WebApi.VssHttpClientBase.SendAsync[T](HttpRequestMessage message, Object userState, CancellationToken cancellationToken)
   at GitHub.Services.Location.Client.LocationHttpClient.GetConnectionDataAsync(ConnectOptions connectOptions, Int64 lastChangeId, CancellationToken cancellationToken, Object userState)
   at GitHub.Services.WebApi.Location.VssServerDataProvider.GetConnectionDataAsync(ConnectOptions connectOptions, Int32 lastChangeId, CancellationToken cancellationToken)
   at GitHub.Services.WebApi.Location.VssServerDataProvider.ConnectAsync(ConnectOptions connectOptions, CancellationToken cancellationToken)
   at GitHub.Runner.Common.RunnerService.EstablishVssConnection(Uri serverUrl, VssCredentials credentials, TimeSpan timeout)
[2025-09-16 08:36:57Z ERR  GitHubActionsService] GET request to https://pipelinesghubeus6.actions.githubusercontent.com/hKyNd5hzQTjPqVOxuFp9CyJ2tMUr8ytJJ9FfsFju3bqhBGI0lq/_apis/connectionData?connectOptions=1&lastChangeId=258625537&lastChangeId64=258625537 failed. HTTP Status: NotFound
[2025-09-16 08:36:57Z INFO GitHubActionsService] Finished operation Location.GetConnectionData
[2025-09-16 08:36:57Z INFO RunnerServer] Catch exception during connect. 4 attempt left.
[2025-09-16 08:36:57Z ERR  RunnerServer] GitHub.Services.WebApi.VssServiceResponseException: The resource cannot be found.
   at GitHub.Services.WebApi.VssHttpClientBase.HandleResponseAsync(HttpResponseMessage response, CancellationToken cancellationToken)
   at GitHub.Services.WebApi.VssHttpClientBase.SendAsync(HttpRequestMessage message, HttpCompletionOption completionOption, Object userState, CancellationToken cancellationToken)
   at GitHub.Services.WebApi.VssHttpClientBase.SendAsync[T](HttpRequestMessage message, Object userState, CancellationToken cancellationToken)
   at GitHub.Services.Location.Client.LocationHttpClient.GetConnectionDataAsync(ConnectOptions connectOptions, Int64 lastChangeId, CancellationToken cancellationToken, Object userState)
   at GitHub.Services.WebApi.Location.VssServerDataProvider.GetConnectionDataAsync(ConnectOptions connectOptions, Int32 lastChangeId, CancellationToken cancellationToken)
   at GitHub.Services.WebApi.Location.VssServerDataProvider.ConnectAsync(ConnectOptions connectOptions, CancellationToken cancellationToken)
   at GitHub.Runner.Common.RunnerService.EstablishVssConnection(Uri serverUrl, VssCredentials credentials, TimeSpan timeout)
[2025-09-16 08:36:57Z INFO GitHubActionsService] Starting operation Location.GetConnectionData
[2025-09-16 08:36:57Z INFO GitHubActionsService] Starting operation Location.GetConnectionData
[2025-09-16 08:36:57Z INFO GitHubActionsService] Starting operation Location.GetConnectionData
[2025-09-16 08:36:58Z ERR  GitHubActionsService] GET request to https://pipelinesghubeus6.actions.githubusercontent.com/hKyNd5hzQTjPqVOxuFp9CyJ2tMUr8ytJJ9FfsFju3bqhBGI0lq/_apis/connectionData?connectOptions=1&lastChangeId=258625537&lastChangeId64=258625537 failed. HTTP Status: NotFound
[2025-09-16 08:36:58Z INFO GitHubActionsService] Finished operation Location.GetConnectionData
[2025-09-16 08:36:58Z INFO RunnerServer] Catch exception during connect. 3 attempt left.
[2025-09-16 08:36:58Z ERR  RunnerServer] GitHub.Services.WebApi.VssServiceResponseException: The resource cannot be found.
   at GitHub.Services.WebApi.VssHttpClientBase.HandleResponseAsync(HttpResponseMessage response, CancellationToken cancellationToken)
   at GitHub.Services.WebApi.VssHttpClientBase.SendAsync(HttpRequestMessage message, HttpCompletionOption completionOption, Object userState, CancellationToken cancellationToken)
   at GitHub.Services.WebApi.VssHttpClientBase.SendAsync[T](HttpRequestMessage message, Object userState, CancellationToken cancellationToken)
   at GitHub.Services.Location.Client.LocationHttpClient.GetConnectionDataAsync(ConnectOptions connectOptions, Int64 lastChangeId, CancellationToken cancellationToken, Object userState)
   at GitHub.Services.WebApi.Location.VssServerDataProvider.GetConnectionDataAsync(ConnectOptions connectOptions, Int32 lastChangeId, CancellationToken cancellationToken)
   at GitHub.Services.WebApi.Location.VssServerDataProvider.ConnectAsync(ConnectOptions connectOptions, CancellationToken cancellationToken)
   at GitHub.Runner.Common.RunnerService.EstablishVssConnection(Uri serverUrl, VssCredentials credentials, TimeSpan timeout)
[2025-09-16 08:36:58Z ERR  GitHubActionsService] GET request to https://pipelinesghubeus6.actions.githubusercontent.com/hKyNd5hzQTjPqVOxuFp9CyJ2tMUr8ytJJ9FfsFju3bqhBGI0lq/_apis/connectionData?connectOptions=1&lastChangeId=258625537&lastChangeId64=258625537 failed. HTTP Status: NotFound
[2025-09-16 08:36:58Z INFO GitHubActionsService] Finished operation Location.GetConnectionData
[2025-09-16 08:36:58Z INFO RunnerServer] Catch exception during connect. 3 attempt left.
[2025-09-16 08:36:58Z ERR  RunnerServer] GitHub.Services.WebApi.VssServiceResponseException: The resource cannot be found.
   at GitHub.Services.WebApi.VssHttpClientBase.HandleResponseAsync(HttpResponseMessage response, CancellationToken cancellationToken)
   at GitHub.Services.WebApi.VssHttpClientBase.SendAsync(HttpRequestMessage message, HttpCompletionOption completionOption, Object userState, CancellationToken cancellationToken)
   at GitHub.Services.WebApi.VssHttpClientBase.SendAsync[T](HttpRequestMessage message, Object userState, CancellationToken cancellationToken)
   at GitHub.Services.Location.Client.LocationHttpClient.GetConnectionDataAsync(ConnectOptions connectOptions, Int64 lastChangeId, CancellationToken cancellationToken, Object userState)
   at GitHub.Services.WebApi.Location.VssServerDataProvider.GetConnectionDataAsync(ConnectOptions connectOptions, Int32 lastChangeId, CancellationToken cancellationToken)
   at GitHub.Services.WebApi.Location.VssServerDataProvider.ConnectAsync(ConnectOptions connectOptions, CancellationToken cancellationToken)
   at GitHub.Runner.Common.RunnerService.EstablishVssConnection(Uri serverUrl, VssCredentials credentials, TimeSpan timeout)
[2025-09-16 08:36:58Z INFO GitHubActionsService] Starting operation Location.GetConnectionData
[2025-09-16 08:36:58Z ERR  GitHubActionsService] GET request to https://pipelinesghubeus6.actions.githubusercontent.com/hKyNd5hzQTjPqVOxuFp9CyJ2tMUr8ytJJ9FfsFju3bqhBGI0lq/_apis/connectionData?connectOptions=1&lastChangeId=258625537&lastChangeId64=258625537 failed. HTTP Status: NotFound
[2025-09-16 08:36:58Z INFO GitHubActionsService] Finished operation Location.GetConnectionData
[2025-09-16 08:36:58Z INFO RunnerServer] Catch exception during connect. 3 attempt left.
[2025-09-16 08:36:58Z ERR  RunnerServer] GitHub.Services.WebApi.VssServiceResponseException: The resource cannot be found.
   at GitHub.Services.WebApi.VssHttpClientBase.HandleResponseAsync(HttpResponseMessage response, CancellationToken cancellationToken)
   at GitHub.Services.WebApi.VssHttpClientBase.SendAsync(HttpRequestMessage message, HttpCompletionOption completionOption, Object userState, CancellationToken cancellationToken)
   at GitHub.Services.WebApi.VssHttpClientBase.SendAsync[T](HttpRequestMessage message, Object userState, CancellationToken cancellationToken)
   at GitHub.Services.Location.Client.LocationHttpClient.GetConnectionDataAsync(ConnectOptions connectOptions, Int64 lastChangeId, CancellationToken cancellationToken, Object userState)
   at GitHub.Services.WebApi.Location.VssServerDataProvider.GetConnectionDataAsync(ConnectOptions connectOptions, Int32 lastChangeId, CancellationToken cancellationToken)
   at GitHub.Services.WebApi.Location.VssServerDataProvider.ConnectAsync(ConnectOptions connectOptions, CancellationToken cancellationToken)
   at GitHub.Runner.Common.RunnerService.EstablishVssConnection(Uri serverUrl, VssCredentials credentials, TimeSpan timeout)
[2025-09-16 08:36:58Z INFO GitHubActionsService] Starting operation Location.GetConnectionData
[2025-09-16 08:36:58Z INFO GitHubActionsService] Starting operation Location.GetConnectionData
[2025-09-16 08:36:58Z ERR  GitHubActionsService] GET request to https://pipelinesghubeus6.actions.githubusercontent.com/hKyNd5hzQTjPqVOxuFp9CyJ2tMUr8ytJJ9FfsFju3bqhBGI0lq/_apis/connectionData?connectOptions=1&lastChangeId=258625537&lastChangeId64=258625537 failed. HTTP Status: NotFound
[2025-09-16 08:36:58Z INFO GitHubActionsService] Finished operation Location.GetConnectionData
[2025-09-16 08:36:58Z INFO RunnerServer] Catch exception during connect. 2 attempt left.
[2025-09-16 08:36:58Z ERR  RunnerServer] GitHub.Services.WebApi.VssServiceResponseException: The resource cannot be found.
   at GitHub.Services.WebApi.VssHttpClientBase.HandleResponseAsync(HttpResponseMessage response, CancellationToken cancellationToken)
   at GitHub.Services.WebApi.VssHttpClientBase.SendAsync(HttpRequestMessage message, HttpCompletionOption completionOption, Object userState, CancellationToken cancellationToken)
   at GitHub.Services.WebApi.VssHttpClientBase.SendAsync[T](HttpRequestMessage message, Object userState, CancellationToken cancellationToken)
   at GitHub.Services.Location.Client.LocationHttpClient.GetConnectionDataAsync(ConnectOptions connectOptions, Int64 lastChangeId, CancellationToken cancellationToken, Object userState)
   at GitHub.Services.WebApi.Location.VssServerDataProvider.GetConnectionDataAsync(ConnectOptions connectOptions, Int32 lastChangeId, CancellationToken cancellationToken)
   at GitHub.Services.WebApi.Location.VssServerDataProvider.ConnectAsync(ConnectOptions connectOptions, CancellationToken cancellationToken)
   at GitHub.Runner.Common.RunnerService.EstablishVssConnection(Uri serverUrl, VssCredentials credentials, TimeSpan timeout)
[2025-09-16 08:36:58Z INFO GitHubActionsService] Starting operation Location.GetConnectionData
[2025-09-16 08:36:58Z ERR  GitHubActionsService] GET request to https://pipelinesghubeus6.actions.githubusercontent.com/hKyNd5hzQTjPqVOxuFp9CyJ2tMUr8ytJJ9FfsFju3bqhBGI0lq/_apis/connectionData?connectOptions=1&lastChangeId=258625537&lastChangeId64=258625537 failed. HTTP Status: NotFound
[2025-09-16 08:36:58Z INFO GitHubActionsService] Finished operation Location.GetConnectionData
[2025-09-16 08:36:58Z INFO RunnerServer] Catch exception during connect. 2 attempt left.
[2025-09-16 08:36:58Z ERR  RunnerServer] GitHub.Services.WebApi.VssServiceResponseException: The resource cannot be found.
   at GitHub.Services.WebApi.VssHttpClientBase.HandleResponseAsync(HttpResponseMessage response, CancellationToken cancellationToken)
   at GitHub.Services.WebApi.VssHttpClientBase.SendAsync(HttpRequestMessage message, HttpCompletionOption completionOption, Object userState, CancellationToken cancellationToken)
   at GitHub.Services.WebApi.VssHttpClientBase.SendAsync[T](HttpRequestMessage message, Object userState, CancellationToken cancellationToken)
   at GitHub.Services.Location.Client.LocationHttpClient.GetConnectionDataAsync(ConnectOptions connectOptions, Int64 lastChangeId, CancellationToken cancellationToken, Object userState)
   at GitHub.Services.WebApi.Location.VssServerDataProvider.GetConnectionDataAsync(ConnectOptions connectOptions, Int32 lastChangeId, CancellationToken cancellationToken)
   at GitHub.Services.WebApi.Location.VssServerDataProvider.ConnectAsync(ConnectOptions connectOptions, CancellationToken cancellationToken)
   at GitHub.Runner.Common.RunnerService.EstablishVssConnection(Uri serverUrl, VssCredentials credentials, TimeSpan timeout)
[2025-09-16 08:36:59Z ERR  GitHubActionsService] GET request to https://pipelinesghubeus6.actions.githubusercontent.com/hKyNd5hzQTjPqVOxuFp9CyJ2tMUr8ytJJ9FfsFju3bqhBGI0lq/_apis/connectionData?connectOptions=1&lastChangeId=258625537&lastChangeId64=258625537 failed. HTTP Status: NotFound
[2025-09-16 08:36:59Z INFO GitHubActionsService] Finished operation Location.GetConnectionData
[2025-09-16 08:36:59Z INFO RunnerServer] Catch exception during connect. 2 attempt left.
[2025-09-16 08:36:59Z ERR  RunnerServer] GitHub.Services.WebApi.VssServiceResponseException: The resource cannot be found.
   at GitHub.Services.WebApi.VssHttpClientBase.HandleResponseAsync(HttpResponseMessage response, CancellationToken cancellationToken)
   at GitHub.Services.WebApi.VssHttpClientBase.SendAsync(HttpRequestMessage message, HttpCompletionOption completionOption, Object userState, CancellationToken cancellationToken)
   at GitHub.Services.WebApi.VssHttpClientBase.SendAsync[T](HttpRequestMessage message, Object userState, CancellationToken cancellationToken)
   at GitHub.Services.Location.Client.LocationHttpClient.GetConnectionDataAsync(ConnectOptions connectOptions, Int64 lastChangeId, CancellationToken cancellationToken, Object userState)
   at GitHub.Services.WebApi.Location.VssServerDataProvider.GetConnectionDataAsync(ConnectOptions connectOptions, Int32 lastChangeId, CancellationToken cancellationToken)
   at GitHub.Services.WebApi.Location.VssServerDataProvider.ConnectAsync(ConnectOptions connectOptions, CancellationToken cancellationToken)
   at GitHub.Runner.Common.RunnerService.EstablishVssConnection(Uri serverUrl, VssCredentials credentials, TimeSpan timeout)
[2025-09-16 08:36:59Z INFO GitHubActionsService] Starting operation Location.GetConnectionData
[2025-09-16 08:36:59Z INFO GitHubActionsService] Starting operation Location.GetConnectionData
[2025-09-16 08:36:59Z ERR  GitHubActionsService] GET request to https://pipelinesghubeus6.actions.githubusercontent.com/hKyNd5hzQTjPqVOxuFp9CyJ2tMUr8ytJJ9FfsFju3bqhBGI0lq/_apis/connectionData?connectOptions=1&lastChangeId=258625537&lastChangeId64=258625537 failed. HTTP Status: NotFound
[2025-09-16 08:36:59Z INFO GitHubActionsService] Finished operation Location.GetConnectionData
[2025-09-16 08:36:59Z INFO RunnerServer] Catch exception during connect. 1 attempt left.
[2025-09-16 08:36:59Z ERR  RunnerServer] GitHub.Services.WebApi.VssServiceResponseException: The resource cannot be found.
   at GitHub.Services.WebApi.VssHttpClientBase.HandleResponseAsync(HttpResponseMessage response, CancellationToken cancellationToken)
   at GitHub.Services.WebApi.VssHttpClientBase.SendAsync(HttpRequestMessage message, HttpCompletionOption completionOption, Object userState, CancellationToken cancellationToken)
   at GitHub.Services.WebApi.VssHttpClientBase.SendAsync[T](HttpRequestMessage message, Object userState, CancellationToken cancellationToken)
   at GitHub.Services.Location.Client.LocationHttpClient.GetConnectionDataAsync(ConnectOptions connectOptions, Int64 lastChangeId, CancellationToken cancellationToken, Object userState)
   at GitHub.Services.WebApi.Location.VssServerDataProvider.GetConnectionDataAsync(ConnectOptions connectOptions, Int32 lastChangeId, CancellationToken cancellationToken)
   at GitHub.Services.WebApi.Location.VssServerDataProvider.ConnectAsync(ConnectOptions connectOptions, CancellationToken cancellationToken)
   at GitHub.Runner.Common.RunnerService.EstablishVssConnection(Uri serverUrl, VssCredentials credentials, TimeSpan timeout)
[2025-09-16 08:36:59Z INFO GitHubActionsService] Starting operation Location.GetConnectionData
[2025-09-16 08:36:59Z ERR  GitHubActionsService] GET request to https://pipelinesghubeus6.actions.githubusercontent.com/hKyNd5hzQTjPqVOxuFp9CyJ2tMUr8ytJJ9FfsFju3bqhBGI0lq/_apis/connectionData?connectOptions=1&lastChangeId=258625537&lastChangeId64=258625537 failed. HTTP Status: NotFound
[2025-09-16 08:36:59Z INFO GitHubActionsService] Finished operation Location.GetConnectionData
[2025-09-16 08:36:59Z INFO RunnerServer] Catch exception during connect. 1 attempt left.
[2025-09-16 08:36:59Z ERR  RunnerServer] GitHub.Services.WebApi.VssServiceResponseException: The resource cannot be found.
   at GitHub.Services.WebApi.VssHttpClientBase.HandleResponseAsync(HttpResponseMessage response, CancellationToken cancellationToken)
   at GitHub.Services.WebApi.VssHttpClientBase.SendAsync(HttpRequestMessage message, HttpCompletionOption completionOption, Object userState, CancellationToken cancellationToken)
   at GitHub.Services.WebApi.VssHttpClientBase.SendAsync[T](HttpRequestMessage message, Object userState, CancellationToken cancellationToken)
   at GitHub.Services.Location.Client.LocationHttpClient.GetConnectionDataAsync(ConnectOptions connectOptions, Int64 lastChangeId, CancellationToken cancellationToken, Object userState)
   at GitHub.Services.WebApi.Location.VssServerDataProvider.GetConnectionDataAsync(ConnectOptions connectOptions, Int32 lastChangeId, CancellationToken cancellationToken)
   at GitHub.Services.WebApi.Location.VssServerDataProvider.ConnectAsync(ConnectOptions connectOptions, CancellationToken cancellationToken)
   at GitHub.Runner.Common.RunnerService.EstablishVssConnection(Uri serverUrl, VssCredentials credentials, TimeSpan timeout)
[2025-09-16 08:36:59Z ERR  GitHubActionsService] GET request to https://pipelinesghubeus6.actions.githubusercontent.com/hKyNd5hzQTjPqVOxuFp9CyJ2tMUr8ytJJ9FfsFju3bqhBGI0lq/_apis/connectionData?connectOptions=1&lastChangeId=258625537&lastChangeId64=258625537 failed. HTTP Status: NotFound
[2025-09-16 08:36:59Z INFO GitHubActionsService] Finished operation Location.GetConnectionData
[2025-09-16 08:36:59Z INFO RunnerServer] Catch exception during connect. 1 attempt left.
[2025-09-16 08:36:59Z ERR  RunnerServer] GitHub.Services.WebApi.VssServiceResponseException: The resource cannot be found.
   at GitHub.Services.WebApi.VssHttpClientBase.HandleResponseAsync(HttpResponseMessage response, CancellationToken cancellationToken)
   at GitHub.Services.WebApi.VssHttpClientBase.SendAsync(HttpRequestMessage message, HttpCompletionOption completionOption, Object userState, CancellationToken cancellationToken)
   at GitHub.Services.WebApi.VssHttpClientBase.SendAsync[T](HttpRequestMessage message, Object userState, CancellationToken cancellationToken)
   at GitHub.Services.Location.Client.LocationHttpClient.GetConnectionDataAsync(ConnectOptions connectOptions, Int64 lastChangeId, CancellationToken cancellationToken, Object userState)
   at GitHub.Services.WebApi.Location.VssServerDataProvider.GetConnectionDataAsync(ConnectOptions connectOptions, Int32 lastChangeId, CancellationToken cancellationToken)
   at GitHub.Services.WebApi.Location.VssServerDataProvider.ConnectAsync(ConnectOptions connectOptions, CancellationToken cancellationToken)
   at GitHub.Runner.Common.RunnerService.EstablishVssConnection(Uri serverUrl, VssCredentials credentials, TimeSpan timeout)
[2025-09-16 08:36:59Z INFO GitHubActionsService] Starting operation Location.GetConnectionData
[2025-09-16 08:36:59Z INFO GitHubActionsService] Starting operation Location.GetConnectionData
[2025-09-16 08:37:00Z ERR  GitHubActionsService] GET request to https://pipelinesghubeus6.actions.githubusercontent.com/hKyNd5hzQTjPqVOxuFp9CyJ2tMUr8ytJJ9FfsFju3bqhBGI0lq/_apis/connectionData?connectOptions=1&lastChangeId=258625537&lastChangeId64=258625537 failed. HTTP Status: NotFound
[2025-09-16 08:37:00Z INFO GitHubActionsService] Finished operation Location.GetConnectionData
[2025-09-16 08:37:00Z ERR  GitHubActionsService] GET request to https://pipelinesghubeus6.actions.githubusercontent.com/hKyNd5hzQTjPqVOxuFp9CyJ2tMUr8ytJJ9FfsFju3bqhBGI0lq/_apis/connectionData?connectOptions=1&lastChangeId=258625537&lastChangeId64=258625537 failed. HTTP Status: NotFound
[2025-09-16 08:37:00Z INFO GitHubActionsService] Finished operation Location.GetConnectionData
[2025-09-16 08:37:00Z ERR  GitHubActionsService] GET request to https://pipelinesghubeus6.actions.githubusercontent.com/hKyNd5hzQTjPqVOxuFp9CyJ2tMUr8ytJJ9FfsFju3bqhBGI0lq/_apis/connectionData?connectOptions=1&lastChangeId=258625537&lastChangeId64=258625537 failed. HTTP Status: NotFound
[2025-09-16 08:37:00Z INFO GitHubActionsService] Finished operation Location.GetConnectionData
[2025-09-16 08:37:00Z ERR  BrokerMessageListener] Catch exception during create session.
[2025-09-16 08:37:00Z ERR  BrokerMessageListener] GitHub.Services.WebApi.VssServiceResponseException: The resource cannot be found.
   at GitHub.Services.WebApi.VssHttpClientBase.HandleResponseAsync(HttpResponseMessage response, CancellationToken cancellationToken)
   at GitHub.Services.WebApi.VssHttpClientBase.SendAsync(HttpRequestMessage message, HttpCompletionOption completionOption, Object userState, CancellationToken cancellationToken)
   at GitHub.Services.WebApi.VssHttpClientBase.SendAsync[T](HttpRequestMessage message, Object userState, CancellationToken cancellationToken)
   at GitHub.Services.Location.Client.LocationHttpClient.GetConnectionDataAsync(ConnectOptions connectOptions, Int64 lastChangeId, CancellationToken cancellationToken, Object userState)
   at GitHub.Services.WebApi.Location.VssServerDataProvider.GetConnectionDataAsync(ConnectOptions connectOptions, Int32 lastChangeId, CancellationToken cancellationToken)
   at GitHub.Services.WebApi.Location.VssServerDataProvider.ConnectAsync(ConnectOptions connectOptions, CancellationToken cancellationToken)
   at GitHub.Runner.Common.RunnerService.EstablishVssConnection(Uri serverUrl, VssCredentials credentials, TimeSpan timeout)
   at GitHub.Runner.Common.RunnerServer.ConnectAsync(Uri serverUrl, VssCredentials credentials)
   at GitHub.Runner.Listener.BrokerMessageListener.CreateSessionAsync(CancellationToken token)
[2025-09-16 08:37:00Z INFO BrokerMessageListener] Retriable exception: The resource cannot be found.
[2025-09-16 08:37:00Z INFO BrokerMessageListener] Sleeping for 30 seconds before retrying.
[2025-09-16 08:37:30Z INFO BrokerMessageListener] Attempt to create session.
[2025-09-16 08:37:30Z INFO BrokerMessageListener] Connecting to the Broker Server...
[2025-09-16 08:37:30Z INFO ConfigurationStore] HasCredentials()
[2025-09-16 08:37:30Z INFO ConfigurationStore] stored True
[2025-09-16 08:37:30Z INFO CredentialManager] GetCredentialProvider
[2025-09-16 08:37:30Z INFO CredentialManager] Creating type OAuth
[2025-09-16 08:37:30Z INFO CredentialManager] Creating credential type: OAuth
[2025-09-16 08:37:30Z INFO RSAEncryptedFileKeyManager] Loading RSA key parameters from file G:\Brunella\actions-runner\.credentials_rsaparams
[2025-09-16 08:37:30Z INFO BrokerMessageListener] VssConnection created
[2025-09-16 08:37:30Z INFO BrokerMessageListener] Connecting to the Runner server...
[2025-09-16 08:37:30Z INFO RunnerServer] EstablishVssConnection
[2025-09-16 08:37:30Z INFO RunnerServer] Establish connection with 100 seconds timeout.
[2025-09-16 08:37:30Z INFO GitHubActionsService] Starting operation Location.GetConnectionData
[2025-09-16 08:37:30Z INFO RunnerServer] EstablishVssConnection
[2025-09-16 08:37:30Z INFO RunnerServer] Establish connection with 60 seconds timeout.
[2025-09-16 08:37:30Z INFO GitHubActionsService] Starting operation Location.GetConnectionData
[2025-09-16 08:37:30Z INFO RunnerServer] EstablishVssConnection
[2025-09-16 08:37:30Z INFO RunnerServer] Establish connection with 60 seconds timeout.
[2025-09-16 08:37:30Z INFO GitHubActionsService] Starting operation Location.GetConnectionData
[2025-09-16 08:37:31Z ERR  GitHubActionsService] GET request to https://pipelinesghubeus6.actions.githubusercontent.com/hKyNd5hzQTjPqVOxuFp9CyJ2tMUr8ytJJ9FfsFju3bqhBGI0lq/_apis/connectionData?connectOptions=1&lastChangeId=258625537&lastChangeId64=258625537 failed. HTTP Status: NotFound
[2025-09-16 08:37:31Z INFO GitHubActionsService] Finished operation Location.GetConnectionData
[2025-09-16 08:37:31Z INFO RunnerServer] Catch exception during connect. 4 attempt left.
[2025-09-16 08:37:31Z ERR  RunnerServer] GitHub.Services.WebApi.VssServiceResponseException: The resource cannot be found.
   at GitHub.Services.WebApi.VssHttpClientBase.HandleResponseAsync(HttpResponseMessage response, CancellationToken cancellationToken)
   at GitHub.Services.WebApi.VssHttpClientBase.SendAsync(HttpRequestMessage message, HttpCompletionOption completionOption, Object userState, CancellationToken cancellationToken)
   at GitHub.Services.WebApi.VssHttpClientBase.SendAsync[T](HttpRequestMessage message, Object userState, CancellationToken cancellationToken)
   at GitHub.Services.Location.Client.LocationHttpClient.GetConnectionDataAsync(ConnectOptions connectOptions, Int64 lastChangeId, CancellationToken cancellationToken, Object userState)
   at GitHub.Services.WebApi.Location.VssServerDataProvider.GetConnectionDataAsync(ConnectOptions connectOptions, Int32 lastChangeId, CancellationToken cancellationToken)
   at GitHub.Services.WebApi.Location.VssServerDataProvider.ConnectAsync(ConnectOptions connectOptions, CancellationToken cancellationToken)
   at GitHub.Runner.Common.RunnerService.EstablishVssConnection(Uri serverUrl, VssCredentials credentials, TimeSpan timeout)
[2025-09-16 08:37:31Z ERR  GitHubActionsService] GET request to https://pipelinesghubeus6.actions.githubusercontent.com/hKyNd5hzQTjPqVOxuFp9CyJ2tMUr8ytJJ9FfsFju3bqhBGI0lq/_apis/connectionData?connectOptions=1&lastChangeId=258625537&lastChangeId64=258625537 failed. HTTP Status: NotFound
[2025-09-16 08:37:31Z INFO GitHubActionsService] Finished operation Location.GetConnectionData
[2025-09-16 08:37:31Z INFO RunnerServer] Catch exception during connect. 4 attempt left.
[2025-09-16 08:37:31Z ERR  RunnerServer] GitHub.Services.WebApi.VssServiceResponseException: The resource cannot be found.
   at GitHub.Services.WebApi.VssHttpClientBase.HandleResponseAsync(HttpResponseMessage response, CancellationToken cancellationToken)
   at GitHub.Services.WebApi.VssHttpClientBase.SendAsync(HttpRequestMessage message, HttpCompletionOption completionOption, Object userState, CancellationToken cancellationToken)
   at GitHub.Services.WebApi.VssHttpClientBase.SendAsync[T](HttpRequestMessage message, Object userState, CancellationToken cancellationToken)
   at GitHub.Services.Location.Client.LocationHttpClient.GetConnectionDataAsync(ConnectOptions connectOptions, Int64 lastChangeId, CancellationToken cancellationToken, Object userState)
   at GitHub.Services.WebApi.Location.VssServerDataProvider.GetConnectionDataAsync(ConnectOptions connectOptions, Int32 lastChangeId, CancellationToken cancellationToken)
   at GitHub.Services.WebApi.Location.VssServerDataProvider.ConnectAsync(ConnectOptions connectOptions, CancellationToken cancellationToken)
   at GitHub.Runner.Common.RunnerService.EstablishVssConnection(Uri serverUrl, VssCredentials credentials, TimeSpan timeout)
[2025-09-16 08:37:31Z ERR  GitHubActionsService] GET request to https://pipelinesghubeus6.actions.githubusercontent.com/hKyNd5hzQTjPqVOxuFp9CyJ2tMUr8ytJJ9FfsFju3bqhBGI0lq/_apis/connectionData?connectOptions=1&lastChangeId=258625537&lastChangeId64=258625537 failed. HTTP Status: NotFound
[2025-09-16 08:37:31Z INFO GitHubActionsService] Finished operation Location.GetConnectionData
[2025-09-16 08:37:31Z INFO RunnerServer] Catch exception during connect. 4 attempt left.
[2025-09-16 08:37:31Z ERR  RunnerServer] GitHub.Services.WebApi.VssServiceResponseException: The resource cannot be found.
   at GitHub.Services.WebApi.VssHttpClientBase.HandleResponseAsync(HttpResponseMessage response, CancellationToken cancellationToken)
   at GitHub.Services.WebApi.VssHttpClientBase.SendAsync(HttpRequestMessage message, HttpCompletionOption completionOption, Object userState, CancellationToken cancellationToken)
   at GitHub.Services.WebApi.VssHttpClientBase.SendAsync[T](HttpRequestMessage message, Object userState, CancellationToken cancellationToken)
   at GitHub.Services.Location.Client.LocationHttpClient.GetConnectionDataAsync(ConnectOptions connectOptions, Int64 lastChangeId, CancellationToken cancellationToken, Object userState)
   at GitHub.Services.WebApi.Location.VssServerDataProvider.GetConnectionDataAsync(ConnectOptions connectOptions, Int32 lastChangeId, CancellationToken cancellationToken)
   at GitHub.Services.WebApi.Location.VssServerDataProvider.ConnectAsync(ConnectOptions connectOptions, CancellationToken cancellationToken)
   at GitHub.Runner.Common.RunnerService.EstablishVssConnection(Uri serverUrl, VssCredentials credentials, TimeSpan timeout)
[2025-09-16 08:37:31Z INFO GitHubActionsService] Starting operation Location.GetConnectionData
[2025-09-16 08:37:31Z INFO GitHubActionsService] Starting operation Location.GetConnectionData
[2025-09-16 08:37:31Z INFO GitHubActionsService] Starting operation Location.GetConnectionData
[2025-09-16 08:37:31Z ERR  GitHubActionsService] GET request to https://pipelinesghubeus6.actions.githubusercontent.com/hKyNd5hzQTjPqVOxuFp9CyJ2tMUr8ytJJ9FfsFju3bqhBGI0lq/_apis/connectionData?connectOptions=1&lastChangeId=258625537&lastChangeId64=258625537 failed. HTTP Status: NotFound
[2025-09-16 08:37:31Z INFO GitHubActionsService] Finished operation Location.GetConnectionData
[2025-09-16 08:37:31Z INFO RunnerServer] Catch exception during connect. 3 attempt left.
[2025-09-16 08:37:31Z ERR  RunnerServer] GitHub.Services.WebApi.VssServiceResponseException: The resource cannot be found.
   at GitHub.Services.WebApi.VssHttpClientBase.HandleResponseAsync(HttpResponseMessage response, CancellationToken cancellationToken)
   at GitHub.Services.WebApi.VssHttpClientBase.SendAsync(HttpRequestMessage message, HttpCompletionOption completionOption, Object userState, CancellationToken cancellationToken)
   at GitHub.Services.WebApi.VssHttpClientBase.SendAsync[T](HttpRequestMessage message, Object userState, CancellationToken cancellationToken)
   at GitHub.Services.Location.Client.LocationHttpClient.GetConnectionDataAsync(ConnectOptions connectOptions, Int64 lastChangeId, CancellationToken cancellationToken, Object userState)
   at GitHub.Services.WebApi.Location.VssServerDataProvider.GetConnectionDataAsync(ConnectOptions connectOptions, Int32 lastChangeId, CancellationToken cancellationToken)
   at GitHub.Services.WebApi.Location.VssServerDataProvider.ConnectAsync(ConnectOptions connectOptions, CancellationToken cancellationToken)
   at GitHub.Runner.Common.RunnerService.EstablishVssConnection(Uri serverUrl, VssCredentials credentials, TimeSpan timeout)
[2025-09-16 08:37:32Z INFO GitHubActionsService] Starting operation Location.GetConnectionData
[2025-09-16 08:37:32Z ERR  GitHubActionsService] GET request to https://pipelinesghubeus6.actions.githubusercontent.com/hKyNd5hzQTjPqVOxuFp9CyJ2tMUr8ytJJ9FfsFju3bqhBGI0lq/_apis/connectionData?connectOptions=1&lastChangeId=258625537&lastChangeId64=258625537 failed. HTTP Status: NotFound
[2025-09-16 08:37:32Z INFO GitHubActionsService] Finished operation Location.GetConnectionData
[2025-09-16 08:37:32Z INFO RunnerServer] Catch exception during connect. 3 attempt left.
[2025-09-16 08:37:32Z ERR  RunnerServer] GitHub.Services.WebApi.VssServiceResponseException: The resource cannot be found.
   at GitHub.Services.WebApi.VssHttpClientBase.HandleResponseAsync(HttpResponseMessage response, CancellationToken cancellationToken)
   at GitHub.Services.WebApi.VssHttpClientBase.SendAsync(HttpRequestMessage message, HttpCompletionOption completionOption, Object userState, CancellationToken cancellationToken)
   at GitHub.Services.WebApi.VssHttpClientBase.SendAsync[T](HttpRequestMessage message, Object userState, CancellationToken cancellationToken)
   at GitHub.Services.Location.Client.LocationHttpClient.GetConnectionDataAsync(ConnectOptions connectOptions, Int64 lastChangeId, CancellationToken cancellationToken, Object userState)
   at GitHub.Services.WebApi.Location.VssServerDataProvider.GetConnectionDataAsync(ConnectOptions connectOptions, Int32 lastChangeId, CancellationToken cancellationToken)
   at GitHub.Services.WebApi.Location.VssServerDataProvider.ConnectAsync(ConnectOptions connectOptions, CancellationToken cancellationToken)
   at GitHub.Runner.Common.RunnerService.EstablishVssConnection(Uri serverUrl, VssCredentials credentials, TimeSpan timeout)
[2025-09-16 08:37:32Z ERR  GitHubActionsService] GET request to https://pipelinesghubeus6.actions.githubusercontent.com/hKyNd5hzQTjPqVOxuFp9CyJ2tMUr8ytJJ9FfsFju3bqhBGI0lq/_apis/connectionData?connectOptions=1&lastChangeId=258625537&lastChangeId64=258625537 failed. HTTP Status: NotFound
[2025-09-16 08:37:32Z INFO GitHubActionsService] Finished operation Location.GetConnectionData
[2025-09-16 08:37:32Z INFO RunnerServer] Catch exception during connect. 3 attempt left.
[2025-09-16 08:37:32Z ERR  RunnerServer] GitHub.Services.WebApi.VssServiceResponseException: The resource cannot be found.
   at GitHub.Services.WebApi.VssHttpClientBase.HandleResponseAsync(HttpResponseMessage response, CancellationToken cancellationToken)
   at GitHub.Services.WebApi.VssHttpClientBase.SendAsync(HttpRequestMessage message, HttpCompletionOption completionOption, Object userState, CancellationToken cancellationToken)
   at GitHub.Services.WebApi.VssHttpClientBase.SendAsync[T](HttpRequestMessage message, Object userState, CancellationToken cancellationToken)
   at GitHub.Services.Location.Client.LocationHttpClient.GetConnectionDataAsync(ConnectOptions connectOptions, Int64 lastChangeId, CancellationToken cancellationToken, Object userState)
   at GitHub.Services.WebApi.Location.VssServerDataProvider.GetConnectionDataAsync(ConnectOptions connectOptions, Int32 lastChangeId, CancellationToken cancellationToken)
   at GitHub.Services.WebApi.Location.VssServerDataProvider.ConnectAsync(ConnectOptions connectOptions, CancellationToken cancellationToken)
   at GitHub.Runner.Common.RunnerService.EstablishVssConnection(Uri serverUrl, VssCredentials credentials, TimeSpan timeout)
[2025-09-16 08:37:32Z INFO GitHubActionsService] Starting operation Location.GetConnectionData
[2025-09-16 08:37:32Z INFO GitHubActionsService] Starting operation Location.GetConnectionData
[2025-09-16 08:37:32Z ERR  GitHubActionsService] GET request to https://pipelinesghubeus6.actions.githubusercontent.com/hKyNd5hzQTjPqVOxuFp9CyJ2tMUr8ytJJ9FfsFju3bqhBGI0lq/_apis/connectionData?connectOptions=1&lastChangeId=258625537&lastChangeId64=258625537 failed. HTTP Status: NotFound
[2025-09-16 08:37:32Z INFO GitHubActionsService] Finished operation Location.GetConnectionData
[2025-09-16 08:37:32Z INFO RunnerServer] Catch exception during connect. 2 attempt left.
[2025-09-16 08:37:32Z ERR  RunnerServer] GitHub.Services.WebApi.VssServiceResponseException: The resource cannot be found.
   at GitHub.Services.WebApi.VssHttpClientBase.HandleResponseAsync(HttpResponseMessage response, CancellationToken cancellationToken)
   at GitHub.Services.WebApi.VssHttpClientBase.SendAsync(HttpRequestMessage message, HttpCompletionOption completionOption, Object userState, CancellationToken cancellationToken)
   at GitHub.Services.WebApi.VssHttpClientBase.SendAsync[T](HttpRequestMessage message, Object userState, CancellationToken cancellationToken)
   at GitHub.Services.Location.Client.LocationHttpClient.GetConnectionDataAsync(ConnectOptions connectOptions, Int64 lastChangeId, CancellationToken cancellationToken, Object userState)
   at GitHub.Services.WebApi.Location.VssServerDataProvider.GetConnectionDataAsync(ConnectOptions connectOptions, Int32 lastChangeId, CancellationToken cancellationToken)
   at GitHub.Services.WebApi.Location.VssServerDataProvider.ConnectAsync(ConnectOptions connectOptions, CancellationToken cancellationToken)
   at GitHub.Runner.Common.RunnerService.EstablishVssConnection(Uri serverUrl, VssCredentials credentials, TimeSpan timeout)
[2025-09-16 08:37:32Z INFO GitHubActionsService] Starting operation Location.GetConnectionData
[2025-09-16 08:37:32Z ERR  GitHubActionsService] GET request to https://pipelinesghubeus6.actions.githubusercontent.com/hKyNd5hzQTjPqVOxuFp9CyJ2tMUr8ytJJ9FfsFju3bqhBGI0lq/_apis/connectionData?connectOptions=1&lastChangeId=258625537&lastChangeId64=258625537 failed. HTTP Status: NotFound
[2025-09-16 08:37:32Z INFO GitHubActionsService] Finished operation Location.GetConnectionData
[2025-09-16 08:37:32Z INFO RunnerServer] Catch exception during connect. 2 attempt left.
[2025-09-16 08:37:32Z ERR  RunnerServer] GitHub.Services.WebApi.VssServiceResponseException: The resource cannot be found.
   at GitHub.Services.WebApi.VssHttpClientBase.HandleResponseAsync(HttpResponseMessage response, CancellationToken cancellationToken)
   at GitHub.Services.WebApi.VssHttpClientBase.SendAsync(HttpRequestMessage message, HttpCompletionOption completionOption, Object userState, CancellationToken cancellationToken)
   at GitHub.Services.WebApi.VssHttpClientBase.SendAsync[T](HttpRequestMessage message, Object userState, CancellationToken cancellationToken)
   at GitHub.Services.Location.Client.LocationHttpClient.GetConnectionDataAsync(ConnectOptions connectOptions, Int64 lastChangeId, CancellationToken cancellationToken, Object userState)
   at GitHub.Services.WebApi.Location.VssServerDataProvider.GetConnectionDataAsync(ConnectOptions connectOptions, Int32 lastChangeId, CancellationToken cancellationToken)
   at GitHub.Services.WebApi.Location.VssServerDataProvider.ConnectAsync(ConnectOptions connectOptions, CancellationToken cancellationToken)
   at GitHub.Runner.Common.RunnerService.EstablishVssConnection(Uri serverUrl, VssCredentials credentials, TimeSpan timeout)
[2025-09-16 08:37:32Z ERR  GitHubActionsService] GET request to https://pipelinesghubeus6.actions.githubusercontent.com/hKyNd5hzQTjPqVOxuFp9CyJ2tMUr8ytJJ9FfsFju3bqhBGI0lq/_apis/connectionData?connectOptions=1&lastChangeId=258625537&lastChangeId64=258625537 failed. HTTP Status: NotFound
[2025-09-16 08:37:32Z INFO GitHubActionsService] Finished operation Location.GetConnectionData
[2025-09-16 08:37:32Z INFO RunnerServer] Catch exception during connect. 2 attempt left.
[2025-09-16 08:37:32Z ERR  RunnerServer] GitHub.Services.WebApi.VssServiceResponseException: The resource cannot be found.
   at GitHub.Services.WebApi.VssHttpClientBase.HandleResponseAsync(HttpResponseMessage response, CancellationToken cancellationToken)
   at GitHub.Services.WebApi.VssHttpClientBase.SendAsync(HttpRequestMessage message, HttpCompletionOption completionOption, Object userState, CancellationToken cancellationToken)
   at GitHub.Services.WebApi.VssHttpClientBase.SendAsync[T](HttpRequestMessage message, Object userState, CancellationToken cancellationToken)
   at GitHub.Services.Location.Client.LocationHttpClient.GetConnectionDataAsync(ConnectOptions connectOptions, Int64 lastChangeId, CancellationToken cancellationToken, Object userState)
   at GitHub.Services.WebApi.Location.VssServerDataProvider.GetConnectionDataAsync(ConnectOptions connectOptions, Int32 lastChangeId, CancellationToken cancellationToken)
   at GitHub.Services.WebApi.Location.VssServerDataProvider.ConnectAsync(ConnectOptions connectOptions, CancellationToken cancellationToken)
   at GitHub.Runner.Common.RunnerService.EstablishVssConnection(Uri serverUrl, VssCredentials credentials, TimeSpan timeout)
[2025-09-16 08:37:32Z INFO GitHubActionsService] Starting operation Location.GetConnectionData
[2025-09-16 08:37:32Z INFO GitHubActionsService] Starting operation Location.GetConnectionData
[2025-09-16 08:37:33Z ERR  GitHubActionsService] GET request to https://pipelinesghubeus6.actions.githubusercontent.com/hKyNd5hzQTjPqVOxuFp9CyJ2tMUr8ytJJ9FfsFju3bqhBGI0lq/_apis/connectionData?connectOptions=1&lastChangeId=258625537&lastChangeId64=258625537 failed. HTTP Status: NotFound
[2025-09-16 08:37:33Z INFO GitHubActionsService] Finished operation Location.GetConnectionData
[2025-09-16 08:37:33Z INFO RunnerServer] Catch exception during connect. 1 attempt left.
[2025-09-16 08:37:33Z ERR  RunnerServer] GitHub.Services.WebApi.VssServiceResponseException: The resource cannot be found.
   at GitHub.Services.WebApi.VssHttpClientBase.HandleResponseAsync(HttpResponseMessage response, CancellationToken cancellationToken)
   at GitHub.Services.WebApi.VssHttpClientBase.SendAsync(HttpRequestMessage message, HttpCompletionOption completionOption, Object userState, CancellationToken cancellationToken)
   at GitHub.Services.WebApi.VssHttpClientBase.SendAsync[T](HttpRequestMessage message, Object userState, CancellationToken cancellationToken)
   at GitHub.Services.Location.Client.LocationHttpClient.GetConnectionDataAsync(ConnectOptions connectOptions, Int64 lastChangeId, CancellationToken cancellationToken, Object userState)
   at GitHub.Services.WebApi.Location.VssServerDataProvider.GetConnectionDataAsync(ConnectOptions connectOptions, Int32 lastChangeId, CancellationToken cancellationToken)
   at GitHub.Services.WebApi.Location.VssServerDataProvider.ConnectAsync(ConnectOptions connectOptions, CancellationToken cancellationToken)
   at GitHub.Runner.Common.RunnerService.EstablishVssConnection(Uri serverUrl, VssCredentials credentials, TimeSpan timeout)
[2025-09-16 08:37:33Z ERR  GitHubActionsService] GET request to https://pipelinesghubeus6.actions.githubusercontent.com/hKyNd5hzQTjPqVOxuFp9CyJ2tMUr8ytJJ9FfsFju3bqhBGI0lq/_apis/connectionData?connectOptions=1&lastChangeId=258625537&lastChangeId64=258625537 failed. HTTP Status: NotFound
[2025-09-16 08:37:33Z INFO GitHubActionsService] Finished operation Location.GetConnectionData
[2025-09-16 08:37:33Z INFO RunnerServer] Catch exception during connect. 1 attempt left.
[2025-09-16 08:37:33Z ERR  RunnerServer] GitHub.Services.WebApi.VssServiceResponseException: The resource cannot be found.
   at GitHub.Services.WebApi.VssHttpClientBase.HandleResponseAsync(HttpResponseMessage response, CancellationToken cancellationToken)
   at GitHub.Services.WebApi.VssHttpClientBase.SendAsync(HttpRequestMessage message, HttpCompletionOption completionOption, Object userState, CancellationToken cancellationToken)
   at GitHub.Services.WebApi.VssHttpClientBase.SendAsync[T](HttpRequestMessage message, Object userState, CancellationToken cancellationToken)
   at GitHub.Services.Location.Client.LocationHttpClient.GetConnectionDataAsync(ConnectOptions connectOptions, Int64 lastChangeId, CancellationToken cancellationToken, Object userState)
   at GitHub.Services.WebApi.Location.VssServerDataProvider.GetConnectionDataAsync(ConnectOptions connectOptions, Int32 lastChangeId, CancellationToken cancellationToken)
   at GitHub.Services.WebApi.Location.VssServerDataProvider.ConnectAsync(ConnectOptions connectOptions, CancellationToken cancellationToken)
   at GitHub.Runner.Common.RunnerService.EstablishVssConnection(Uri serverUrl, VssCredentials credentials, TimeSpan timeout)
[2025-09-16 08:37:33Z ERR  GitHubActionsService] GET request to https://pipelinesghubeus6.actions.githubusercontent.com/hKyNd5hzQTjPqVOxuFp9CyJ2tMUr8ytJJ9FfsFju3bqhBGI0lq/_apis/connectionData?connectOptions=1&lastChangeId=258625537&lastChangeId64=258625537 failed. HTTP Status: NotFound
[2025-09-16 08:37:33Z INFO GitHubActionsService] Finished operation Location.GetConnectionData
[2025-09-16 08:37:33Z INFO RunnerServer] Catch exception during connect. 1 attempt left.
[2025-09-16 08:37:33Z ERR  RunnerServer] GitHub.Services.WebApi.VssServiceResponseException: The resource cannot be found.
   at GitHub.Services.WebApi.VssHttpClientBase.HandleResponseAsync(HttpResponseMessage response, CancellationToken cancellationToken)
   at GitHub.Services.WebApi.VssHttpClientBase.SendAsync(HttpRequestMessage message, HttpCompletionOption completionOption, Object userState, CancellationToken cancellationToken)
   at GitHub.Services.WebApi.VssHttpClientBase.SendAsync[T](HttpRequestMessage message, Object userState, CancellationToken cancellationToken)
   at GitHub.Services.Location.Client.LocationHttpClient.GetConnectionDataAsync(ConnectOptions connectOptions, Int64 lastChangeId, CancellationToken cancellationToken, Object userState)
   at GitHub.Services.WebApi.Location.VssServerDataProvider.GetConnectionDataAsync(ConnectOptions connectOptions, Int32 lastChangeId, CancellationToken cancellationToken)
   at GitHub.Services.WebApi.Location.VssServerDataProvider.ConnectAsync(ConnectOptions connectOptions, CancellationToken cancellationToken)
   at GitHub.Runner.Common.RunnerService.EstablishVssConnection(Uri serverUrl, VssCredentials credentials, TimeSpan timeout)
[2025-09-16 08:37:33Z INFO GitHubActionsService] Starting operation Location.GetConnectionData
[2025-09-16 08:37:33Z INFO GitHubActionsService] Starting operation Location.GetConnectionData
[2025-09-16 08:37:33Z INFO GitHubActionsService] Starting operation Location.GetConnectionData
[2025-09-16 08:37:34Z ERR  GitHubActionsService] GET request to https://pipelinesghubeus6.actions.githubusercontent.com/hKyNd5hzQTjPqVOxuFp9CyJ2tMUr8ytJJ9FfsFju3bqhBGI0lq/_apis/connectionData?connectOptions=1&lastChangeId=258625537&lastChangeId64=258625537 failed. HTTP Status: NotFound
[2025-09-16 08:37:34Z INFO GitHubActionsService] Finished operation Location.GetConnectionData
[2025-09-16 08:37:34Z ERR  GitHubActionsService] GET request to https://pipelinesghubeus6.actions.githubusercontent.com/hKyNd5hzQTjPqVOxuFp9CyJ2tMUr8ytJJ9FfsFju3bqhBGI0lq/_apis/connectionData?connectOptions=1&lastChangeId=258625537&lastChangeId64=258625537 failed. HTTP Status: NotFound
[2025-09-16 08:37:34Z INFO GitHubActionsService] Finished operation Location.GetConnectionData
[2025-09-16 08:37:54Z WARN GitHubActionsService] Attempt 1 of GET request to https://pipelinesghubeus6.actions.githubusercontent.com/hKyNd5hzQTjPqVOxuFp9CyJ2tMUr8ytJJ9FfsFju3bqhBGI0lq/_apis/connectionData?connectOptions=1&lastChangeId=258625537&lastChangeId64=258625537 failed (Socket Error: TimedOut). The operation will be retried in 10,898 seconds.
[2025-09-16 08:38:06Z ERR  GitHubActionsService] GET request to https://pipelinesghubeus6.actions.githubusercontent.com/hKyNd5hzQTjPqVOxuFp9CyJ2tMUr8ytJJ9FfsFju3bqhBGI0lq/_apis/connectionData?connectOptions=1&lastChangeId=258625537&lastChangeId64=258625537 failed. HTTP Status: NotFound
[2025-09-16 08:38:06Z INFO GitHubActionsService] Finished operation Location.GetConnectionData
[2025-09-16 08:38:06Z ERR  BrokerMessageListener] Catch exception during create session.
[2025-09-16 08:38:06Z ERR  BrokerMessageListener] GitHub.Services.WebApi.VssServiceResponseException: The resource cannot be found.
   at GitHub.Services.WebApi.VssHttpClientBase.HandleResponseAsync(HttpResponseMessage response, CancellationToken cancellationToken)
   at GitHub.Services.WebApi.VssHttpClientBase.SendAsync(HttpRequestMessage message, HttpCompletionOption completionOption, Object userState, CancellationToken cancellationToken)
   at GitHub.Services.WebApi.VssHttpClientBase.SendAsync[T](HttpRequestMessage message, Object userState, CancellationToken cancellationToken)
   at GitHub.Services.Location.Client.LocationHttpClient.GetConnectionDataAsync(ConnectOptions connectOptions, Int64 lastChangeId, CancellationToken cancellationToken, Object userState)
   at GitHub.Services.WebApi.Location.VssServerDataProvider.GetConnectionDataAsync(ConnectOptions connectOptions, Int32 lastChangeId, CancellationToken cancellationToken)
   at GitHub.Services.WebApi.Location.VssServerDataProvider.ConnectAsync(ConnectOptions connectOptions, CancellationToken cancellationToken)
   at GitHub.Runner.Common.RunnerService.EstablishVssConnection(Uri serverUrl, VssCredentials credentials, TimeSpan timeout)
   at GitHub.Runner.Common.RunnerServer.ConnectAsync(Uri serverUrl, VssCredentials credentials)
   at GitHub.Runner.Listener.BrokerMessageListener.CreateSessionAsync(CancellationToken token)
[2025-09-16 08:38:06Z INFO BrokerMessageListener] Retriable exception: The resource cannot be found.
[2025-09-16 08:38:06Z INFO BrokerMessageListener] Sleeping for 30 seconds before retrying.
[2025-09-16 08:38:36Z INFO BrokerMessageListener] Attempt to create session.
[2025-09-16 08:38:36Z INFO BrokerMessageListener] Connecting to the Broker Server...
[2025-09-16 08:38:36Z INFO ConfigurationStore] HasCredentials()
[2025-09-16 08:38:36Z INFO ConfigurationStore] stored True
[2025-09-16 08:38:36Z INFO CredentialManager] GetCredentialProvider
[2025-09-16 08:38:36Z INFO CredentialManager] Creating type OAuth
[2025-09-16 08:38:36Z INFO CredentialManager] Creating credential type: OAuth
[2025-09-16 08:38:36Z INFO RSAEncryptedFileKeyManager] Loading RSA key parameters from file G:\Brunella\actions-runner\.credentials_rsaparams
[2025-09-16 08:38:36Z INFO BrokerMessageListener] VssConnection created
[2025-09-16 08:38:36Z INFO BrokerMessageListener] Connecting to the Runner server...
[2025-09-16 08:38:36Z INFO RunnerServer] EstablishVssConnection
[2025-09-16 08:38:36Z INFO RunnerServer] Establish connection with 100 seconds timeout.
[2025-09-16 08:38:36Z INFO GitHubActionsService] Starting operation Location.GetConnectionData
[2025-09-16 08:38:36Z INFO RunnerServer] EstablishVssConnection
[2025-09-16 08:38:36Z INFO RunnerServer] Establish connection with 60 seconds timeout.
[2025-09-16 08:38:36Z INFO GitHubActionsService] Starting operation Location.GetConnectionData
[2025-09-16 08:38:36Z INFO RunnerServer] EstablishVssConnection
[2025-09-16 08:38:36Z INFO RunnerServer] Establish connection with 60 seconds timeout.
[2025-09-16 08:38:36Z INFO GitHubActionsService] Starting operation Location.GetConnectionData
[2025-09-16 08:38:36Z ERR  GitHubActionsService] GET request to https://pipelinesghubeus6.actions.githubusercontent.com/hKyNd5hzQTjPqVOxuFp9CyJ2tMUr8ytJJ9FfsFju3bqhBGI0lq/_apis/connectionData?connectOptions=1&lastChangeId=258625537&lastChangeId64=258625537 failed. HTTP Status: NotFound
[2025-09-16 08:38:36Z INFO GitHubActionsService] Finished operation Location.GetConnectionData
[2025-09-16 08:38:36Z INFO RunnerServer] Catch exception during connect. 4 attempt left.
[2025-09-16 08:38:36Z ERR  RunnerServer] GitHub.Services.WebApi.VssServiceResponseException: The resource cannot be found.
   at GitHub.Services.WebApi.VssHttpClientBase.HandleResponseAsync(HttpResponseMessage response, CancellationToken cancellationToken)
   at GitHub.Services.WebApi.VssHttpClientBase.SendAsync(HttpRequestMessage message, HttpCompletionOption completionOption, Object userState, CancellationToken cancellationToken)
   at GitHub.Services.WebApi.VssHttpClientBase.SendAsync[T](HttpRequestMessage message, Object userState, CancellationToken cancellationToken)
   at GitHub.Services.Location.Client.LocationHttpClient.GetConnectionDataAsync(ConnectOptions connectOptions, Int64 lastChangeId, CancellationToken cancellationToken, Object userState)
   at GitHub.Services.WebApi.Location.VssServerDataProvider.GetConnectionDataAsync(ConnectOptions connectOptions, Int32 lastChangeId, CancellationToken cancellationToken)
   at GitHub.Services.WebApi.Location.VssServerDataProvider.ConnectAsync(ConnectOptions connectOptions, CancellationToken cancellationToken)
   at GitHub.Runner.Common.RunnerService.EstablishVssConnection(Uri serverUrl, VssCredentials credentials, TimeSpan timeout)
[2025-09-16 08:38:36Z INFO GitHubActionsService] Starting operation Location.GetConnectionData
[2025-09-16 08:38:36Z ERR  GitHubActionsService] GET request to https://pipelinesghubeus6.actions.githubusercontent.com/hKyNd5hzQTjPqVOxuFp9CyJ2tMUr8ytJJ9FfsFju3bqhBGI0lq/_apis/connectionData?connectOptions=1&lastChangeId=258625537&lastChangeId64=258625537 failed. HTTP Status: NotFound
[2025-09-16 08:38:36Z INFO GitHubActionsService] Finished operation Location.GetConnectionData
[2025-09-16 08:38:36Z INFO RunnerServer] Catch exception during connect. 4 attempt left.
[2025-09-16 08:38:36Z ERR  RunnerServer] GitHub.Services.WebApi.VssServiceResponseException: The resource cannot be found.
   at GitHub.Services.WebApi.VssHttpClientBase.HandleResponseAsync(HttpResponseMessage response, CancellationToken cancellationToken)
   at GitHub.Services.WebApi.VssHttpClientBase.SendAsync(HttpRequestMessage message, HttpCompletionOption completionOption, Object userState, CancellationToken cancellationToken)
   at GitHub.Services.WebApi.VssHttpClientBase.SendAsync[T](HttpRequestMessage message, Object userState, CancellationToken cancellationToken)
   at GitHub.Services.Location.Client.LocationHttpClient.GetConnectionDataAsync(ConnectOptions connectOptions, Int64 lastChangeId, CancellationToken cancellationToken, Object userState)
   at GitHub.Services.WebApi.Location.VssServerDataProvider.GetConnectionDataAsync(ConnectOptions connectOptions, Int32 lastChangeId, CancellationToken cancellationToken)
   at GitHub.Services.WebApi.Location.VssServerDataProvider.ConnectAsync(ConnectOptions connectOptions, CancellationToken cancellationToken)
   at GitHub.Runner.Common.RunnerService.EstablishVssConnection(Uri serverUrl, VssCredentials credentials, TimeSpan timeout)
[2025-09-16 08:38:37Z ERR  GitHubActionsService] GET request to https://pipelinesghubeus6.actions.githubusercontent.com/hKyNd5hzQTjPqVOxuFp9CyJ2tMUr8ytJJ9FfsFju3bqhBGI0lq/_apis/connectionData?connectOptions=1&lastChangeId=258625537&lastChangeId64=258625537 failed. HTTP Status: NotFound
[2025-09-16 08:38:37Z INFO GitHubActionsService] Finished operation Location.GetConnectionData
[2025-09-16 08:38:37Z INFO RunnerServer] Catch exception during connect. 4 attempt left.
[2025-09-16 08:38:37Z ERR  RunnerServer] GitHub.Services.WebApi.VssServiceResponseException: The resource cannot be found.
   at GitHub.Services.WebApi.VssHttpClientBase.HandleResponseAsync(HttpResponseMessage response, CancellationToken cancellationToken)
   at GitHub.Services.WebApi.VssHttpClientBase.SendAsync(HttpRequestMessage message, HttpCompletionOption completionOption, Object userState, CancellationToken cancellationToken)
   at GitHub.Services.WebApi.VssHttpClientBase.SendAsync[T](HttpRequestMessage message, Object userState, CancellationToken cancellationToken)
   at GitHub.Services.Location.Client.LocationHttpClient.GetConnectionDataAsync(ConnectOptions connectOptions, Int64 lastChangeId, CancellationToken cancellationToken, Object userState)
   at GitHub.Services.WebApi.Location.VssServerDataProvider.GetConnectionDataAsync(ConnectOptions connectOptions, Int32 lastChangeId, CancellationToken cancellationToken)
   at GitHub.Services.WebApi.Location.VssServerDataProvider.ConnectAsync(ConnectOptions connectOptions, CancellationToken cancellationToken)
   at GitHub.Runner.Common.RunnerService.EstablishVssConnection(Uri serverUrl, VssCredentials credentials, TimeSpan timeout)
[2025-09-16 08:38:37Z INFO GitHubActionsService] Starting operation Location.GetConnectionData
[2025-09-16 08:38:37Z INFO GitHubActionsService] Starting operation Location.GetConnectionData
[2025-09-16 08:38:37Z ERR  GitHubActionsService] GET request to https://pipelinesghubeus6.actions.githubusercontent.com/hKyNd5hzQTjPqVOxuFp9CyJ2tMUr8ytJJ9FfsFju3bqhBGI0lq/_apis/connectionData?connectOptions=1&lastChangeId=258625537&lastChangeId64=258625537 failed. HTTP Status: NotFound
[2025-09-16 08:38:37Z INFO GitHubActionsService] Finished operation Location.GetConnectionData
[2025-09-16 08:38:37Z INFO RunnerServer] Catch exception during connect. 3 attempt left.
[2025-09-16 08:38:37Z ERR  RunnerServer] GitHub.Services.WebApi.VssServiceResponseException: The resource cannot be found.
   at GitHub.Services.WebApi.VssHttpClientBase.HandleResponseAsync(HttpResponseMessage response, CancellationToken cancellationToken)
   at GitHub.Services.WebApi.VssHttpClientBase.SendAsync(HttpRequestMessage message, HttpCompletionOption completionOption, Object userState, CancellationToken cancellationToken)
   at GitHub.Services.WebApi.VssHttpClientBase.SendAsync[T](HttpRequestMessage message, Object userState, CancellationToken cancellationToken)
   at GitHub.Services.Location.Client.LocationHttpClient.GetConnectionDataAsync(ConnectOptions connectOptions, Int64 lastChangeId, CancellationToken cancellationToken, Object userState)
   at GitHub.Services.WebApi.Location.VssServerDataProvider.GetConnectionDataAsync(ConnectOptions connectOptions, Int32 lastChangeId, CancellationToken cancellationToken)
   at GitHub.Services.WebApi.Location.VssServerDataProvider.ConnectAsync(ConnectOptions connectOptions, CancellationToken cancellationToken)
   at GitHub.Runner.Common.RunnerService.EstablishVssConnection(Uri serverUrl, VssCredentials credentials, TimeSpan timeout)
[2025-09-16 08:38:37Z INFO GitHubActionsService] Starting operation Location.GetConnectionData
[2025-09-16 08:38:37Z ERR  GitHubActionsService] GET request to https://pipelinesghubeus6.actions.githubusercontent.com/hKyNd5hzQTjPqVOxuFp9CyJ2tMUr8ytJJ9FfsFju3bqhBGI0lq/_apis/connectionData?connectOptions=1&lastChangeId=258625537&lastChangeId64=258625537 failed. HTTP Status: NotFound
[2025-09-16 08:38:37Z INFO GitHubActionsService] Finished operation Location.GetConnectionData
[2025-09-16 08:38:37Z INFO RunnerServer] Catch exception during connect. 3 attempt left.
[2025-09-16 08:38:37Z ERR  RunnerServer] GitHub.Services.WebApi.VssServiceResponseException: The resource cannot be found.
   at GitHub.Services.WebApi.VssHttpClientBase.HandleResponseAsync(HttpResponseMessage response, CancellationToken cancellationToken)
   at GitHub.Services.WebApi.VssHttpClientBase.SendAsync(HttpRequestMessage message, HttpCompletionOption completionOption, Object userState, CancellationToken cancellationToken)
   at GitHub.Services.WebApi.VssHttpClientBase.SendAsync[T](HttpRequestMessage message, Object userState, CancellationToken cancellationToken)
   at GitHub.Services.Location.Client.LocationHttpClient.GetConnectionDataAsync(ConnectOptions connectOptions, Int64 lastChangeId, CancellationToken cancellationToken, Object userState)
   at GitHub.Services.WebApi.Location.VssServerDataProvider.GetConnectionDataAsync(ConnectOptions connectOptions, Int32 lastChangeId, CancellationToken cancellationToken)
   at GitHub.Services.WebApi.Location.VssServerDataProvider.ConnectAsync(ConnectOptions connectOptions, CancellationToken cancellationToken)
   at GitHub.Runner.Common.RunnerService.EstablishVssConnection(Uri serverUrl, VssCredentials credentials, TimeSpan timeout)
[2025-09-16 08:38:37Z ERR  GitHubActionsService] GET request to https://pipelinesghubeus6.actions.githubusercontent.com/hKyNd5hzQTjPqVOxuFp9CyJ2tMUr8ytJJ9FfsFju3bqhBGI0lq/_apis/connectionData?connectOptions=1&lastChangeId=258625537&lastChangeId64=258625537 failed. HTTP Status: NotFound
[2025-09-16 08:38:37Z INFO GitHubActionsService] Finished operation Location.GetConnectionData
[2025-09-16 08:38:37Z INFO RunnerServer] Catch exception during connect. 3 attempt left.
[2025-09-16 08:38:37Z ERR  RunnerServer] GitHub.Services.WebApi.VssServiceResponseException: The resource cannot be found.
   at GitHub.Services.WebApi.VssHttpClientBase.HandleResponseAsync(HttpResponseMessage response, CancellationToken cancellationToken)
   at GitHub.Services.WebApi.VssHttpClientBase.SendAsync(HttpRequestMessage message, HttpCompletionOption completionOption, Object userState, CancellationToken cancellationToken)
   at GitHub.Services.WebApi.VssHttpClientBase.SendAsync[T](HttpRequestMessage message, Object userState, CancellationToken cancellationToken)
   at GitHub.Services.Location.Client.LocationHttpClient.GetConnectionDataAsync(ConnectOptions connectOptions, Int64 lastChangeId, CancellationToken cancellationToken, Object userState)
   at GitHub.Services.WebApi.Location.VssServerDataProvider.GetConnectionDataAsync(ConnectOptions connectOptions, Int32 lastChangeId, CancellationToken cancellationToken)
   at GitHub.Services.WebApi.Location.VssServerDataProvider.ConnectAsync(ConnectOptions connectOptions, CancellationToken cancellationToken)
   at GitHub.Runner.Common.RunnerService.EstablishVssConnection(Uri serverUrl, VssCredentials credentials, TimeSpan timeout)
[2025-09-16 08:38:37Z INFO GitHubActionsService] Starting operation Location.GetConnectionData
[2025-09-16 08:38:37Z INFO GitHubActionsService] Starting operation Location.GetConnectionData
[2025-09-16 08:38:38Z ERR  GitHubActionsService] GET request to https://pipelinesghubeus6.actions.githubusercontent.com/hKyNd5hzQTjPqVOxuFp9CyJ2tMUr8ytJJ9FfsFju3bqhBGI0lq/_apis/connectionData?connectOptions=1&lastChangeId=258625537&lastChangeId64=258625537 failed. HTTP Status: NotFound
[2025-09-16 08:38:38Z INFO GitHubActionsService] Finished operation Location.GetConnectionData
[2025-09-16 08:38:38Z INFO RunnerServer] Catch exception during connect. 2 attempt left.
[2025-09-16 08:38:38Z ERR  RunnerServer] GitHub.Services.WebApi.VssServiceResponseException: The resource cannot be found.
   at GitHub.Services.WebApi.VssHttpClientBase.HandleResponseAsync(HttpResponseMessage response, CancellationToken cancellationToken)
   at GitHub.Services.WebApi.VssHttpClientBase.SendAsync(HttpRequestMessage message, HttpCompletionOption completionOption, Object userState, CancellationToken cancellationToken)
   at GitHub.Services.WebApi.VssHttpClientBase.SendAsync[T](HttpRequestMessage message, Object userState, CancellationToken cancellationToken)
   at GitHub.Services.Location.Client.LocationHttpClient.GetConnectionDataAsync(ConnectOptions connectOptions, Int64 lastChangeId, CancellationToken cancellationToken, Object userState)
   at GitHub.Services.WebApi.Location.VssServerDataProvider.GetConnectionDataAsync(ConnectOptions connectOptions, Int32 lastChangeId, CancellationToken cancellationToken)
   at GitHub.Services.WebApi.Location.VssServerDataProvider.ConnectAsync(ConnectOptions connectOptions, CancellationToken cancellationToken)
   at GitHub.Runner.Common.RunnerService.EstablishVssConnection(Uri serverUrl, VssCredentials credentials, TimeSpan timeout)
[2025-09-16 08:38:38Z INFO GitHubActionsService] Starting operation Location.GetConnectionData
[2025-09-16 08:38:38Z ERR  GitHubActionsService] GET request to https://pipelinesghubeus6.actions.githubusercontent.com/hKyNd5hzQTjPqVOxuFp9CyJ2tMUr8ytJJ9FfsFju3bqhBGI0lq/_apis/connectionData?connectOptions=1&lastChangeId=258625537&lastChangeId64=258625537 failed. HTTP Status: NotFound
[2025-09-16 08:38:38Z INFO GitHubActionsService] Finished operation Location.GetConnectionData
[2025-09-16 08:38:38Z INFO RunnerServer] Catch exception during connect. 2 attempt left.
[2025-09-16 08:38:38Z ERR  RunnerServer] GitHub.Services.WebApi.VssServiceResponseException: The resource cannot be found.
   at GitHub.Services.WebApi.VssHttpClientBase.HandleResponseAsync(HttpResponseMessage response, CancellationToken cancellationToken)
   at GitHub.Services.WebApi.VssHttpClientBase.SendAsync(HttpRequestMessage message, HttpCompletionOption completionOption, Object userState, CancellationToken cancellationToken)
   at GitHub.Services.WebApi.VssHttpClientBase.SendAsync[T](HttpRequestMessage message, Object userState, CancellationToken cancellationToken)
   at GitHub.Services.Location.Client.LocationHttpClient.GetConnectionDataAsync(ConnectOptions connectOptions, Int64 lastChangeId, CancellationToken cancellationToken, Object userState)
   at GitHub.Services.WebApi.Location.VssServerDataProvider.GetConnectionDataAsync(ConnectOptions connectOptions, Int32 lastChangeId, CancellationToken cancellationToken)
   at GitHub.Services.WebApi.Location.VssServerDataProvider.ConnectAsync(ConnectOptions connectOptions, CancellationToken cancellationToken)
   at GitHub.Runner.Common.RunnerService.EstablishVssConnection(Uri serverUrl, VssCredentials credentials, TimeSpan timeout)
[2025-09-16 08:38:38Z ERR  GitHubActionsService] GET request to https://pipelinesghubeus6.actions.githubusercontent.com/hKyNd5hzQTjPqVOxuFp9CyJ2tMUr8ytJJ9FfsFju3bqhBGI0lq/_apis/connectionData?connectOptions=1&lastChangeId=258625537&lastChangeId64=258625537 failed. HTTP Status: NotFound
[2025-09-16 08:38:38Z INFO GitHubActionsService] Finished operation Location.GetConnectionData
[2025-09-16 08:38:38Z INFO RunnerServer] Catch exception during connect. 2 attempt left.
[2025-09-16 08:38:38Z ERR  RunnerServer] GitHub.Services.WebApi.VssServiceResponseException: The resource cannot be found.
   at GitHub.Services.WebApi.VssHttpClientBase.HandleResponseAsync(HttpResponseMessage response, CancellationToken cancellationToken)
   at GitHub.Services.WebApi.VssHttpClientBase.SendAsync(HttpRequestMessage message, HttpCompletionOption completionOption, Object userState, CancellationToken cancellationToken)
   at GitHub.Services.WebApi.VssHttpClientBase.SendAsync[T](HttpRequestMessage message, Object userState, CancellationToken cancellationToken)
   at GitHub.Services.Location.Client.LocationHttpClient.GetConnectionDataAsync(ConnectOptions connectOptions, Int64 lastChangeId, CancellationToken cancellationToken, Object userState)
   at GitHub.Services.WebApi.Location.VssServerDataProvider.GetConnectionDataAsync(ConnectOptions connectOptions, Int32 lastChangeId, CancellationToken cancellationToken)
   at GitHub.Services.WebApi.Location.VssServerDataProvider.ConnectAsync(ConnectOptions connectOptions, CancellationToken cancellationToken)
   at GitHub.Runner.Common.RunnerService.EstablishVssConnection(Uri serverUrl, VssCredentials credentials, TimeSpan timeout)
[2025-09-16 08:38:38Z INFO GitHubActionsService] Starting operation Location.GetConnectionData
[2025-09-16 08:38:38Z INFO GitHubActionsService] Starting operation Location.GetConnectionData
[2025-09-16 08:38:39Z ERR  GitHubActionsService] GET request to https://pipelinesghubeus6.actions.githubusercontent.com/hKyNd5hzQTjPqVOxuFp9CyJ2tMUr8ytJJ9FfsFju3bqhBGI0lq/_apis/connectionData?connectOptions=1&lastChangeId=258625537&lastChangeId64=258625537 failed. HTTP Status: NotFound
[2025-09-16 08:38:39Z INFO GitHubActionsService] Finished operation Location.GetConnectionData
[2025-09-16 08:38:39Z INFO RunnerServer] Catch exception during connect. 1 attempt left.
[2025-09-16 08:38:39Z ERR  RunnerServer] GitHub.Services.WebApi.VssServiceResponseException: The resource cannot be found.
   at GitHub.Services.WebApi.VssHttpClientBase.HandleResponseAsync(HttpResponseMessage response, CancellationToken cancellationToken)
   at GitHub.Services.WebApi.VssHttpClientBase.SendAsync(HttpRequestMessage message, HttpCompletionOption completionOption, Object userState, CancellationToken cancellationToken)
   at GitHub.Services.WebApi.VssHttpClientBase.SendAsync[T](HttpRequestMessage message, Object userState, CancellationToken cancellationToken)
   at GitHub.Services.Location.Client.LocationHttpClient.GetConnectionDataAsync(ConnectOptions connectOptions, Int64 lastChangeId, CancellationToken cancellationToken, Object userState)
   at GitHub.Services.WebApi.Location.VssServerDataProvider.GetConnectionDataAsync(ConnectOptions connectOptions, Int32 lastChangeId, CancellationToken cancellationToken)
   at GitHub.Services.WebApi.Location.VssServerDataProvider.ConnectAsync(ConnectOptions connectOptions, CancellationToken cancellationToken)
   at GitHub.Runner.Common.RunnerService.EstablishVssConnection(Uri serverUrl, VssCredentials credentials, TimeSpan timeout)
[2025-09-16 08:38:39Z ERR  GitHubActionsService] GET request to https://pipelinesghubeus6.actions.githubusercontent.com/hKyNd5hzQTjPqVOxuFp9CyJ2tMUr8ytJJ9FfsFju3bqhBGI0lq/_apis/connectionData?connectOptions=1&lastChangeId=258625537&lastChangeId64=258625537 failed. HTTP Status: NotFound
[2025-09-16 08:38:39Z INFO GitHubActionsService] Finished operation Location.GetConnectionData
[2025-09-16 08:38:39Z INFO RunnerServer] Catch exception during connect. 1 attempt left.
[2025-09-16 08:38:39Z ERR  RunnerServer] GitHub.Services.WebApi.VssServiceResponseException: The resource cannot be found.
   at GitHub.Services.WebApi.VssHttpClientBase.HandleResponseAsync(HttpResponseMessage response, CancellationToken cancellationToken)
   at GitHub.Services.WebApi.VssHttpClientBase.SendAsync(HttpRequestMessage message, HttpCompletionOption completionOption, Object userState, CancellationToken cancellationToken)
   at GitHub.Services.WebApi.VssHttpClientBase.SendAsync[T](HttpRequestMessage message, Object userState, CancellationToken cancellationToken)
   at GitHub.Services.Location.Client.LocationHttpClient.GetConnectionDataAsync(ConnectOptions connectOptions, Int64 lastChangeId, CancellationToken cancellationToken, Object userState)
   at GitHub.Services.WebApi.Location.VssServerDataProvider.GetConnectionDataAsync(ConnectOptions connectOptions, Int32 lastChangeId, CancellationToken cancellationToken)
   at GitHub.Services.WebApi.Location.VssServerDataProvider.ConnectAsync(ConnectOptions connectOptions, CancellationToken cancellationToken)
   at GitHub.Runner.Common.RunnerService.EstablishVssConnection(Uri serverUrl, VssCredentials credentials, TimeSpan timeout)
[2025-09-16 08:38:39Z ERR  GitHubActionsService] GET request to https://pipelinesghubeus6.actions.githubusercontent.com/hKyNd5hzQTjPqVOxuFp9CyJ2tMUr8ytJJ9FfsFju3bqhBGI0lq/_apis/connectionData?connectOptions=1&lastChangeId=258625537&lastChangeId64=258625537 failed. HTTP Status: NotFound
[2025-09-16 08:38:39Z INFO GitHubActionsService] Finished operation Location.GetConnectionData
[2025-09-16 08:38:39Z INFO RunnerServer] Catch exception during connect. 1 attempt left.
[2025-09-16 08:38:39Z ERR  RunnerServer] GitHub.Services.WebApi.VssServiceResponseException: The resource cannot be found.
   at GitHub.Services.WebApi.VssHttpClientBase.HandleResponseAsync(HttpResponseMessage response, CancellationToken cancellationToken)
   at GitHub.Services.WebApi.VssHttpClientBase.SendAsync(HttpRequestMessage message, HttpCompletionOption completionOption, Object userState, CancellationToken cancellationToken)
   at GitHub.Services.WebApi.VssHttpClientBase.SendAsync[T](HttpRequestMessage message, Object userState, CancellationToken cancellationToken)
   at GitHub.Services.Location.Client.LocationHttpClient.GetConnectionDataAsync(ConnectOptions connectOptions, Int64 lastChangeId, CancellationToken cancellationToken, Object userState)
   at GitHub.Services.WebApi.Location.VssServerDataProvider.GetConnectionDataAsync(ConnectOptions connectOptions, Int32 lastChangeId, CancellationToken cancellationToken)
   at GitHub.Services.WebApi.Location.VssServerDataProvider.ConnectAsync(ConnectOptions connectOptions, CancellationToken cancellationToken)
   at GitHub.Runner.Common.RunnerService.EstablishVssConnection(Uri serverUrl, VssCredentials credentials, TimeSpan timeout)
[2025-09-16 08:38:39Z INFO GitHubActionsService] Starting operation Location.GetConnectionData
[2025-09-16 08:38:39Z INFO GitHubActionsService] Starting operation Location.GetConnectionData
[2025-09-16 08:38:39Z INFO GitHubActionsService] Starting operation Location.GetConnectionData
[2025-09-16 08:38:39Z ERR  GitHubActionsService] GET request to https://pipelinesghubeus6.actions.githubusercontent.com/hKyNd5hzQTjPqVOxuFp9CyJ2tMUr8ytJJ9FfsFju3bqhBGI0lq/_apis/connectionData?connectOptions=1&lastChangeId=258625537&lastChangeId64=258625537 failed. HTTP Status: NotFound
[2025-09-16 08:38:40Z INFO GitHubActionsService] Finished operation Location.GetConnectionData
[2025-09-16 08:38:40Z ERR  GitHubActionsService] GET request to https://pipelinesghubeus6.actions.githubusercontent.com/hKyNd5hzQTjPqVOxuFp9CyJ2tMUr8ytJJ9FfsFju3bqhBGI0lq/_apis/connectionData?connectOptions=1&lastChangeId=258625537&lastChangeId64=258625537 failed. HTTP Status: NotFound
[2025-09-16 08:38:40Z INFO GitHubActionsService] Finished operation Location.GetConnectionData
[2025-09-16 08:38:40Z ERR  GitHubActionsService] GET request to https://pipelinesghubeus6.actions.githubusercontent.com/hKyNd5hzQTjPqVOxuFp9CyJ2tMUr8ytJJ9FfsFju3bqhBGI0lq/_apis/connectionData?connectOptions=1&lastChangeId=258625537&lastChangeId64=258625537 failed. HTTP Status: NotFound
[2025-09-16 08:38:40Z INFO GitHubActionsService] Finished operation Location.GetConnectionData
[2025-09-16 08:38:40Z ERR  BrokerMessageListener] Catch exception during create session.
[2025-09-16 08:38:40Z ERR  BrokerMessageListener] GitHub.Services.WebApi.VssServiceResponseException: The resource cannot be found.
   at GitHub.Services.WebApi.VssHttpClientBase.HandleResponseAsync(HttpResponseMessage response, CancellationToken cancellationToken)
   at GitHub.Services.WebApi.VssHttpClientBase.SendAsync(HttpRequestMessage message, HttpCompletionOption completionOption, Object userState, CancellationToken cancellationToken)
   at GitHub.Services.WebApi.VssHttpClientBase.SendAsync[T](HttpRequestMessage message, Object userState, CancellationToken cancellationToken)
   at GitHub.Services.Location.Client.LocationHttpClient.GetConnectionDataAsync(ConnectOptions connectOptions, Int64 lastChangeId, CancellationToken cancellationToken, Object userState)
   at GitHub.Services.WebApi.Location.VssServerDataProvider.GetConnectionDataAsync(ConnectOptions connectOptions, Int32 lastChangeId, CancellationToken cancellationToken)
   at GitHub.Services.WebApi.Location.VssServerDataProvider.ConnectAsync(ConnectOptions connectOptions, CancellationToken cancellationToken)
   at GitHub.Runner.Common.RunnerService.EstablishVssConnection(Uri serverUrl, VssCredentials credentials, TimeSpan timeout)
   at GitHub.Runner.Common.RunnerServer.ConnectAsync(Uri serverUrl, VssCredentials credentials)
   at GitHub.Runner.Listener.BrokerMessageListener.CreateSessionAsync(CancellationToken token)
[2025-09-16 08:38:40Z INFO BrokerMessageListener] Retriable exception: The resource cannot be found.
[2025-09-16 08:38:40Z INFO BrokerMessageListener] Sleeping for 30 seconds before retrying.
[2025-09-16 08:39:10Z INFO BrokerMessageListener] Attempt to create session.
[2025-09-16 08:39:10Z INFO BrokerMessageListener] Connecting to the Broker Server...
[2025-09-16 08:39:10Z INFO ConfigurationStore] HasCredentials()
[2025-09-16 08:39:10Z INFO ConfigurationStore] stored True
[2025-09-16 08:39:10Z INFO CredentialManager] GetCredentialProvider
[2025-09-16 08:39:10Z INFO CredentialManager] Creating type OAuth
[2025-09-16 08:39:10Z INFO CredentialManager] Creating credential type: OAuth
[2025-09-16 08:39:10Z INFO RSAEncryptedFileKeyManager] Loading RSA key parameters from file G:\Brunella\actions-runner\.credentials_rsaparams
[2025-09-16 08:39:10Z INFO BrokerMessageListener] VssConnection created
[2025-09-16 08:39:10Z INFO BrokerMessageListener] Connecting to the Runner server...
[2025-09-16 08:39:10Z INFO RunnerServer] EstablishVssConnection
[2025-09-16 08:39:10Z INFO RunnerServer] Establish connection with 100 seconds timeout.
[2025-09-16 08:39:10Z INFO GitHubActionsService] Starting operation Location.GetConnectionData
[2025-09-16 08:39:10Z INFO RunnerServer] EstablishVssConnection
[2025-09-16 08:39:10Z INFO RunnerServer] Establish connection with 60 seconds timeout.
[2025-09-16 08:39:10Z INFO GitHubActionsService] Starting operation Location.GetConnectionData
[2025-09-16 08:39:10Z INFO RunnerServer] EstablishVssConnection
[2025-09-16 08:39:10Z INFO RunnerServer] Establish connection with 60 seconds timeout.
[2025-09-16 08:39:10Z INFO GitHubActionsService] Starting operation Location.GetConnectionData
[2025-09-16 08:39:10Z ERR  GitHubActionsService] GET request to https://pipelinesghubeus6.actions.githubusercontent.com/hKyNd5hzQTjPqVOxuFp9CyJ2tMUr8ytJJ9FfsFju3bqhBGI0lq/_apis/connectionData?connectOptions=1&lastChangeId=258625537&lastChangeId64=258625537 failed. HTTP Status: NotFound
[2025-09-16 08:39:10Z INFO GitHubActionsService] Finished operation Location.GetConnectionData
[2025-09-16 08:39:10Z INFO RunnerServer] Catch exception during connect. 4 attempt left.
[2025-09-16 08:39:10Z ERR  RunnerServer] GitHub.Services.WebApi.VssServiceResponseException: The resource cannot be found.
   at GitHub.Services.WebApi.VssHttpClientBase.HandleResponseAsync(HttpResponseMessage response, CancellationToken cancellationToken)
   at GitHub.Services.WebApi.VssHttpClientBase.SendAsync(HttpRequestMessage message, HttpCompletionOption completionOption, Object userState, CancellationToken cancellationToken)
   at GitHub.Services.WebApi.VssHttpClientBase.SendAsync[T](HttpRequestMessage message, Object userState, CancellationToken cancellationToken)
   at GitHub.Services.Location.Client.LocationHttpClient.GetConnectionDataAsync(ConnectOptions connectOptions, Int64 lastChangeId, CancellationToken cancellationToken, Object userState)
   at GitHub.Services.WebApi.Location.VssServerDataProvider.GetConnectionDataAsync(ConnectOptions connectOptions, Int32 lastChangeId, CancellationToken cancellationToken)
   at GitHub.Services.WebApi.Location.VssServerDataProvider.ConnectAsync(ConnectOptions connectOptions, CancellationToken cancellationToken)
   at GitHub.Runner.Common.RunnerService.EstablishVssConnection(Uri serverUrl, VssCredentials credentials, TimeSpan timeout)
[2025-09-16 08:39:10Z INFO GitHubActionsService] Starting operation Location.GetConnectionData
[2025-09-16 08:39:10Z ERR  GitHubActionsService] GET request to https://pipelinesghubeus6.actions.githubusercontent.com/hKyNd5hzQTjPqVOxuFp9CyJ2tMUr8ytJJ9FfsFju3bqhBGI0lq/_apis/connectionData?connectOptions=1&lastChangeId=258625537&lastChangeId64=258625537 failed. HTTP Status: NotFound
[2025-09-16 08:39:10Z INFO GitHubActionsService] Finished operation Location.GetConnectionData
[2025-09-16 08:39:10Z INFO RunnerServer] Catch exception during connect. 4 attempt left.
[2025-09-16 08:39:10Z ERR  RunnerServer] GitHub.Services.WebApi.VssServiceResponseException: The resource cannot be found.
   at GitHub.Services.WebApi.VssHttpClientBase.HandleResponseAsync(HttpResponseMessage response, CancellationToken cancellationToken)
   at GitHub.Services.WebApi.VssHttpClientBase.SendAsync(HttpRequestMessage message, HttpCompletionOption completionOption, Object userState, CancellationToken cancellationToken)
   at GitHub.Services.WebApi.VssHttpClientBase.SendAsync[T](HttpRequestMessage message, Object userState, CancellationToken cancellationToken)
   at GitHub.Services.Location.Client.LocationHttpClient.GetConnectionDataAsync(ConnectOptions connectOptions, Int64 lastChangeId, CancellationToken cancellationToken, Object userState)
   at GitHub.Services.WebApi.Location.VssServerDataProvider.GetConnectionDataAsync(ConnectOptions connectOptions, Int32 lastChangeId, CancellationToken cancellationToken)
   at GitHub.Services.WebApi.Location.VssServerDataProvider.ConnectAsync(ConnectOptions connectOptions, CancellationToken cancellationToken)
   at GitHub.Runner.Common.RunnerService.EstablishVssConnection(Uri serverUrl, VssCredentials credentials, TimeSpan timeout)
[2025-09-16 08:39:10Z ERR  GitHubActionsService] GET request to https://pipelinesghubeus6.actions.githubusercontent.com/hKyNd5hzQTjPqVOxuFp9CyJ2tMUr8ytJJ9FfsFju3bqhBGI0lq/_apis/connectionData?connectOptions=1&lastChangeId=258625537&lastChangeId64=258625537 failed. HTTP Status: NotFound
[2025-09-16 08:39:10Z INFO GitHubActionsService] Finished operation Location.GetConnectionData
[2025-09-16 08:39:10Z INFO RunnerServer] Catch exception during connect. 4 attempt left.
[2025-09-16 08:39:10Z ERR  RunnerServer] GitHub.Services.WebApi.VssServiceResponseException: The resource cannot be found.
   at GitHub.Services.WebApi.VssHttpClientBase.HandleResponseAsync(HttpResponseMessage response, CancellationToken cancellationToken)
   at GitHub.Services.WebApi.VssHttpClientBase.SendAsync(HttpRequestMessage message, HttpCompletionOption completionOption, Object userState, CancellationToken cancellationToken)
   at GitHub.Services.WebApi.VssHttpClientBase.SendAsync[T](HttpRequestMessage message, Object userState, CancellationToken cancellationToken)
   at GitHub.Services.Location.Client.LocationHttpClient.GetConnectionDataAsync(ConnectOptions connectOptions, Int64 lastChangeId, CancellationToken cancellationToken, Object userState)
   at GitHub.Services.WebApi.Location.VssServerDataProvider.GetConnectionDataAsync(ConnectOptions connectOptions, Int32 lastChangeId, CancellationToken cancellationToken)
   at GitHub.Services.WebApi.Location.VssServerDataProvider.ConnectAsync(ConnectOptions connectOptions, CancellationToken cancellationToken)
   at GitHub.Runner.Common.RunnerService.EstablishVssConnection(Uri serverUrl, VssCredentials credentials, TimeSpan timeout)
[2025-09-16 08:39:10Z INFO GitHubActionsService] Starting operation Location.GetConnectionData
[2025-09-16 08:39:10Z INFO GitHubActionsService] Starting operation Location.GetConnectionData
[2025-09-16 08:39:11Z ERR  GitHubActionsService] GET request to https://pipelinesghubeus6.actions.githubusercontent.com/hKyNd5hzQTjPqVOxuFp9CyJ2tMUr8ytJJ9FfsFju3bqhBGI0lq/_apis/connectionData?connectOptions=1&lastChangeId=258625537&lastChangeId64=258625537 failed. HTTP Status: NotFound
[2025-09-16 08:39:11Z INFO GitHubActionsService] Finished operation Location.GetConnectionData
[2025-09-16 08:39:11Z INFO RunnerServer] Catch exception during connect. 3 attempt left.
[2025-09-16 08:39:11Z ERR  RunnerServer] GitHub.Services.WebApi.VssServiceResponseException: The resource cannot be found.
   at GitHub.Services.WebApi.VssHttpClientBase.HandleResponseAsync(HttpResponseMessage response, CancellationToken cancellationToken)
   at GitHub.Services.WebApi.VssHttpClientBase.SendAsync(HttpRequestMessage message, HttpCompletionOption completionOption, Object userState, CancellationToken cancellationToken)
   at GitHub.Services.WebApi.VssHttpClientBase.SendAsync[T](HttpRequestMessage message, Object userState, CancellationToken cancellationToken)
   at GitHub.Services.Location.Client.LocationHttpClient.GetConnectionDataAsync(ConnectOptions connectOptions, Int64 lastChangeId, CancellationToken cancellationToken, Object userState)
   at GitHub.Services.WebApi.Location.VssServerDataProvider.GetConnectionDataAsync(ConnectOptions connectOptions, Int32 lastChangeId, CancellationToken cancellationToken)
   at GitHub.Services.WebApi.Location.VssServerDataProvider.ConnectAsync(ConnectOptions connectOptions, CancellationToken cancellationToken)
   at GitHub.Runner.Common.RunnerService.EstablishVssConnection(Uri serverUrl, VssCredentials credentials, TimeSpan timeout)
[2025-09-16 08:39:11Z INFO GitHubActionsService] Starting operation Location.GetConnectionData
[2025-09-16 08:39:11Z ERR  GitHubActionsService] GET request to https://pipelinesghubeus6.actions.githubusercontent.com/hKyNd5hzQTjPqVOxuFp9CyJ2tMUr8ytJJ9FfsFju3bqhBGI0lq/_apis/connectionData?connectOptions=1&lastChangeId=258625537&lastChangeId64=258625537 failed. HTTP Status: NotFound
[2025-09-16 08:39:11Z INFO GitHubActionsService] Finished operation Location.GetConnectionData
[2025-09-16 08:39:11Z INFO RunnerServer] Catch exception during connect. 3 attempt left.
[2025-09-16 08:39:11Z ERR  RunnerServer] GitHub.Services.WebApi.VssServiceResponseException: The resource cannot be found.
   at GitHub.Services.WebApi.VssHttpClientBase.HandleResponseAsync(HttpResponseMessage response, CancellationToken cancellationToken)
   at GitHub.Services.WebApi.VssHttpClientBase.SendAsync(HttpRequestMessage message, HttpCompletionOption completionOption, Object userState, CancellationToken cancellationToken)
   at GitHub.Services.WebApi.VssHttpClientBase.SendAsync[T](HttpRequestMessage message, Object userState, CancellationToken cancellationToken)
   at GitHub.Services.Location.Client.LocationHttpClient.GetConnectionDataAsync(ConnectOptions connectOptions, Int64 lastChangeId, CancellationToken cancellationToken, Object userState)
   at GitHub.Services.WebApi.Location.VssServerDataProvider.GetConnectionDataAsync(ConnectOptions connectOptions, Int32 lastChangeId, CancellationToken cancellationToken)
   at GitHub.Services.WebApi.Location.VssServerDataProvider.ConnectAsync(ConnectOptions connectOptions, CancellationToken cancellationToken)
   at GitHub.Runner.Common.RunnerService.EstablishVssConnection(Uri serverUrl, VssCredentials credentials, TimeSpan timeout)
[2025-09-16 08:39:11Z ERR  GitHubActionsService] GET request to https://pipelinesghubeus6.actions.githubusercontent.com/hKyNd5hzQTjPqVOxuFp9CyJ2tMUr8ytJJ9FfsFju3bqhBGI0lq/_apis/connectionData?connectOptions=1&lastChangeId=258625537&lastChangeId64=258625537 failed. HTTP Status: NotFound
[2025-09-16 08:39:11Z INFO GitHubActionsService] Finished operation Location.GetConnectionData
[2025-09-16 08:39:11Z INFO RunnerServer] Catch exception during connect. 3 attempt left.
[2025-09-16 08:39:11Z ERR  RunnerServer] GitHub.Services.WebApi.VssServiceResponseException: The resource cannot be found.
   at GitHub.Services.WebApi.VssHttpClientBase.HandleResponseAsync(HttpResponseMessage response, CancellationToken cancellationToken)
   at GitHub.Services.WebApi.VssHttpClientBase.SendAsync(HttpRequestMessage message, HttpCompletionOption completionOption, Object userState, CancellationToken cancellationToken)
   at GitHub.Services.WebApi.VssHttpClientBase.SendAsync[T](HttpRequestMessage message, Object userState, CancellationToken cancellationToken)
   at GitHub.Services.Location.Client.LocationHttpClient.GetConnectionDataAsync(ConnectOptions connectOptions, Int64 lastChangeId, CancellationToken cancellationToken, Object userState)
   at GitHub.Services.WebApi.Location.VssServerDataProvider.GetConnectionDataAsync(ConnectOptions connectOptions, Int32 lastChangeId, CancellationToken cancellationToken)
   at GitHub.Services.WebApi.Location.VssServerDataProvider.ConnectAsync(ConnectOptions connectOptions, CancellationToken cancellationToken)
   at GitHub.Runner.Common.RunnerService.EstablishVssConnection(Uri serverUrl, VssCredentials credentials, TimeSpan timeout)
[2025-09-16 08:39:11Z INFO GitHubActionsService] Starting operation Location.GetConnectionData
[2025-09-16 08:39:11Z INFO GitHubActionsService] Starting operation Location.GetConnectionData
[2025-09-16 08:39:12Z ERR  GitHubActionsService] GET request to https://pipelinesghubeus6.actions.githubusercontent.com/hKyNd5hzQTjPqVOxuFp9CyJ2tMUr8ytJJ9FfsFju3bqhBGI0lq/_apis/connectionData?connectOptions=1&lastChangeId=258625537&lastChangeId64=258625537 failed. HTTP Status: NotFound
[2025-09-16 08:39:12Z INFO GitHubActionsService] Finished operation Location.GetConnectionData
[2025-09-16 08:39:12Z INFO RunnerServer] Catch exception during connect. 2 attempt left.
[2025-09-16 08:39:12Z ERR  RunnerServer] GitHub.Services.WebApi.VssServiceResponseException: The resource cannot be found.
   at GitHub.Services.WebApi.VssHttpClientBase.HandleResponseAsync(HttpResponseMessage response, CancellationToken cancellationToken)
   at GitHub.Services.WebApi.VssHttpClientBase.SendAsync(HttpRequestMessage message, HttpCompletionOption completionOption, Object userState, CancellationToken cancellationToken)
   at GitHub.Services.WebApi.VssHttpClientBase.SendAsync[T](HttpRequestMessage message, Object userState, CancellationToken cancellationToken)
   at GitHub.Services.Location.Client.LocationHttpClient.GetConnectionDataAsync(ConnectOptions connectOptions, Int64 lastChangeId, CancellationToken cancellationToken, Object userState)
   at GitHub.Services.WebApi.Location.VssServerDataProvider.GetConnectionDataAsync(ConnectOptions connectOptions, Int32 lastChangeId, CancellationToken cancellationToken)
   at GitHub.Services.WebApi.Location.VssServerDataProvider.ConnectAsync(ConnectOptions connectOptions, CancellationToken cancellationToken)
   at GitHub.Runner.Common.RunnerService.EstablishVssConnection(Uri serverUrl, VssCredentials credentials, TimeSpan timeout)
[2025-09-16 08:39:12Z INFO GitHubActionsService] Starting operation Location.GetConnectionData
[2025-09-16 08:39:12Z ERR  GitHubActionsService] GET request to https://pipelinesghubeus6.actions.githubusercontent.com/hKyNd5hzQTjPqVOxuFp9CyJ2tMUr8ytJJ9FfsFju3bqhBGI0lq/_apis/connectionData?connectOptions=1&lastChangeId=258625537&lastChangeId64=258625537 failed. HTTP Status: NotFound
[2025-09-16 08:39:12Z INFO GitHubActionsService] Finished operation Location.GetConnectionData
[2025-09-16 08:39:12Z INFO RunnerServer] Catch exception during connect. 2 attempt left.
[2025-09-16 08:39:12Z ERR  RunnerServer] GitHub.Services.WebApi.VssServiceResponseException: The resource cannot be found.
   at GitHub.Services.WebApi.VssHttpClientBase.HandleResponseAsync(HttpResponseMessage response, CancellationToken cancellationToken)
   at GitHub.Services.WebApi.VssHttpClientBase.SendAsync(HttpRequestMessage message, HttpCompletionOption completionOption, Object userState, CancellationToken cancellationToken)
   at GitHub.Services.WebApi.VssHttpClientBase.SendAsync[T](HttpRequestMessage message, Object userState, CancellationToken cancellationToken)
   at GitHub.Services.Location.Client.LocationHttpClient.GetConnectionDataAsync(ConnectOptions connectOptions, Int64 lastChangeId, CancellationToken cancellationToken, Object userState)
   at GitHub.Services.WebApi.Location.VssServerDataProvider.GetConnectionDataAsync(ConnectOptions connectOptions, Int32 lastChangeId, CancellationToken cancellationToken)
   at GitHub.Services.WebApi.Location.VssServerDataProvider.ConnectAsync(ConnectOptions connectOptions, CancellationToken cancellationToken)
   at GitHub.Runner.Common.RunnerService.EstablishVssConnection(Uri serverUrl, VssCredentials credentials, TimeSpan timeout)
[2025-09-16 08:39:12Z ERR  GitHubActionsService] GET request to https://pipelinesghubeus6.actions.githubusercontent.com/hKyNd5hzQTjPqVOxuFp9CyJ2tMUr8ytJJ9FfsFju3bqhBGI0lq/_apis/connectionData?connectOptions=1&lastChangeId=258625537&lastChangeId64=258625537 failed. HTTP Status: NotFound
[2025-09-16 08:39:12Z INFO GitHubActionsService] Finished operation Location.GetConnectionData
[2025-09-16 08:39:12Z INFO RunnerServer] Catch exception during connect. 2 attempt left.
[2025-09-16 08:39:12Z ERR  RunnerServer] GitHub.Services.WebApi.VssServiceResponseException: The resource cannot be found.
   at GitHub.Services.WebApi.VssHttpClientBase.HandleResponseAsync(HttpResponseMessage response, CancellationToken cancellationToken)
   at GitHub.Services.WebApi.VssHttpClientBase.SendAsync(HttpRequestMessage message, HttpCompletionOption completionOption, Object userState, CancellationToken cancellationToken)
   at GitHub.Services.WebApi.VssHttpClientBase.SendAsync[T](HttpRequestMessage message, Object userState, CancellationToken cancellationToken)
   at GitHub.Services.Location.Client.LocationHttpClient.GetConnectionDataAsync(ConnectOptions connectOptions, Int64 lastChangeId, CancellationToken cancellationToken, Object userState)
   at GitHub.Services.WebApi.Location.VssServerDataProvider.GetConnectionDataAsync(ConnectOptions connectOptions, Int32 lastChangeId, CancellationToken cancellationToken)
   at GitHub.Services.WebApi.Location.VssServerDataProvider.ConnectAsync(ConnectOptions connectOptions, CancellationToken cancellationToken)
   at GitHub.Runner.Common.RunnerService.EstablishVssConnection(Uri serverUrl, VssCredentials credentials, TimeSpan timeout)
[2025-09-16 08:39:12Z INFO GitHubActionsService] Starting operation Location.GetConnectionData
[2025-09-16 08:39:12Z INFO GitHubActionsService] Starting operation Location.GetConnectionData
[2025-09-16 08:39:12Z ERR  GitHubActionsService] GET request to https://pipelinesghubeus6.actions.githubusercontent.com/hKyNd5hzQTjPqVOxuFp9CyJ2tMUr8ytJJ9FfsFju3bqhBGI0lq/_apis/connectionData?connectOptions=1&lastChangeId=258625537&lastChangeId64=258625537 failed. HTTP Status: NotFound
[2025-09-16 08:39:12Z INFO GitHubActionsService] Finished operation Location.GetConnectionData
[2025-09-16 08:39:12Z INFO RunnerServer] Catch exception during connect. 1 attempt left.
[2025-09-16 08:39:12Z ERR  RunnerServer] GitHub.Services.WebApi.VssServiceResponseException: The resource cannot be found.
   at GitHub.Services.WebApi.VssHttpClientBase.HandleResponseAsync(HttpResponseMessage response, CancellationToken cancellationToken)
   at GitHub.Services.WebApi.VssHttpClientBase.SendAsync(HttpRequestMessage message, HttpCompletionOption completionOption, Object userState, CancellationToken cancellationToken)
   at GitHub.Services.WebApi.VssHttpClientBase.SendAsync[T](HttpRequestMessage message, Object userState, CancellationToken cancellationToken)
   at GitHub.Services.Location.Client.LocationHttpClient.GetConnectionDataAsync(ConnectOptions connectOptions, Int64 lastChangeId, CancellationToken cancellationToken, Object userState)
   at GitHub.Services.WebApi.Location.VssServerDataProvider.GetConnectionDataAsync(ConnectOptions connectOptions, Int32 lastChangeId, CancellationToken cancellationToken)
   at GitHub.Services.WebApi.Location.VssServerDataProvider.ConnectAsync(ConnectOptions connectOptions, CancellationToken cancellationToken)
   at GitHub.Runner.Common.RunnerService.EstablishVssConnection(Uri serverUrl, VssCredentials credentials, TimeSpan timeout)
[2025-09-16 08:39:12Z INFO GitHubActionsService] Starting operation Location.GetConnectionData
[2025-09-16 08:39:13Z ERR  GitHubActionsService] GET request to https://pipelinesghubeus6.actions.githubusercontent.com/hKyNd5hzQTjPqVOxuFp9CyJ2tMUr8ytJJ9FfsFju3bqhBGI0lq/_apis/connectionData?connectOptions=1&lastChangeId=258625537&lastChangeId64=258625537 failed. HTTP Status: NotFound
[2025-09-16 08:39:13Z INFO GitHubActionsService] Finished operation Location.GetConnectionData
[2025-09-16 08:39:13Z INFO RunnerServer] Catch exception during connect. 1 attempt left.
[2025-09-16 08:39:13Z ERR  RunnerServer] GitHub.Services.WebApi.VssServiceResponseException: The resource cannot be found.
   at GitHub.Services.WebApi.VssHttpClientBase.HandleResponseAsync(HttpResponseMessage response, CancellationToken cancellationToken)
   at GitHub.Services.WebApi.VssHttpClientBase.SendAsync(HttpRequestMessage message, HttpCompletionOption completionOption, Object userState, CancellationToken cancellationToken)
   at GitHub.Services.WebApi.VssHttpClientBase.SendAsync[T](HttpRequestMessage message, Object userState, CancellationToken cancellationToken)
   at GitHub.Services.Location.Client.LocationHttpClient.GetConnectionDataAsync(ConnectOptions connectOptions, Int64 lastChangeId, CancellationToken cancellationToken, Object userState)
   at GitHub.Services.WebApi.Location.VssServerDataProvider.GetConnectionDataAsync(ConnectOptions connectOptions, Int32 lastChangeId, CancellationToken cancellationToken)
   at GitHub.Services.WebApi.Location.VssServerDataProvider.ConnectAsync(ConnectOptions connectOptions, CancellationToken cancellationToken)
   at GitHub.Runner.Common.RunnerService.EstablishVssConnection(Uri serverUrl, VssCredentials credentials, TimeSpan timeout)
[2025-09-16 08:39:13Z ERR  GitHubActionsService] GET request to https://pipelinesghubeus6.actions.githubusercontent.com/hKyNd5hzQTjPqVOxuFp9CyJ2tMUr8ytJJ9FfsFju3bqhBGI0lq/_apis/connectionData?connectOptions=1&lastChangeId=258625537&lastChangeId64=258625537 failed. HTTP Status: NotFound
[2025-09-16 08:39:13Z INFO GitHubActionsService] Finished operation Location.GetConnectionData
[2025-09-16 08:39:13Z INFO RunnerServer] Catch exception during connect. 1 attempt left.
[2025-09-16 08:39:13Z ERR  RunnerServer] GitHub.Services.WebApi.VssServiceResponseException: The resource cannot be found.
   at GitHub.Services.WebApi.VssHttpClientBase.HandleResponseAsync(HttpResponseMessage response, CancellationToken cancellationToken)
   at GitHub.Services.WebApi.VssHttpClientBase.SendAsync(HttpRequestMessage message, HttpCompletionOption completionOption, Object userState, CancellationToken cancellationToken)
   at GitHub.Services.WebApi.VssHttpClientBase.SendAsync[T](HttpRequestMessage message, Object userState, CancellationToken cancellationToken)
   at GitHub.Services.Location.Client.LocationHttpClient.GetConnectionDataAsync(ConnectOptions connectOptions, Int64 lastChangeId, CancellationToken cancellationToken, Object userState)
   at GitHub.Services.WebApi.Location.VssServerDataProvider.GetConnectionDataAsync(ConnectOptions connectOptions, Int32 lastChangeId, CancellationToken cancellationToken)
   at GitHub.Services.WebApi.Location.VssServerDataProvider.ConnectAsync(ConnectOptions connectOptions, CancellationToken cancellationToken)
   at GitHub.Runner.Common.RunnerService.EstablishVssConnection(Uri serverUrl, VssCredentials credentials, TimeSpan timeout)
[2025-09-16 08:39:13Z INFO GitHubActionsService] Starting operation Location.GetConnectionData
[2025-09-16 08:39:13Z INFO GitHubActionsService] Starting operation Location.GetConnectionData
[2025-09-16 08:39:13Z ERR  GitHubActionsService] GET request to https://pipelinesghubeus6.actions.githubusercontent.com/hKyNd5hzQTjPqVOxuFp9CyJ2tMUr8ytJJ9FfsFju3bqhBGI0lq/_apis/connectionData?connectOptions=1&lastChangeId=258625537&lastChangeId64=258625537 failed. HTTP Status: NotFound
[2025-09-16 08:39:13Z INFO GitHubActionsService] Finished operation Location.GetConnectionData
[2025-09-16 08:39:13Z ERR  GitHubActionsService] GET request to https://pipelinesghubeus6.actions.githubusercontent.com/hKyNd5hzQTjPqVOxuFp9CyJ2tMUr8ytJJ9FfsFju3bqhBGI0lq/_apis/connectionData?connectOptions=1&lastChangeId=258625537&lastChangeId64=258625537 failed. HTTP Status: NotFound
[2025-09-16 08:39:13Z INFO GitHubActionsService] Finished operation Location.GetConnectionData
[2025-09-16 08:39:13Z ERR  GitHubActionsService] GET request to https://pipelinesghubeus6.actions.githubusercontent.com/hKyNd5hzQTjPqVOxuFp9CyJ2tMUr8ytJJ9FfsFju3bqhBGI0lq/_apis/connectionData?connectOptions=1&lastChangeId=258625537&lastChangeId64=258625537 failed. HTTP Status: NotFound
[2025-09-16 08:39:13Z INFO GitHubActionsService] Finished operation Location.GetConnectionData
[2025-09-16 08:39:13Z ERR  BrokerMessageListener] Catch exception during create session.
[2025-09-16 08:39:13Z ERR  BrokerMessageListener] GitHub.Services.WebApi.VssServiceResponseException: The resource cannot be found.
   at GitHub.Services.WebApi.VssHttpClientBase.HandleResponseAsync(HttpResponseMessage response, CancellationToken cancellationToken)
   at GitHub.Services.WebApi.VssHttpClientBase.SendAsync(HttpRequestMessage message, HttpCompletionOption completionOption, Object userState, CancellationToken cancellationToken)
   at GitHub.Services.WebApi.VssHttpClientBase.SendAsync[T](HttpRequestMessage message, Object userState, CancellationToken cancellationToken)
   at GitHub.Services.Location.Client.LocationHttpClient.GetConnectionDataAsync(ConnectOptions connectOptions, Int64 lastChangeId, CancellationToken cancellationToken, Object userState)
   at GitHub.Services.WebApi.Location.VssServerDataProvider.GetConnectionDataAsync(ConnectOptions connectOptions, Int32 lastChangeId, CancellationToken cancellationToken)
   at GitHub.Services.WebApi.Location.VssServerDataProvider.ConnectAsync(ConnectOptions connectOptions, CancellationToken cancellationToken)
   at GitHub.Runner.Common.RunnerService.EstablishVssConnection(Uri serverUrl, VssCredentials credentials, TimeSpan timeout)
   at GitHub.Runner.Common.RunnerServer.ConnectAsync(Uri serverUrl, VssCredentials credentials)
   at GitHub.Runner.Listener.BrokerMessageListener.CreateSessionAsync(CancellationToken token)
[2025-09-16 08:39:13Z INFO BrokerMessageListener] Retriable exception: The resource cannot be found.
[2025-09-16 08:39:13Z INFO BrokerMessageListener] Sleeping for 30 seconds before retrying.
[2025-09-16 08:39:43Z INFO BrokerMessageListener] Attempt to create session.
[2025-09-16 08:39:43Z INFO BrokerMessageListener] Connecting to the Broker Server...
[2025-09-16 08:39:43Z INFO ConfigurationStore] HasCredentials()
[2025-09-16 08:39:43Z INFO ConfigurationStore] stored True
[2025-09-16 08:39:43Z INFO CredentialManager] GetCredentialProvider
[2025-09-16 08:39:43Z INFO CredentialManager] Creating type OAuth
[2025-09-16 08:39:43Z INFO CredentialManager] Creating credential type: OAuth
[2025-09-16 08:39:43Z INFO RSAEncryptedFileKeyManager] Loading RSA key parameters from file G:\Brunella\actions-runner\.credentials_rsaparams
[2025-09-16 08:39:43Z INFO BrokerMessageListener] VssConnection created
[2025-09-16 08:39:43Z INFO BrokerMessageListener] Connecting to the Runner server...
[2025-09-16 08:39:43Z INFO RunnerServer] EstablishVssConnection
[2025-09-16 08:39:43Z INFO RunnerServer] Establish connection with 100 seconds timeout.
[2025-09-16 08:39:43Z INFO GitHubActionsService] Starting operation Location.GetConnectionData
[2025-09-16 08:39:43Z INFO RunnerServer] EstablishVssConnection
[2025-09-16 08:39:43Z INFO RunnerServer] Establish connection with 60 seconds timeout.
[2025-09-16 08:39:43Z INFO GitHubActionsService] Starting operation Location.GetConnectionData
[2025-09-16 08:39:43Z INFO RunnerServer] EstablishVssConnection
[2025-09-16 08:39:43Z INFO RunnerServer] Establish connection with 60 seconds timeout.
[2025-09-16 08:39:43Z INFO GitHubActionsService] Starting operation Location.GetConnectionData
[2025-09-16 08:39:44Z ERR  GitHubActionsService] GET request to https://pipelinesghubeus6.actions.githubusercontent.com/hKyNd5hzQTjPqVOxuFp9CyJ2tMUr8ytJJ9FfsFju3bqhBGI0lq/_apis/connectionData?connectOptions=1&lastChangeId=258625537&lastChangeId64=258625537 failed. HTTP Status: NotFound
[2025-09-16 08:39:44Z INFO GitHubActionsService] Finished operation Location.GetConnectionData
[2025-09-16 08:39:44Z INFO RunnerServer] Catch exception during connect. 4 attempt left.
[2025-09-16 08:39:44Z ERR  RunnerServer] GitHub.Services.WebApi.VssServiceResponseException: The resource cannot be found.
   at GitHub.Services.WebApi.VssHttpClientBase.HandleResponseAsync(HttpResponseMessage response, CancellationToken cancellationToken)
   at GitHub.Services.WebApi.VssHttpClientBase.SendAsync(HttpRequestMessage message, HttpCompletionOption completionOption, Object userState, CancellationToken cancellationToken)
   at GitHub.Services.WebApi.VssHttpClientBase.SendAsync[T](HttpRequestMessage message, Object userState, CancellationToken cancellationToken)
   at GitHub.Services.Location.Client.LocationHttpClient.GetConnectionDataAsync(ConnectOptions connectOptions, Int64 lastChangeId, CancellationToken cancellationToken, Object userState)
   at GitHub.Services.WebApi.Location.VssServerDataProvider.GetConnectionDataAsync(ConnectOptions connectOptions, Int32 lastChangeId, CancellationToken cancellationToken)
   at GitHub.Services.WebApi.Location.VssServerDataProvider.ConnectAsync(ConnectOptions connectOptions, CancellationToken cancellationToken)
   at GitHub.Runner.Common.RunnerService.EstablishVssConnection(Uri serverUrl, VssCredentials credentials, TimeSpan timeout)
[2025-09-16 08:39:44Z ERR  GitHubActionsService] GET request to https://pipelinesghubeus6.actions.githubusercontent.com/hKyNd5hzQTjPqVOxuFp9CyJ2tMUr8ytJJ9FfsFju3bqhBGI0lq/_apis/connectionData?connectOptions=1&lastChangeId=258625537&lastChangeId64=258625537 failed. HTTP Status: NotFound
[2025-09-16 08:39:44Z INFO GitHubActionsService] Finished operation Location.GetConnectionData
[2025-09-16 08:39:44Z INFO RunnerServer] Catch exception during connect. 4 attempt left.
[2025-09-16 08:39:44Z ERR  RunnerServer] GitHub.Services.WebApi.VssServiceResponseException: The resource cannot be found.
   at GitHub.Services.WebApi.VssHttpClientBase.HandleResponseAsync(HttpResponseMessage response, CancellationToken cancellationToken)
   at GitHub.Services.WebApi.VssHttpClientBase.SendAsync(HttpRequestMessage message, HttpCompletionOption completionOption, Object userState, CancellationToken cancellationToken)
   at GitHub.Services.WebApi.VssHttpClientBase.SendAsync[T](HttpRequestMessage message, Object userState, CancellationToken cancellationToken)
   at GitHub.Services.Location.Client.LocationHttpClient.GetConnectionDataAsync(ConnectOptions connectOptions, Int64 lastChangeId, CancellationToken cancellationToken, Object userState)
   at GitHub.Services.WebApi.Location.VssServerDataProvider.GetConnectionDataAsync(ConnectOptions connectOptions, Int32 lastChangeId, CancellationToken cancellationToken)
   at GitHub.Services.WebApi.Location.VssServerDataProvider.ConnectAsync(ConnectOptions connectOptions, CancellationToken cancellationToken)
   at GitHub.Runner.Common.RunnerService.EstablishVssConnection(Uri serverUrl, VssCredentials credentials, TimeSpan timeout)
[2025-09-16 08:39:44Z INFO GitHubActionsService] Starting operation Location.GetConnectionData
[2025-09-16 08:39:44Z ERR  GitHubActionsService] GET request to https://pipelinesghubeus6.actions.githubusercontent.com/hKyNd5hzQTjPqVOxuFp9CyJ2tMUr8ytJJ9FfsFju3bqhBGI0lq/_apis/connectionData?connectOptions=1&lastChangeId=258625537&lastChangeId64=258625537 failed. HTTP Status: NotFound
[2025-09-16 08:39:44Z INFO GitHubActionsService] Finished operation Location.GetConnectionData
[2025-09-16 08:39:44Z INFO RunnerServer] Catch exception during connect. 4 attempt left.
[2025-09-16 08:39:44Z ERR  RunnerServer] GitHub.Services.WebApi.VssServiceResponseException: The resource cannot be found.
   at GitHub.Services.WebApi.VssHttpClientBase.HandleResponseAsync(HttpResponseMessage response, CancellationToken cancellationToken)
   at GitHub.Services.WebApi.VssHttpClientBase.SendAsync(HttpRequestMessage message, HttpCompletionOption completionOption, Object userState, CancellationToken cancellationToken)
   at GitHub.Services.WebApi.VssHttpClientBase.SendAsync[T](HttpRequestMessage message, Object userState, CancellationToken cancellationToken)
   at GitHub.Services.Location.Client.LocationHttpClient.GetConnectionDataAsync(ConnectOptions connectOptions, Int64 lastChangeId, CancellationToken cancellationToken, Object userState)
   at GitHub.Services.WebApi.Location.VssServerDataProvider.GetConnectionDataAsync(ConnectOptions connectOptions, Int32 lastChangeId, CancellationToken cancellationToken)
   at GitHub.Services.WebApi.Location.VssServerDataProvider.ConnectAsync(ConnectOptions connectOptions, CancellationToken cancellationToken)
   at GitHub.Runner.Common.RunnerService.EstablishVssConnection(Uri serverUrl, VssCredentials credentials, TimeSpan timeout)
[2025-09-16 08:39:44Z INFO GitHubActionsService] Starting operation Location.GetConnectionData
[2025-09-16 08:39:44Z INFO GitHubActionsService] Starting operation Location.GetConnectionData
[2025-09-16 08:39:45Z ERR  GitHubActionsService] GET request to https://pipelinesghubeus6.actions.githubusercontent.com/hKyNd5hzQTjPqVOxuFp9CyJ2tMUr8ytJJ9FfsFju3bqhBGI0lq/_apis/connectionData?connectOptions=1&lastChangeId=258625537&lastChangeId64=258625537 failed. HTTP Status: NotFound
[2025-09-16 08:39:45Z INFO GitHubActionsService] Finished operation Location.GetConnectionData
[2025-09-16 08:39:45Z INFO RunnerServer] Catch exception during connect. 3 attempt left.
[2025-09-16 08:39:45Z ERR  RunnerServer] GitHub.Services.WebApi.VssServiceResponseException: The resource cannot be found.
   at GitHub.Services.WebApi.VssHttpClientBase.HandleResponseAsync(HttpResponseMessage response, CancellationToken cancellationToken)
   at GitHub.Services.WebApi.VssHttpClientBase.SendAsync(HttpRequestMessage message, HttpCompletionOption completionOption, Object userState, CancellationToken cancellationToken)
   at GitHub.Services.WebApi.VssHttpClientBase.SendAsync[T](HttpRequestMessage message, Object userState, CancellationToken cancellationToken)
   at GitHub.Services.Location.Client.LocationHttpClient.GetConnectionDataAsync(ConnectOptions connectOptions, Int64 lastChangeId, CancellationToken cancellationToken, Object userState)
   at GitHub.Services.WebApi.Location.VssServerDataProvider.GetConnectionDataAsync(ConnectOptions connectOptions, Int32 lastChangeId, CancellationToken cancellationToken)
   at GitHub.Services.WebApi.Location.VssServerDataProvider.ConnectAsync(ConnectOptions connectOptions, CancellationToken cancellationToken)
   at GitHub.Runner.Common.RunnerService.EstablishVssConnection(Uri serverUrl, VssCredentials credentials, TimeSpan timeout)
[2025-09-16 08:39:45Z INFO GitHubActionsService] Starting operation Location.GetConnectionData
[2025-09-16 08:39:45Z ERR  GitHubActionsService] GET request to https://pipelinesghubeus6.actions.githubusercontent.com/hKyNd5hzQTjPqVOxuFp9CyJ2tMUr8ytJJ9FfsFju3bqhBGI0lq/_apis/connectionData?connectOptions=1&lastChangeId=258625537&lastChangeId64=258625537 failed. HTTP Status: NotFound
[2025-09-16 08:39:45Z INFO GitHubActionsService] Finished operation Location.GetConnectionData
[2025-09-16 08:39:45Z INFO RunnerServer] Catch exception during connect. 3 attempt left.
[2025-09-16 08:39:45Z ERR  RunnerServer] GitHub.Services.WebApi.VssServiceResponseException: The resource cannot be found.
   at GitHub.Services.WebApi.VssHttpClientBase.HandleResponseAsync(HttpResponseMessage response, CancellationToken cancellationToken)
   at GitHub.Services.WebApi.VssHttpClientBase.SendAsync(HttpRequestMessage message, HttpCompletionOption completionOption, Object userState, CancellationToken cancellationToken)
   at GitHub.Services.WebApi.VssHttpClientBase.SendAsync[T](HttpRequestMessage message, Object userState, CancellationToken cancellationToken)
   at GitHub.Services.Location.Client.LocationHttpClient.GetConnectionDataAsync(ConnectOptions connectOptions, Int64 lastChangeId, CancellationToken cancellationToken, Object userState)
   at GitHub.Services.WebApi.Location.VssServerDataProvider.GetConnectionDataAsync(ConnectOptions connectOptions, Int32 lastChangeId, CancellationToken cancellationToken)
   at GitHub.Services.WebApi.Location.VssServerDataProvider.ConnectAsync(ConnectOptions connectOptions, CancellationToken cancellationToken)
   at GitHub.Runner.Common.RunnerService.EstablishVssConnection(Uri serverUrl, VssCredentials credentials, TimeSpan timeout)
[2025-09-16 08:39:45Z ERR  GitHubActionsService] GET request to https://pipelinesghubeus6.actions.githubusercontent.com/hKyNd5hzQTjPqVOxuFp9CyJ2tMUr8ytJJ9FfsFju3bqhBGI0lq/_apis/connectionData?connectOptions=1&lastChangeId=258625537&lastChangeId64=258625537 failed. HTTP Status: NotFound
[2025-09-16 08:39:45Z INFO GitHubActionsService] Finished operation Location.GetConnectionData
[2025-09-16 08:39:45Z INFO RunnerServer] Catch exception during connect. 3 attempt left.
[2025-09-16 08:39:45Z ERR  RunnerServer] GitHub.Services.WebApi.VssServiceResponseException: The resource cannot be found.
   at GitHub.Services.WebApi.VssHttpClientBase.HandleResponseAsync(HttpResponseMessage response, CancellationToken cancellationToken)
   at GitHub.Services.WebApi.VssHttpClientBase.SendAsync(HttpRequestMessage message, HttpCompletionOption completionOption, Object userState, CancellationToken cancellationToken)
   at GitHub.Services.WebApi.VssHttpClientBase.SendAsync[T](HttpRequestMessage message, Object userState, CancellationToken cancellationToken)
   at GitHub.Services.Location.Client.LocationHttpClient.GetConnectionDataAsync(ConnectOptions connectOptions, Int64 lastChangeId, CancellationToken cancellationToken, Object userState)
   at GitHub.Services.WebApi.Location.VssServerDataProvider.GetConnectionDataAsync(ConnectOptions connectOptions, Int32 lastChangeId, CancellationToken cancellationToken)
   at GitHub.Services.WebApi.Location.VssServerDataProvider.ConnectAsync(ConnectOptions connectOptions, CancellationToken cancellationToken)
   at GitHub.Runner.Common.RunnerService.EstablishVssConnection(Uri serverUrl, VssCredentials credentials, TimeSpan timeout)
[2025-09-16 08:39:45Z INFO GitHubActionsService] Starting operation Location.GetConnectionData
[2025-09-16 08:39:45Z INFO GitHubActionsService] Starting operation Location.GetConnectionData
[2025-09-16 08:39:45Z ERR  GitHubActionsService] GET request to https://pipelinesghubeus6.actions.githubusercontent.com/hKyNd5hzQTjPqVOxuFp9CyJ2tMUr8ytJJ9FfsFju3bqhBGI0lq/_apis/connectionData?connectOptions=1&lastChangeId=258625537&lastChangeId64=258625537 failed. HTTP Status: NotFound
[2025-09-16 08:39:45Z INFO GitHubActionsService] Finished operation Location.GetConnectionData
[2025-09-16 08:39:45Z INFO RunnerServer] Catch exception during connect. 2 attempt left.
[2025-09-16 08:39:45Z ERR  RunnerServer] GitHub.Services.WebApi.VssServiceResponseException: The resource cannot be found.
   at GitHub.Services.WebApi.VssHttpClientBase.HandleResponseAsync(HttpResponseMessage response, CancellationToken cancellationToken)
   at GitHub.Services.WebApi.VssHttpClientBase.SendAsync(HttpRequestMessage message, HttpCompletionOption completionOption, Object userState, CancellationToken cancellationToken)
   at GitHub.Services.WebApi.VssHttpClientBase.SendAsync[T](HttpRequestMessage message, Object userState, CancellationToken cancellationToken)
   at GitHub.Services.Location.Client.LocationHttpClient.GetConnectionDataAsync(ConnectOptions connectOptions, Int64 lastChangeId, CancellationToken cancellationToken, Object userState)
   at GitHub.Services.WebApi.Location.VssServerDataProvider.GetConnectionDataAsync(ConnectOptions connectOptions, Int32 lastChangeId, CancellationToken cancellationToken)
   at GitHub.Services.WebApi.Location.VssServerDataProvider.ConnectAsync(ConnectOptions connectOptions, CancellationToken cancellationToken)
   at GitHub.Runner.Common.RunnerService.EstablishVssConnection(Uri serverUrl, VssCredentials credentials, TimeSpan timeout)
[2025-09-16 08:39:46Z INFO GitHubActionsService] Starting operation Location.GetConnectionData
[2025-09-16 08:39:46Z ERR  GitHubActionsService] GET request to https://pipelinesghubeus6.actions.githubusercontent.com/hKyNd5hzQTjPqVOxuFp9CyJ2tMUr8ytJJ9FfsFju3bqhBGI0lq/_apis/connectionData?connectOptions=1&lastChangeId=258625537&lastChangeId64=258625537 failed. HTTP Status: NotFound
[2025-09-16 08:39:46Z INFO GitHubActionsService] Finished operation Location.GetConnectionData
[2025-09-16 08:39:46Z INFO RunnerServer] Catch exception during connect. 2 attempt left.
[2025-09-16 08:39:46Z ERR  RunnerServer] GitHub.Services.WebApi.VssServiceResponseException: The resource cannot be found.
   at GitHub.Services.WebApi.VssHttpClientBase.HandleResponseAsync(HttpResponseMessage response, CancellationToken cancellationToken)
   at GitHub.Services.WebApi.VssHttpClientBase.SendAsync(HttpRequestMessage message, HttpCompletionOption completionOption, Object userState, CancellationToken cancellationToken)
   at GitHub.Services.WebApi.VssHttpClientBase.SendAsync[T](HttpRequestMessage message, Object userState, CancellationToken cancellationToken)
   at GitHub.Services.Location.Client.LocationHttpClient.GetConnectionDataAsync(ConnectOptions connectOptions, Int64 lastChangeId, CancellationToken cancellationToken, Object userState)
   at GitHub.Services.WebApi.Location.VssServerDataProvider.GetConnectionDataAsync(ConnectOptions connectOptions, Int32 lastChangeId, CancellationToken cancellationToken)
   at GitHub.Services.WebApi.Location.VssServerDataProvider.ConnectAsync(ConnectOptions connectOptions, CancellationToken cancellationToken)
   at GitHub.Runner.Common.RunnerService.EstablishVssConnection(Uri serverUrl, VssCredentials credentials, TimeSpan timeout)
[2025-09-16 08:39:46Z ERR  GitHubActionsService] GET request to https://pipelinesghubeus6.actions.githubusercontent.com/hKyNd5hzQTjPqVOxuFp9CyJ2tMUr8ytJJ9FfsFju3bqhBGI0lq/_apis/connectionData?connectOptions=1&lastChangeId=258625537&lastChangeId64=258625537 failed. HTTP Status: NotFound
[2025-09-16 08:39:46Z INFO GitHubActionsService] Finished operation Location.GetConnectionData
[2025-09-16 08:39:46Z INFO RunnerServer] Catch exception during connect. 2 attempt left.
[2025-09-16 08:39:46Z ERR  RunnerServer] GitHub.Services.WebApi.VssServiceResponseException: The resource cannot be found.
   at GitHub.Services.WebApi.VssHttpClientBase.HandleResponseAsync(HttpResponseMessage response, CancellationToken cancellationToken)
   at GitHub.Services.WebApi.VssHttpClientBase.SendAsync(HttpRequestMessage message, HttpCompletionOption completionOption, Object userState, CancellationToken cancellationToken)
   at GitHub.Services.WebApi.VssHttpClientBase.SendAsync[T](HttpRequestMessage message, Object userState, CancellationToken cancellationToken)
   at GitHub.Services.Location.Client.LocationHttpClient.GetConnectionDataAsync(ConnectOptions connectOptions, Int64 lastChangeId, CancellationToken cancellationToken, Object userState)
   at GitHub.Services.WebApi.Location.VssServerDataProvider.GetConnectionDataAsync(ConnectOptions connectOptions, Int32 lastChangeId, CancellationToken cancellationToken)
   at GitHub.Services.WebApi.Location.VssServerDataProvider.ConnectAsync(ConnectOptions connectOptions, CancellationToken cancellationToken)
   at GitHub.Runner.Common.RunnerService.EstablishVssConnection(Uri serverUrl, VssCredentials credentials, TimeSpan timeout)
[2025-09-16 08:39:46Z INFO GitHubActionsService] Starting operation Location.GetConnectionData
[2025-09-16 08:39:46Z INFO GitHubActionsService] Starting operation Location.GetConnectionData
[2025-09-16 08:39:46Z ERR  GitHubActionsService] GET request to https://pipelinesghubeus6.actions.githubusercontent.com/hKyNd5hzQTjPqVOxuFp9CyJ2tMUr8ytJJ9FfsFju3bqhBGI0lq/_apis/connectionData?connectOptions=1&lastChangeId=258625537&lastChangeId64=258625537 failed. HTTP Status: NotFound
[2025-09-16 08:39:46Z INFO GitHubActionsService] Finished operation Location.GetConnectionData
[2025-09-16 08:39:46Z INFO RunnerServer] Catch exception during connect. 1 attempt left.
[2025-09-16 08:39:46Z ERR  RunnerServer] GitHub.Services.WebApi.VssServiceResponseException: The resource cannot be found.
   at GitHub.Services.WebApi.VssHttpClientBase.HandleResponseAsync(HttpResponseMessage response, CancellationToken cancellationToken)
   at GitHub.Services.WebApi.VssHttpClientBase.SendAsync(HttpRequestMessage message, HttpCompletionOption completionOption, Object userState, CancellationToken cancellationToken)
   at GitHub.Services.WebApi.VssHttpClientBase.SendAsync[T](HttpRequestMessage message, Object userState, CancellationToken cancellationToken)
   at GitHub.Services.Location.Client.LocationHttpClient.GetConnectionDataAsync(ConnectOptions connectOptions, Int64 lastChangeId, CancellationToken cancellationToken, Object userState)
   at GitHub.Services.WebApi.Location.VssServerDataProvider.GetConnectionDataAsync(ConnectOptions connectOptions, Int32 lastChangeId, CancellationToken cancellationToken)
   at GitHub.Services.WebApi.Location.VssServerDataProvider.ConnectAsync(ConnectOptions connectOptions, CancellationToken cancellationToken)
   at GitHub.Runner.Common.RunnerService.EstablishVssConnection(Uri serverUrl, VssCredentials credentials, TimeSpan timeout)
[2025-09-16 08:39:46Z INFO GitHubActionsService] Starting operation Location.GetConnectionData
[2025-09-16 08:39:47Z ERR  GitHubActionsService] GET request to https://pipelinesghubeus6.actions.githubusercontent.com/hKyNd5hzQTjPqVOxuFp9CyJ2tMUr8ytJJ9FfsFju3bqhBGI0lq/_apis/connectionData?connectOptions=1&lastChangeId=258625537&lastChangeId64=258625537 failed. HTTP Status: NotFound
[2025-09-16 08:39:47Z INFO GitHubActionsService] Finished operation Location.GetConnectionData
[2025-09-16 08:39:47Z INFO RunnerServer] Catch exception during connect. 1 attempt left.
[2025-09-16 08:39:47Z ERR  RunnerServer] GitHub.Services.WebApi.VssServiceResponseException: The resource cannot be found.
   at GitHub.Services.WebApi.VssHttpClientBase.HandleResponseAsync(HttpResponseMessage response, CancellationToken cancellationToken)
   at GitHub.Services.WebApi.VssHttpClientBase.SendAsync(HttpRequestMessage message, HttpCompletionOption completionOption, Object userState, CancellationToken cancellationToken)
   at GitHub.Services.WebApi.VssHttpClientBase.SendAsync[T](HttpRequestMessage message, Object userState, CancellationToken cancellationToken)
   at GitHub.Services.Location.Client.LocationHttpClient.GetConnectionDataAsync(ConnectOptions connectOptions, Int64 lastChangeId, CancellationToken cancellationToken, Object userState)
   at GitHub.Services.WebApi.Location.VssServerDataProvider.GetConnectionDataAsync(ConnectOptions connectOptions, Int32 lastChangeId, CancellationToken cancellationToken)
   at GitHub.Services.WebApi.Location.VssServerDataProvider.ConnectAsync(ConnectOptions connectOptions, CancellationToken cancellationToken)
   at GitHub.Runner.Common.RunnerService.EstablishVssConnection(Uri serverUrl, VssCredentials credentials, TimeSpan timeout)
[2025-09-16 08:39:47Z ERR  GitHubActionsService] GET request to https://pipelinesghubeus6.actions.githubusercontent.com/hKyNd5hzQTjPqVOxuFp9CyJ2tMUr8ytJJ9FfsFju3bqhBGI0lq/_apis/connectionData?connectOptions=1&lastChangeId=258625537&lastChangeId64=258625537 failed. HTTP Status: NotFound
[2025-09-16 08:39:47Z INFO GitHubActionsService] Finished operation Location.GetConnectionData
[2025-09-16 08:39:47Z INFO RunnerServer] Catch exception during connect. 1 attempt left.
[2025-09-16 08:39:47Z ERR  RunnerServer] GitHub.Services.WebApi.VssServiceResponseException: The resource cannot be found.
   at GitHub.Services.WebApi.VssHttpClientBase.HandleResponseAsync(HttpResponseMessage response, CancellationToken cancellationToken)
   at GitHub.Services.WebApi.VssHttpClientBase.SendAsync(HttpRequestMessage message, HttpCompletionOption completionOption, Object userState, CancellationToken cancellationToken)
   at GitHub.Services.WebApi.VssHttpClientBase.SendAsync[T](HttpRequestMessage message, Object userState, CancellationToken cancellationToken)
   at GitHub.Services.Location.Client.LocationHttpClient.GetConnectionDataAsync(ConnectOptions connectOptions, Int64 lastChangeId, CancellationToken cancellationToken, Object userState)
   at GitHub.Services.WebApi.Location.VssServerDataProvider.GetConnectionDataAsync(ConnectOptions connectOptions, Int32 lastChangeId, CancellationToken cancellationToken)
   at GitHub.Services.WebApi.Location.VssServerDataProvider.ConnectAsync(ConnectOptions connectOptions, CancellationToken cancellationToken)
   at GitHub.Runner.Common.RunnerService.EstablishVssConnection(Uri serverUrl, VssCredentials credentials, TimeSpan timeout)
[2025-09-16 08:39:47Z INFO GitHubActionsService] Starting operation Location.GetConnectionData
[2025-09-16 08:39:47Z INFO GitHubActionsService] Starting operation Location.GetConnectionData
[2025-09-16 08:39:47Z ERR  GitHubActionsService] GET request to https://pipelinesghubeus6.actions.githubusercontent.com/hKyNd5hzQTjPqVOxuFp9CyJ2tMUr8ytJJ9FfsFju3bqhBGI0lq/_apis/connectionData?connectOptions=1&lastChangeId=258625537&lastChangeId64=258625537 failed. HTTP Status: NotFound
[2025-09-16 08:39:47Z INFO GitHubActionsService] Finished operation Location.GetConnectionData
[2025-09-16 08:39:47Z ERR  GitHubActionsService] GET request to https://pipelinesghubeus6.actions.githubusercontent.com/hKyNd5hzQTjPqVOxuFp9CyJ2tMUr8ytJJ9FfsFju3bqhBGI0lq/_apis/connectionData?connectOptions=1&lastChangeId=258625537&lastChangeId64=258625537 failed. HTTP Status: NotFound
[2025-09-16 08:39:47Z INFO GitHubActionsService] Finished operation Location.GetConnectionData
[2025-09-16 08:39:47Z ERR  GitHubActionsService] GET request to https://pipelinesghubeus6.actions.githubusercontent.com/hKyNd5hzQTjPqVOxuFp9CyJ2tMUr8ytJJ9FfsFju3bqhBGI0lq/_apis/connectionData?connectOptions=1&lastChangeId=258625537&lastChangeId64=258625537 failed. HTTP Status: NotFound
[2025-09-16 08:39:47Z INFO GitHubActionsService] Finished operation Location.GetConnectionData
[2025-09-16 08:39:47Z ERR  BrokerMessageListener] Catch exception during create session.
[2025-09-16 08:39:47Z ERR  BrokerMessageListener] GitHub.Services.WebApi.VssServiceResponseException: The resource cannot be found.
   at GitHub.Services.WebApi.VssHttpClientBase.HandleResponseAsync(HttpResponseMessage response, CancellationToken cancellationToken)
   at GitHub.Services.WebApi.VssHttpClientBase.SendAsync(HttpRequestMessage message, HttpCompletionOption completionOption, Object userState, CancellationToken cancellationToken)
   at GitHub.Services.WebApi.VssHttpClientBase.SendAsync[T](HttpRequestMessage message, Object userState, CancellationToken cancellationToken)
   at GitHub.Services.Location.Client.LocationHttpClient.GetConnectionDataAsync(ConnectOptions connectOptions, Int64 lastChangeId, CancellationToken cancellationToken, Object userState)
   at GitHub.Services.WebApi.Location.VssServerDataProvider.GetConnectionDataAsync(ConnectOptions connectOptions, Int32 lastChangeId, CancellationToken cancellationToken)
   at GitHub.Services.WebApi.Location.VssServerDataProvider.ConnectAsync(ConnectOptions connectOptions, CancellationToken cancellationToken)
   at GitHub.Runner.Common.RunnerService.EstablishVssConnection(Uri serverUrl, VssCredentials credentials, TimeSpan timeout)
   at GitHub.Runner.Common.RunnerServer.ConnectAsync(Uri serverUrl, VssCredentials credentials)
   at GitHub.Runner.Listener.BrokerMessageListener.CreateSessionAsync(CancellationToken token)
[2025-09-16 08:39:47Z INFO BrokerMessageListener] Retriable exception: The resource cannot be found.
[2025-09-16 08:39:47Z INFO BrokerMessageListener] Sleeping for 30 seconds before retrying.
[2025-09-16 08:40:17Z INFO BrokerMessageListener] Attempt to create session.
[2025-09-16 08:40:17Z INFO BrokerMessageListener] Connecting to the Broker Server...
[2025-09-16 08:40:17Z INFO ConfigurationStore] HasCredentials()
[2025-09-16 08:40:17Z INFO ConfigurationStore] stored True
[2025-09-16 08:40:17Z INFO CredentialManager] GetCredentialProvider
[2025-09-16 08:40:17Z INFO CredentialManager] Creating type OAuth
[2025-09-16 08:40:17Z INFO CredentialManager] Creating credential type: OAuth
[2025-09-16 08:40:17Z INFO RSAEncryptedFileKeyManager] Loading RSA key parameters from file G:\Brunella\actions-runner\.credentials_rsaparams
[2025-09-16 08:40:17Z INFO BrokerMessageListener] VssConnection created
[2025-09-16 08:40:17Z INFO BrokerMessageListener] Connecting to the Runner server...
[2025-09-16 08:40:17Z INFO RunnerServer] EstablishVssConnection
[2025-09-16 08:40:17Z INFO RunnerServer] Establish connection with 100 seconds timeout.
[2025-09-16 08:40:17Z INFO GitHubActionsService] Starting operation Location.GetConnectionData
[2025-09-16 08:40:17Z INFO RunnerServer] EstablishVssConnection
[2025-09-16 08:40:17Z INFO RunnerServer] Establish connection with 60 seconds timeout.
[2025-09-16 08:40:17Z INFO GitHubActionsService] Starting operation Location.GetConnectionData
[2025-09-16 08:40:17Z INFO RunnerServer] EstablishVssConnection
[2025-09-16 08:40:17Z INFO RunnerServer] Establish connection with 60 seconds timeout.
[2025-09-16 08:40:17Z INFO GitHubActionsService] Starting operation Location.GetConnectionData
[2025-09-16 08:40:18Z ERR  GitHubActionsService] GET request to https://pipelinesghubeus6.actions.githubusercontent.com/hKyNd5hzQTjPqVOxuFp9CyJ2tMUr8ytJJ9FfsFju3bqhBGI0lq/_apis/connectionData?connectOptions=1&lastChangeId=258625537&lastChangeId64=258625537 failed. HTTP Status: NotFound
[2025-09-16 08:40:18Z INFO GitHubActionsService] Finished operation Location.GetConnectionData
[2025-09-16 08:40:18Z INFO RunnerServer] Catch exception during connect. 4 attempt left.
[2025-09-16 08:40:18Z ERR  RunnerServer] GitHub.Services.WebApi.VssServiceResponseException: The resource cannot be found.
   at GitHub.Services.WebApi.VssHttpClientBase.HandleResponseAsync(HttpResponseMessage response, CancellationToken cancellationToken)
   at GitHub.Services.WebApi.VssHttpClientBase.SendAsync(HttpRequestMessage message, HttpCompletionOption completionOption, Object userState, CancellationToken cancellationToken)
   at GitHub.Services.WebApi.VssHttpClientBase.SendAsync[T](HttpRequestMessage message, Object userState, CancellationToken cancellationToken)
   at GitHub.Services.Location.Client.LocationHttpClient.GetConnectionDataAsync(ConnectOptions connectOptions, Int64 lastChangeId, CancellationToken cancellationToken, Object userState)
   at GitHub.Services.WebApi.Location.VssServerDataProvider.GetConnectionDataAsync(ConnectOptions connectOptions, Int32 lastChangeId, CancellationToken cancellationToken)
   at GitHub.Services.WebApi.Location.VssServerDataProvider.ConnectAsync(ConnectOptions connectOptions, CancellationToken cancellationToken)
   at GitHub.Runner.Common.RunnerService.EstablishVssConnection(Uri serverUrl, VssCredentials credentials, TimeSpan timeout)
[2025-09-16 08:40:18Z ERR  GitHubActionsService] GET request to https://pipelinesghubeus6.actions.githubusercontent.com/hKyNd5hzQTjPqVOxuFp9CyJ2tMUr8ytJJ9FfsFju3bqhBGI0lq/_apis/connectionData?connectOptions=1&lastChangeId=258625537&lastChangeId64=258625537 failed. HTTP Status: NotFound
[2025-09-16 08:40:18Z INFO GitHubActionsService] Finished operation Location.GetConnectionData
[2025-09-16 08:40:18Z INFO RunnerServer] Catch exception during connect. 4 attempt left.
[2025-09-16 08:40:18Z ERR  RunnerServer] GitHub.Services.WebApi.VssServiceResponseException: The resource cannot be found.
   at GitHub.Services.WebApi.VssHttpClientBase.HandleResponseAsync(HttpResponseMessage response, CancellationToken cancellationToken)
   at GitHub.Services.WebApi.VssHttpClientBase.SendAsync(HttpRequestMessage message, HttpCompletionOption completionOption, Object userState, CancellationToken cancellationToken)
   at GitHub.Services.WebApi.VssHttpClientBase.SendAsync[T](HttpRequestMessage message, Object userState, CancellationToken cancellationToken)
   at GitHub.Services.Location.Client.LocationHttpClient.GetConnectionDataAsync(ConnectOptions connectOptions, Int64 lastChangeId, CancellationToken cancellationToken, Object userState)
   at GitHub.Services.WebApi.Location.VssServerDataProvider.GetConnectionDataAsync(ConnectOptions connectOptions, Int32 lastChangeId, CancellationToken cancellationToken)
   at GitHub.Services.WebApi.Location.VssServerDataProvider.ConnectAsync(ConnectOptions connectOptions, CancellationToken cancellationToken)
   at GitHub.Runner.Common.RunnerService.EstablishVssConnection(Uri serverUrl, VssCredentials credentials, TimeSpan timeout)
[2025-09-16 08:40:18Z ERR  GitHubActionsService] GET request to https://pipelinesghubeus6.actions.githubusercontent.com/hKyNd5hzQTjPqVOxuFp9CyJ2tMUr8ytJJ9FfsFju3bqhBGI0lq/_apis/connectionData?connectOptions=1&lastChangeId=258625537&lastChangeId64=258625537 failed. HTTP Status: NotFound
[2025-09-16 08:40:18Z INFO GitHubActionsService] Finished operation Location.GetConnectionData
[2025-09-16 08:40:18Z INFO RunnerServer] Catch exception during connect. 4 attempt left.
[2025-09-16 08:40:18Z ERR  RunnerServer] GitHub.Services.WebApi.VssServiceResponseException: The resource cannot be found.
   at GitHub.Services.WebApi.VssHttpClientBase.HandleResponseAsync(HttpResponseMessage response, CancellationToken cancellationToken)
   at GitHub.Services.WebApi.VssHttpClientBase.SendAsync(HttpRequestMessage message, HttpCompletionOption completionOption, Object userState, CancellationToken cancellationToken)
   at GitHub.Services.WebApi.VssHttpClientBase.SendAsync[T](HttpRequestMessage message, Object userState, CancellationToken cancellationToken)
   at GitHub.Services.Location.Client.LocationHttpClient.GetConnectionDataAsync(ConnectOptions connectOptions, Int64 lastChangeId, CancellationToken cancellationToken, Object userState)
   at GitHub.Services.WebApi.Location.VssServerDataProvider.GetConnectionDataAsync(ConnectOptions connectOptions, Int32 lastChangeId, CancellationToken cancellationToken)
   at GitHub.Services.WebApi.Location.VssServerDataProvider.ConnectAsync(ConnectOptions connectOptions, CancellationToken cancellationToken)
   at GitHub.Runner.Common.RunnerService.EstablishVssConnection(Uri serverUrl, VssCredentials credentials, TimeSpan timeout)
[2025-09-16 08:40:18Z INFO GitHubActionsService] Starting operation Location.GetConnectionData
[2025-09-16 08:40:18Z INFO GitHubActionsService] Starting operation Location.GetConnectionData
[2025-09-16 08:40:18Z INFO GitHubActionsService] Starting operation Location.GetConnectionData
[2025-09-16 08:40:19Z ERR  GitHubActionsService] GET request to https://pipelinesghubeus6.actions.githubusercontent.com/hKyNd5hzQTjPqVOxuFp9CyJ2tMUr8ytJJ9FfsFju3bqhBGI0lq/_apis/connectionData?connectOptions=1&lastChangeId=258625537&lastChangeId64=258625537 failed. HTTP Status: NotFound
[2025-09-16 08:40:19Z INFO GitHubActionsService] Finished operation Location.GetConnectionData
[2025-09-16 08:40:19Z INFO RunnerServer] Catch exception during connect. 3 attempt left.
[2025-09-16 08:40:19Z ERR  RunnerServer] GitHub.Services.WebApi.VssServiceResponseException: The resource cannot be found.
   at GitHub.Services.WebApi.VssHttpClientBase.HandleResponseAsync(HttpResponseMessage response, CancellationToken cancellationToken)
   at GitHub.Services.WebApi.VssHttpClientBase.SendAsync(HttpRequestMessage message, HttpCompletionOption completionOption, Object userState, CancellationToken cancellationToken)
   at GitHub.Services.WebApi.VssHttpClientBase.SendAsync[T](HttpRequestMessage message, Object userState, CancellationToken cancellationToken)
   at GitHub.Services.Location.Client.LocationHttpClient.GetConnectionDataAsync(ConnectOptions connectOptions, Int64 lastChangeId, CancellationToken cancellationToken, Object userState)
   at GitHub.Services.WebApi.Location.VssServerDataProvider.GetConnectionDataAsync(ConnectOptions connectOptions, Int32 lastChangeId, CancellationToken cancellationToken)
   at GitHub.Services.WebApi.Location.VssServerDataProvider.ConnectAsync(ConnectOptions connectOptions, CancellationToken cancellationToken)
   at GitHub.Runner.Common.RunnerService.EstablishVssConnection(Uri serverUrl, VssCredentials credentials, TimeSpan timeout)
[2025-09-16 08:40:19Z ERR  GitHubActionsService] GET request to https://pipelinesghubeus6.actions.githubusercontent.com/hKyNd5hzQTjPqVOxuFp9CyJ2tMUr8ytJJ9FfsFju3bqhBGI0lq/_apis/connectionData?connectOptions=1&lastChangeId=258625537&lastChangeId64=258625537 failed. HTTP Status: NotFound
[2025-09-16 08:40:19Z INFO GitHubActionsService] Finished operation Location.GetConnectionData
[2025-09-16 08:40:19Z INFO RunnerServer] Catch exception during connect. 3 attempt left.
[2025-09-16 08:40:19Z ERR  RunnerServer] GitHub.Services.WebApi.VssServiceResponseException: The resource cannot be found.
   at GitHub.Services.WebApi.VssHttpClientBase.HandleResponseAsync(HttpResponseMessage response, CancellationToken cancellationToken)
   at GitHub.Services.WebApi.VssHttpClientBase.SendAsync(HttpRequestMessage message, HttpCompletionOption completionOption, Object userState, CancellationToken cancellationToken)
   at GitHub.Services.WebApi.VssHttpClientBase.SendAsync[T](HttpRequestMessage message, Object userState, CancellationToken cancellationToken)
   at GitHub.Services.Location.Client.LocationHttpClient.GetConnectionDataAsync(ConnectOptions connectOptions, Int64 lastChangeId, CancellationToken cancellationToken, Object userState)
   at GitHub.Services.WebApi.Location.VssServerDataProvider.GetConnectionDataAsync(ConnectOptions connectOptions, Int32 lastChangeId, CancellationToken cancellationToken)
   at GitHub.Services.WebApi.Location.VssServerDataProvider.ConnectAsync(ConnectOptions connectOptions, CancellationToken cancellationToken)
   at GitHub.Runner.Common.RunnerService.EstablishVssConnection(Uri serverUrl, VssCredentials credentials, TimeSpan timeout)
[2025-09-16 08:40:19Z ERR  GitHubActionsService] GET request to https://pipelinesghubeus6.actions.githubusercontent.com/hKyNd5hzQTjPqVOxuFp9CyJ2tMUr8ytJJ9FfsFju3bqhBGI0lq/_apis/connectionData?connectOptions=1&lastChangeId=258625537&lastChangeId64=258625537 failed. HTTP Status: NotFound
[2025-09-16 08:40:19Z INFO GitHubActionsService] Finished operation Location.GetConnectionData
[2025-09-16 08:40:19Z INFO RunnerServer] Catch exception during connect. 3 attempt left.
[2025-09-16 08:40:19Z ERR  RunnerServer] GitHub.Services.WebApi.VssServiceResponseException: The resource cannot be found.
   at GitHub.Services.WebApi.VssHttpClientBase.HandleResponseAsync(HttpResponseMessage response, CancellationToken cancellationToken)
   at GitHub.Services.WebApi.VssHttpClientBase.SendAsync(HttpRequestMessage message, HttpCompletionOption completionOption, Object userState, CancellationToken cancellationToken)
   at GitHub.Services.WebApi.VssHttpClientBase.SendAsync[T](HttpRequestMessage message, Object userState, CancellationToken cancellationToken)
   at GitHub.Services.Location.Client.LocationHttpClient.GetConnectionDataAsync(ConnectOptions connectOptions, Int64 lastChangeId, CancellationToken cancellationToken, Object userState)
   at GitHub.Services.WebApi.Location.VssServerDataProvider.GetConnectionDataAsync(ConnectOptions connectOptions, Int32 lastChangeId, CancellationToken cancellationToken)
   at GitHub.Services.WebApi.Location.VssServerDataProvider.ConnectAsync(ConnectOptions connectOptions, CancellationToken cancellationToken)
   at GitHub.Runner.Common.RunnerService.EstablishVssConnection(Uri serverUrl, VssCredentials credentials, TimeSpan timeout)
[2025-09-16 08:40:19Z INFO GitHubActionsService] Starting operation Location.GetConnectionData
[2025-09-16 08:40:19Z INFO GitHubActionsService] Starting operation Location.GetConnectionData
[2025-09-16 08:40:19Z INFO GitHubActionsService] Starting operation Location.GetConnectionData
[2025-09-16 08:40:19Z ERR  GitHubActionsService] GET request to https://pipelinesghubeus6.actions.githubusercontent.com/hKyNd5hzQTjPqVOxuFp9CyJ2tMUr8ytJJ9FfsFju3bqhBGI0lq/_apis/connectionData?connectOptions=1&lastChangeId=258625537&lastChangeId64=258625537 failed. HTTP Status: NotFound
[2025-09-16 08:40:19Z ERR  GitHubActionsService] GET request to https://pipelinesghubeus6.actions.githubusercontent.com/hKyNd5hzQTjPqVOxuFp9CyJ2tMUr8ytJJ9FfsFju3bqhBGI0lq/_apis/connectionData?connectOptions=1&lastChangeId=258625537&lastChangeId64=258625537 failed. HTTP Status: NotFound
[2025-09-16 08:40:19Z INFO GitHubActionsService] Finished operation Location.GetConnectionData
[2025-09-16 08:40:19Z INFO GitHubActionsService] Finished operation Location.GetConnectionData
[2025-09-16 08:40:19Z INFO RunnerServer] Catch exception during connect. 2 attempt left.
[2025-09-16 08:40:19Z INFO RunnerServer] Catch exception during connect. 2 attempt left.
[2025-09-16 08:40:19Z ERR  RunnerServer] GitHub.Services.WebApi.VssServiceResponseException: The resource cannot be found.
   at GitHub.Services.WebApi.VssHttpClientBase.HandleResponseAsync(HttpResponseMessage response, CancellationToken cancellationToken)
   at GitHub.Services.WebApi.VssHttpClientBase.SendAsync(HttpRequestMessage message, HttpCompletionOption completionOption, Object userState, CancellationToken cancellationToken)
   at GitHub.Services.WebApi.VssHttpClientBase.SendAsync[T](HttpRequestMessage message, Object userState, CancellationToken cancellationToken)
   at GitHub.Services.Location.Client.LocationHttpClient.GetConnectionDataAsync(ConnectOptions connectOptions, Int64 lastChangeId, CancellationToken cancellationToken, Object userState)
   at GitHub.Services.WebApi.Location.VssServerDataProvider.GetConnectionDataAsync(ConnectOptions connectOptions, Int32 lastChangeId, CancellationToken cancellationToken)
   at GitHub.Services.WebApi.Location.VssServerDataProvider.ConnectAsync(ConnectOptions connectOptions, CancellationToken cancellationToken)
   at GitHub.Runner.Common.RunnerService.EstablishVssConnection(Uri serverUrl, VssCredentials credentials, TimeSpan timeout)
[2025-09-16 08:40:19Z ERR  RunnerServer] GitHub.Services.WebApi.VssServiceResponseException: The resource cannot be found.
   at GitHub.Services.WebApi.VssHttpClientBase.HandleResponseAsync(HttpResponseMessage response, CancellationToken cancellationToken)
   at GitHub.Services.WebApi.VssHttpClientBase.SendAsync(HttpRequestMessage message, HttpCompletionOption completionOption, Object userState, CancellationToken cancellationToken)
   at GitHub.Services.WebApi.VssHttpClientBase.SendAsync[T](HttpRequestMessage message, Object userState, CancellationToken cancellationToken)
   at GitHub.Services.Location.Client.LocationHttpClient.GetConnectionDataAsync(ConnectOptions connectOptions, Int64 lastChangeId, CancellationToken cancellationToken, Object userState)
   at GitHub.Services.WebApi.Location.VssServerDataProvider.GetConnectionDataAsync(ConnectOptions connectOptions, Int32 lastChangeId, CancellationToken cancellationToken)
   at GitHub.Services.WebApi.Location.VssServerDataProvider.ConnectAsync(ConnectOptions connectOptions, CancellationToken cancellationToken)
   at GitHub.Runner.Common.RunnerService.EstablishVssConnection(Uri serverUrl, VssCredentials credentials, TimeSpan timeout)
[2025-09-16 08:40:20Z INFO GitHubActionsService] Starting operation Location.GetConnectionData
[2025-09-16 08:40:20Z INFO GitHubActionsService] Starting operation Location.GetConnectionData
[2025-09-16 08:40:20Z ERR  GitHubActionsService] GET request to https://pipelinesghubeus6.actions.githubusercontent.com/hKyNd5hzQTjPqVOxuFp9CyJ2tMUr8ytJJ9FfsFju3bqhBGI0lq/_apis/connectionData?connectOptions=1&lastChangeId=258625537&lastChangeId64=258625537 failed. HTTP Status: NotFound
[2025-09-16 08:40:20Z INFO GitHubActionsService] Finished operation Location.GetConnectionData
[2025-09-16 08:40:20Z INFO RunnerServer] Catch exception during connect. 2 attempt left.
[2025-09-16 08:40:20Z ERR  RunnerServer] GitHub.Services.WebApi.VssServiceResponseException: The resource cannot be found.
   at GitHub.Services.WebApi.VssHttpClientBase.HandleResponseAsync(HttpResponseMessage response, CancellationToken cancellationToken)
   at GitHub.Services.WebApi.VssHttpClientBase.SendAsync(HttpRequestMessage message, HttpCompletionOption completionOption, Object userState, CancellationToken cancellationToken)
   at GitHub.Services.WebApi.VssHttpClientBase.SendAsync[T](HttpRequestMessage message, Object userState, CancellationToken cancellationToken)
   at GitHub.Services.Location.Client.LocationHttpClient.GetConnectionDataAsync(ConnectOptions connectOptions, Int64 lastChangeId, CancellationToken cancellationToken, Object userState)
   at GitHub.Services.WebApi.Location.VssServerDataProvider.GetConnectionDataAsync(ConnectOptions connectOptions, Int32 lastChangeId, CancellationToken cancellationToken)
   at GitHub.Services.WebApi.Location.VssServerDataProvider.ConnectAsync(ConnectOptions connectOptions, CancellationToken cancellationToken)
   at GitHub.Runner.Common.RunnerService.EstablishVssConnection(Uri serverUrl, VssCredentials credentials, TimeSpan timeout)
[2025-09-16 08:40:20Z INFO GitHubActionsService] Starting operation Location.GetConnectionData
[2025-09-16 08:40:20Z ERR  GitHubActionsService] GET request to https://pipelinesghubeus6.actions.githubusercontent.com/hKyNd5hzQTjPqVOxuFp9CyJ2tMUr8ytJJ9FfsFju3bqhBGI0lq/_apis/connectionData?connectOptions=1&lastChangeId=258625537&lastChangeId64=258625537 failed. HTTP Status: NotFound
[2025-09-16 08:40:20Z INFO GitHubActionsService] Finished operation Location.GetConnectionData
[2025-09-16 08:40:20Z INFO RunnerServer] Catch exception during connect. 1 attempt left.
[2025-09-16 08:40:20Z ERR  RunnerServer] GitHub.Services.WebApi.VssServiceResponseException: The resource cannot be found.
   at GitHub.Services.WebApi.VssHttpClientBase.HandleResponseAsync(HttpResponseMessage response, CancellationToken cancellationToken)
   at GitHub.Services.WebApi.VssHttpClientBase.SendAsync(HttpRequestMessage message, HttpCompletionOption completionOption, Object userState, CancellationToken cancellationToken)
   at GitHub.Services.WebApi.VssHttpClientBase.SendAsync[T](HttpRequestMessage message, Object userState, CancellationToken cancellationToken)
   at GitHub.Services.Location.Client.LocationHttpClient.GetConnectionDataAsync(ConnectOptions connectOptions, Int64 lastChangeId, CancellationToken cancellationToken, Object userState)
   at GitHub.Services.WebApi.Location.VssServerDataProvider.GetConnectionDataAsync(ConnectOptions connectOptions, Int32 lastChangeId, CancellationToken cancellationToken)
   at GitHub.Services.WebApi.Location.VssServerDataProvider.ConnectAsync(ConnectOptions connectOptions, CancellationToken cancellationToken)
   at GitHub.Runner.Common.RunnerService.EstablishVssConnection(Uri serverUrl, VssCredentials credentials, TimeSpan timeout)
[2025-09-16 08:40:20Z ERR  GitHubActionsService] GET request to https://pipelinesghubeus6.actions.githubusercontent.com/hKyNd5hzQTjPqVOxuFp9CyJ2tMUr8ytJJ9FfsFju3bqhBGI0lq/_apis/connectionData?connectOptions=1&lastChangeId=258625537&lastChangeId64=258625537 failed. HTTP Status: NotFound
[2025-09-16 08:40:20Z INFO GitHubActionsService] Finished operation Location.GetConnectionData
[2025-09-16 08:40:20Z INFO RunnerServer] Catch exception during connect. 1 attempt left.
[2025-09-16 08:40:20Z ERR  RunnerServer] GitHub.Services.WebApi.VssServiceResponseException: The resource cannot be found.
   at GitHub.Services.WebApi.VssHttpClientBase.HandleResponseAsync(HttpResponseMessage response, CancellationToken cancellationToken)
   at GitHub.Services.WebApi.VssHttpClientBase.SendAsync(HttpRequestMessage message, HttpCompletionOption completionOption, Object userState, CancellationToken cancellationToken)
   at GitHub.Services.WebApi.VssHttpClientBase.SendAsync[T](HttpRequestMessage message, Object userState, CancellationToken cancellationToken)
   at GitHub.Services.Location.Client.LocationHttpClient.GetConnectionDataAsync(ConnectOptions connectOptions, Int64 lastChangeId, CancellationToken cancellationToken, Object userState)
   at GitHub.Services.WebApi.Location.VssServerDataProvider.GetConnectionDataAsync(ConnectOptions connectOptions, Int32 lastChangeId, CancellationToken cancellationToken)
   at GitHub.Services.WebApi.Location.VssServerDataProvider.ConnectAsync(ConnectOptions connectOptions, CancellationToken cancellationToken)
   at GitHub.Runner.Common.RunnerService.EstablishVssConnection(Uri serverUrl, VssCredentials credentials, TimeSpan timeout)
[2025-09-16 08:40:20Z INFO GitHubActionsService] Starting operation Location.GetConnectionData
[2025-09-16 08:40:20Z INFO GitHubActionsService] Starting operation Location.GetConnectionData
[2025-09-16 08:40:20Z ERR  GitHubActionsService] GET request to https://pipelinesghubeus6.actions.githubusercontent.com/hKyNd5hzQTjPqVOxuFp9CyJ2tMUr8ytJJ9FfsFju3bqhBGI0lq/_apis/connectionData?connectOptions=1&lastChangeId=258625537&lastChangeId64=258625537 failed. HTTP Status: NotFound
[2025-09-16 08:40:20Z INFO GitHubActionsService] Finished operation Location.GetConnectionData
[2025-09-16 08:40:20Z INFO RunnerServer] Catch exception during connect. 1 attempt left.
[2025-09-16 08:40:20Z ERR  RunnerServer] GitHub.Services.WebApi.VssServiceResponseException: The resource cannot be found.
   at GitHub.Services.WebApi.VssHttpClientBase.HandleResponseAsync(HttpResponseMessage response, CancellationToken cancellationToken)
   at GitHub.Services.WebApi.VssHttpClientBase.SendAsync(HttpRequestMessage message, HttpCompletionOption completionOption, Object userState, CancellationToken cancellationToken)
   at GitHub.Services.WebApi.VssHttpClientBase.SendAsync[T](HttpRequestMessage message, Object userState, CancellationToken cancellationToken)
   at GitHub.Services.Location.Client.LocationHttpClient.GetConnectionDataAsync(ConnectOptions connectOptions, Int64 lastChangeId, CancellationToken cancellationToken, Object userState)
   at GitHub.Services.WebApi.Location.VssServerDataProvider.GetConnectionDataAsync(ConnectOptions connectOptions, Int32 lastChangeId, CancellationToken cancellationToken)
   at GitHub.Services.WebApi.Location.VssServerDataProvider.ConnectAsync(ConnectOptions connectOptions, CancellationToken cancellationToken)
   at GitHub.Runner.Common.RunnerService.EstablishVssConnection(Uri serverUrl, VssCredentials credentials, TimeSpan timeout)
[2025-09-16 08:40:21Z INFO GitHubActionsService] Starting operation Location.GetConnectionData
[2025-09-16 08:40:21Z ERR  GitHubActionsService] GET request to https://pipelinesghubeus6.actions.githubusercontent.com/hKyNd5hzQTjPqVOxuFp9CyJ2tMUr8ytJJ9FfsFju3bqhBGI0lq/_apis/connectionData?connectOptions=1&lastChangeId=258625537&lastChangeId64=258625537 failed. HTTP Status: NotFound
[2025-09-16 08:40:21Z INFO GitHubActionsService] Finished operation Location.GetConnectionData
[2025-09-16 08:40:21Z ERR  GitHubActionsService] GET request to https://pipelinesghubeus6.actions.githubusercontent.com/hKyNd5hzQTjPqVOxuFp9CyJ2tMUr8ytJJ9FfsFju3bqhBGI0lq/_apis/connectionData?connectOptions=1&lastChangeId=258625537&lastChangeId64=258625537 failed. HTTP Status: NotFound
[2025-09-16 08:40:21Z INFO GitHubActionsService] Finished operation Location.GetConnectionData
[2025-09-16 08:40:21Z ERR  GitHubActionsService] GET request to https://pipelinesghubeus6.actions.githubusercontent.com/hKyNd5hzQTjPqVOxuFp9CyJ2tMUr8ytJJ9FfsFju3bqhBGI0lq/_apis/connectionData?connectOptions=1&lastChangeId=258625537&lastChangeId64=258625537 failed. HTTP Status: NotFound
[2025-09-16 08:40:21Z INFO GitHubActionsService] Finished operation Location.GetConnectionData
[2025-09-16 08:40:21Z ERR  BrokerMessageListener] Catch exception during create session.
[2025-09-16 08:40:21Z ERR  BrokerMessageListener] GitHub.Services.WebApi.VssServiceResponseException: The resource cannot be found.
   at GitHub.Services.WebApi.VssHttpClientBase.HandleResponseAsync(HttpResponseMessage response, CancellationToken cancellationToken)
   at GitHub.Services.WebApi.VssHttpClientBase.SendAsync(HttpRequestMessage message, HttpCompletionOption completionOption, Object userState, CancellationToken cancellationToken)
   at GitHub.Services.WebApi.VssHttpClientBase.SendAsync[T](HttpRequestMessage message, Object userState, CancellationToken cancellationToken)
   at GitHub.Services.Location.Client.LocationHttpClient.GetConnectionDataAsync(ConnectOptions connectOptions, Int64 lastChangeId, CancellationToken cancellationToken, Object userState)
   at GitHub.Services.WebApi.Location.VssServerDataProvider.GetConnectionDataAsync(ConnectOptions connectOptions, Int32 lastChangeId, CancellationToken cancellationToken)
   at GitHub.Services.WebApi.Location.VssServerDataProvider.ConnectAsync(ConnectOptions connectOptions, CancellationToken cancellationToken)
   at GitHub.Runner.Common.RunnerService.EstablishVssConnection(Uri serverUrl, VssCredentials credentials, TimeSpan timeout)
   at GitHub.Runner.Common.RunnerServer.ConnectAsync(Uri serverUrl, VssCredentials credentials)
   at GitHub.Runner.Listener.BrokerMessageListener.CreateSessionAsync(CancellationToken token)
[2025-09-16 08:40:21Z INFO BrokerMessageListener] Retriable exception: The resource cannot be found.
[2025-09-16 08:40:21Z INFO BrokerMessageListener] Sleeping for 30 seconds before retrying.
[2025-09-16 08:40:51Z INFO BrokerMessageListener] Attempt to create session.
[2025-09-16 08:40:51Z INFO BrokerMessageListener] Connecting to the Broker Server...
[2025-09-16 08:40:51Z INFO ConfigurationStore] HasCredentials()
[2025-09-16 08:40:51Z INFO ConfigurationStore] stored True
[2025-09-16 08:40:51Z INFO CredentialManager] GetCredentialProvider
[2025-09-16 08:40:51Z INFO CredentialManager] Creating type OAuth
[2025-09-16 08:40:51Z INFO CredentialManager] Creating credential type: OAuth
[2025-09-16 08:40:51Z INFO RSAEncryptedFileKeyManager] Loading RSA key parameters from file G:\Brunella\actions-runner\.credentials_rsaparams
[2025-09-16 08:40:51Z INFO BrokerMessageListener] VssConnection created
[2025-09-16 08:40:51Z INFO BrokerMessageListener] Connecting to the Runner server...
[2025-09-16 08:40:51Z INFO RunnerServer] EstablishVssConnection
[2025-09-16 08:40:51Z INFO RunnerServer] Establish connection with 100 seconds timeout.
[2025-09-16 08:40:51Z INFO GitHubActionsService] Starting operation Location.GetConnectionData
[2025-09-16 08:40:51Z INFO RunnerServer] EstablishVssConnection
[2025-09-16 08:40:51Z INFO RunnerServer] Establish connection with 60 seconds timeout.
[2025-09-16 08:40:51Z INFO GitHubActionsService] Starting operation Location.GetConnectionData
[2025-09-16 08:40:51Z INFO RunnerServer] EstablishVssConnection
[2025-09-16 08:40:51Z INFO RunnerServer] Establish connection with 60 seconds timeout.
[2025-09-16 08:40:51Z INFO GitHubActionsService] Starting operation Location.GetConnectionData
[2025-09-16 08:40:52Z ERR  GitHubActionsService] GET request to https://pipelinesghubeus6.actions.githubusercontent.com/hKyNd5hzQTjPqVOxuFp9CyJ2tMUr8ytJJ9FfsFju3bqhBGI0lq/_apis/connectionData?connectOptions=1&lastChangeId=258625537&lastChangeId64=258625537 failed. HTTP Status: NotFound
[2025-09-16 08:40:52Z ERR  GitHubActionsService] GET request to https://pipelinesghubeus6.actions.githubusercontent.com/hKyNd5hzQTjPqVOxuFp9CyJ2tMUr8ytJJ9FfsFju3bqhBGI0lq/_apis/connectionData?connectOptions=1&lastChangeId=258625537&lastChangeId64=258625537 failed. HTTP Status: NotFound
[2025-09-16 08:40:52Z INFO GitHubActionsService] Finished operation Location.GetConnectionData
[2025-09-16 08:40:52Z INFO GitHubActionsService] Finished operation Location.GetConnectionData
[2025-09-16 08:40:52Z INFO RunnerServer] Catch exception during connect. 4 attempt left.
[2025-09-16 08:40:52Z INFO RunnerServer] Catch exception during connect. 4 attempt left.
[2025-09-16 08:40:52Z ERR  RunnerServer] GitHub.Services.WebApi.VssServiceResponseException: The resource cannot be found.
   at GitHub.Services.WebApi.VssHttpClientBase.HandleResponseAsync(HttpResponseMessage response, CancellationToken cancellationToken)
   at GitHub.Services.WebApi.VssHttpClientBase.SendAsync(HttpRequestMessage message, HttpCompletionOption completionOption, Object userState, CancellationToken cancellationToken)
   at GitHub.Services.WebApi.VssHttpClientBase.SendAsync[T](HttpRequestMessage message, Object userState, CancellationToken cancellationToken)
   at GitHub.Services.Location.Client.LocationHttpClient.GetConnectionDataAsync(ConnectOptions connectOptions, Int64 lastChangeId, CancellationToken cancellationToken, Object userState)
   at GitHub.Services.WebApi.Location.VssServerDataProvider.GetConnectionDataAsync(ConnectOptions connectOptions, Int32 lastChangeId, CancellationToken cancellationToken)
   at GitHub.Services.WebApi.Location.VssServerDataProvider.ConnectAsync(ConnectOptions connectOptions, CancellationToken cancellationToken)
   at GitHub.Runner.Common.RunnerService.EstablishVssConnection(Uri serverUrl, VssCredentials credentials, TimeSpan timeout)
[2025-09-16 08:40:52Z ERR  RunnerServer] GitHub.Services.WebApi.VssServiceResponseException: The resource cannot be found.
   at GitHub.Services.WebApi.VssHttpClientBase.HandleResponseAsync(HttpResponseMessage response, CancellationToken cancellationToken)
   at GitHub.Services.WebApi.VssHttpClientBase.SendAsync(HttpRequestMessage message, HttpCompletionOption completionOption, Object userState, CancellationToken cancellationToken)
   at GitHub.Services.WebApi.VssHttpClientBase.SendAsync[T](HttpRequestMessage message, Object userState, CancellationToken cancellationToken)
   at GitHub.Services.Location.Client.LocationHttpClient.GetConnectionDataAsync(ConnectOptions connectOptions, Int64 lastChangeId, CancellationToken cancellationToken, Object userState)
   at GitHub.Services.WebApi.Location.VssServerDataProvider.GetConnectionDataAsync(ConnectOptions connectOptions, Int32 lastChangeId, CancellationToken cancellationToken)
   at GitHub.Services.WebApi.Location.VssServerDataProvider.ConnectAsync(ConnectOptions connectOptions, CancellationToken cancellationToken)
   at GitHub.Runner.Common.RunnerService.EstablishVssConnection(Uri serverUrl, VssCredentials credentials, TimeSpan timeout)
[2025-09-16 08:40:52Z ERR  GitHubActionsService] GET request to https://pipelinesghubeus6.actions.githubusercontent.com/hKyNd5hzQTjPqVOxuFp9CyJ2tMUr8ytJJ9FfsFju3bqhBGI0lq/_apis/connectionData?connectOptions=1&lastChangeId=258625537&lastChangeId64=258625537 failed. HTTP Status: NotFound
[2025-09-16 08:40:52Z INFO GitHubActionsService] Finished operation Location.GetConnectionData
[2025-09-16 08:40:52Z INFO RunnerServer] Catch exception during connect. 4 attempt left.
[2025-09-16 08:40:52Z ERR  RunnerServer] GitHub.Services.WebApi.VssServiceResponseException: The resource cannot be found.
   at GitHub.Services.WebApi.VssHttpClientBase.HandleResponseAsync(HttpResponseMessage response, CancellationToken cancellationToken)
   at GitHub.Services.WebApi.VssHttpClientBase.SendAsync(HttpRequestMessage message, HttpCompletionOption completionOption, Object userState, CancellationToken cancellationToken)
   at GitHub.Services.WebApi.VssHttpClientBase.SendAsync[T](HttpRequestMessage message, Object userState, CancellationToken cancellationToken)
   at GitHub.Services.Location.Client.LocationHttpClient.GetConnectionDataAsync(ConnectOptions connectOptions, Int64 lastChangeId, CancellationToken cancellationToken, Object userState)
   at GitHub.Services.WebApi.Location.VssServerDataProvider.GetConnectionDataAsync(ConnectOptions connectOptions, Int32 lastChangeId, CancellationToken cancellationToken)
   at GitHub.Services.WebApi.Location.VssServerDataProvider.ConnectAsync(ConnectOptions connectOptions, CancellationToken cancellationToken)
   at GitHub.Runner.Common.RunnerService.EstablishVssConnection(Uri serverUrl, VssCredentials credentials, TimeSpan timeout)
[2025-09-16 08:40:52Z INFO GitHubActionsService] Starting operation Location.GetConnectionData
[2025-09-16 08:40:52Z INFO GitHubActionsService] Starting operation Location.GetConnectionData
[2025-09-16 08:40:52Z INFO GitHubActionsService] Starting operation Location.GetConnectionData
[2025-09-16 08:40:53Z ERR  GitHubActionsService] GET request to https://pipelinesghubeus6.actions.githubusercontent.com/hKyNd5hzQTjPqVOxuFp9CyJ2tMUr8ytJJ9FfsFju3bqhBGI0lq/_apis/connectionData?connectOptions=1&lastChangeId=258625537&lastChangeId64=258625537 failed. HTTP Status: NotFound
[2025-09-16 08:40:53Z INFO GitHubActionsService] Finished operation Location.GetConnectionData
[2025-09-16 08:40:53Z INFO RunnerServer] Catch exception during connect. 3 attempt left.
[2025-09-16 08:40:53Z ERR  RunnerServer] GitHub.Services.WebApi.VssServiceResponseException: The resource cannot be found.
   at GitHub.Services.WebApi.VssHttpClientBase.HandleResponseAsync(HttpResponseMessage response, CancellationToken cancellationToken)
   at GitHub.Services.WebApi.VssHttpClientBase.SendAsync(HttpRequestMessage message, HttpCompletionOption completionOption, Object userState, CancellationToken cancellationToken)
   at GitHub.Services.WebApi.VssHttpClientBase.SendAsync[T](HttpRequestMessage message, Object userState, CancellationToken cancellationToken)
   at GitHub.Services.Location.Client.LocationHttpClient.GetConnectionDataAsync(ConnectOptions connectOptions, Int64 lastChangeId, CancellationToken cancellationToken, Object userState)
   at GitHub.Services.WebApi.Location.VssServerDataProvider.GetConnectionDataAsync(ConnectOptions connectOptions, Int32 lastChangeId, CancellationToken cancellationToken)
   at GitHub.Services.WebApi.Location.VssServerDataProvider.ConnectAsync(ConnectOptions connectOptions, CancellationToken cancellationToken)
   at GitHub.Runner.Common.RunnerService.EstablishVssConnection(Uri serverUrl, VssCredentials credentials, TimeSpan timeout)
[2025-09-16 08:40:53Z ERR  GitHubActionsService] GET request to https://pipelinesghubeus6.actions.githubusercontent.com/hKyNd5hzQTjPqVOxuFp9CyJ2tMUr8ytJJ9FfsFju3bqhBGI0lq/_apis/connectionData?connectOptions=1&lastChangeId=258625537&lastChangeId64=258625537 failed. HTTP Status: NotFound
[2025-09-16 08:40:53Z INFO GitHubActionsService] Finished operation Location.GetConnectionData
[2025-09-16 08:40:53Z INFO RunnerServer] Catch exception during connect. 3 attempt left.
[2025-09-16 08:40:53Z ERR  RunnerServer] GitHub.Services.WebApi.VssServiceResponseException: The resource cannot be found.
   at GitHub.Services.WebApi.VssHttpClientBase.HandleResponseAsync(HttpResponseMessage response, CancellationToken cancellationToken)
   at GitHub.Services.WebApi.VssHttpClientBase.SendAsync(HttpRequestMessage message, HttpCompletionOption completionOption, Object userState, CancellationToken cancellationToken)
   at GitHub.Services.WebApi.VssHttpClientBase.SendAsync[T](HttpRequestMessage message, Object userState, CancellationToken cancellationToken)
   at GitHub.Services.Location.Client.LocationHttpClient.GetConnectionDataAsync(ConnectOptions connectOptions, Int64 lastChangeId, CancellationToken cancellationToken, Object userState)
   at GitHub.Services.WebApi.Location.VssServerDataProvider.GetConnectionDataAsync(ConnectOptions connectOptions, Int32 lastChangeId, CancellationToken cancellationToken)
   at GitHub.Services.WebApi.Location.VssServerDataProvider.ConnectAsync(ConnectOptions connectOptions, CancellationToken cancellationToken)
   at GitHub.Runner.Common.RunnerService.EstablishVssConnection(Uri serverUrl, VssCredentials credentials, TimeSpan timeout)
[2025-09-16 08:40:53Z ERR  GitHubActionsService] GET request to https://pipelinesghubeus6.actions.githubusercontent.com/hKyNd5hzQTjPqVOxuFp9CyJ2tMUr8ytJJ9FfsFju3bqhBGI0lq/_apis/connectionData?connectOptions=1&lastChangeId=258625537&lastChangeId64=258625537 failed. HTTP Status: NotFound
[2025-09-16 08:40:53Z INFO GitHubActionsService] Finished operation Location.GetConnectionData
[2025-09-16 08:40:53Z INFO RunnerServer] Catch exception during connect. 3 attempt left.
[2025-09-16 08:40:53Z ERR  RunnerServer] GitHub.Services.WebApi.VssServiceResponseException: The resource cannot be found.
   at GitHub.Services.WebApi.VssHttpClientBase.HandleResponseAsync(HttpResponseMessage response, CancellationToken cancellationToken)
   at GitHub.Services.WebApi.VssHttpClientBase.SendAsync(HttpRequestMessage message, HttpCompletionOption completionOption, Object userState, CancellationToken cancellationToken)
   at GitHub.Services.WebApi.VssHttpClientBase.SendAsync[T](HttpRequestMessage message, Object userState, CancellationToken cancellationToken)
   at GitHub.Services.Location.Client.LocationHttpClient.GetConnectionDataAsync(ConnectOptions connectOptions, Int64 lastChangeId, CancellationToken cancellationToken, Object userState)
   at GitHub.Services.WebApi.Location.VssServerDataProvider.GetConnectionDataAsync(ConnectOptions connectOptions, Int32 lastChangeId, CancellationToken cancellationToken)
   at GitHub.Services.WebApi.Location.VssServerDataProvider.ConnectAsync(ConnectOptions connectOptions, CancellationToken cancellationToken)
   at GitHub.Runner.Common.RunnerService.EstablishVssConnection(Uri serverUrl, VssCredentials credentials, TimeSpan timeout)
[2025-09-16 08:40:53Z INFO GitHubActionsService] Starting operation Location.GetConnectionData
[2025-09-16 08:40:53Z INFO GitHubActionsService] Starting operation Location.GetConnectionData
[2025-09-16 08:40:53Z INFO GitHubActionsService] Starting operation Location.GetConnectionData
[2025-09-16 08:40:53Z ERR  GitHubActionsService] GET request to https://pipelinesghubeus6.actions.githubusercontent.com/hKyNd5hzQTjPqVOxuFp9CyJ2tMUr8ytJJ9FfsFju3bqhBGI0lq/_apis/connectionData?connectOptions=1&lastChangeId=258625537&lastChangeId64=258625537 failed. HTTP Status: NotFound
[2025-09-16 08:40:53Z INFO GitHubActionsService] Finished operation Location.GetConnectionData
[2025-09-16 08:40:53Z INFO RunnerServer] Catch exception during connect. 2 attempt left.
[2025-09-16 08:40:53Z ERR  RunnerServer] GitHub.Services.WebApi.VssServiceResponseException: The resource cannot be found.
   at GitHub.Services.WebApi.VssHttpClientBase.HandleResponseAsync(HttpResponseMessage response, CancellationToken cancellationToken)
   at GitHub.Services.WebApi.VssHttpClientBase.SendAsync(HttpRequestMessage message, HttpCompletionOption completionOption, Object userState, CancellationToken cancellationToken)
   at GitHub.Services.WebApi.VssHttpClientBase.SendAsync[T](HttpRequestMessage message, Object userState, CancellationToken cancellationToken)
   at GitHub.Services.Location.Client.LocationHttpClient.GetConnectionDataAsync(ConnectOptions connectOptions, Int64 lastChangeId, CancellationToken cancellationToken, Object userState)
   at GitHub.Services.WebApi.Location.VssServerDataProvider.GetConnectionDataAsync(ConnectOptions connectOptions, Int32 lastChangeId, CancellationToken cancellationToken)
   at GitHub.Services.WebApi.Location.VssServerDataProvider.ConnectAsync(ConnectOptions connectOptions, CancellationToken cancellationToken)
   at GitHub.Runner.Common.RunnerService.EstablishVssConnection(Uri serverUrl, VssCredentials credentials, TimeSpan timeout)
[2025-09-16 08:40:53Z ERR  GitHubActionsService] GET request to https://pipelinesghubeus6.actions.githubusercontent.com/hKyNd5hzQTjPqVOxuFp9CyJ2tMUr8ytJJ9FfsFju3bqhBGI0lq/_apis/connectionData?connectOptions=1&lastChangeId=258625537&lastChangeId64=258625537 failed. HTTP Status: NotFound
[2025-09-16 08:40:53Z INFO GitHubActionsService] Finished operation Location.GetConnectionData
[2025-09-16 08:40:53Z INFO RunnerServer] Catch exception during connect. 2 attempt left.
[2025-09-16 08:40:53Z ERR  RunnerServer] GitHub.Services.WebApi.VssServiceResponseException: The resource cannot be found.
   at GitHub.Services.WebApi.VssHttpClientBase.HandleResponseAsync(HttpResponseMessage response, CancellationToken cancellationToken)
   at GitHub.Services.WebApi.VssHttpClientBase.SendAsync(HttpRequestMessage message, HttpCompletionOption completionOption, Object userState, CancellationToken cancellationToken)
   at GitHub.Services.WebApi.VssHttpClientBase.SendAsync[T](HttpRequestMessage message, Object userState, CancellationToken cancellationToken)
   at GitHub.Services.Location.Client.LocationHttpClient.GetConnectionDataAsync(ConnectOptions connectOptions, Int64 lastChangeId, CancellationToken cancellationToken, Object userState)
   at GitHub.Services.WebApi.Location.VssServerDataProvider.GetConnectionDataAsync(ConnectOptions connectOptions, Int32 lastChangeId, CancellationToken cancellationToken)
   at GitHub.Services.WebApi.Location.VssServerDataProvider.ConnectAsync(ConnectOptions connectOptions, CancellationToken cancellationToken)
   at GitHub.Runner.Common.RunnerService.EstablishVssConnection(Uri serverUrl, VssCredentials credentials, TimeSpan timeout)
[2025-09-16 08:40:53Z INFO GitHubActionsService] Starting operation Location.GetConnectionData
[2025-09-16 08:40:53Z ERR  GitHubActionsService] GET request to https://pipelinesghubeus6.actions.githubusercontent.com/hKyNd5hzQTjPqVOxuFp9CyJ2tMUr8ytJJ9FfsFju3bqhBGI0lq/_apis/connectionData?connectOptions=1&lastChangeId=258625537&lastChangeId64=258625537 failed. HTTP Status: NotFound
[2025-09-16 08:40:53Z INFO GitHubActionsService] Finished operation Location.GetConnectionData
[2025-09-16 08:40:53Z INFO RunnerServer] Catch exception during connect. 2 attempt left.
[2025-09-16 08:40:53Z ERR  RunnerServer] GitHub.Services.WebApi.VssServiceResponseException: The resource cannot be found.
   at GitHub.Services.WebApi.VssHttpClientBase.HandleResponseAsync(HttpResponseMessage response, CancellationToken cancellationToken)
   at GitHub.Services.WebApi.VssHttpClientBase.SendAsync(HttpRequestMessage message, HttpCompletionOption completionOption, Object userState, CancellationToken cancellationToken)
   at GitHub.Services.WebApi.VssHttpClientBase.SendAsync[T](HttpRequestMessage message, Object userState, CancellationToken cancellationToken)
   at GitHub.Services.Location.Client.LocationHttpClient.GetConnectionDataAsync(ConnectOptions connectOptions, Int64 lastChangeId, CancellationToken cancellationToken, Object userState)
   at GitHub.Services.WebApi.Location.VssServerDataProvider.GetConnectionDataAsync(ConnectOptions connectOptions, Int32 lastChangeId, CancellationToken cancellationToken)
   at GitHub.Services.WebApi.Location.VssServerDataProvider.ConnectAsync(ConnectOptions connectOptions, CancellationToken cancellationToken)
   at GitHub.Runner.Common.RunnerService.EstablishVssConnection(Uri serverUrl, VssCredentials credentials, TimeSpan timeout)
[2025-09-16 08:40:53Z INFO GitHubActionsService] Starting operation Location.GetConnectionData
[2025-09-16 08:40:53Z INFO GitHubActionsService] Starting operation Location.GetConnectionData
[2025-09-16 08:40:54Z ERR  GitHubActionsService] GET request to https://pipelinesghubeus6.actions.githubusercontent.com/hKyNd5hzQTjPqVOxuFp9CyJ2tMUr8ytJJ9FfsFju3bqhBGI0lq/_apis/connectionData?connectOptions=1&lastChangeId=258625537&lastChangeId64=258625537 failed. HTTP Status: NotFound
[2025-09-16 08:40:54Z INFO GitHubActionsService] Finished operation Location.GetConnectionData
[2025-09-16 08:40:54Z INFO RunnerServer] Catch exception during connect. 1 attempt left.
[2025-09-16 08:40:54Z ERR  RunnerServer] GitHub.Services.WebApi.VssServiceResponseException: The resource cannot be found.
   at GitHub.Services.WebApi.VssHttpClientBase.HandleResponseAsync(HttpResponseMessage response, CancellationToken cancellationToken)
   at GitHub.Services.WebApi.VssHttpClientBase.SendAsync(HttpRequestMessage message, HttpCompletionOption completionOption, Object userState, CancellationToken cancellationToken)
   at GitHub.Services.WebApi.VssHttpClientBase.SendAsync[T](HttpRequestMessage message, Object userState, CancellationToken cancellationToken)
   at GitHub.Services.Location.Client.LocationHttpClient.GetConnectionDataAsync(ConnectOptions connectOptions, Int64 lastChangeId, CancellationToken cancellationToken, Object userState)
   at GitHub.Services.WebApi.Location.VssServerDataProvider.GetConnectionDataAsync(ConnectOptions connectOptions, Int32 lastChangeId, CancellationToken cancellationToken)
   at GitHub.Services.WebApi.Location.VssServerDataProvider.ConnectAsync(ConnectOptions connectOptions, CancellationToken cancellationToken)
   at GitHub.Runner.Common.RunnerService.EstablishVssConnection(Uri serverUrl, VssCredentials credentials, TimeSpan timeout)
[2025-09-16 08:40:54Z INFO GitHubActionsService] Starting operation Location.GetConnectionData
[2025-09-16 08:40:54Z ERR  GitHubActionsService] GET request to https://pipelinesghubeus6.actions.githubusercontent.com/hKyNd5hzQTjPqVOxuFp9CyJ2tMUr8ytJJ9FfsFju3bqhBGI0lq/_apis/connectionData?connectOptions=1&lastChangeId=258625537&lastChangeId64=258625537 failed. HTTP Status: NotFound
[2025-09-16 08:40:54Z INFO GitHubActionsService] Finished operation Location.GetConnectionData
[2025-09-16 08:40:54Z INFO RunnerServer] Catch exception during connect. 1 attempt left.
[2025-09-16 08:40:54Z ERR  RunnerServer] GitHub.Services.WebApi.VssServiceResponseException: The resource cannot be found.
   at GitHub.Services.WebApi.VssHttpClientBase.HandleResponseAsync(HttpResponseMessage response, CancellationToken cancellationToken)
   at GitHub.Services.WebApi.VssHttpClientBase.SendAsync(HttpRequestMessage message, HttpCompletionOption completionOption, Object userState, CancellationToken cancellationToken)
   at GitHub.Services.WebApi.VssHttpClientBase.SendAsync[T](HttpRequestMessage message, Object userState, CancellationToken cancellationToken)
   at GitHub.Services.Location.Client.LocationHttpClient.GetConnectionDataAsync(ConnectOptions connectOptions, Int64 lastChangeId, CancellationToken cancellationToken, Object userState)
   at GitHub.Services.WebApi.Location.VssServerDataProvider.GetConnectionDataAsync(ConnectOptions connectOptions, Int32 lastChangeId, CancellationToken cancellationToken)
   at GitHub.Services.WebApi.Location.VssServerDataProvider.ConnectAsync(ConnectOptions connectOptions, CancellationToken cancellationToken)
   at GitHub.Runner.Common.RunnerService.EstablishVssConnection(Uri serverUrl, VssCredentials credentials, TimeSpan timeout)
[2025-09-16 08:40:54Z ERR  GitHubActionsService] GET request to https://pipelinesghubeus6.actions.githubusercontent.com/hKyNd5hzQTjPqVOxuFp9CyJ2tMUr8ytJJ9FfsFju3bqhBGI0lq/_apis/connectionData?connectOptions=1&lastChangeId=258625537&lastChangeId64=258625537 failed. HTTP Status: NotFound
[2025-09-16 08:40:54Z INFO GitHubActionsService] Finished operation Location.GetConnectionData
[2025-09-16 08:40:54Z INFO RunnerServer] Catch exception during connect. 1 attempt left.
[2025-09-16 08:40:54Z ERR  RunnerServer] GitHub.Services.WebApi.VssServiceResponseException: The resource cannot be found.
   at GitHub.Services.WebApi.VssHttpClientBase.HandleResponseAsync(HttpResponseMessage response, CancellationToken cancellationToken)
   at GitHub.Services.WebApi.VssHttpClientBase.SendAsync(HttpRequestMessage message, HttpCompletionOption completionOption, Object userState, CancellationToken cancellationToken)
   at GitHub.Services.WebApi.VssHttpClientBase.SendAsync[T](HttpRequestMessage message, Object userState, CancellationToken cancellationToken)
   at GitHub.Services.Location.Client.LocationHttpClient.GetConnectionDataAsync(ConnectOptions connectOptions, Int64 lastChangeId, CancellationToken cancellationToken, Object userState)
   at GitHub.Services.WebApi.Location.VssServerDataProvider.GetConnectionDataAsync(ConnectOptions connectOptions, Int32 lastChangeId, CancellationToken cancellationToken)
   at GitHub.Services.WebApi.Location.VssServerDataProvider.ConnectAsync(ConnectOptions connectOptions, CancellationToken cancellationToken)
   at GitHub.Runner.Common.RunnerService.EstablishVssConnection(Uri serverUrl, VssCredentials credentials, TimeSpan timeout)
[2025-09-16 08:40:54Z INFO GitHubActionsService] Starting operation Location.GetConnectionData
[2025-09-16 08:40:54Z INFO GitHubActionsService] Starting operation Location.GetConnectionData
[2025-09-16 08:40:55Z ERR  GitHubActionsService] GET request to https://pipelinesghubeus6.actions.githubusercontent.com/hKyNd5hzQTjPqVOxuFp9CyJ2tMUr8ytJJ9FfsFju3bqhBGI0lq/_apis/connectionData?connectOptions=1&lastChangeId=258625537&lastChangeId64=258625537 failed. HTTP Status: NotFound
[2025-09-16 08:40:55Z INFO GitHubActionsService] Finished operation Location.GetConnectionData
[2025-09-16 08:40:55Z ERR  GitHubActionsService] GET request to https://pipelinesghubeus6.actions.githubusercontent.com/hKyNd5hzQTjPqVOxuFp9CyJ2tMUr8ytJJ9FfsFju3bqhBGI0lq/_apis/connectionData?connectOptions=1&lastChangeId=258625537&lastChangeId64=258625537 failed. HTTP Status: NotFound
[2025-09-16 08:40:55Z INFO GitHubActionsService] Finished operation Location.GetConnectionData
[2025-09-16 08:40:55Z ERR  GitHubActionsService] GET request to https://pipelinesghubeus6.actions.githubusercontent.com/hKyNd5hzQTjPqVOxuFp9CyJ2tMUr8ytJJ9FfsFju3bqhBGI0lq/_apis/connectionData?connectOptions=1&lastChangeId=258625537&lastChangeId64=258625537 failed. HTTP Status: NotFound
[2025-09-16 08:40:55Z INFO GitHubActionsService] Finished operation Location.GetConnectionData
[2025-09-16 08:40:55Z ERR  BrokerMessageListener] Catch exception during create session.
[2025-09-16 08:40:55Z ERR  BrokerMessageListener] GitHub.Services.WebApi.VssServiceResponseException: The resource cannot be found.
   at GitHub.Services.WebApi.VssHttpClientBase.HandleResponseAsync(HttpResponseMessage response, CancellationToken cancellationToken)
   at GitHub.Services.WebApi.VssHttpClientBase.SendAsync(HttpRequestMessage message, HttpCompletionOption completionOption, Object userState, CancellationToken cancellationToken)
   at GitHub.Services.WebApi.VssHttpClientBase.SendAsync[T](HttpRequestMessage message, Object userState, CancellationToken cancellationToken)
   at GitHub.Services.Location.Client.LocationHttpClient.GetConnectionDataAsync(ConnectOptions connectOptions, Int64 lastChangeId, CancellationToken cancellationToken, Object userState)
   at GitHub.Services.WebApi.Location.VssServerDataProvider.GetConnectionDataAsync(ConnectOptions connectOptions, Int32 lastChangeId, CancellationToken cancellationToken)
   at GitHub.Services.WebApi.Location.VssServerDataProvider.ConnectAsync(ConnectOptions connectOptions, CancellationToken cancellationToken)
   at GitHub.Runner.Common.RunnerService.EstablishVssConnection(Uri serverUrl, VssCredentials credentials, TimeSpan timeout)
   at GitHub.Runner.Common.RunnerServer.ConnectAsync(Uri serverUrl, VssCredentials credentials)
   at GitHub.Runner.Listener.BrokerMessageListener.CreateSessionAsync(CancellationToken token)
[2025-09-16 08:40:55Z INFO BrokerMessageListener] Retriable exception: The resource cannot be found.
[2025-09-16 08:40:55Z INFO BrokerMessageListener] Sleeping for 30 seconds before retrying.
[2025-09-16 08:41:25Z INFO BrokerMessageListener] Attempt to create session.
[2025-09-16 08:41:25Z INFO BrokerMessageListener] Connecting to the Broker Server...
[2025-09-16 08:41:25Z INFO ConfigurationStore] HasCredentials()
[2025-09-16 08:41:25Z INFO ConfigurationStore] stored True
[2025-09-16 08:41:25Z INFO CredentialManager] GetCredentialProvider
[2025-09-16 08:41:25Z INFO CredentialManager] Creating type OAuth
[2025-09-16 08:41:25Z INFO CredentialManager] Creating credential type: OAuth
[2025-09-16 08:41:25Z INFO RSAEncryptedFileKeyManager] Loading RSA key parameters from file G:\Brunella\actions-runner\.credentials_rsaparams
[2025-09-16 08:41:25Z INFO BrokerMessageListener] VssConnection created
[2025-09-16 08:41:25Z INFO BrokerMessageListener] Connecting to the Runner server...
[2025-09-16 08:41:25Z INFO RunnerServer] EstablishVssConnection
[2025-09-16 08:41:25Z INFO RunnerServer] Establish connection with 100 seconds timeout.
[2025-09-16 08:41:25Z INFO GitHubActionsService] Starting operation Location.GetConnectionData
[2025-09-16 08:41:25Z INFO RunnerServer] EstablishVssConnection
[2025-09-16 08:41:25Z INFO RunnerServer] Establish connection with 60 seconds timeout.
[2025-09-16 08:41:25Z INFO GitHubActionsService] Starting operation Location.GetConnectionData
[2025-09-16 08:41:25Z INFO RunnerServer] EstablishVssConnection
[2025-09-16 08:41:25Z INFO RunnerServer] Establish connection with 60 seconds timeout.
[2025-09-16 08:41:25Z INFO GitHubActionsService] Starting operation Location.GetConnectionData
[2025-09-16 08:41:26Z ERR  GitHubActionsService] GET request to https://pipelinesghubeus6.actions.githubusercontent.com/hKyNd5hzQTjPqVOxuFp9CyJ2tMUr8ytJJ9FfsFju3bqhBGI0lq/_apis/connectionData?connectOptions=1&lastChangeId=258625537&lastChangeId64=258625537 failed. HTTP Status: NotFound
[2025-09-16 08:41:26Z INFO GitHubActionsService] Finished operation Location.GetConnectionData
[2025-09-16 08:41:26Z INFO RunnerServer] Catch exception during connect. 4 attempt left.
[2025-09-16 08:41:26Z ERR  RunnerServer] GitHub.Services.WebApi.VssServiceResponseException: The resource cannot be found.
   at GitHub.Services.WebApi.VssHttpClientBase.HandleResponseAsync(HttpResponseMessage response, CancellationToken cancellationToken)
   at GitHub.Services.WebApi.VssHttpClientBase.SendAsync(HttpRequestMessage message, HttpCompletionOption completionOption, Object userState, CancellationToken cancellationToken)
   at GitHub.Services.WebApi.VssHttpClientBase.SendAsync[T](HttpRequestMessage message, Object userState, CancellationToken cancellationToken)
   at GitHub.Services.Location.Client.LocationHttpClient.GetConnectionDataAsync(ConnectOptions connectOptions, Int64 lastChangeId, CancellationToken cancellationToken, Object userState)
   at GitHub.Services.WebApi.Location.VssServerDataProvider.GetConnectionDataAsync(ConnectOptions connectOptions, Int32 lastChangeId, CancellationToken cancellationToken)
   at GitHub.Services.WebApi.Location.VssServerDataProvider.ConnectAsync(ConnectOptions connectOptions, CancellationToken cancellationToken)
   at GitHub.Runner.Common.RunnerService.EstablishVssConnection(Uri serverUrl, VssCredentials credentials, TimeSpan timeout)
[2025-09-16 08:41:26Z ERR  GitHubActionsService] GET request to https://pipelinesghubeus6.actions.githubusercontent.com/hKyNd5hzQTjPqVOxuFp9CyJ2tMUr8ytJJ9FfsFju3bqhBGI0lq/_apis/connectionData?connectOptions=1&lastChangeId=258625537&lastChangeId64=258625537 failed. HTTP Status: NotFound
[2025-09-16 08:41:26Z INFO GitHubActionsService] Finished operation Location.GetConnectionData
[2025-09-16 08:41:26Z INFO RunnerServer] Catch exception during connect. 4 attempt left.
[2025-09-16 08:41:26Z ERR  RunnerServer] GitHub.Services.WebApi.VssServiceResponseException: The resource cannot be found.
   at GitHub.Services.WebApi.VssHttpClientBase.HandleResponseAsync(HttpResponseMessage response, CancellationToken cancellationToken)
   at GitHub.Services.WebApi.VssHttpClientBase.SendAsync(HttpRequestMessage message, HttpCompletionOption completionOption, Object userState, CancellationToken cancellationToken)
   at GitHub.Services.WebApi.VssHttpClientBase.SendAsync[T](HttpRequestMessage message, Object userState, CancellationToken cancellationToken)
   at GitHub.Services.Location.Client.LocationHttpClient.GetConnectionDataAsync(ConnectOptions connectOptions, Int64 lastChangeId, CancellationToken cancellationToken, Object userState)
   at GitHub.Services.WebApi.Location.VssServerDataProvider.GetConnectionDataAsync(ConnectOptions connectOptions, Int32 lastChangeId, CancellationToken cancellationToken)
   at GitHub.Services.WebApi.Location.VssServerDataProvider.ConnectAsync(ConnectOptions connectOptions, CancellationToken cancellationToken)
   at GitHub.Runner.Common.RunnerService.EstablishVssConnection(Uri serverUrl, VssCredentials credentials, TimeSpan timeout)
[2025-09-16 08:41:26Z INFO GitHubActionsService] Starting operation Location.GetConnectionData
[2025-09-16 08:41:26Z ERR  GitHubActionsService] GET request to https://pipelinesghubeus6.actions.githubusercontent.com/hKyNd5hzQTjPqVOxuFp9CyJ2tMUr8ytJJ9FfsFju3bqhBGI0lq/_apis/connectionData?connectOptions=1&lastChangeId=258625537&lastChangeId64=258625537 failed. HTTP Status: NotFound
[2025-09-16 08:41:26Z INFO GitHubActionsService] Finished operation Location.GetConnectionData
[2025-09-16 08:41:26Z INFO RunnerServer] Catch exception during connect. 4 attempt left.
[2025-09-16 08:41:26Z ERR  RunnerServer] GitHub.Services.WebApi.VssServiceResponseException: The resource cannot be found.
   at GitHub.Services.WebApi.VssHttpClientBase.HandleResponseAsync(HttpResponseMessage response, CancellationToken cancellationToken)
   at GitHub.Services.WebApi.VssHttpClientBase.SendAsync(HttpRequestMessage message, HttpCompletionOption completionOption, Object userState, CancellationToken cancellationToken)
   at GitHub.Services.WebApi.VssHttpClientBase.SendAsync[T](HttpRequestMessage message, Object userState, CancellationToken cancellationToken)
   at GitHub.Services.Location.Client.LocationHttpClient.GetConnectionDataAsync(ConnectOptions connectOptions, Int64 lastChangeId, CancellationToken cancellationToken, Object userState)
   at GitHub.Services.WebApi.Location.VssServerDataProvider.GetConnectionDataAsync(ConnectOptions connectOptions, Int32 lastChangeId, CancellationToken cancellationToken)
   at GitHub.Services.WebApi.Location.VssServerDataProvider.ConnectAsync(ConnectOptions connectOptions, CancellationToken cancellationToken)
   at GitHub.Runner.Common.RunnerService.EstablishVssConnection(Uri serverUrl, VssCredentials credentials, TimeSpan timeout)
[2025-09-16 08:41:26Z INFO GitHubActionsService] Starting operation Location.GetConnectionData
[2025-09-16 08:41:26Z INFO GitHubActionsService] Starting operation Location.GetConnectionData
[2025-09-16 08:41:26Z ERR  GitHubActionsService] GET request to https://pipelinesghubeus6.actions.githubusercontent.com/hKyNd5hzQTjPqVOxuFp9CyJ2tMUr8ytJJ9FfsFju3bqhBGI0lq/_apis/connectionData?connectOptions=1&lastChangeId=258625537&lastChangeId64=258625537 failed. HTTP Status: NotFound
[2025-09-16 08:41:26Z INFO GitHubActionsService] Finished operation Location.GetConnectionData
[2025-09-16 08:41:26Z INFO RunnerServer] Catch exception during connect. 3 attempt left.
[2025-09-16 08:41:26Z ERR  RunnerServer] GitHub.Services.WebApi.VssServiceResponseException: The resource cannot be found.
   at GitHub.Services.WebApi.VssHttpClientBase.HandleResponseAsync(HttpResponseMessage response, CancellationToken cancellationToken)
   at GitHub.Services.WebApi.VssHttpClientBase.SendAsync(HttpRequestMessage message, HttpCompletionOption completionOption, Object userState, CancellationToken cancellationToken)
   at GitHub.Services.WebApi.VssHttpClientBase.SendAsync[T](HttpRequestMessage message, Object userState, CancellationToken cancellationToken)
   at GitHub.Services.Location.Client.LocationHttpClient.GetConnectionDataAsync(ConnectOptions connectOptions, Int64 lastChangeId, CancellationToken cancellationToken, Object userState)
   at GitHub.Services.WebApi.Location.VssServerDataProvider.GetConnectionDataAsync(ConnectOptions connectOptions, Int32 lastChangeId, CancellationToken cancellationToken)
   at GitHub.Services.WebApi.Location.VssServerDataProvider.ConnectAsync(ConnectOptions connectOptions, CancellationToken cancellationToken)
   at GitHub.Runner.Common.RunnerService.EstablishVssConnection(Uri serverUrl, VssCredentials credentials, TimeSpan timeout)
[2025-09-16 08:41:26Z INFO GitHubActionsService] Starting operation Location.GetConnectionData
[2025-09-16 08:41:26Z ERR  GitHubActionsService] GET request to https://pipelinesghubeus6.actions.githubusercontent.com/hKyNd5hzQTjPqVOxuFp9CyJ2tMUr8ytJJ9FfsFju3bqhBGI0lq/_apis/connectionData?connectOptions=1&lastChangeId=258625537&lastChangeId64=258625537 failed. HTTP Status: NotFound
[2025-09-16 08:41:26Z INFO GitHubActionsService] Finished operation Location.GetConnectionData
[2025-09-16 08:41:26Z INFO RunnerServer] Catch exception during connect. 3 attempt left.
[2025-09-16 08:41:26Z ERR  RunnerServer] GitHub.Services.WebApi.VssServiceResponseException: The resource cannot be found.
   at GitHub.Services.WebApi.VssHttpClientBase.HandleResponseAsync(HttpResponseMessage response, CancellationToken cancellationToken)
   at GitHub.Services.WebApi.VssHttpClientBase.SendAsync(HttpRequestMessage message, HttpCompletionOption completionOption, Object userState, CancellationToken cancellationToken)
   at GitHub.Services.WebApi.VssHttpClientBase.SendAsync[T](HttpRequestMessage message, Object userState, CancellationToken cancellationToken)
   at GitHub.Services.Location.Client.LocationHttpClient.GetConnectionDataAsync(ConnectOptions connectOptions, Int64 lastChangeId, CancellationToken cancellationToken, Object userState)
   at GitHub.Services.WebApi.Location.VssServerDataProvider.GetConnectionDataAsync(ConnectOptions connectOptions, Int32 lastChangeId, CancellationToken cancellationToken)
   at GitHub.Services.WebApi.Location.VssServerDataProvider.ConnectAsync(ConnectOptions connectOptions, CancellationToken cancellationToken)
   at GitHub.Runner.Common.RunnerService.EstablishVssConnection(Uri serverUrl, VssCredentials credentials, TimeSpan timeout)
[2025-09-16 08:41:26Z ERR  GitHubActionsService] GET request to https://pipelinesghubeus6.actions.githubusercontent.com/hKyNd5hzQTjPqVOxuFp9CyJ2tMUr8ytJJ9FfsFju3bqhBGI0lq/_apis/connectionData?connectOptions=1&lastChangeId=258625537&lastChangeId64=258625537 failed. HTTP Status: NotFound
[2025-09-16 08:41:26Z INFO GitHubActionsService] Finished operation Location.GetConnectionData
[2025-09-16 08:41:26Z INFO RunnerServer] Catch exception during connect. 3 attempt left.
[2025-09-16 08:41:26Z ERR  RunnerServer] GitHub.Services.WebApi.VssServiceResponseException: The resource cannot be found.
   at GitHub.Services.WebApi.VssHttpClientBase.HandleResponseAsync(HttpResponseMessage response, CancellationToken cancellationToken)
   at GitHub.Services.WebApi.VssHttpClientBase.SendAsync(HttpRequestMessage message, HttpCompletionOption completionOption, Object userState, CancellationToken cancellationToken)
   at GitHub.Services.WebApi.VssHttpClientBase.SendAsync[T](HttpRequestMessage message, Object userState, CancellationToken cancellationToken)
   at GitHub.Services.Location.Client.LocationHttpClient.GetConnectionDataAsync(ConnectOptions connectOptions, Int64 lastChangeId, CancellationToken cancellationToken, Object userState)
   at GitHub.Services.WebApi.Location.VssServerDataProvider.GetConnectionDataAsync(ConnectOptions connectOptions, Int32 lastChangeId, CancellationToken cancellationToken)
   at GitHub.Services.WebApi.Location.VssServerDataProvider.ConnectAsync(ConnectOptions connectOptions, CancellationToken cancellationToken)
   at GitHub.Runner.Common.RunnerService.EstablishVssConnection(Uri serverUrl, VssCredentials credentials, TimeSpan timeout)
[2025-09-16 08:41:27Z INFO GitHubActionsService] Starting operation Location.GetConnectionData
[2025-09-16 08:41:27Z INFO GitHubActionsService] Starting operation Location.GetConnectionData
[2025-09-16 08:41:27Z ERR  GitHubActionsService] GET request to https://pipelinesghubeus6.actions.githubusercontent.com/hKyNd5hzQTjPqVOxuFp9CyJ2tMUr8ytJJ9FfsFju3bqhBGI0lq/_apis/connectionData?connectOptions=1&lastChangeId=258625537&lastChangeId64=258625537 failed. HTTP Status: NotFound
[2025-09-16 08:41:27Z INFO GitHubActionsService] Finished operation Location.GetConnectionData
[2025-09-16 08:41:27Z INFO RunnerServer] Catch exception during connect. 2 attempt left.
[2025-09-16 08:41:27Z ERR  RunnerServer] GitHub.Services.WebApi.VssServiceResponseException: The resource cannot be found.
   at GitHub.Services.WebApi.VssHttpClientBase.HandleResponseAsync(HttpResponseMessage response, CancellationToken cancellationToken)
   at GitHub.Services.WebApi.VssHttpClientBase.SendAsync(HttpRequestMessage message, HttpCompletionOption completionOption, Object userState, CancellationToken cancellationToken)
   at GitHub.Services.WebApi.VssHttpClientBase.SendAsync[T](HttpRequestMessage message, Object userState, CancellationToken cancellationToken)
   at GitHub.Services.Location.Client.LocationHttpClient.GetConnectionDataAsync(ConnectOptions connectOptions, Int64 lastChangeId, CancellationToken cancellationToken, Object userState)
   at GitHub.Services.WebApi.Location.VssServerDataProvider.GetConnectionDataAsync(ConnectOptions connectOptions, Int32 lastChangeId, CancellationToken cancellationToken)
   at GitHub.Services.WebApi.Location.VssServerDataProvider.ConnectAsync(ConnectOptions connectOptions, CancellationToken cancellationToken)
   at GitHub.Runner.Common.RunnerService.EstablishVssConnection(Uri serverUrl, VssCredentials credentials, TimeSpan timeout)
[2025-09-16 08:41:27Z INFO GitHubActionsService] Starting operation Location.GetConnectionData
[2025-09-16 08:41:27Z ERR  GitHubActionsService] GET request to https://pipelinesghubeus6.actions.githubusercontent.com/hKyNd5hzQTjPqVOxuFp9CyJ2tMUr8ytJJ9FfsFju3bqhBGI0lq/_apis/connectionData?connectOptions=1&lastChangeId=258625537&lastChangeId64=258625537 failed. HTTP Status: NotFound
[2025-09-16 08:41:27Z INFO GitHubActionsService] Finished operation Location.GetConnectionData
[2025-09-16 08:41:27Z INFO RunnerServer] Catch exception during connect. 2 attempt left.
[2025-09-16 08:41:27Z ERR  RunnerServer] GitHub.Services.WebApi.VssServiceResponseException: The resource cannot be found.
   at GitHub.Services.WebApi.VssHttpClientBase.HandleResponseAsync(HttpResponseMessage response, CancellationToken cancellationToken)
   at GitHub.Services.WebApi.VssHttpClientBase.SendAsync(HttpRequestMessage message, HttpCompletionOption completionOption, Object userState, CancellationToken cancellationToken)
   at GitHub.Services.WebApi.VssHttpClientBase.SendAsync[T](HttpRequestMessage message, Object userState, CancellationToken cancellationToken)
   at GitHub.Services.Location.Client.LocationHttpClient.GetConnectionDataAsync(ConnectOptions connectOptions, Int64 lastChangeId, CancellationToken cancellationToken, Object userState)
   at GitHub.Services.WebApi.Location.VssServerDataProvider.GetConnectionDataAsync(ConnectOptions connectOptions, Int32 lastChangeId, CancellationToken cancellationToken)
   at GitHub.Services.WebApi.Location.VssServerDataProvider.ConnectAsync(ConnectOptions connectOptions, CancellationToken cancellationToken)
   at GitHub.Runner.Common.RunnerService.EstablishVssConnection(Uri serverUrl, VssCredentials credentials, TimeSpan timeout)
[2025-09-16 08:41:27Z ERR  GitHubActionsService] GET request to https://pipelinesghubeus6.actions.githubusercontent.com/hKyNd5hzQTjPqVOxuFp9CyJ2tMUr8ytJJ9FfsFju3bqhBGI0lq/_apis/connectionData?connectOptions=1&lastChangeId=258625537&lastChangeId64=258625537 failed. HTTP Status: NotFound
[2025-09-16 08:41:27Z INFO GitHubActionsService] Finished operation Location.GetConnectionData
[2025-09-16 08:41:27Z INFO RunnerServer] Catch exception during connect. 2 attempt left.
[2025-09-16 08:41:27Z ERR  RunnerServer] GitHub.Services.WebApi.VssServiceResponseException: The resource cannot be found.
   at GitHub.Services.WebApi.VssHttpClientBase.HandleResponseAsync(HttpResponseMessage response, CancellationToken cancellationToken)
   at GitHub.Services.WebApi.VssHttpClientBase.SendAsync(HttpRequestMessage message, HttpCompletionOption completionOption, Object userState, CancellationToken cancellationToken)
   at GitHub.Services.WebApi.VssHttpClientBase.SendAsync[T](HttpRequestMessage message, Object userState, CancellationToken cancellationToken)
   at GitHub.Services.Location.Client.LocationHttpClient.GetConnectionDataAsync(ConnectOptions connectOptions, Int64 lastChangeId, CancellationToken cancellationToken, Object userState)
   at GitHub.Services.WebApi.Location.VssServerDataProvider.GetConnectionDataAsync(ConnectOptions connectOptions, Int32 lastChangeId, CancellationToken cancellationToken)
   at GitHub.Services.WebApi.Location.VssServerDataProvider.ConnectAsync(ConnectOptions connectOptions, CancellationToken cancellationToken)
   at GitHub.Runner.Common.RunnerService.EstablishVssConnection(Uri serverUrl, VssCredentials credentials, TimeSpan timeout)
[2025-09-16 08:41:27Z INFO GitHubActionsService] Starting operation Location.GetConnectionData
[2025-09-16 08:41:27Z INFO GitHubActionsService] Starting operation Location.GetConnectionData
[2025-09-16 08:41:28Z ERR  GitHubActionsService] GET request to https://pipelinesghubeus6.actions.githubusercontent.com/hKyNd5hzQTjPqVOxuFp9CyJ2tMUr8ytJJ9FfsFju3bqhBGI0lq/_apis/connectionData?connectOptions=1&lastChangeId=258625537&lastChangeId64=258625537 failed. HTTP Status: NotFound
[2025-09-16 08:41:28Z INFO GitHubActionsService] Finished operation Location.GetConnectionData
[2025-09-16 08:41:28Z INFO RunnerServer] Catch exception during connect. 1 attempt left.
[2025-09-16 08:41:28Z ERR  RunnerServer] GitHub.Services.WebApi.VssServiceResponseException: The resource cannot be found.
   at GitHub.Services.WebApi.VssHttpClientBase.HandleResponseAsync(HttpResponseMessage response, CancellationToken cancellationToken)
   at GitHub.Services.WebApi.VssHttpClientBase.SendAsync(HttpRequestMessage message, HttpCompletionOption completionOption, Object userState, CancellationToken cancellationToken)
   at GitHub.Services.WebApi.VssHttpClientBase.SendAsync[T](HttpRequestMessage message, Object userState, CancellationToken cancellationToken)
   at GitHub.Services.Location.Client.LocationHttpClient.GetConnectionDataAsync(ConnectOptions connectOptions, Int64 lastChangeId, CancellationToken cancellationToken, Object userState)
   at GitHub.Services.WebApi.Location.VssServerDataProvider.GetConnectionDataAsync(ConnectOptions connectOptions, Int32 lastChangeId, CancellationToken cancellationToken)
   at GitHub.Services.WebApi.Location.VssServerDataProvider.ConnectAsync(ConnectOptions connectOptions, CancellationToken cancellationToken)
   at GitHub.Runner.Common.RunnerService.EstablishVssConnection(Uri serverUrl, VssCredentials credentials, TimeSpan timeout)
[2025-09-16 08:41:28Z INFO GitHubActionsService] Starting operation Location.GetConnectionData
[2025-09-16 08:41:28Z ERR  GitHubActionsService] GET request to https://pipelinesghubeus6.actions.githubusercontent.com/hKyNd5hzQTjPqVOxuFp9CyJ2tMUr8ytJJ9FfsFju3bqhBGI0lq/_apis/connectionData?connectOptions=1&lastChangeId=258625537&lastChangeId64=258625537 failed. HTTP Status: NotFound
[2025-09-16 08:41:28Z INFO GitHubActionsService] Finished operation Location.GetConnectionData
[2025-09-16 08:41:28Z INFO RunnerServer] Catch exception during connect. 1 attempt left.
[2025-09-16 08:41:28Z ERR  RunnerServer] GitHub.Services.WebApi.VssServiceResponseException: The resource cannot be found.
   at GitHub.Services.WebApi.VssHttpClientBase.HandleResponseAsync(HttpResponseMessage response, CancellationToken cancellationToken)
   at GitHub.Services.WebApi.VssHttpClientBase.SendAsync(HttpRequestMessage message, HttpCompletionOption completionOption, Object userState, CancellationToken cancellationToken)
   at GitHub.Services.WebApi.VssHttpClientBase.SendAsync[T](HttpRequestMessage message, Object userState, CancellationToken cancellationToken)
   at GitHub.Services.Location.Client.LocationHttpClient.GetConnectionDataAsync(ConnectOptions connectOptions, Int64 lastChangeId, CancellationToken cancellationToken, Object userState)
   at GitHub.Services.WebApi.Location.VssServerDataProvider.GetConnectionDataAsync(ConnectOptions connectOptions, Int32 lastChangeId, CancellationToken cancellationToken)
   at GitHub.Services.WebApi.Location.VssServerDataProvider.ConnectAsync(ConnectOptions connectOptions, CancellationToken cancellationToken)
   at GitHub.Runner.Common.RunnerService.EstablishVssConnection(Uri serverUrl, VssCredentials credentials, TimeSpan timeout)
[2025-09-16 08:41:28Z ERR  GitHubActionsService] GET request to https://pipelinesghubeus6.actions.githubusercontent.com/hKyNd5hzQTjPqVOxuFp9CyJ2tMUr8ytJJ9FfsFju3bqhBGI0lq/_apis/connectionData?connectOptions=1&lastChangeId=258625537&lastChangeId64=258625537 failed. HTTP Status: NotFound
[2025-09-16 08:41:28Z INFO GitHubActionsService] Finished operation Location.GetConnectionData
[2025-09-16 08:41:28Z INFO RunnerServer] Catch exception during connect. 1 attempt left.
[2025-09-16 08:41:28Z ERR  RunnerServer] GitHub.Services.WebApi.VssServiceResponseException: The resource cannot be found.
   at GitHub.Services.WebApi.VssHttpClientBase.HandleResponseAsync(HttpResponseMessage response, CancellationToken cancellationToken)
   at GitHub.Services.WebApi.VssHttpClientBase.SendAsync(HttpRequestMessage message, HttpCompletionOption completionOption, Object userState, CancellationToken cancellationToken)
   at GitHub.Services.WebApi.VssHttpClientBase.SendAsync[T](HttpRequestMessage message, Object userState, CancellationToken cancellationToken)
   at GitHub.Services.Location.Client.LocationHttpClient.GetConnectionDataAsync(ConnectOptions connectOptions, Int64 lastChangeId, CancellationToken cancellationToken, Object userState)
   at GitHub.Services.WebApi.Location.VssServerDataProvider.GetConnectionDataAsync(ConnectOptions connectOptions, Int32 lastChangeId, CancellationToken cancellationToken)
   at GitHub.Services.WebApi.Location.VssServerDataProvider.ConnectAsync(ConnectOptions connectOptions, CancellationToken cancellationToken)
   at GitHub.Runner.Common.RunnerService.EstablishVssConnection(Uri serverUrl, VssCredentials credentials, TimeSpan timeout)
[2025-09-16 08:41:28Z INFO GitHubActionsService] Starting operation Location.GetConnectionData
[2025-09-16 08:41:28Z INFO GitHubActionsService] Starting operation Location.GetConnectionData
[2025-09-16 08:41:29Z ERR  GitHubActionsService] GET request to https://pipelinesghubeus6.actions.githubusercontent.com/hKyNd5hzQTjPqVOxuFp9CyJ2tMUr8ytJJ9FfsFju3bqhBGI0lq/_apis/connectionData?connectOptions=1&lastChangeId=258625537&lastChangeId64=258625537 failed. HTTP Status: NotFound
[2025-09-16 08:41:29Z INFO GitHubActionsService] Finished operation Location.GetConnectionData
[2025-09-16 08:41:29Z ERR  GitHubActionsService] GET request to https://pipelinesghubeus6.actions.githubusercontent.com/hKyNd5hzQTjPqVOxuFp9CyJ2tMUr8ytJJ9FfsFju3bqhBGI0lq/_apis/connectionData?connectOptions=1&lastChangeId=258625537&lastChangeId64=258625537 failed. HTTP Status: NotFound
[2025-09-16 08:41:29Z INFO GitHubActionsService] Finished operation Location.GetConnectionData
[2025-09-16 08:41:29Z ERR  GitHubActionsService] GET request to https://pipelinesghubeus6.actions.githubusercontent.com/hKyNd5hzQTjPqVOxuFp9CyJ2tMUr8ytJJ9FfsFju3bqhBGI0lq/_apis/connectionData?connectOptions=1&lastChangeId=258625537&lastChangeId64=258625537 failed. HTTP Status: NotFound
[2025-09-16 08:41:29Z INFO GitHubActionsService] Finished operation Location.GetConnectionData
[2025-09-16 08:41:29Z ERR  BrokerMessageListener] Catch exception during create session.
[2025-09-16 08:41:29Z ERR  BrokerMessageListener] GitHub.Services.WebApi.VssServiceResponseException: The resource cannot be found.
   at GitHub.Services.WebApi.VssHttpClientBase.HandleResponseAsync(HttpResponseMessage response, CancellationToken cancellationToken)
   at GitHub.Services.WebApi.VssHttpClientBase.SendAsync(HttpRequestMessage message, HttpCompletionOption completionOption, Object userState, CancellationToken cancellationToken)
   at GitHub.Services.WebApi.VssHttpClientBase.SendAsync[T](HttpRequestMessage message, Object userState, CancellationToken cancellationToken)
   at GitHub.Services.Location.Client.LocationHttpClient.GetConnectionDataAsync(ConnectOptions connectOptions, Int64 lastChangeId, CancellationToken cancellationToken, Object userState)
   at GitHub.Services.WebApi.Location.VssServerDataProvider.GetConnectionDataAsync(ConnectOptions connectOptions, Int32 lastChangeId, CancellationToken cancellationToken)
   at GitHub.Services.WebApi.Location.VssServerDataProvider.ConnectAsync(ConnectOptions connectOptions, CancellationToken cancellationToken)
   at GitHub.Runner.Common.RunnerService.EstablishVssConnection(Uri serverUrl, VssCredentials credentials, TimeSpan timeout)
   at GitHub.Runner.Common.RunnerServer.ConnectAsync(Uri serverUrl, VssCredentials credentials)
   at GitHub.Runner.Listener.BrokerMessageListener.CreateSessionAsync(CancellationToken token)
[2025-09-16 08:41:29Z INFO BrokerMessageListener] Retriable exception: The resource cannot be found.
[2025-09-16 08:41:29Z INFO BrokerMessageListener] Sleeping for 30 seconds before retrying.
[2025-09-16 08:41:59Z INFO BrokerMessageListener] Attempt to create session.
[2025-09-16 08:41:59Z INFO BrokerMessageListener] Connecting to the Broker Server...
[2025-09-16 08:41:59Z INFO ConfigurationStore] HasCredentials()
[2025-09-16 08:41:59Z INFO ConfigurationStore] stored True
[2025-09-16 08:41:59Z INFO CredentialManager] GetCredentialProvider
[2025-09-16 08:41:59Z INFO CredentialManager] Creating type OAuth
[2025-09-16 08:41:59Z INFO CredentialManager] Creating credential type: OAuth
[2025-09-16 08:41:59Z INFO RSAEncryptedFileKeyManager] Loading RSA key parameters from file G:\Brunella\actions-runner\.credentials_rsaparams
[2025-09-16 08:41:59Z INFO BrokerMessageListener] VssConnection created
[2025-09-16 08:41:59Z INFO BrokerMessageListener] Connecting to the Runner server...
[2025-09-16 08:41:59Z INFO RunnerServer] EstablishVssConnection
[2025-09-16 08:41:59Z INFO RunnerServer] Establish connection with 100 seconds timeout.
[2025-09-16 08:41:59Z INFO GitHubActionsService] Starting operation Location.GetConnectionData
[2025-09-16 08:41:59Z INFO RunnerServer] EstablishVssConnection
[2025-09-16 08:41:59Z INFO RunnerServer] Establish connection with 60 seconds timeout.
[2025-09-16 08:41:59Z INFO GitHubActionsService] Starting operation Location.GetConnectionData
[2025-09-16 08:41:59Z INFO RunnerServer] EstablishVssConnection
[2025-09-16 08:41:59Z INFO RunnerServer] Establish connection with 60 seconds timeout.
[2025-09-16 08:41:59Z INFO GitHubActionsService] Starting operation Location.GetConnectionData
[2025-09-16 08:41:59Z ERR  GitHubActionsService] GET request to https://pipelinesghubeus6.actions.githubusercontent.com/hKyNd5hzQTjPqVOxuFp9CyJ2tMUr8ytJJ9FfsFju3bqhBGI0lq/_apis/connectionData?connectOptions=1&lastChangeId=258625537&lastChangeId64=258625537 failed. HTTP Status: NotFound
[2025-09-16 08:41:59Z INFO GitHubActionsService] Finished operation Location.GetConnectionData
[2025-09-16 08:41:59Z INFO RunnerServer] Catch exception during connect. 4 attempt left.
[2025-09-16 08:41:59Z ERR  RunnerServer] GitHub.Services.WebApi.VssServiceResponseException: The resource cannot be found.
   at GitHub.Services.WebApi.VssHttpClientBase.HandleResponseAsync(HttpResponseMessage response, CancellationToken cancellationToken)
   at GitHub.Services.WebApi.VssHttpClientBase.SendAsync(HttpRequestMessage message, HttpCompletionOption completionOption, Object userState, CancellationToken cancellationToken)
   at GitHub.Services.WebApi.VssHttpClientBase.SendAsync[T](HttpRequestMessage message, Object userState, CancellationToken cancellationToken)
   at GitHub.Services.Location.Client.LocationHttpClient.GetConnectionDataAsync(ConnectOptions connectOptions, Int64 lastChangeId, CancellationToken cancellationToken, Object userState)
   at GitHub.Services.WebApi.Location.VssServerDataProvider.GetConnectionDataAsync(ConnectOptions connectOptions, Int32 lastChangeId, CancellationToken cancellationToken)
   at GitHub.Services.WebApi.Location.VssServerDataProvider.ConnectAsync(ConnectOptions connectOptions, CancellationToken cancellationToken)
   at GitHub.Runner.Common.RunnerService.EstablishVssConnection(Uri serverUrl, VssCredentials credentials, TimeSpan timeout)
[2025-09-16 08:41:59Z ERR  GitHubActionsService] GET request to https://pipelinesghubeus6.actions.githubusercontent.com/hKyNd5hzQTjPqVOxuFp9CyJ2tMUr8ytJJ9FfsFju3bqhBGI0lq/_apis/connectionData?connectOptions=1&lastChangeId=258625537&lastChangeId64=258625537 failed. HTTP Status: NotFound
[2025-09-16 08:41:59Z INFO GitHubActionsService] Finished operation Location.GetConnectionData
[2025-09-16 08:41:59Z INFO RunnerServer] Catch exception during connect. 4 attempt left.
[2025-09-16 08:41:59Z ERR  RunnerServer] GitHub.Services.WebApi.VssServiceResponseException: The resource cannot be found.
   at GitHub.Services.WebApi.VssHttpClientBase.HandleResponseAsync(HttpResponseMessage response, CancellationToken cancellationToken)
   at GitHub.Services.WebApi.VssHttpClientBase.SendAsync(HttpRequestMessage message, HttpCompletionOption completionOption, Object userState, CancellationToken cancellationToken)
   at GitHub.Services.WebApi.VssHttpClientBase.SendAsync[T](HttpRequestMessage message, Object userState, CancellationToken cancellationToken)
   at GitHub.Services.Location.Client.LocationHttpClient.GetConnectionDataAsync(ConnectOptions connectOptions, Int64 lastChangeId, CancellationToken cancellationToken, Object userState)
   at GitHub.Services.WebApi.Location.VssServerDataProvider.GetConnectionDataAsync(ConnectOptions connectOptions, Int32 lastChangeId, CancellationToken cancellationToken)
   at GitHub.Services.WebApi.Location.VssServerDataProvider.ConnectAsync(ConnectOptions connectOptions, CancellationToken cancellationToken)
   at GitHub.Runner.Common.RunnerService.EstablishVssConnection(Uri serverUrl, VssCredentials credentials, TimeSpan timeout)
[2025-09-16 08:41:59Z ERR  GitHubActionsService] GET request to https://pipelinesghubeus6.actions.githubusercontent.com/hKyNd5hzQTjPqVOxuFp9CyJ2tMUr8ytJJ9FfsFju3bqhBGI0lq/_apis/connectionData?connectOptions=1&lastChangeId=258625537&lastChangeId64=258625537 failed. HTTP Status: NotFound
[2025-09-16 08:41:59Z INFO GitHubActionsService] Finished operation Location.GetConnectionData
[2025-09-16 08:41:59Z INFO RunnerServer] Catch exception during connect. 4 attempt left.
[2025-09-16 08:41:59Z ERR  RunnerServer] GitHub.Services.WebApi.VssServiceResponseException: The resource cannot be found.
   at GitHub.Services.WebApi.VssHttpClientBase.HandleResponseAsync(HttpResponseMessage response, CancellationToken cancellationToken)
   at GitHub.Services.WebApi.VssHttpClientBase.SendAsync(HttpRequestMessage message, HttpCompletionOption completionOption, Object userState, CancellationToken cancellationToken)
   at GitHub.Services.WebApi.VssHttpClientBase.SendAsync[T](HttpRequestMessage message, Object userState, CancellationToken cancellationToken)
   at GitHub.Services.Location.Client.LocationHttpClient.GetConnectionDataAsync(ConnectOptions connectOptions, Int64 lastChangeId, CancellationToken cancellationToken, Object userState)
   at GitHub.Services.WebApi.Location.VssServerDataProvider.GetConnectionDataAsync(ConnectOptions connectOptions, Int32 lastChangeId, CancellationToken cancellationToken)
   at GitHub.Services.WebApi.Location.VssServerDataProvider.ConnectAsync(ConnectOptions connectOptions, CancellationToken cancellationToken)
   at GitHub.Runner.Common.RunnerService.EstablishVssConnection(Uri serverUrl, VssCredentials credentials, TimeSpan timeout)
[2025-09-16 08:42:00Z INFO GitHubActionsService] Starting operation Location.GetConnectionData
[2025-09-16 08:42:00Z INFO GitHubActionsService] Starting operation Location.GetConnectionData
[2025-09-16 08:42:00Z INFO GitHubActionsService] Starting operation Location.GetConnectionData
[2025-09-16 08:42:00Z ERR  GitHubActionsService] GET request to https://pipelinesghubeus6.actions.githubusercontent.com/hKyNd5hzQTjPqVOxuFp9CyJ2tMUr8ytJJ9FfsFju3bqhBGI0lq/_apis/connectionData?connectOptions=1&lastChangeId=258625537&lastChangeId64=258625537 failed. HTTP Status: NotFound
[2025-09-16 08:42:00Z INFO GitHubActionsService] Finished operation Location.GetConnectionData
[2025-09-16 08:42:00Z INFO RunnerServer] Catch exception during connect. 3 attempt left.
[2025-09-16 08:42:00Z ERR  RunnerServer] GitHub.Services.WebApi.VssServiceResponseException: The resource cannot be found.
   at GitHub.Services.WebApi.VssHttpClientBase.HandleResponseAsync(HttpResponseMessage response, CancellationToken cancellationToken)
   at GitHub.Services.WebApi.VssHttpClientBase.SendAsync(HttpRequestMessage message, HttpCompletionOption completionOption, Object userState, CancellationToken cancellationToken)
   at GitHub.Services.WebApi.VssHttpClientBase.SendAsync[T](HttpRequestMessage message, Object userState, CancellationToken cancellationToken)
   at GitHub.Services.Location.Client.LocationHttpClient.GetConnectionDataAsync(ConnectOptions connectOptions, Int64 lastChangeId, CancellationToken cancellationToken, Object userState)
   at GitHub.Services.WebApi.Location.VssServerDataProvider.GetConnectionDataAsync(ConnectOptions connectOptions, Int32 lastChangeId, CancellationToken cancellationToken)
   at GitHub.Services.WebApi.Location.VssServerDataProvider.ConnectAsync(ConnectOptions connectOptions, CancellationToken cancellationToken)
   at GitHub.Runner.Common.RunnerService.EstablishVssConnection(Uri serverUrl, VssCredentials credentials, TimeSpan timeout)
[2025-09-16 08:42:00Z ERR  GitHubActionsService] GET request to https://pipelinesghubeus6.actions.githubusercontent.com/hKyNd5hzQTjPqVOxuFp9CyJ2tMUr8ytJJ9FfsFju3bqhBGI0lq/_apis/connectionData?connectOptions=1&lastChangeId=258625537&lastChangeId64=258625537 failed. HTTP Status: NotFound
[2025-09-16 08:42:00Z INFO GitHubActionsService] Finished operation Location.GetConnectionData
[2025-09-16 08:42:00Z INFO RunnerServer] Catch exception during connect. 3 attempt left.
[2025-09-16 08:42:00Z ERR  RunnerServer] GitHub.Services.WebApi.VssServiceResponseException: The resource cannot be found.
   at GitHub.Services.WebApi.VssHttpClientBase.HandleResponseAsync(HttpResponseMessage response, CancellationToken cancellationToken)
   at GitHub.Services.WebApi.VssHttpClientBase.SendAsync(HttpRequestMessage message, HttpCompletionOption completionOption, Object userState, CancellationToken cancellationToken)
   at GitHub.Services.WebApi.VssHttpClientBase.SendAsync[T](HttpRequestMessage message, Object userState, CancellationToken cancellationToken)
   at GitHub.Services.Location.Client.LocationHttpClient.GetConnectionDataAsync(ConnectOptions connectOptions, Int64 lastChangeId, CancellationToken cancellationToken, Object userState)
   at GitHub.Services.WebApi.Location.VssServerDataProvider.GetConnectionDataAsync(ConnectOptions connectOptions, Int32 lastChangeId, CancellationToken cancellationToken)
   at GitHub.Services.WebApi.Location.VssServerDataProvider.ConnectAsync(ConnectOptions connectOptions, CancellationToken cancellationToken)
   at GitHub.Runner.Common.RunnerService.EstablishVssConnection(Uri serverUrl, VssCredentials credentials, TimeSpan timeout)
[2025-09-16 08:42:00Z ERR  GitHubActionsService] GET request to https://pipelinesghubeus6.actions.githubusercontent.com/hKyNd5hzQTjPqVOxuFp9CyJ2tMUr8ytJJ9FfsFju3bqhBGI0lq/_apis/connectionData?connectOptions=1&lastChangeId=258625537&lastChangeId64=258625537 failed. HTTP Status: NotFound
[2025-09-16 08:42:00Z INFO GitHubActionsService] Finished operation Location.GetConnectionData
[2025-09-16 08:42:00Z INFO RunnerServer] Catch exception during connect. 3 attempt left.
[2025-09-16 08:42:00Z ERR  RunnerServer] GitHub.Services.WebApi.VssServiceResponseException: The resource cannot be found.
   at GitHub.Services.WebApi.VssHttpClientBase.HandleResponseAsync(HttpResponseMessage response, CancellationToken cancellationToken)
   at GitHub.Services.WebApi.VssHttpClientBase.SendAsync(HttpRequestMessage message, HttpCompletionOption completionOption, Object userState, CancellationToken cancellationToken)
   at GitHub.Services.WebApi.VssHttpClientBase.SendAsync[T](HttpRequestMessage message, Object userState, CancellationToken cancellationToken)
   at GitHub.Services.Location.Client.LocationHttpClient.GetConnectionDataAsync(ConnectOptions connectOptions, Int64 lastChangeId, CancellationToken cancellationToken, Object userState)
   at GitHub.Services.WebApi.Location.VssServerDataProvider.GetConnectionDataAsync(ConnectOptions connectOptions, Int32 lastChangeId, CancellationToken cancellationToken)
   at GitHub.Services.WebApi.Location.VssServerDataProvider.ConnectAsync(ConnectOptions connectOptions, CancellationToken cancellationToken)
   at GitHub.Runner.Common.RunnerService.EstablishVssConnection(Uri serverUrl, VssCredentials credentials, TimeSpan timeout)
[2025-09-16 08:42:00Z INFO GitHubActionsService] Starting operation Location.GetConnectionData
[2025-09-16 08:42:00Z INFO GitHubActionsService] Starting operation Location.GetConnectionData
[2025-09-16 08:42:00Z INFO GitHubActionsService] Starting operation Location.GetConnectionData
[2025-09-16 08:42:01Z ERR  GitHubActionsService] GET request to https://pipelinesghubeus6.actions.githubusercontent.com/hKyNd5hzQTjPqVOxuFp9CyJ2tMUr8ytJJ9FfsFju3bqhBGI0lq/_apis/connectionData?connectOptions=1&lastChangeId=258625537&lastChangeId64=258625537 failed. HTTP Status: NotFound
[2025-09-16 08:42:01Z INFO GitHubActionsService] Finished operation Location.GetConnectionData
[2025-09-16 08:42:01Z INFO RunnerServer] Catch exception during connect. 2 attempt left.
[2025-09-16 08:42:01Z ERR  RunnerServer] GitHub.Services.WebApi.VssServiceResponseException: The resource cannot be found.
   at GitHub.Services.WebApi.VssHttpClientBase.HandleResponseAsync(HttpResponseMessage response, CancellationToken cancellationToken)
   at GitHub.Services.WebApi.VssHttpClientBase.SendAsync(HttpRequestMessage message, HttpCompletionOption completionOption, Object userState, CancellationToken cancellationToken)
   at GitHub.Services.WebApi.VssHttpClientBase.SendAsync[T](HttpRequestMessage message, Object userState, CancellationToken cancellationToken)
   at GitHub.Services.Location.Client.LocationHttpClient.GetConnectionDataAsync(ConnectOptions connectOptions, Int64 lastChangeId, CancellationToken cancellationToken, Object userState)
   at GitHub.Services.WebApi.Location.VssServerDataProvider.GetConnectionDataAsync(ConnectOptions connectOptions, Int32 lastChangeId, CancellationToken cancellationToken)
   at GitHub.Services.WebApi.Location.VssServerDataProvider.ConnectAsync(ConnectOptions connectOptions, CancellationToken cancellationToken)
   at GitHub.Runner.Common.RunnerService.EstablishVssConnection(Uri serverUrl, VssCredentials credentials, TimeSpan timeout)
[2025-09-16 08:42:01Z ERR  GitHubActionsService] GET request to https://pipelinesghubeus6.actions.githubusercontent.com/hKyNd5hzQTjPqVOxuFp9CyJ2tMUr8ytJJ9FfsFju3bqhBGI0lq/_apis/connectionData?connectOptions=1&lastChangeId=258625537&lastChangeId64=258625537 failed. HTTP Status: NotFound
[2025-09-16 08:42:01Z INFO GitHubActionsService] Finished operation Location.GetConnectionData
[2025-09-16 08:42:01Z INFO RunnerServer] Catch exception during connect. 2 attempt left.
[2025-09-16 08:42:01Z ERR  RunnerServer] GitHub.Services.WebApi.VssServiceResponseException: The resource cannot be found.
   at GitHub.Services.WebApi.VssHttpClientBase.HandleResponseAsync(HttpResponseMessage response, CancellationToken cancellationToken)
   at GitHub.Services.WebApi.VssHttpClientBase.SendAsync(HttpRequestMessage message, HttpCompletionOption completionOption, Object userState, CancellationToken cancellationToken)
   at GitHub.Services.WebApi.VssHttpClientBase.SendAsync[T](HttpRequestMessage message, Object userState, CancellationToken cancellationToken)
   at GitHub.Services.Location.Client.LocationHttpClient.GetConnectionDataAsync(ConnectOptions connectOptions, Int64 lastChangeId, CancellationToken cancellationToken, Object userState)
   at GitHub.Services.WebApi.Location.VssServerDataProvider.GetConnectionDataAsync(ConnectOptions connectOptions, Int32 lastChangeId, CancellationToken cancellationToken)
   at GitHub.Services.WebApi.Location.VssServerDataProvider.ConnectAsync(ConnectOptions connectOptions, CancellationToken cancellationToken)
   at GitHub.Runner.Common.RunnerService.EstablishVssConnection(Uri serverUrl, VssCredentials credentials, TimeSpan timeout)
[2025-09-16 08:42:01Z ERR  GitHubActionsService] GET request to https://pipelinesghubeus6.actions.githubusercontent.com/hKyNd5hzQTjPqVOxuFp9CyJ2tMUr8ytJJ9FfsFju3bqhBGI0lq/_apis/connectionData?connectOptions=1&lastChangeId=258625537&lastChangeId64=258625537 failed. HTTP Status: NotFound
[2025-09-16 08:42:01Z INFO GitHubActionsService] Finished operation Location.GetConnectionData
[2025-09-16 08:42:01Z INFO RunnerServer] Catch exception during connect. 2 attempt left.
[2025-09-16 08:42:01Z ERR  RunnerServer] GitHub.Services.WebApi.VssServiceResponseException: The resource cannot be found.
   at GitHub.Services.WebApi.VssHttpClientBase.HandleResponseAsync(HttpResponseMessage response, CancellationToken cancellationToken)
   at GitHub.Services.WebApi.VssHttpClientBase.SendAsync(HttpRequestMessage message, HttpCompletionOption completionOption, Object userState, CancellationToken cancellationToken)
   at GitHub.Services.WebApi.VssHttpClientBase.SendAsync[T](HttpRequestMessage message, Object userState, CancellationToken cancellationToken)
   at GitHub.Services.Location.Client.LocationHttpClient.GetConnectionDataAsync(ConnectOptions connectOptions, Int64 lastChangeId, CancellationToken cancellationToken, Object userState)
   at GitHub.Services.WebApi.Location.VssServerDataProvider.GetConnectionDataAsync(ConnectOptions connectOptions, Int32 lastChangeId, CancellationToken cancellationToken)
   at GitHub.Services.WebApi.Location.VssServerDataProvider.ConnectAsync(ConnectOptions connectOptions, CancellationToken cancellationToken)
   at GitHub.Runner.Common.RunnerService.EstablishVssConnection(Uri serverUrl, VssCredentials credentials, TimeSpan timeout)
[2025-09-16 08:42:01Z INFO GitHubActionsService] Starting operation Location.GetConnectionData
[2025-09-16 08:42:01Z INFO GitHubActionsService] Starting operation Location.GetConnectionData
[2025-09-16 08:42:01Z INFO GitHubActionsService] Starting operation Location.GetConnectionData
[2025-09-16 08:42:02Z ERR  GitHubActionsService] GET request to https://pipelinesghubeus6.actions.githubusercontent.com/hKyNd5hzQTjPqVOxuFp9CyJ2tMUr8ytJJ9FfsFju3bqhBGI0lq/_apis/connectionData?connectOptions=1&lastChangeId=258625537&lastChangeId64=258625537 failed. HTTP Status: NotFound
[2025-09-16 08:42:02Z INFO GitHubActionsService] Finished operation Location.GetConnectionData
[2025-09-16 08:42:02Z INFO RunnerServer] Catch exception during connect. 1 attempt left.
[2025-09-16 08:42:02Z ERR  RunnerServer] GitHub.Services.WebApi.VssServiceResponseException: The resource cannot be found.
   at GitHub.Services.WebApi.VssHttpClientBase.HandleResponseAsync(HttpResponseMessage response, CancellationToken cancellationToken)
   at GitHub.Services.WebApi.VssHttpClientBase.SendAsync(HttpRequestMessage message, HttpCompletionOption completionOption, Object userState, CancellationToken cancellationToken)
   at GitHub.Services.WebApi.VssHttpClientBase.SendAsync[T](HttpRequestMessage message, Object userState, CancellationToken cancellationToken)
   at GitHub.Services.Location.Client.LocationHttpClient.GetConnectionDataAsync(ConnectOptions connectOptions, Int64 lastChangeId, CancellationToken cancellationToken, Object userState)
   at GitHub.Services.WebApi.Location.VssServerDataProvider.GetConnectionDataAsync(ConnectOptions connectOptions, Int32 lastChangeId, CancellationToken cancellationToken)
   at GitHub.Services.WebApi.Location.VssServerDataProvider.ConnectAsync(ConnectOptions connectOptions, CancellationToken cancellationToken)
   at GitHub.Runner.Common.RunnerService.EstablishVssConnection(Uri serverUrl, VssCredentials credentials, TimeSpan timeout)
[2025-09-16 08:42:02Z ERR  GitHubActionsService] GET request to https://pipelinesghubeus6.actions.githubusercontent.com/hKyNd5hzQTjPqVOxuFp9CyJ2tMUr8ytJJ9FfsFju3bqhBGI0lq/_apis/connectionData?connectOptions=1&lastChangeId=258625537&lastChangeId64=258625537 failed. HTTP Status: NotFound
[2025-09-16 08:42:02Z INFO GitHubActionsService] Finished operation Location.GetConnectionData
[2025-09-16 08:42:02Z INFO RunnerServer] Catch exception during connect. 1 attempt left.
[2025-09-16 08:42:02Z ERR  RunnerServer] GitHub.Services.WebApi.VssServiceResponseException: The resource cannot be found.
   at GitHub.Services.WebApi.VssHttpClientBase.HandleResponseAsync(HttpResponseMessage response, CancellationToken cancellationToken)
   at GitHub.Services.WebApi.VssHttpClientBase.SendAsync(HttpRequestMessage message, HttpCompletionOption completionOption, Object userState, CancellationToken cancellationToken)
   at GitHub.Services.WebApi.VssHttpClientBase.SendAsync[T](HttpRequestMessage message, Object userState, CancellationToken cancellationToken)
   at GitHub.Services.Location.Client.LocationHttpClient.GetConnectionDataAsync(ConnectOptions connectOptions, Int64 lastChangeId, CancellationToken cancellationToken, Object userState)
   at GitHub.Services.WebApi.Location.VssServerDataProvider.GetConnectionDataAsync(ConnectOptions connectOptions, Int32 lastChangeId, CancellationToken cancellationToken)
   at GitHub.Services.WebApi.Location.VssServerDataProvider.ConnectAsync(ConnectOptions connectOptions, CancellationToken cancellationToken)
   at GitHub.Runner.Common.RunnerService.EstablishVssConnection(Uri serverUrl, VssCredentials credentials, TimeSpan timeout)
[2025-09-16 08:42:02Z ERR  GitHubActionsService] GET request to https://pipelinesghubeus6.actions.githubusercontent.com/hKyNd5hzQTjPqVOxuFp9CyJ2tMUr8ytJJ9FfsFju3bqhBGI0lq/_apis/connectionData?connectOptions=1&lastChangeId=258625537&lastChangeId64=258625537 failed. HTTP Status: NotFound
[2025-09-16 08:42:02Z INFO GitHubActionsService] Finished operation Location.GetConnectionData
[2025-09-16 08:42:02Z INFO RunnerServer] Catch exception during connect. 1 attempt left.
[2025-09-16 08:42:02Z ERR  RunnerServer] GitHub.Services.WebApi.VssServiceResponseException: The resource cannot be found.
   at GitHub.Services.WebApi.VssHttpClientBase.HandleResponseAsync(HttpResponseMessage response, CancellationToken cancellationToken)
   at GitHub.Services.WebApi.VssHttpClientBase.SendAsync(HttpRequestMessage message, HttpCompletionOption completionOption, Object userState, CancellationToken cancellationToken)
   at GitHub.Services.WebApi.VssHttpClientBase.SendAsync[T](HttpRequestMessage message, Object userState, CancellationToken cancellationToken)
   at GitHub.Services.Location.Client.LocationHttpClient.GetConnectionDataAsync(ConnectOptions connectOptions, Int64 lastChangeId, CancellationToken cancellationToken, Object userState)
   at GitHub.Services.WebApi.Location.VssServerDataProvider.GetConnectionDataAsync(ConnectOptions connectOptions, Int32 lastChangeId, CancellationToken cancellationToken)
   at GitHub.Services.WebApi.Location.VssServerDataProvider.ConnectAsync(ConnectOptions connectOptions, CancellationToken cancellationToken)
   at GitHub.Runner.Common.RunnerService.EstablishVssConnection(Uri serverUrl, VssCredentials credentials, TimeSpan timeout)
[2025-09-16 08:42:02Z INFO GitHubActionsService] Starting operation Location.GetConnectionData
[2025-09-16 08:42:02Z INFO GitHubActionsService] Starting operation Location.GetConnectionData
[2025-09-16 08:42:02Z INFO GitHubActionsService] Starting operation Location.GetConnectionData
[2025-09-16 08:42:02Z ERR  GitHubActionsService] GET request to https://pipelinesghubeus6.actions.githubusercontent.com/hKyNd5hzQTjPqVOxuFp9CyJ2tMUr8ytJJ9FfsFju3bqhBGI0lq/_apis/connectionData?connectOptions=1&lastChangeId=258625537&lastChangeId64=258625537 failed. HTTP Status: NotFound
[2025-09-16 08:42:02Z INFO GitHubActionsService] Finished operation Location.GetConnectionData
[2025-09-16 08:42:03Z ERR  GitHubActionsService] GET request to https://pipelinesghubeus6.actions.githubusercontent.com/hKyNd5hzQTjPqVOxuFp9CyJ2tMUr8ytJJ9FfsFju3bqhBGI0lq/_apis/connectionData?connectOptions=1&lastChangeId=258625537&lastChangeId64=258625537 failed. HTTP Status: NotFound
[2025-09-16 08:42:03Z INFO GitHubActionsService] Finished operation Location.GetConnectionData
[2025-09-16 08:42:03Z ERR  GitHubActionsService] GET request to https://pipelinesghubeus6.actions.githubusercontent.com/hKyNd5hzQTjPqVOxuFp9CyJ2tMUr8ytJJ9FfsFju3bqhBGI0lq/_apis/connectionData?connectOptions=1&lastChangeId=258625537&lastChangeId64=258625537 failed. HTTP Status: NotFound
[2025-09-16 08:42:03Z INFO GitHubActionsService] Finished operation Location.GetConnectionData
[2025-09-16 08:42:03Z ERR  BrokerMessageListener] Catch exception during create session.
[2025-09-16 08:42:03Z ERR  BrokerMessageListener] GitHub.Services.WebApi.VssServiceResponseException: The resource cannot be found.
   at GitHub.Services.WebApi.VssHttpClientBase.HandleResponseAsync(HttpResponseMessage response, CancellationToken cancellationToken)
   at GitHub.Services.WebApi.VssHttpClientBase.SendAsync(HttpRequestMessage message, HttpCompletionOption completionOption, Object userState, CancellationToken cancellationToken)
   at GitHub.Services.WebApi.VssHttpClientBase.SendAsync[T](HttpRequestMessage message, Object userState, CancellationToken cancellationToken)
   at GitHub.Services.Location.Client.LocationHttpClient.GetConnectionDataAsync(ConnectOptions connectOptions, Int64 lastChangeId, CancellationToken cancellationToken, Object userState)
   at GitHub.Services.WebApi.Location.VssServerDataProvider.GetConnectionDataAsync(ConnectOptions connectOptions, Int32 lastChangeId, CancellationToken cancellationToken)
   at GitHub.Services.WebApi.Location.VssServerDataProvider.ConnectAsync(ConnectOptions connectOptions, CancellationToken cancellationToken)
   at GitHub.Runner.Common.RunnerService.EstablishVssConnection(Uri serverUrl, VssCredentials credentials, TimeSpan timeout)
   at GitHub.Runner.Common.RunnerServer.ConnectAsync(Uri serverUrl, VssCredentials credentials)
   at GitHub.Runner.Listener.BrokerMessageListener.CreateSessionAsync(CancellationToken token)
[2025-09-16 08:42:03Z INFO BrokerMessageListener] Retriable exception: The resource cannot be found.
[2025-09-16 08:42:03Z INFO BrokerMessageListener] Sleeping for 30 seconds before retrying.
[2025-09-16 08:42:33Z INFO BrokerMessageListener] Attempt to create session.
[2025-09-16 08:42:33Z INFO BrokerMessageListener] Connecting to the Broker Server...
[2025-09-16 08:42:33Z INFO ConfigurationStore] HasCredentials()
[2025-09-16 08:42:33Z INFO ConfigurationStore] stored True
[2025-09-16 08:42:33Z INFO CredentialManager] GetCredentialProvider
[2025-09-16 08:42:33Z INFO CredentialManager] Creating type OAuth
[2025-09-16 08:42:33Z INFO CredentialManager] Creating credential type: OAuth
[2025-09-16 08:42:33Z INFO RSAEncryptedFileKeyManager] Loading RSA key parameters from file G:\Brunella\actions-runner\.credentials_rsaparams
[2025-09-16 08:42:33Z INFO BrokerMessageListener] VssConnection created
[2025-09-16 08:42:33Z INFO BrokerMessageListener] Connecting to the Runner server...
[2025-09-16 08:42:33Z INFO RunnerServer] EstablishVssConnection
[2025-09-16 08:42:33Z INFO RunnerServer] Establish connection with 100 seconds timeout.
[2025-09-16 08:42:33Z INFO GitHubActionsService] Starting operation Location.GetConnectionData
[2025-09-16 08:42:33Z INFO RunnerServer] EstablishVssConnection
[2025-09-16 08:42:33Z INFO RunnerServer] Establish connection with 60 seconds timeout.
[2025-09-16 08:42:33Z INFO GitHubActionsService] Starting operation Location.GetConnectionData
[2025-09-16 08:42:33Z INFO RunnerServer] EstablishVssConnection
[2025-09-16 08:42:33Z INFO RunnerServer] Establish connection with 60 seconds timeout.
[2025-09-16 08:42:33Z INFO GitHubActionsService] Starting operation Location.GetConnectionData
[2025-09-16 08:42:33Z ERR  GitHubActionsService] GET request to https://pipelinesghubeus6.actions.githubusercontent.com/hKyNd5hzQTjPqVOxuFp9CyJ2tMUr8ytJJ9FfsFju3bqhBGI0lq/_apis/connectionData?connectOptions=1&lastChangeId=258625537&lastChangeId64=258625537 failed. HTTP Status: NotFound
[2025-09-16 08:42:33Z INFO GitHubActionsService] Finished operation Location.GetConnectionData
[2025-09-16 08:42:33Z INFO RunnerServer] Catch exception during connect. 4 attempt left.
[2025-09-16 08:42:33Z ERR  RunnerServer] GitHub.Services.WebApi.VssServiceResponseException: The resource cannot be found.
   at GitHub.Services.WebApi.VssHttpClientBase.HandleResponseAsync(HttpResponseMessage response, CancellationToken cancellationToken)
   at GitHub.Services.WebApi.VssHttpClientBase.SendAsync(HttpRequestMessage message, HttpCompletionOption completionOption, Object userState, CancellationToken cancellationToken)
   at GitHub.Services.WebApi.VssHttpClientBase.SendAsync[T](HttpRequestMessage message, Object userState, CancellationToken cancellationToken)
   at GitHub.Services.Location.Client.LocationHttpClient.GetConnectionDataAsync(ConnectOptions connectOptions, Int64 lastChangeId, CancellationToken cancellationToken, Object userState)
   at GitHub.Services.WebApi.Location.VssServerDataProvider.GetConnectionDataAsync(ConnectOptions connectOptions, Int32 lastChangeId, CancellationToken cancellationToken)
   at GitHub.Services.WebApi.Location.VssServerDataProvider.ConnectAsync(ConnectOptions connectOptions, CancellationToken cancellationToken)
   at GitHub.Runner.Common.RunnerService.EstablishVssConnection(Uri serverUrl, VssCredentials credentials, TimeSpan timeout)
[2025-09-16 08:42:33Z ERR  GitHubActionsService] GET request to https://pipelinesghubeus6.actions.githubusercontent.com/hKyNd5hzQTjPqVOxuFp9CyJ2tMUr8ytJJ9FfsFju3bqhBGI0lq/_apis/connectionData?connectOptions=1&lastChangeId=258625537&lastChangeId64=258625537 failed. HTTP Status: NotFound
[2025-09-16 08:42:33Z INFO GitHubActionsService] Finished operation Location.GetConnectionData
[2025-09-16 08:42:33Z INFO RunnerServer] Catch exception during connect. 4 attempt left.
[2025-09-16 08:42:33Z ERR  RunnerServer] GitHub.Services.WebApi.VssServiceResponseException: The resource cannot be found.
   at GitHub.Services.WebApi.VssHttpClientBase.HandleResponseAsync(HttpResponseMessage response, CancellationToken cancellationToken)
   at GitHub.Services.WebApi.VssHttpClientBase.SendAsync(HttpRequestMessage message, HttpCompletionOption completionOption, Object userState, CancellationToken cancellationToken)
   at GitHub.Services.WebApi.VssHttpClientBase.SendAsync[T](HttpRequestMessage message, Object userState, CancellationToken cancellationToken)
   at GitHub.Services.Location.Client.LocationHttpClient.GetConnectionDataAsync(ConnectOptions connectOptions, Int64 lastChangeId, CancellationToken cancellationToken, Object userState)
   at GitHub.Services.WebApi.Location.VssServerDataProvider.GetConnectionDataAsync(ConnectOptions connectOptions, Int32 lastChangeId, CancellationToken cancellationToken)
   at GitHub.Services.WebApi.Location.VssServerDataProvider.ConnectAsync(ConnectOptions connectOptions, CancellationToken cancellationToken)
   at GitHub.Runner.Common.RunnerService.EstablishVssConnection(Uri serverUrl, VssCredentials credentials, TimeSpan timeout)
[2025-09-16 08:42:33Z INFO GitHubActionsService] Starting operation Location.GetConnectionData
[2025-09-16 08:42:33Z ERR  GitHubActionsService] GET request to https://pipelinesghubeus6.actions.githubusercontent.com/hKyNd5hzQTjPqVOxuFp9CyJ2tMUr8ytJJ9FfsFju3bqhBGI0lq/_apis/connectionData?connectOptions=1&lastChangeId=258625537&lastChangeId64=258625537 failed. HTTP Status: NotFound
[2025-09-16 08:42:33Z INFO GitHubActionsService] Finished operation Location.GetConnectionData
[2025-09-16 08:42:33Z INFO RunnerServer] Catch exception during connect. 4 attempt left.
[2025-09-16 08:42:33Z ERR  RunnerServer] GitHub.Services.WebApi.VssServiceResponseException: The resource cannot be found.
   at GitHub.Services.WebApi.VssHttpClientBase.HandleResponseAsync(HttpResponseMessage response, CancellationToken cancellationToken)
   at GitHub.Services.WebApi.VssHttpClientBase.SendAsync(HttpRequestMessage message, HttpCompletionOption completionOption, Object userState, CancellationToken cancellationToken)
   at GitHub.Services.WebApi.VssHttpClientBase.SendAsync[T](HttpRequestMessage message, Object userState, CancellationToken cancellationToken)
   at GitHub.Services.Location.Client.LocationHttpClient.GetConnectionDataAsync(ConnectOptions connectOptions, Int64 lastChangeId, CancellationToken cancellationToken, Object userState)
   at GitHub.Services.WebApi.Location.VssServerDataProvider.GetConnectionDataAsync(ConnectOptions connectOptions, Int32 lastChangeId, CancellationToken cancellationToken)
   at GitHub.Services.WebApi.Location.VssServerDataProvider.ConnectAsync(ConnectOptions connectOptions, CancellationToken cancellationToken)
   at GitHub.Runner.Common.RunnerService.EstablishVssConnection(Uri serverUrl, VssCredentials credentials, TimeSpan timeout)
[2025-09-16 08:42:33Z INFO GitHubActionsService] Starting operation Location.GetConnectionData
[2025-09-16 08:42:33Z INFO GitHubActionsService] Starting operation Location.GetConnectionData
[2025-09-16 08:42:34Z ERR  GitHubActionsService] GET request to https://pipelinesghubeus6.actions.githubusercontent.com/hKyNd5hzQTjPqVOxuFp9CyJ2tMUr8ytJJ9FfsFju3bqhBGI0lq/_apis/connectionData?connectOptions=1&lastChangeId=258625537&lastChangeId64=258625537 failed. HTTP Status: NotFound
[2025-09-16 08:42:34Z INFO GitHubActionsService] Finished operation Location.GetConnectionData
[2025-09-16 08:42:34Z INFO RunnerServer] Catch exception during connect. 3 attempt left.
[2025-09-16 08:42:34Z ERR  RunnerServer] GitHub.Services.WebApi.VssServiceResponseException: The resource cannot be found.
   at GitHub.Services.WebApi.VssHttpClientBase.HandleResponseAsync(HttpResponseMessage response, CancellationToken cancellationToken)
   at GitHub.Services.WebApi.VssHttpClientBase.SendAsync(HttpRequestMessage message, HttpCompletionOption completionOption, Object userState, CancellationToken cancellationToken)
   at GitHub.Services.WebApi.VssHttpClientBase.SendAsync[T](HttpRequestMessage message, Object userState, CancellationToken cancellationToken)
   at GitHub.Services.Location.Client.LocationHttpClient.GetConnectionDataAsync(ConnectOptions connectOptions, Int64 lastChangeId, CancellationToken cancellationToken, Object userState)
   at GitHub.Services.WebApi.Location.VssServerDataProvider.GetConnectionDataAsync(ConnectOptions connectOptions, Int32 lastChangeId, CancellationToken cancellationToken)
   at GitHub.Services.WebApi.Location.VssServerDataProvider.ConnectAsync(ConnectOptions connectOptions, CancellationToken cancellationToken)
   at GitHub.Runner.Common.RunnerService.EstablishVssConnection(Uri serverUrl, VssCredentials credentials, TimeSpan timeout)
[2025-09-16 08:42:34Z ERR  GitHubActionsService] GET request to https://pipelinesghubeus6.actions.githubusercontent.com/hKyNd5hzQTjPqVOxuFp9CyJ2tMUr8ytJJ9FfsFju3bqhBGI0lq/_apis/connectionData?connectOptions=1&lastChangeId=258625537&lastChangeId64=258625537 failed. HTTP Status: NotFound
[2025-09-16 08:42:34Z INFO GitHubActionsService] Finished operation Location.GetConnectionData
[2025-09-16 08:42:34Z INFO RunnerServer] Catch exception during connect. 3 attempt left.
[2025-09-16 08:42:34Z ERR  RunnerServer] GitHub.Services.WebApi.VssServiceResponseException: The resource cannot be found.
   at GitHub.Services.WebApi.VssHttpClientBase.HandleResponseAsync(HttpResponseMessage response, CancellationToken cancellationToken)
   at GitHub.Services.WebApi.VssHttpClientBase.SendAsync(HttpRequestMessage message, HttpCompletionOption completionOption, Object userState, CancellationToken cancellationToken)
   at GitHub.Services.WebApi.VssHttpClientBase.SendAsync[T](HttpRequestMessage message, Object userState, CancellationToken cancellationToken)
   at GitHub.Services.Location.Client.LocationHttpClient.GetConnectionDataAsync(ConnectOptions connectOptions, Int64 lastChangeId, CancellationToken cancellationToken, Object userState)
   at GitHub.Services.WebApi.Location.VssServerDataProvider.GetConnectionDataAsync(ConnectOptions connectOptions, Int32 lastChangeId, CancellationToken cancellationToken)
   at GitHub.Services.WebApi.Location.VssServerDataProvider.ConnectAsync(ConnectOptions connectOptions, CancellationToken cancellationToken)
   at GitHub.Runner.Common.RunnerService.EstablishVssConnection(Uri serverUrl, VssCredentials credentials, TimeSpan timeout)
[2025-09-16 08:42:34Z ERR  GitHubActionsService] GET request to https://pipelinesghubeus6.actions.githubusercontent.com/hKyNd5hzQTjPqVOxuFp9CyJ2tMUr8ytJJ9FfsFju3bqhBGI0lq/_apis/connectionData?connectOptions=1&lastChangeId=258625537&lastChangeId64=258625537 failed. HTTP Status: NotFound
[2025-09-16 08:42:34Z INFO GitHubActionsService] Finished operation Location.GetConnectionData
[2025-09-16 08:42:34Z INFO RunnerServer] Catch exception during connect. 3 attempt left.
[2025-09-16 08:42:34Z ERR  RunnerServer] GitHub.Services.WebApi.VssServiceResponseException: The resource cannot be found.
   at GitHub.Services.WebApi.VssHttpClientBase.HandleResponseAsync(HttpResponseMessage response, CancellationToken cancellationToken)
   at GitHub.Services.WebApi.VssHttpClientBase.SendAsync(HttpRequestMessage message, HttpCompletionOption completionOption, Object userState, CancellationToken cancellationToken)
   at GitHub.Services.WebApi.VssHttpClientBase.SendAsync[T](HttpRequestMessage message, Object userState, CancellationToken cancellationToken)
   at GitHub.Services.Location.Client.LocationHttpClient.GetConnectionDataAsync(ConnectOptions connectOptions, Int64 lastChangeId, CancellationToken cancellationToken, Object userState)
   at GitHub.Services.WebApi.Location.VssServerDataProvider.GetConnectionDataAsync(ConnectOptions connectOptions, Int32 lastChangeId, CancellationToken cancellationToken)
   at GitHub.Services.WebApi.Location.VssServerDataProvider.ConnectAsync(ConnectOptions connectOptions, CancellationToken cancellationToken)
   at GitHub.Runner.Common.RunnerService.EstablishVssConnection(Uri serverUrl, VssCredentials credentials, TimeSpan timeout)
[2025-09-16 08:42:34Z INFO GitHubActionsService] Starting operation Location.GetConnectionData
[2025-09-16 08:42:34Z INFO GitHubActionsService] Starting operation Location.GetConnectionData
[2025-09-16 08:42:34Z INFO GitHubActionsService] Starting operation Location.GetConnectionData
[2025-09-16 08:42:35Z ERR  GitHubActionsService] GET request to https://pipelinesghubeus6.actions.githubusercontent.com/hKyNd5hzQTjPqVOxuFp9CyJ2tMUr8ytJJ9FfsFju3bqhBGI0lq/_apis/connectionData?connectOptions=1&lastChangeId=258625537&lastChangeId64=258625537 failed. HTTP Status: NotFound
[2025-09-16 08:42:35Z INFO GitHubActionsService] Finished operation Location.GetConnectionData
[2025-09-16 08:42:35Z INFO RunnerServer] Catch exception during connect. 2 attempt left.
[2025-09-16 08:42:35Z ERR  RunnerServer] GitHub.Services.WebApi.VssServiceResponseException: The resource cannot be found.
   at GitHub.Services.WebApi.VssHttpClientBase.HandleResponseAsync(HttpResponseMessage response, CancellationToken cancellationToken)
   at GitHub.Services.WebApi.VssHttpClientBase.SendAsync(HttpRequestMessage message, HttpCompletionOption completionOption, Object userState, CancellationToken cancellationToken)
   at GitHub.Services.WebApi.VssHttpClientBase.SendAsync[T](HttpRequestMessage message, Object userState, CancellationToken cancellationToken)
   at GitHub.Services.Location.Client.LocationHttpClient.GetConnectionDataAsync(ConnectOptions connectOptions, Int64 lastChangeId, CancellationToken cancellationToken, Object userState)
   at GitHub.Services.WebApi.Location.VssServerDataProvider.GetConnectionDataAsync(ConnectOptions connectOptions, Int32 lastChangeId, CancellationToken cancellationToken)
   at GitHub.Services.WebApi.Location.VssServerDataProvider.ConnectAsync(ConnectOptions connectOptions, CancellationToken cancellationToken)
   at GitHub.Runner.Common.RunnerService.EstablishVssConnection(Uri serverUrl, VssCredentials credentials, TimeSpan timeout)
[2025-09-16 08:42:35Z ERR  GitHubActionsService] GET request to https://pipelinesghubeus6.actions.githubusercontent.com/hKyNd5hzQTjPqVOxuFp9CyJ2tMUr8ytJJ9FfsFju3bqhBGI0lq/_apis/connectionData?connectOptions=1&lastChangeId=258625537&lastChangeId64=258625537 failed. HTTP Status: NotFound
[2025-09-16 08:42:35Z INFO GitHubActionsService] Finished operation Location.GetConnectionData
[2025-09-16 08:42:35Z INFO RunnerServer] Catch exception during connect. 2 attempt left.
[2025-09-16 08:42:35Z ERR  RunnerServer] GitHub.Services.WebApi.VssServiceResponseException: The resource cannot be found.
   at GitHub.Services.WebApi.VssHttpClientBase.HandleResponseAsync(HttpResponseMessage response, CancellationToken cancellationToken)
   at GitHub.Services.WebApi.VssHttpClientBase.SendAsync(HttpRequestMessage message, HttpCompletionOption completionOption, Object userState, CancellationToken cancellationToken)
   at GitHub.Services.WebApi.VssHttpClientBase.SendAsync[T](HttpRequestMessage message, Object userState, CancellationToken cancellationToken)
   at GitHub.Services.Location.Client.LocationHttpClient.GetConnectionDataAsync(ConnectOptions connectOptions, Int64 lastChangeId, CancellationToken cancellationToken, Object userState)
   at GitHub.Services.WebApi.Location.VssServerDataProvider.GetConnectionDataAsync(ConnectOptions connectOptions, Int32 lastChangeId, CancellationToken cancellationToken)
   at GitHub.Services.WebApi.Location.VssServerDataProvider.ConnectAsync(ConnectOptions connectOptions, CancellationToken cancellationToken)
   at GitHub.Runner.Common.RunnerService.EstablishVssConnection(Uri serverUrl, VssCredentials credentials, TimeSpan timeout)
[2025-09-16 08:42:35Z INFO GitHubActionsService] Starting operation Location.GetConnectionData
[2025-09-16 08:42:35Z ERR  GitHubActionsService] GET request to https://pipelinesghubeus6.actions.githubusercontent.com/hKyNd5hzQTjPqVOxuFp9CyJ2tMUr8ytJJ9FfsFju3bqhBGI0lq/_apis/connectionData?connectOptions=1&lastChangeId=258625537&lastChangeId64=258625537 failed. HTTP Status: NotFound
[2025-09-16 08:42:35Z INFO GitHubActionsService] Finished operation Location.GetConnectionData
[2025-09-16 08:42:35Z INFO RunnerServer] Catch exception during connect. 2 attempt left.
[2025-09-16 08:42:35Z ERR  RunnerServer] GitHub.Services.WebApi.VssServiceResponseException: The resource cannot be found.
   at GitHub.Services.WebApi.VssHttpClientBase.HandleResponseAsync(HttpResponseMessage response, CancellationToken cancellationToken)
   at GitHub.Services.WebApi.VssHttpClientBase.SendAsync(HttpRequestMessage message, HttpCompletionOption completionOption, Object userState, CancellationToken cancellationToken)
   at GitHub.Services.WebApi.VssHttpClientBase.SendAsync[T](HttpRequestMessage message, Object userState, CancellationToken cancellationToken)
   at GitHub.Services.Location.Client.LocationHttpClient.GetConnectionDataAsync(ConnectOptions connectOptions, Int64 lastChangeId, CancellationToken cancellationToken, Object userState)
   at GitHub.Services.WebApi.Location.VssServerDataProvider.GetConnectionDataAsync(ConnectOptions connectOptions, Int32 lastChangeId, CancellationToken cancellationToken)
   at GitHub.Services.WebApi.Location.VssServerDataProvider.ConnectAsync(ConnectOptions connectOptions, CancellationToken cancellationToken)
   at GitHub.Runner.Common.RunnerService.EstablishVssConnection(Uri serverUrl, VssCredentials credentials, TimeSpan timeout)
[2025-09-16 08:42:35Z INFO GitHubActionsService] Starting operation Location.GetConnectionData
[2025-09-16 08:42:35Z INFO GitHubActionsService] Starting operation Location.GetConnectionData
[2025-09-16 08:42:35Z ERR  GitHubActionsService] GET request to https://pipelinesghubeus6.actions.githubusercontent.com/hKyNd5hzQTjPqVOxuFp9CyJ2tMUr8ytJJ9FfsFju3bqhBGI0lq/_apis/connectionData?connectOptions=1&lastChangeId=258625537&lastChangeId64=258625537 failed. HTTP Status: NotFound
[2025-09-16 08:42:35Z INFO GitHubActionsService] Finished operation Location.GetConnectionData
[2025-09-16 08:42:35Z INFO RunnerServer] Catch exception during connect. 1 attempt left.
[2025-09-16 08:42:35Z ERR  RunnerServer] GitHub.Services.WebApi.VssServiceResponseException: The resource cannot be found.
   at GitHub.Services.WebApi.VssHttpClientBase.HandleResponseAsync(HttpResponseMessage response, CancellationToken cancellationToken)
   at GitHub.Services.WebApi.VssHttpClientBase.SendAsync(HttpRequestMessage message, HttpCompletionOption completionOption, Object userState, CancellationToken cancellationToken)
   at GitHub.Services.WebApi.VssHttpClientBase.SendAsync[T](HttpRequestMessage message, Object userState, CancellationToken cancellationToken)
   at GitHub.Services.Location.Client.LocationHttpClient.GetConnectionDataAsync(ConnectOptions connectOptions, Int64 lastChangeId, CancellationToken cancellationToken, Object userState)
   at GitHub.Services.WebApi.Location.VssServerDataProvider.GetConnectionDataAsync(ConnectOptions connectOptions, Int32 lastChangeId, CancellationToken cancellationToken)
   at GitHub.Services.WebApi.Location.VssServerDataProvider.ConnectAsync(ConnectOptions connectOptions, CancellationToken cancellationToken)
   at GitHub.Runner.Common.RunnerService.EstablishVssConnection(Uri serverUrl, VssCredentials credentials, TimeSpan timeout)
[2025-09-16 08:42:35Z INFO GitHubActionsService] Starting operation Location.GetConnectionData
[2025-09-16 08:42:35Z ERR  GitHubActionsService] GET request to https://pipelinesghubeus6.actions.githubusercontent.com/hKyNd5hzQTjPqVOxuFp9CyJ2tMUr8ytJJ9FfsFju3bqhBGI0lq/_apis/connectionData?connectOptions=1&lastChangeId=258625537&lastChangeId64=258625537 failed. HTTP Status: NotFound
[2025-09-16 08:42:35Z INFO GitHubActionsService] Finished operation Location.GetConnectionData
[2025-09-16 08:42:35Z INFO RunnerServer] Catch exception during connect. 1 attempt left.
[2025-09-16 08:42:35Z ERR  RunnerServer] GitHub.Services.WebApi.VssServiceResponseException: The resource cannot be found.
   at GitHub.Services.WebApi.VssHttpClientBase.HandleResponseAsync(HttpResponseMessage response, CancellationToken cancellationToken)
   at GitHub.Services.WebApi.VssHttpClientBase.SendAsync(HttpRequestMessage message, HttpCompletionOption completionOption, Object userState, CancellationToken cancellationToken)
   at GitHub.Services.WebApi.VssHttpClientBase.SendAsync[T](HttpRequestMessage message, Object userState, CancellationToken cancellationToken)
   at GitHub.Services.Location.Client.LocationHttpClient.GetConnectionDataAsync(ConnectOptions connectOptions, Int64 lastChangeId, CancellationToken cancellationToken, Object userState)
   at GitHub.Services.WebApi.Location.VssServerDataProvider.GetConnectionDataAsync(ConnectOptions connectOptions, Int32 lastChangeId, CancellationToken cancellationToken)
   at GitHub.Services.WebApi.Location.VssServerDataProvider.ConnectAsync(ConnectOptions connectOptions, CancellationToken cancellationToken)
   at GitHub.Runner.Common.RunnerService.EstablishVssConnection(Uri serverUrl, VssCredentials credentials, TimeSpan timeout)
[2025-09-16 08:42:36Z ERR  GitHubActionsService] GET request to https://pipelinesghubeus6.actions.githubusercontent.com/hKyNd5hzQTjPqVOxuFp9CyJ2tMUr8ytJJ9FfsFju3bqhBGI0lq/_apis/connectionData?connectOptions=1&lastChangeId=258625537&lastChangeId64=258625537 failed. HTTP Status: NotFound
[2025-09-16 08:42:36Z INFO GitHubActionsService] Finished operation Location.GetConnectionData
[2025-09-16 08:42:36Z INFO RunnerServer] Catch exception during connect. 1 attempt left.
[2025-09-16 08:42:36Z ERR  RunnerServer] GitHub.Services.WebApi.VssServiceResponseException: The resource cannot be found.
   at GitHub.Services.WebApi.VssHttpClientBase.HandleResponseAsync(HttpResponseMessage response, CancellationToken cancellationToken)
   at GitHub.Services.WebApi.VssHttpClientBase.SendAsync(HttpRequestMessage message, HttpCompletionOption completionOption, Object userState, CancellationToken cancellationToken)
   at GitHub.Services.WebApi.VssHttpClientBase.SendAsync[T](HttpRequestMessage message, Object userState, CancellationToken cancellationToken)
   at GitHub.Services.Location.Client.LocationHttpClient.GetConnectionDataAsync(ConnectOptions connectOptions, Int64 lastChangeId, CancellationToken cancellationToken, Object userState)
   at GitHub.Services.WebApi.Location.VssServerDataProvider.GetConnectionDataAsync(ConnectOptions connectOptions, Int32 lastChangeId, CancellationToken cancellationToken)
   at GitHub.Services.WebApi.Location.VssServerDataProvider.ConnectAsync(ConnectOptions connectOptions, CancellationToken cancellationToken)
   at GitHub.Runner.Common.RunnerService.EstablishVssConnection(Uri serverUrl, VssCredentials credentials, TimeSpan timeout)
[2025-09-16 08:42:36Z INFO GitHubActionsService] Starting operation Location.GetConnectionData
[2025-09-16 08:42:36Z INFO GitHubActionsService] Starting operation Location.GetConnectionData
[2025-09-16 08:42:36Z ERR  GitHubActionsService] GET request to https://pipelinesghubeus6.actions.githubusercontent.com/hKyNd5hzQTjPqVOxuFp9CyJ2tMUr8ytJJ9FfsFju3bqhBGI0lq/_apis/connectionData?connectOptions=1&lastChangeId=258625537&lastChangeId64=258625537 failed. HTTP Status: NotFound
[2025-09-16 08:42:36Z INFO GitHubActionsService] Finished operation Location.GetConnectionData
[2025-09-16 08:42:36Z ERR  GitHubActionsService] GET request to https://pipelinesghubeus6.actions.githubusercontent.com/hKyNd5hzQTjPqVOxuFp9CyJ2tMUr8ytJJ9FfsFju3bqhBGI0lq/_apis/connectionData?connectOptions=1&lastChangeId=258625537&lastChangeId64=258625537 failed. HTTP Status: NotFound
[2025-09-16 08:42:36Z INFO GitHubActionsService] Finished operation Location.GetConnectionData
[2025-09-16 08:42:36Z ERR  GitHubActionsService] GET request to https://pipelinesghubeus6.actions.githubusercontent.com/hKyNd5hzQTjPqVOxuFp9CyJ2tMUr8ytJJ9FfsFju3bqhBGI0lq/_apis/connectionData?connectOptions=1&lastChangeId=258625537&lastChangeId64=258625537 failed. HTTP Status: NotFound
[2025-09-16 08:42:36Z INFO GitHubActionsService] Finished operation Location.GetConnectionData
[2025-09-16 08:42:36Z ERR  BrokerMessageListener] Catch exception during create session.
[2025-09-16 08:42:36Z ERR  BrokerMessageListener] GitHub.Services.WebApi.VssServiceResponseException: The resource cannot be found.
   at GitHub.Services.WebApi.VssHttpClientBase.HandleResponseAsync(HttpResponseMessage response, CancellationToken cancellationToken)
   at GitHub.Services.WebApi.VssHttpClientBase.SendAsync(HttpRequestMessage message, HttpCompletionOption completionOption, Object userState, CancellationToken cancellationToken)
   at GitHub.Services.WebApi.VssHttpClientBase.SendAsync[T](HttpRequestMessage message, Object userState, CancellationToken cancellationToken)
   at GitHub.Services.Location.Client.LocationHttpClient.GetConnectionDataAsync(ConnectOptions connectOptions, Int64 lastChangeId, CancellationToken cancellationToken, Object userState)
   at GitHub.Services.WebApi.Location.VssServerDataProvider.GetConnectionDataAsync(ConnectOptions connectOptions, Int32 lastChangeId, CancellationToken cancellationToken)
   at GitHub.Services.WebApi.Location.VssServerDataProvider.ConnectAsync(ConnectOptions connectOptions, CancellationToken cancellationToken)
   at GitHub.Runner.Common.RunnerService.EstablishVssConnection(Uri serverUrl, VssCredentials credentials, TimeSpan timeout)
   at GitHub.Runner.Common.RunnerServer.ConnectAsync(Uri serverUrl, VssCredentials credentials)
   at GitHub.Runner.Listener.BrokerMessageListener.CreateSessionAsync(CancellationToken token)
[2025-09-16 08:42:36Z INFO BrokerMessageListener] Retriable exception: The resource cannot be found.
[2025-09-16 08:42:36Z INFO BrokerMessageListener] Sleeping for 30 seconds before retrying.
[2025-09-16 08:43:06Z INFO BrokerMessageListener] Attempt to create session.
[2025-09-16 08:43:06Z INFO BrokerMessageListener] Connecting to the Broker Server...
[2025-09-16 08:43:06Z INFO ConfigurationStore] HasCredentials()
[2025-09-16 08:43:06Z INFO ConfigurationStore] stored True
[2025-09-16 08:43:06Z INFO CredentialManager] GetCredentialProvider
[2025-09-16 08:43:06Z INFO CredentialManager] Creating type OAuth
[2025-09-16 08:43:06Z INFO CredentialManager] Creating credential type: OAuth
[2025-09-16 08:43:06Z INFO RSAEncryptedFileKeyManager] Loading RSA key parameters from file G:\Brunella\actions-runner\.credentials_rsaparams
[2025-09-16 08:43:06Z INFO BrokerMessageListener] VssConnection created
[2025-09-16 08:43:06Z INFO BrokerMessageListener] Connecting to the Runner server...
[2025-09-16 08:43:06Z INFO RunnerServer] EstablishVssConnection
[2025-09-16 08:43:06Z INFO RunnerServer] Establish connection with 100 seconds timeout.
[2025-09-16 08:43:06Z INFO GitHubActionsService] Starting operation Location.GetConnectionData
[2025-09-16 08:43:06Z INFO RunnerServer] EstablishVssConnection
[2025-09-16 08:43:06Z INFO RunnerServer] Establish connection with 60 seconds timeout.
[2025-09-16 08:43:06Z INFO GitHubActionsService] Starting operation Location.GetConnectionData
[2025-09-16 08:43:06Z INFO RunnerServer] EstablishVssConnection
[2025-09-16 08:43:06Z INFO RunnerServer] Establish connection with 60 seconds timeout.
[2025-09-16 08:43:06Z INFO GitHubActionsService] Starting operation Location.GetConnectionData
[2025-09-16 08:43:07Z ERR  GitHubActionsService] GET request to https://pipelinesghubeus6.actions.githubusercontent.com/hKyNd5hzQTjPqVOxuFp9CyJ2tMUr8ytJJ9FfsFju3bqhBGI0lq/_apis/connectionData?connectOptions=1&lastChangeId=258625537&lastChangeId64=258625537 failed. HTTP Status: NotFound
[2025-09-16 08:43:07Z INFO GitHubActionsService] Finished operation Location.GetConnectionData
[2025-09-16 08:43:07Z INFO RunnerServer] Catch exception during connect. 4 attempt left.
[2025-09-16 08:43:07Z ERR  RunnerServer] GitHub.Services.WebApi.VssServiceResponseException: The resource cannot be found.
   at GitHub.Services.WebApi.VssHttpClientBase.HandleResponseAsync(HttpResponseMessage response, CancellationToken cancellationToken)
   at GitHub.Services.WebApi.VssHttpClientBase.SendAsync(HttpRequestMessage message, HttpCompletionOption completionOption, Object userState, CancellationToken cancellationToken)
   at GitHub.Services.WebApi.VssHttpClientBase.SendAsync[T](HttpRequestMessage message, Object userState, CancellationToken cancellationToken)
   at GitHub.Services.Location.Client.LocationHttpClient.GetConnectionDataAsync(ConnectOptions connectOptions, Int64 lastChangeId, CancellationToken cancellationToken, Object userState)
   at GitHub.Services.WebApi.Location.VssServerDataProvider.GetConnectionDataAsync(ConnectOptions connectOptions, Int32 lastChangeId, CancellationToken cancellationToken)
   at GitHub.Services.WebApi.Location.VssServerDataProvider.ConnectAsync(ConnectOptions connectOptions, CancellationToken cancellationToken)
   at GitHub.Runner.Common.RunnerService.EstablishVssConnection(Uri serverUrl, VssCredentials credentials, TimeSpan timeout)
[2025-09-16 08:43:07Z ERR  GitHubActionsService] GET request to https://pipelinesghubeus6.actions.githubusercontent.com/hKyNd5hzQTjPqVOxuFp9CyJ2tMUr8ytJJ9FfsFju3bqhBGI0lq/_apis/connectionData?connectOptions=1&lastChangeId=258625537&lastChangeId64=258625537 failed. HTTP Status: NotFound
[2025-09-16 08:43:07Z INFO GitHubActionsService] Finished operation Location.GetConnectionData
[2025-09-16 08:43:07Z INFO RunnerServer] Catch exception during connect. 4 attempt left.
[2025-09-16 08:43:07Z ERR  RunnerServer] GitHub.Services.WebApi.VssServiceResponseException: The resource cannot be found.
   at GitHub.Services.WebApi.VssHttpClientBase.HandleResponseAsync(HttpResponseMessage response, CancellationToken cancellationToken)
   at GitHub.Services.WebApi.VssHttpClientBase.SendAsync(HttpRequestMessage message, HttpCompletionOption completionOption, Object userState, CancellationToken cancellationToken)
   at GitHub.Services.WebApi.VssHttpClientBase.SendAsync[T](HttpRequestMessage message, Object userState, CancellationToken cancellationToken)
   at GitHub.Services.Location.Client.LocationHttpClient.GetConnectionDataAsync(ConnectOptions connectOptions, Int64 lastChangeId, CancellationToken cancellationToken, Object userState)
   at GitHub.Services.WebApi.Location.VssServerDataProvider.GetConnectionDataAsync(ConnectOptions connectOptions, Int32 lastChangeId, CancellationToken cancellationToken)
   at GitHub.Services.WebApi.Location.VssServerDataProvider.ConnectAsync(ConnectOptions connectOptions, CancellationToken cancellationToken)
   at GitHub.Runner.Common.RunnerService.EstablishVssConnection(Uri serverUrl, VssCredentials credentials, TimeSpan timeout)
[2025-09-16 08:43:07Z ERR  GitHubActionsService] GET request to https://pipelinesghubeus6.actions.githubusercontent.com/hKyNd5hzQTjPqVOxuFp9CyJ2tMUr8ytJJ9FfsFju3bqhBGI0lq/_apis/connectionData?connectOptions=1&lastChangeId=258625537&lastChangeId64=258625537 failed. HTTP Status: NotFound
[2025-09-16 08:43:07Z INFO GitHubActionsService] Finished operation Location.GetConnectionData
[2025-09-16 08:43:07Z INFO RunnerServer] Catch exception during connect. 4 attempt left.
[2025-09-16 08:43:07Z ERR  RunnerServer] GitHub.Services.WebApi.VssServiceResponseException: The resource cannot be found.
   at GitHub.Services.WebApi.VssHttpClientBase.HandleResponseAsync(HttpResponseMessage response, CancellationToken cancellationToken)
   at GitHub.Services.WebApi.VssHttpClientBase.SendAsync(HttpRequestMessage message, HttpCompletionOption completionOption, Object userState, CancellationToken cancellationToken)
   at GitHub.Services.WebApi.VssHttpClientBase.SendAsync[T](HttpRequestMessage message, Object userState, CancellationToken cancellationToken)
   at GitHub.Services.Location.Client.LocationHttpClient.GetConnectionDataAsync(ConnectOptions connectOptions, Int64 lastChangeId, CancellationToken cancellationToken, Object userState)
   at GitHub.Services.WebApi.Location.VssServerDataProvider.GetConnectionDataAsync(ConnectOptions connectOptions, Int32 lastChangeId, CancellationToken cancellationToken)
   at GitHub.Services.WebApi.Location.VssServerDataProvider.ConnectAsync(ConnectOptions connectOptions, CancellationToken cancellationToken)
   at GitHub.Runner.Common.RunnerService.EstablishVssConnection(Uri serverUrl, VssCredentials credentials, TimeSpan timeout)
[2025-09-16 08:43:07Z INFO GitHubActionsService] Starting operation Location.GetConnectionData
[2025-09-16 08:43:07Z INFO GitHubActionsService] Starting operation Location.GetConnectionData
[2025-09-16 08:43:07Z INFO GitHubActionsService] Starting operation Location.GetConnectionData
[2025-09-16 08:43:08Z ERR  GitHubActionsService] GET request to https://pipelinesghubeus6.actions.githubusercontent.com/hKyNd5hzQTjPqVOxuFp9CyJ2tMUr8ytJJ9FfsFju3bqhBGI0lq/_apis/connectionData?connectOptions=1&lastChangeId=258625537&lastChangeId64=258625537 failed. HTTP Status: NotFound
[2025-09-16 08:43:08Z INFO GitHubActionsService] Finished operation Location.GetConnectionData
[2025-09-16 08:43:08Z INFO RunnerServer] Catch exception during connect. 3 attempt left.
[2025-09-16 08:43:08Z ERR  RunnerServer] GitHub.Services.WebApi.VssServiceResponseException: The resource cannot be found.
   at GitHub.Services.WebApi.VssHttpClientBase.HandleResponseAsync(HttpResponseMessage response, CancellationToken cancellationToken)
   at GitHub.Services.WebApi.VssHttpClientBase.SendAsync(HttpRequestMessage message, HttpCompletionOption completionOption, Object userState, CancellationToken cancellationToken)
   at GitHub.Services.WebApi.VssHttpClientBase.SendAsync[T](HttpRequestMessage message, Object userState, CancellationToken cancellationToken)
   at GitHub.Services.Location.Client.LocationHttpClient.GetConnectionDataAsync(ConnectOptions connectOptions, Int64 lastChangeId, CancellationToken cancellationToken, Object userState)
   at GitHub.Services.WebApi.Location.VssServerDataProvider.GetConnectionDataAsync(ConnectOptions connectOptions, Int32 lastChangeId, CancellationToken cancellationToken)
   at GitHub.Services.WebApi.Location.VssServerDataProvider.ConnectAsync(ConnectOptions connectOptions, CancellationToken cancellationToken)
   at GitHub.Runner.Common.RunnerService.EstablishVssConnection(Uri serverUrl, VssCredentials credentials, TimeSpan timeout)
[2025-09-16 08:43:08Z ERR  GitHubActionsService] GET request to https://pipelinesghubeus6.actions.githubusercontent.com/hKyNd5hzQTjPqVOxuFp9CyJ2tMUr8ytJJ9FfsFju3bqhBGI0lq/_apis/connectionData?connectOptions=1&lastChangeId=258625537&lastChangeId64=258625537 failed. HTTP Status: NotFound
[2025-09-16 08:43:08Z INFO GitHubActionsService] Finished operation Location.GetConnectionData
[2025-09-16 08:43:08Z INFO RunnerServer] Catch exception during connect. 3 attempt left.
[2025-09-16 08:43:08Z ERR  RunnerServer] GitHub.Services.WebApi.VssServiceResponseException: The resource cannot be found.
   at GitHub.Services.WebApi.VssHttpClientBase.HandleResponseAsync(HttpResponseMessage response, CancellationToken cancellationToken)
   at GitHub.Services.WebApi.VssHttpClientBase.SendAsync(HttpRequestMessage message, HttpCompletionOption completionOption, Object userState, CancellationToken cancellationToken)
   at GitHub.Services.WebApi.VssHttpClientBase.SendAsync[T](HttpRequestMessage message, Object userState, CancellationToken cancellationToken)
   at GitHub.Services.Location.Client.LocationHttpClient.GetConnectionDataAsync(ConnectOptions connectOptions, Int64 lastChangeId, CancellationToken cancellationToken, Object userState)
   at GitHub.Services.WebApi.Location.VssServerDataProvider.GetConnectionDataAsync(ConnectOptions connectOptions, Int32 lastChangeId, CancellationToken cancellationToken)
   at GitHub.Services.WebApi.Location.VssServerDataProvider.ConnectAsync(ConnectOptions connectOptions, CancellationToken cancellationToken)
   at GitHub.Runner.Common.RunnerService.EstablishVssConnection(Uri serverUrl, VssCredentials credentials, TimeSpan timeout)
[2025-09-16 08:43:08Z INFO GitHubActionsService] Starting operation Location.GetConnectionData
[2025-09-16 08:43:08Z ERR  GitHubActionsService] GET request to https://pipelinesghubeus6.actions.githubusercontent.com/hKyNd5hzQTjPqVOxuFp9CyJ2tMUr8ytJJ9FfsFju3bqhBGI0lq/_apis/connectionData?connectOptions=1&lastChangeId=258625537&lastChangeId64=258625537 failed. HTTP Status: NotFound
[2025-09-16 08:43:08Z INFO GitHubActionsService] Finished operation Location.GetConnectionData
[2025-09-16 08:43:08Z INFO RunnerServer] Catch exception during connect. 3 attempt left.
[2025-09-16 08:43:08Z ERR  RunnerServer] GitHub.Services.WebApi.VssServiceResponseException: The resource cannot be found.
   at GitHub.Services.WebApi.VssHttpClientBase.HandleResponseAsync(HttpResponseMessage response, CancellationToken cancellationToken)
   at GitHub.Services.WebApi.VssHttpClientBase.SendAsync(HttpRequestMessage message, HttpCompletionOption completionOption, Object userState, CancellationToken cancellationToken)
   at GitHub.Services.WebApi.VssHttpClientBase.SendAsync[T](HttpRequestMessage message, Object userState, CancellationToken cancellationToken)
   at GitHub.Services.Location.Client.LocationHttpClient.GetConnectionDataAsync(ConnectOptions connectOptions, Int64 lastChangeId, CancellationToken cancellationToken, Object userState)
   at GitHub.Services.WebApi.Location.VssServerDataProvider.GetConnectionDataAsync(ConnectOptions connectOptions, Int32 lastChangeId, CancellationToken cancellationToken)
   at GitHub.Services.WebApi.Location.VssServerDataProvider.ConnectAsync(ConnectOptions connectOptions, CancellationToken cancellationToken)
   at GitHub.Runner.Common.RunnerService.EstablishVssConnection(Uri serverUrl, VssCredentials credentials, TimeSpan timeout)
[2025-09-16 08:43:08Z INFO GitHubActionsService] Starting operation Location.GetConnectionData
[2025-09-16 08:43:08Z INFO GitHubActionsService] Starting operation Location.GetConnectionData
[2025-09-16 08:43:08Z ERR  GitHubActionsService] GET request to https://pipelinesghubeus6.actions.githubusercontent.com/hKyNd5hzQTjPqVOxuFp9CyJ2tMUr8ytJJ9FfsFju3bqhBGI0lq/_apis/connectionData?connectOptions=1&lastChangeId=258625537&lastChangeId64=258625537 failed. HTTP Status: NotFound
[2025-09-16 08:43:08Z INFO GitHubActionsService] Finished operation Location.GetConnectionData
[2025-09-16 08:43:08Z INFO RunnerServer] Catch exception during connect. 2 attempt left.
[2025-09-16 08:43:08Z ERR  RunnerServer] GitHub.Services.WebApi.VssServiceResponseException: The resource cannot be found.
   at GitHub.Services.WebApi.VssHttpClientBase.HandleResponseAsync(HttpResponseMessage response, CancellationToken cancellationToken)
   at GitHub.Services.WebApi.VssHttpClientBase.SendAsync(HttpRequestMessage message, HttpCompletionOption completionOption, Object userState, CancellationToken cancellationToken)
   at GitHub.Services.WebApi.VssHttpClientBase.SendAsync[T](HttpRequestMessage message, Object userState, CancellationToken cancellationToken)
   at GitHub.Services.Location.Client.LocationHttpClient.GetConnectionDataAsync(ConnectOptions connectOptions, Int64 lastChangeId, CancellationToken cancellationToken, Object userState)
   at GitHub.Services.WebApi.Location.VssServerDataProvider.GetConnectionDataAsync(ConnectOptions connectOptions, Int32 lastChangeId, CancellationToken cancellationToken)
   at GitHub.Services.WebApi.Location.VssServerDataProvider.ConnectAsync(ConnectOptions connectOptions, CancellationToken cancellationToken)
   at GitHub.Runner.Common.RunnerService.EstablishVssConnection(Uri serverUrl, VssCredentials credentials, TimeSpan timeout)
[2025-09-16 08:43:09Z INFO GitHubActionsService] Starting operation Location.GetConnectionData
[2025-09-16 08:43:09Z ERR  GitHubActionsService] GET request to https://pipelinesghubeus6.actions.githubusercontent.com/hKyNd5hzQTjPqVOxuFp9CyJ2tMUr8ytJJ9FfsFju3bqhBGI0lq/_apis/connectionData?connectOptions=1&lastChangeId=258625537&lastChangeId64=258625537 failed. HTTP Status: NotFound
[2025-09-16 08:43:09Z INFO GitHubActionsService] Finished operation Location.GetConnectionData
[2025-09-16 08:43:09Z INFO RunnerServer] Catch exception during connect. 2 attempt left.
[2025-09-16 08:43:09Z ERR  RunnerServer] GitHub.Services.WebApi.VssServiceResponseException: The resource cannot be found.
   at GitHub.Services.WebApi.VssHttpClientBase.HandleResponseAsync(HttpResponseMessage response, CancellationToken cancellationToken)
   at GitHub.Services.WebApi.VssHttpClientBase.SendAsync(HttpRequestMessage message, HttpCompletionOption completionOption, Object userState, CancellationToken cancellationToken)
   at GitHub.Services.WebApi.VssHttpClientBase.SendAsync[T](HttpRequestMessage message, Object userState, CancellationToken cancellationToken)
   at GitHub.Services.Location.Client.LocationHttpClient.GetConnectionDataAsync(ConnectOptions connectOptions, Int64 lastChangeId, CancellationToken cancellationToken, Object userState)
   at GitHub.Services.WebApi.Location.VssServerDataProvider.GetConnectionDataAsync(ConnectOptions connectOptions, Int32 lastChangeId, CancellationToken cancellationToken)
   at GitHub.Services.WebApi.Location.VssServerDataProvider.ConnectAsync(ConnectOptions connectOptions, CancellationToken cancellationToken)
   at GitHub.Runner.Common.RunnerService.EstablishVssConnection(Uri serverUrl, VssCredentials credentials, TimeSpan timeout)
[2025-09-16 08:43:09Z ERR  GitHubActionsService] GET request to https://pipelinesghubeus6.actions.githubusercontent.com/hKyNd5hzQTjPqVOxuFp9CyJ2tMUr8ytJJ9FfsFju3bqhBGI0lq/_apis/connectionData?connectOptions=1&lastChangeId=258625537&lastChangeId64=258625537 failed. HTTP Status: NotFound
[2025-09-16 08:43:09Z INFO GitHubActionsService] Finished operation Location.GetConnectionData
[2025-09-16 08:43:09Z INFO RunnerServer] Catch exception during connect. 2 attempt left.
[2025-09-16 08:43:09Z ERR  RunnerServer] GitHub.Services.WebApi.VssServiceResponseException: The resource cannot be found.
   at GitHub.Services.WebApi.VssHttpClientBase.HandleResponseAsync(HttpResponseMessage response, CancellationToken cancellationToken)
   at GitHub.Services.WebApi.VssHttpClientBase.SendAsync(HttpRequestMessage message, HttpCompletionOption completionOption, Object userState, CancellationToken cancellationToken)
   at GitHub.Services.WebApi.VssHttpClientBase.SendAsync[T](HttpRequestMessage message, Object userState, CancellationToken cancellationToken)
   at GitHub.Services.Location.Client.LocationHttpClient.GetConnectionDataAsync(ConnectOptions connectOptions, Int64 lastChangeId, CancellationToken cancellationToken, Object userState)
   at GitHub.Services.WebApi.Location.VssServerDataProvider.GetConnectionDataAsync(ConnectOptions connectOptions, Int32 lastChangeId, CancellationToken cancellationToken)
   at GitHub.Services.WebApi.Location.VssServerDataProvider.ConnectAsync(ConnectOptions connectOptions, CancellationToken cancellationToken)
   at GitHub.Runner.Common.RunnerService.EstablishVssConnection(Uri serverUrl, VssCredentials credentials, TimeSpan timeout)
[2025-09-16 08:43:09Z INFO GitHubActionsService] Starting operation Location.GetConnectionData
[2025-09-16 08:43:09Z INFO GitHubActionsService] Starting operation Location.GetConnectionData
[2025-09-16 08:43:09Z ERR  GitHubActionsService] GET request to https://pipelinesghubeus6.actions.githubusercontent.com/hKyNd5hzQTjPqVOxuFp9CyJ2tMUr8ytJJ9FfsFju3bqhBGI0lq/_apis/connectionData?connectOptions=1&lastChangeId=258625537&lastChangeId64=258625537 failed. HTTP Status: NotFound
[2025-09-16 08:43:09Z INFO GitHubActionsService] Finished operation Location.GetConnectionData
[2025-09-16 08:43:09Z INFO RunnerServer] Catch exception during connect. 1 attempt left.
[2025-09-16 08:43:09Z ERR  RunnerServer] GitHub.Services.WebApi.VssServiceResponseException: The resource cannot be found.
   at GitHub.Services.WebApi.VssHttpClientBase.HandleResponseAsync(HttpResponseMessage response, CancellationToken cancellationToken)
   at GitHub.Services.WebApi.VssHttpClientBase.SendAsync(HttpRequestMessage message, HttpCompletionOption completionOption, Object userState, CancellationToken cancellationToken)
   at GitHub.Services.WebApi.VssHttpClientBase.SendAsync[T](HttpRequestMessage message, Object userState, CancellationToken cancellationToken)
   at GitHub.Services.Location.Client.LocationHttpClient.GetConnectionDataAsync(ConnectOptions connectOptions, Int64 lastChangeId, CancellationToken cancellationToken, Object userState)
   at GitHub.Services.WebApi.Location.VssServerDataProvider.GetConnectionDataAsync(ConnectOptions connectOptions, Int32 lastChangeId, CancellationToken cancellationToken)
   at GitHub.Services.WebApi.Location.VssServerDataProvider.ConnectAsync(ConnectOptions connectOptions, CancellationToken cancellationToken)
   at GitHub.Runner.Common.RunnerService.EstablishVssConnection(Uri serverUrl, VssCredentials credentials, TimeSpan timeout)
[2025-09-16 08:43:09Z INFO GitHubActionsService] Starting operation Location.GetConnectionData
[2025-09-16 08:43:09Z ERR  GitHubActionsService] GET request to https://pipelinesghubeus6.actions.githubusercontent.com/hKyNd5hzQTjPqVOxuFp9CyJ2tMUr8ytJJ9FfsFju3bqhBGI0lq/_apis/connectionData?connectOptions=1&lastChangeId=258625537&lastChangeId64=258625537 failed. HTTP Status: NotFound
[2025-09-16 08:43:09Z INFO GitHubActionsService] Finished operation Location.GetConnectionData
[2025-09-16 08:43:09Z INFO RunnerServer] Catch exception during connect. 1 attempt left.
[2025-09-16 08:43:09Z ERR  RunnerServer] GitHub.Services.WebApi.VssServiceResponseException: The resource cannot be found.
   at GitHub.Services.WebApi.VssHttpClientBase.HandleResponseAsync(HttpResponseMessage response, CancellationToken cancellationToken)
   at GitHub.Services.WebApi.VssHttpClientBase.SendAsync(HttpRequestMessage message, HttpCompletionOption completionOption, Object userState, CancellationToken cancellationToken)
   at GitHub.Services.WebApi.VssHttpClientBase.SendAsync[T](HttpRequestMessage message, Object userState, CancellationToken cancellationToken)
   at GitHub.Services.Location.Client.LocationHttpClient.GetConnectionDataAsync(ConnectOptions connectOptions, Int64 lastChangeId, CancellationToken cancellationToken, Object userState)
   at GitHub.Services.WebApi.Location.VssServerDataProvider.GetConnectionDataAsync(ConnectOptions connectOptions, Int32 lastChangeId, CancellationToken cancellationToken)
   at GitHub.Services.WebApi.Location.VssServerDataProvider.ConnectAsync(ConnectOptions connectOptions, CancellationToken cancellationToken)
   at GitHub.Runner.Common.RunnerService.EstablishVssConnection(Uri serverUrl, VssCredentials credentials, TimeSpan timeout)
[2025-09-16 08:43:09Z ERR  GitHubActionsService] GET request to https://pipelinesghubeus6.actions.githubusercontent.com/hKyNd5hzQTjPqVOxuFp9CyJ2tMUr8ytJJ9FfsFju3bqhBGI0lq/_apis/connectionData?connectOptions=1&lastChangeId=258625537&lastChangeId64=258625537 failed. HTTP Status: NotFound
[2025-09-16 08:43:09Z INFO GitHubActionsService] Finished operation Location.GetConnectionData
[2025-09-16 08:43:09Z INFO RunnerServer] Catch exception during connect. 1 attempt left.
[2025-09-16 08:43:09Z ERR  RunnerServer] GitHub.Services.WebApi.VssServiceResponseException: The resource cannot be found.
   at GitHub.Services.WebApi.VssHttpClientBase.HandleResponseAsync(HttpResponseMessage response, CancellationToken cancellationToken)
   at GitHub.Services.WebApi.VssHttpClientBase.SendAsync(HttpRequestMessage message, HttpCompletionOption completionOption, Object userState, CancellationToken cancellationToken)
   at GitHub.Services.WebApi.VssHttpClientBase.SendAsync[T](HttpRequestMessage message, Object userState, CancellationToken cancellationToken)
   at GitHub.Services.Location.Client.LocationHttpClient.GetConnectionDataAsync(ConnectOptions connectOptions, Int64 lastChangeId, CancellationToken cancellationToken, Object userState)
   at GitHub.Services.WebApi.Location.VssServerDataProvider.GetConnectionDataAsync(ConnectOptions connectOptions, Int32 lastChangeId, CancellationToken cancellationToken)
   at GitHub.Services.WebApi.Location.VssServerDataProvider.ConnectAsync(ConnectOptions connectOptions, CancellationToken cancellationToken)
   at GitHub.Runner.Common.RunnerService.EstablishVssConnection(Uri serverUrl, VssCredentials credentials, TimeSpan timeout)
[2025-09-16 08:43:09Z INFO GitHubActionsService] Starting operation Location.GetConnectionData
[2025-09-16 08:43:09Z INFO GitHubActionsService] Starting operation Location.GetConnectionData
[2025-09-16 08:43:10Z ERR  GitHubActionsService] GET request to https://pipelinesghubeus6.actions.githubusercontent.com/hKyNd5hzQTjPqVOxuFp9CyJ2tMUr8ytJJ9FfsFju3bqhBGI0lq/_apis/connectionData?connectOptions=1&lastChangeId=258625537&lastChangeId64=258625537 failed. HTTP Status: NotFound
[2025-09-16 08:43:10Z INFO GitHubActionsService] Finished operation Location.GetConnectionData
[2025-09-16 08:43:10Z ERR  GitHubActionsService] GET request to https://pipelinesghubeus6.actions.githubusercontent.com/hKyNd5hzQTjPqVOxuFp9CyJ2tMUr8ytJJ9FfsFju3bqhBGI0lq/_apis/connectionData?connectOptions=1&lastChangeId=258625537&lastChangeId64=258625537 failed. HTTP Status: NotFound
[2025-09-16 08:43:10Z INFO GitHubActionsService] Finished operation Location.GetConnectionData
[2025-09-16 08:43:10Z ERR  GitHubActionsService] GET request to https://pipelinesghubeus6.actions.githubusercontent.com/hKyNd5hzQTjPqVOxuFp9CyJ2tMUr8ytJJ9FfsFju3bqhBGI0lq/_apis/connectionData?connectOptions=1&lastChangeId=258625537&lastChangeId64=258625537 failed. HTTP Status: NotFound
[2025-09-16 08:43:10Z INFO GitHubActionsService] Finished operation Location.GetConnectionData
[2025-09-16 08:43:10Z ERR  BrokerMessageListener] Catch exception during create session.
[2025-09-16 08:43:10Z ERR  BrokerMessageListener] GitHub.Services.WebApi.VssServiceResponseException: The resource cannot be found.
   at GitHub.Services.WebApi.VssHttpClientBase.HandleResponseAsync(HttpResponseMessage response, CancellationToken cancellationToken)
   at GitHub.Services.WebApi.VssHttpClientBase.SendAsync(HttpRequestMessage message, HttpCompletionOption completionOption, Object userState, CancellationToken cancellationToken)
   at GitHub.Services.WebApi.VssHttpClientBase.SendAsync[T](HttpRequestMessage message, Object userState, CancellationToken cancellationToken)
   at GitHub.Services.Location.Client.LocationHttpClient.GetConnectionDataAsync(ConnectOptions connectOptions, Int64 lastChangeId, CancellationToken cancellationToken, Object userState)
   at GitHub.Services.WebApi.Location.VssServerDataProvider.GetConnectionDataAsync(ConnectOptions connectOptions, Int32 lastChangeId, CancellationToken cancellationToken)
   at GitHub.Services.WebApi.Location.VssServerDataProvider.ConnectAsync(ConnectOptions connectOptions, CancellationToken cancellationToken)
   at GitHub.Runner.Common.RunnerService.EstablishVssConnection(Uri serverUrl, VssCredentials credentials, TimeSpan timeout)
   at GitHub.Runner.Common.RunnerServer.ConnectAsync(Uri serverUrl, VssCredentials credentials)
   at GitHub.Runner.Listener.BrokerMessageListener.CreateSessionAsync(CancellationToken token)
[2025-09-16 08:43:10Z INFO BrokerMessageListener] Retriable exception: The resource cannot be found.
[2025-09-16 08:43:10Z INFO BrokerMessageListener] Sleeping for 30 seconds before retrying.
[2025-09-16 08:43:40Z INFO BrokerMessageListener] Attempt to create session.
[2025-09-16 08:43:40Z INFO BrokerMessageListener] Connecting to the Broker Server...
[2025-09-16 08:43:40Z INFO ConfigurationStore] HasCredentials()
[2025-09-16 08:43:40Z INFO ConfigurationStore] stored True
[2025-09-16 08:43:40Z INFO CredentialManager] GetCredentialProvider
[2025-09-16 08:43:40Z INFO CredentialManager] Creating type OAuth
[2025-09-16 08:43:40Z INFO CredentialManager] Creating credential type: OAuth
[2025-09-16 08:43:40Z INFO RSAEncryptedFileKeyManager] Loading RSA key parameters from file G:\Brunella\actions-runner\.credentials_rsaparams
[2025-09-16 08:43:40Z INFO BrokerMessageListener] VssConnection created
[2025-09-16 08:43:40Z INFO BrokerMessageListener] Connecting to the Runner server...
[2025-09-16 08:43:40Z INFO RunnerServer] EstablishVssConnection
[2025-09-16 08:43:40Z INFO RunnerServer] Establish connection with 100 seconds timeout.
[2025-09-16 08:43:40Z INFO GitHubActionsService] Starting operation Location.GetConnectionData
[2025-09-16 08:43:40Z INFO RunnerServer] EstablishVssConnection
[2025-09-16 08:43:40Z INFO RunnerServer] Establish connection with 60 seconds timeout.
[2025-09-16 08:43:40Z INFO GitHubActionsService] Starting operation Location.GetConnectionData
[2025-09-16 08:43:40Z INFO RunnerServer] EstablishVssConnection
[2025-09-16 08:43:40Z INFO RunnerServer] Establish connection with 60 seconds timeout.
[2025-09-16 08:43:40Z INFO GitHubActionsService] Starting operation Location.GetConnectionData
[2025-09-16 08:43:41Z ERR  GitHubActionsService] GET request to https://pipelinesghubeus6.actions.githubusercontent.com/hKyNd5hzQTjPqVOxuFp9CyJ2tMUr8ytJJ9FfsFju3bqhBGI0lq/_apis/connectionData?connectOptions=1&lastChangeId=258625537&lastChangeId64=258625537 failed. HTTP Status: NotFound
[2025-09-16 08:43:41Z INFO GitHubActionsService] Finished operation Location.GetConnectionData
[2025-09-16 08:43:41Z INFO RunnerServer] Catch exception during connect. 4 attempt left.
[2025-09-16 08:43:41Z ERR  RunnerServer] GitHub.Services.WebApi.VssServiceResponseException: The resource cannot be found.
   at GitHub.Services.WebApi.VssHttpClientBase.HandleResponseAsync(HttpResponseMessage response, CancellationToken cancellationToken)
   at GitHub.Services.WebApi.VssHttpClientBase.SendAsync(HttpRequestMessage message, HttpCompletionOption completionOption, Object userState, CancellationToken cancellationToken)
   at GitHub.Services.WebApi.VssHttpClientBase.SendAsync[T](HttpRequestMessage message, Object userState, CancellationToken cancellationToken)
   at GitHub.Services.Location.Client.LocationHttpClient.GetConnectionDataAsync(ConnectOptions connectOptions, Int64 lastChangeId, CancellationToken cancellationToken, Object userState)
   at GitHub.Services.WebApi.Location.VssServerDataProvider.GetConnectionDataAsync(ConnectOptions connectOptions, Int32 lastChangeId, CancellationToken cancellationToken)
   at GitHub.Services.WebApi.Location.VssServerDataProvider.ConnectAsync(ConnectOptions connectOptions, CancellationToken cancellationToken)
   at GitHub.Runner.Common.RunnerService.EstablishVssConnection(Uri serverUrl, VssCredentials credentials, TimeSpan timeout)
[2025-09-16 08:43:41Z ERR  GitHubActionsService] GET request to https://pipelinesghubeus6.actions.githubusercontent.com/hKyNd5hzQTjPqVOxuFp9CyJ2tMUr8ytJJ9FfsFju3bqhBGI0lq/_apis/connectionData?connectOptions=1&lastChangeId=258625537&lastChangeId64=258625537 failed. HTTP Status: NotFound
[2025-09-16 08:43:41Z INFO GitHubActionsService] Finished operation Location.GetConnectionData
[2025-09-16 08:43:41Z INFO RunnerServer] Catch exception during connect. 4 attempt left.
[2025-09-16 08:43:41Z ERR  RunnerServer] GitHub.Services.WebApi.VssServiceResponseException: The resource cannot be found.
   at GitHub.Services.WebApi.VssHttpClientBase.HandleResponseAsync(HttpResponseMessage response, CancellationToken cancellationToken)
   at GitHub.Services.WebApi.VssHttpClientBase.SendAsync(HttpRequestMessage message, HttpCompletionOption completionOption, Object userState, CancellationToken cancellationToken)
   at GitHub.Services.WebApi.VssHttpClientBase.SendAsync[T](HttpRequestMessage message, Object userState, CancellationToken cancellationToken)
   at GitHub.Services.Location.Client.LocationHttpClient.GetConnectionDataAsync(ConnectOptions connectOptions, Int64 lastChangeId, CancellationToken cancellationToken, Object userState)
   at GitHub.Services.WebApi.Location.VssServerDataProvider.GetConnectionDataAsync(ConnectOptions connectOptions, Int32 lastChangeId, CancellationToken cancellationToken)
   at GitHub.Services.WebApi.Location.VssServerDataProvider.ConnectAsync(ConnectOptions connectOptions, CancellationToken cancellationToken)
   at GitHub.Runner.Common.RunnerService.EstablishVssConnection(Uri serverUrl, VssCredentials credentials, TimeSpan timeout)
[2025-09-16 08:43:41Z ERR  GitHubActionsService] GET request to https://pipelinesghubeus6.actions.githubusercontent.com/hKyNd5hzQTjPqVOxuFp9CyJ2tMUr8ytJJ9FfsFju3bqhBGI0lq/_apis/connectionData?connectOptions=1&lastChangeId=258625537&lastChangeId64=258625537 failed. HTTP Status: NotFound
[2025-09-16 08:43:41Z INFO GitHubActionsService] Finished operation Location.GetConnectionData
[2025-09-16 08:43:41Z INFO RunnerServer] Catch exception during connect. 4 attempt left.
[2025-09-16 08:43:41Z ERR  RunnerServer] GitHub.Services.WebApi.VssServiceResponseException: The resource cannot be found.
   at GitHub.Services.WebApi.VssHttpClientBase.HandleResponseAsync(HttpResponseMessage response, CancellationToken cancellationToken)
   at GitHub.Services.WebApi.VssHttpClientBase.SendAsync(HttpRequestMessage message, HttpCompletionOption completionOption, Object userState, CancellationToken cancellationToken)
   at GitHub.Services.WebApi.VssHttpClientBase.SendAsync[T](HttpRequestMessage message, Object userState, CancellationToken cancellationToken)
   at GitHub.Services.Location.Client.LocationHttpClient.GetConnectionDataAsync(ConnectOptions connectOptions, Int64 lastChangeId, CancellationToken cancellationToken, Object userState)
   at GitHub.Services.WebApi.Location.VssServerDataProvider.GetConnectionDataAsync(ConnectOptions connectOptions, Int32 lastChangeId, CancellationToken cancellationToken)
   at GitHub.Services.WebApi.Location.VssServerDataProvider.ConnectAsync(ConnectOptions connectOptions, CancellationToken cancellationToken)
   at GitHub.Runner.Common.RunnerService.EstablishVssConnection(Uri serverUrl, VssCredentials credentials, TimeSpan timeout)
[2025-09-16 08:43:41Z INFO GitHubActionsService] Starting operation Location.GetConnectionData
[2025-09-16 08:43:41Z INFO GitHubActionsService] Starting operation Location.GetConnectionData
[2025-09-16 08:43:41Z INFO GitHubActionsService] Starting operation Location.GetConnectionData
[2025-09-16 08:43:41Z ERR  GitHubActionsService] GET request to https://pipelinesghubeus6.actions.githubusercontent.com/hKyNd5hzQTjPqVOxuFp9CyJ2tMUr8ytJJ9FfsFju3bqhBGI0lq/_apis/connectionData?connectOptions=1&lastChangeId=258625537&lastChangeId64=258625537 failed. HTTP Status: NotFound
[2025-09-16 08:43:41Z INFO GitHubActionsService] Finished operation Location.GetConnectionData
[2025-09-16 08:43:41Z INFO RunnerServer] Catch exception during connect. 3 attempt left.
[2025-09-16 08:43:41Z ERR  RunnerServer] GitHub.Services.WebApi.VssServiceResponseException: The resource cannot be found.
   at GitHub.Services.WebApi.VssHttpClientBase.HandleResponseAsync(HttpResponseMessage response, CancellationToken cancellationToken)
   at GitHub.Services.WebApi.VssHttpClientBase.SendAsync(HttpRequestMessage message, HttpCompletionOption completionOption, Object userState, CancellationToken cancellationToken)
   at GitHub.Services.WebApi.VssHttpClientBase.SendAsync[T](HttpRequestMessage message, Object userState, CancellationToken cancellationToken)
   at GitHub.Services.Location.Client.LocationHttpClient.GetConnectionDataAsync(ConnectOptions connectOptions, Int64 lastChangeId, CancellationToken cancellationToken, Object userState)
   at GitHub.Services.WebApi.Location.VssServerDataProvider.GetConnectionDataAsync(ConnectOptions connectOptions, Int32 lastChangeId, CancellationToken cancellationToken)
   at GitHub.Services.WebApi.Location.VssServerDataProvider.ConnectAsync(ConnectOptions connectOptions, CancellationToken cancellationToken)
   at GitHub.Runner.Common.RunnerService.EstablishVssConnection(Uri serverUrl, VssCredentials credentials, TimeSpan timeout)
[2025-09-16 08:43:41Z ERR  GitHubActionsService] GET request to https://pipelinesghubeus6.actions.githubusercontent.com/hKyNd5hzQTjPqVOxuFp9CyJ2tMUr8ytJJ9FfsFju3bqhBGI0lq/_apis/connectionData?connectOptions=1&lastChangeId=258625537&lastChangeId64=258625537 failed. HTTP Status: NotFound
[2025-09-16 08:43:41Z INFO GitHubActionsService] Finished operation Location.GetConnectionData
[2025-09-16 08:43:41Z INFO RunnerServer] Catch exception during connect. 3 attempt left.
[2025-09-16 08:43:41Z ERR  RunnerServer] GitHub.Services.WebApi.VssServiceResponseException: The resource cannot be found.
   at GitHub.Services.WebApi.VssHttpClientBase.HandleResponseAsync(HttpResponseMessage response, CancellationToken cancellationToken)
   at GitHub.Services.WebApi.VssHttpClientBase.SendAsync(HttpRequestMessage message, HttpCompletionOption completionOption, Object userState, CancellationToken cancellationToken)
   at GitHub.Services.WebApi.VssHttpClientBase.SendAsync[T](HttpRequestMessage message, Object userState, CancellationToken cancellationToken)
   at GitHub.Services.Location.Client.LocationHttpClient.GetConnectionDataAsync(ConnectOptions connectOptions, Int64 lastChangeId, CancellationToken cancellationToken, Object userState)
   at GitHub.Services.WebApi.Location.VssServerDataProvider.GetConnectionDataAsync(ConnectOptions connectOptions, Int32 lastChangeId, CancellationToken cancellationToken)
   at GitHub.Services.WebApi.Location.VssServerDataProvider.ConnectAsync(ConnectOptions connectOptions, CancellationToken cancellationToken)
   at GitHub.Runner.Common.RunnerService.EstablishVssConnection(Uri serverUrl, VssCredentials credentials, TimeSpan timeout)
[2025-09-16 08:43:41Z ERR  GitHubActionsService] GET request to https://pipelinesghubeus6.actions.githubusercontent.com/hKyNd5hzQTjPqVOxuFp9CyJ2tMUr8ytJJ9FfsFju3bqhBGI0lq/_apis/connectionData?connectOptions=1&lastChangeId=258625537&lastChangeId64=258625537 failed. HTTP Status: NotFound
[2025-09-16 08:43:41Z INFO GitHubActionsService] Finished operation Location.GetConnectionData
[2025-09-16 08:43:41Z INFO RunnerServer] Catch exception during connect. 3 attempt left.
[2025-09-16 08:43:41Z ERR  RunnerServer] GitHub.Services.WebApi.VssServiceResponseException: The resource cannot be found.
   at GitHub.Services.WebApi.VssHttpClientBase.HandleResponseAsync(HttpResponseMessage response, CancellationToken cancellationToken)
   at GitHub.Services.WebApi.VssHttpClientBase.SendAsync(HttpRequestMessage message, HttpCompletionOption completionOption, Object userState, CancellationToken cancellationToken)
   at GitHub.Services.WebApi.VssHttpClientBase.SendAsync[T](HttpRequestMessage message, Object userState, CancellationToken cancellationToken)
   at GitHub.Services.Location.Client.LocationHttpClient.GetConnectionDataAsync(ConnectOptions connectOptions, Int64 lastChangeId, CancellationToken cancellationToken, Object userState)
   at GitHub.Services.WebApi.Location.VssServerDataProvider.GetConnectionDataAsync(ConnectOptions connectOptions, Int32 lastChangeId, CancellationToken cancellationToken)
   at GitHub.Services.WebApi.Location.VssServerDataProvider.ConnectAsync(ConnectOptions connectOptions, CancellationToken cancellationToken)
   at GitHub.Runner.Common.RunnerService.EstablishVssConnection(Uri serverUrl, VssCredentials credentials, TimeSpan timeout)
[2025-09-16 08:43:42Z INFO GitHubActionsService] Starting operation Location.GetConnectionData
[2025-09-16 08:43:42Z INFO GitHubActionsService] Starting operation Location.GetConnectionData
[2025-09-16 08:43:42Z INFO GitHubActionsService] Starting operation Location.GetConnectionData
[2025-09-16 08:43:42Z ERR  GitHubActionsService] GET request to https://pipelinesghubeus6.actions.githubusercontent.com/hKyNd5hzQTjPqVOxuFp9CyJ2tMUr8ytJJ9FfsFju3bqhBGI0lq/_apis/connectionData?connectOptions=1&lastChangeId=258625537&lastChangeId64=258625537 failed. HTTP Status: NotFound
[2025-09-16 08:43:42Z INFO GitHubActionsService] Finished operation Location.GetConnectionData
[2025-09-16 08:43:42Z INFO RunnerServer] Catch exception during connect. 2 attempt left.
[2025-09-16 08:43:42Z ERR  RunnerServer] GitHub.Services.WebApi.VssServiceResponseException: The resource cannot be found.
   at GitHub.Services.WebApi.VssHttpClientBase.HandleResponseAsync(HttpResponseMessage response, CancellationToken cancellationToken)
   at GitHub.Services.WebApi.VssHttpClientBase.SendAsync(HttpRequestMessage message, HttpCompletionOption completionOption, Object userState, CancellationToken cancellationToken)
   at GitHub.Services.WebApi.VssHttpClientBase.SendAsync[T](HttpRequestMessage message, Object userState, CancellationToken cancellationToken)
   at GitHub.Services.Location.Client.LocationHttpClient.GetConnectionDataAsync(ConnectOptions connectOptions, Int64 lastChangeId, CancellationToken cancellationToken, Object userState)
   at GitHub.Services.WebApi.Location.VssServerDataProvider.GetConnectionDataAsync(ConnectOptions connectOptions, Int32 lastChangeId, CancellationToken cancellationToken)
   at GitHub.Services.WebApi.Location.VssServerDataProvider.ConnectAsync(ConnectOptions connectOptions, CancellationToken cancellationToken)
   at GitHub.Runner.Common.RunnerService.EstablishVssConnection(Uri serverUrl, VssCredentials credentials, TimeSpan timeout)
[2025-09-16 08:43:42Z ERR  GitHubActionsService] GET request to https://pipelinesghubeus6.actions.githubusercontent.com/hKyNd5hzQTjPqVOxuFp9CyJ2tMUr8ytJJ9FfsFju3bqhBGI0lq/_apis/connectionData?connectOptions=1&lastChangeId=258625537&lastChangeId64=258625537 failed. HTTP Status: NotFound
[2025-09-16 08:43:42Z INFO GitHubActionsService] Finished operation Location.GetConnectionData
[2025-09-16 08:43:42Z INFO RunnerServer] Catch exception during connect. 2 attempt left.
[2025-09-16 08:43:42Z ERR  RunnerServer] GitHub.Services.WebApi.VssServiceResponseException: The resource cannot be found.
   at GitHub.Services.WebApi.VssHttpClientBase.HandleResponseAsync(HttpResponseMessage response, CancellationToken cancellationToken)
   at GitHub.Services.WebApi.VssHttpClientBase.SendAsync(HttpRequestMessage message, HttpCompletionOption completionOption, Object userState, CancellationToken cancellationToken)
   at GitHub.Services.WebApi.VssHttpClientBase.SendAsync[T](HttpRequestMessage message, Object userState, CancellationToken cancellationToken)
   at GitHub.Services.Location.Client.LocationHttpClient.GetConnectionDataAsync(ConnectOptions connectOptions, Int64 lastChangeId, CancellationToken cancellationToken, Object userState)
   at GitHub.Services.WebApi.Location.VssServerDataProvider.GetConnectionDataAsync(ConnectOptions connectOptions, Int32 lastChangeId, CancellationToken cancellationToken)
   at GitHub.Services.WebApi.Location.VssServerDataProvider.ConnectAsync(ConnectOptions connectOptions, CancellationToken cancellationToken)
   at GitHub.Runner.Common.RunnerService.EstablishVssConnection(Uri serverUrl, VssCredentials credentials, TimeSpan timeout)
[2025-09-16 08:43:42Z INFO GitHubActionsService] Starting operation Location.GetConnectionData
[2025-09-16 08:43:42Z ERR  GitHubActionsService] GET request to https://pipelinesghubeus6.actions.githubusercontent.com/hKyNd5hzQTjPqVOxuFp9CyJ2tMUr8ytJJ9FfsFju3bqhBGI0lq/_apis/connectionData?connectOptions=1&lastChangeId=258625537&lastChangeId64=258625537 failed. HTTP Status: NotFound
[2025-09-16 08:43:42Z INFO GitHubActionsService] Finished operation Location.GetConnectionData
[2025-09-16 08:43:42Z INFO RunnerServer] Catch exception during connect. 2 attempt left.
[2025-09-16 08:43:42Z ERR  RunnerServer] GitHub.Services.WebApi.VssServiceResponseException: The resource cannot be found.
   at GitHub.Services.WebApi.VssHttpClientBase.HandleResponseAsync(HttpResponseMessage response, CancellationToken cancellationToken)
   at GitHub.Services.WebApi.VssHttpClientBase.SendAsync(HttpRequestMessage message, HttpCompletionOption completionOption, Object userState, CancellationToken cancellationToken)
   at GitHub.Services.WebApi.VssHttpClientBase.SendAsync[T](HttpRequestMessage message, Object userState, CancellationToken cancellationToken)
   at GitHub.Services.Location.Client.LocationHttpClient.GetConnectionDataAsync(ConnectOptions connectOptions, Int64 lastChangeId, CancellationToken cancellationToken, Object userState)
   at GitHub.Services.WebApi.Location.VssServerDataProvider.GetConnectionDataAsync(ConnectOptions connectOptions, Int32 lastChangeId, CancellationToken cancellationToken)
   at GitHub.Services.WebApi.Location.VssServerDataProvider.ConnectAsync(ConnectOptions connectOptions, CancellationToken cancellationToken)
   at GitHub.Runner.Common.RunnerService.EstablishVssConnection(Uri serverUrl, VssCredentials credentials, TimeSpan timeout)
[2025-09-16 08:43:42Z INFO GitHubActionsService] Starting operation Location.GetConnectionData
[2025-09-16 08:43:42Z INFO GitHubActionsService] Starting operation Location.GetConnectionData
[2025-09-16 08:43:43Z ERR  GitHubActionsService] GET request to https://pipelinesghubeus6.actions.githubusercontent.com/hKyNd5hzQTjPqVOxuFp9CyJ2tMUr8ytJJ9FfsFju3bqhBGI0lq/_apis/connectionData?connectOptions=1&lastChangeId=258625537&lastChangeId64=258625537 failed. HTTP Status: NotFound
[2025-09-16 08:43:43Z INFO GitHubActionsService] Finished operation Location.GetConnectionData
[2025-09-16 08:43:43Z INFO RunnerServer] Catch exception during connect. 1 attempt left.
[2025-09-16 08:43:43Z ERR  RunnerServer] GitHub.Services.WebApi.VssServiceResponseException: The resource cannot be found.
   at GitHub.Services.WebApi.VssHttpClientBase.HandleResponseAsync(HttpResponseMessage response, CancellationToken cancellationToken)
   at GitHub.Services.WebApi.VssHttpClientBase.SendAsync(HttpRequestMessage message, HttpCompletionOption completionOption, Object userState, CancellationToken cancellationToken)
   at GitHub.Services.WebApi.VssHttpClientBase.SendAsync[T](HttpRequestMessage message, Object userState, CancellationToken cancellationToken)
   at GitHub.Services.Location.Client.LocationHttpClient.GetConnectionDataAsync(ConnectOptions connectOptions, Int64 lastChangeId, CancellationToken cancellationToken, Object userState)
   at GitHub.Services.WebApi.Location.VssServerDataProvider.GetConnectionDataAsync(ConnectOptions connectOptions, Int32 lastChangeId, CancellationToken cancellationToken)
   at GitHub.Services.WebApi.Location.VssServerDataProvider.ConnectAsync(ConnectOptions connectOptions, CancellationToken cancellationToken)
   at GitHub.Runner.Common.RunnerService.EstablishVssConnection(Uri serverUrl, VssCredentials credentials, TimeSpan timeout)
[2025-09-16 08:43:43Z ERR  GitHubActionsService] GET request to https://pipelinesghubeus6.actions.githubusercontent.com/hKyNd5hzQTjPqVOxuFp9CyJ2tMUr8ytJJ9FfsFju3bqhBGI0lq/_apis/connectionData?connectOptions=1&lastChangeId=258625537&lastChangeId64=258625537 failed. HTTP Status: NotFound
[2025-09-16 08:43:43Z INFO GitHubActionsService] Finished operation Location.GetConnectionData
[2025-09-16 08:43:43Z INFO RunnerServer] Catch exception during connect. 1 attempt left.
[2025-09-16 08:43:43Z ERR  RunnerServer] GitHub.Services.WebApi.VssServiceResponseException: The resource cannot be found.
   at GitHub.Services.WebApi.VssHttpClientBase.HandleResponseAsync(HttpResponseMessage response, CancellationToken cancellationToken)
   at GitHub.Services.WebApi.VssHttpClientBase.SendAsync(HttpRequestMessage message, HttpCompletionOption completionOption, Object userState, CancellationToken cancellationToken)
   at GitHub.Services.WebApi.VssHttpClientBase.SendAsync[T](HttpRequestMessage message, Object userState, CancellationToken cancellationToken)
   at GitHub.Services.Location.Client.LocationHttpClient.GetConnectionDataAsync(ConnectOptions connectOptions, Int64 lastChangeId, CancellationToken cancellationToken, Object userState)
   at GitHub.Services.WebApi.Location.VssServerDataProvider.GetConnectionDataAsync(ConnectOptions connectOptions, Int32 lastChangeId, CancellationToken cancellationToken)
   at GitHub.Services.WebApi.Location.VssServerDataProvider.ConnectAsync(ConnectOptions connectOptions, CancellationToken cancellationToken)
   at GitHub.Runner.Common.RunnerService.EstablishVssConnection(Uri serverUrl, VssCredentials credentials, TimeSpan timeout)
[2025-09-16 08:43:43Z INFO GitHubActionsService] Starting operation Location.GetConnectionData
[2025-09-16 08:43:43Z ERR  GitHubActionsService] GET request to https://pipelinesghubeus6.actions.githubusercontent.com/hKyNd5hzQTjPqVOxuFp9CyJ2tMUr8ytJJ9FfsFju3bqhBGI0lq/_apis/connectionData?connectOptions=1&lastChangeId=258625537&lastChangeId64=258625537 failed. HTTP Status: NotFound
[2025-09-16 08:43:43Z INFO GitHubActionsService] Finished operation Location.GetConnectionData
[2025-09-16 08:43:43Z INFO RunnerServer] Catch exception during connect. 1 attempt left.
[2025-09-16 08:43:43Z ERR  RunnerServer] GitHub.Services.WebApi.VssServiceResponseException: The resource cannot be found.
   at GitHub.Services.WebApi.VssHttpClientBase.HandleResponseAsync(HttpResponseMessage response, CancellationToken cancellationToken)
   at GitHub.Services.WebApi.VssHttpClientBase.SendAsync(HttpRequestMessage message, HttpCompletionOption completionOption, Object userState, CancellationToken cancellationToken)
   at GitHub.Services.WebApi.VssHttpClientBase.SendAsync[T](HttpRequestMessage message, Object userState, CancellationToken cancellationToken)
   at GitHub.Services.Location.Client.LocationHttpClient.GetConnectionDataAsync(ConnectOptions connectOptions, Int64 lastChangeId, CancellationToken cancellationToken, Object userState)
   at GitHub.Services.WebApi.Location.VssServerDataProvider.GetConnectionDataAsync(ConnectOptions connectOptions, Int32 lastChangeId, CancellationToken cancellationToken)
   at GitHub.Services.WebApi.Location.VssServerDataProvider.ConnectAsync(ConnectOptions connectOptions, CancellationToken cancellationToken)
   at GitHub.Runner.Common.RunnerService.EstablishVssConnection(Uri serverUrl, VssCredentials credentials, TimeSpan timeout)
[2025-09-16 08:43:43Z INFO GitHubActionsService] Starting operation Location.GetConnectionData
[2025-09-16 08:43:43Z INFO GitHubActionsService] Starting operation Location.GetConnectionData
[2025-09-16 08:43:44Z ERR  GitHubActionsService] GET request to https://pipelinesghubeus6.actions.githubusercontent.com/hKyNd5hzQTjPqVOxuFp9CyJ2tMUr8ytJJ9FfsFju3bqhBGI0lq/_apis/connectionData?connectOptions=1&lastChangeId=258625537&lastChangeId64=258625537 failed. HTTP Status: NotFound
[2025-09-16 08:43:44Z INFO GitHubActionsService] Finished operation Location.GetConnectionData
[2025-09-16 08:43:44Z ERR  GitHubActionsService] GET request to https://pipelinesghubeus6.actions.githubusercontent.com/hKyNd5hzQTjPqVOxuFp9CyJ2tMUr8ytJJ9FfsFju3bqhBGI0lq/_apis/connectionData?connectOptions=1&lastChangeId=258625537&lastChangeId64=258625537 failed. HTTP Status: NotFound
[2025-09-16 08:43:44Z INFO GitHubActionsService] Finished operation Location.GetConnectionData
[2025-09-16 08:43:44Z ERR  GitHubActionsService] GET request to https://pipelinesghubeus6.actions.githubusercontent.com/hKyNd5hzQTjPqVOxuFp9CyJ2tMUr8ytJJ9FfsFju3bqhBGI0lq/_apis/connectionData?connectOptions=1&lastChangeId=258625537&lastChangeId64=258625537 failed. HTTP Status: NotFound
[2025-09-16 08:43:44Z INFO GitHubActionsService] Finished operation Location.GetConnectionData
[2025-09-16 08:43:44Z ERR  BrokerMessageListener] Catch exception during create session.
[2025-09-16 08:43:44Z ERR  BrokerMessageListener] GitHub.Services.WebApi.VssServiceResponseException: The resource cannot be found.
   at GitHub.Services.WebApi.VssHttpClientBase.HandleResponseAsync(HttpResponseMessage response, CancellationToken cancellationToken)
   at GitHub.Services.WebApi.VssHttpClientBase.SendAsync(HttpRequestMessage message, HttpCompletionOption completionOption, Object userState, CancellationToken cancellationToken)
   at GitHub.Services.WebApi.VssHttpClientBase.SendAsync[T](HttpRequestMessage message, Object userState, CancellationToken cancellationToken)
   at GitHub.Services.Location.Client.LocationHttpClient.GetConnectionDataAsync(ConnectOptions connectOptions, Int64 lastChangeId, CancellationToken cancellationToken, Object userState)
   at GitHub.Services.WebApi.Location.VssServerDataProvider.GetConnectionDataAsync(ConnectOptions connectOptions, Int32 lastChangeId, CancellationToken cancellationToken)
   at GitHub.Services.WebApi.Location.VssServerDataProvider.ConnectAsync(ConnectOptions connectOptions, CancellationToken cancellationToken)
   at GitHub.Runner.Common.RunnerService.EstablishVssConnection(Uri serverUrl, VssCredentials credentials, TimeSpan timeout)
   at GitHub.Runner.Common.RunnerServer.ConnectAsync(Uri serverUrl, VssCredentials credentials)
   at GitHub.Runner.Listener.BrokerMessageListener.CreateSessionAsync(CancellationToken token)
[2025-09-16 08:43:44Z INFO BrokerMessageListener] Retriable exception: The resource cannot be found.
[2025-09-16 08:43:44Z INFO BrokerMessageListener] Sleeping for 30 seconds before retrying.
[2025-09-16 08:43:59Z INFO HostContext] Runner will be shutdown for UserCancelled
[2025-09-16 08:43:59Z INFO Listener] Runner execution been cancelled.
