[2025-10-10 02:33:04Z INFO HostContext] No proxy settings were found based on environmental variables (http_proxy/https_proxy/HTTP_PROXY/HTTPS_PROXY)
[2025-10-10 02:33:04Z INFO HostContext] Well known directory 'Bin': 'G:\Brunella\actions-runner\bin'
[2025-10-10 02:33:04Z INFO HostContext] Well known directory 'Root': 'G:\Brunella\actions-runner'
[2025-10-10 02:33:04Z INFO HostContext] Well known config file 'Credentials': 'G:\Brunella\actions-runner\.credentials'
[2025-10-10 02:33:05Z INFO HostContext] Well known directory 'Bin': 'G:\Brunella\actions-runner\bin'
[2025-10-10 02:33:05Z INFO HostContext] Well known directory 'Root': 'G:\Brunella\actions-runner'
[2025-10-10 02:33:05Z INFO HostContext] Well known config file 'Runner': 'G:\Brunella\actions-runner\.runner'
[2025-10-10 02:33:05Z INFO Listener] Runner is built for Windows (X64) - win-x64.
[2025-10-10 02:33:05Z INFO Listener] RuntimeInformation: Microsoft Windows 10.0.26100.
[2025-10-10 02:33:05Z INFO Listener] Version: 2.328.0
[2025-10-10 02:33:05Z INFO Listener] Commit: 6f9a9110adce65f44ca6f7c0ae142b9cc6af937b
[2025-10-10 02:33:05Z INFO Listener] Culture: hu-HU
[2025-10-10 02:33:05Z INFO Listener] UI Culture: hu-HU
[2025-10-10 02:33:05Z INFO HostContext] Well known directory 'Bin': 'G:\Brunella\actions-runner\bin'
[2025-10-10 02:33:05Z INFO HostContext] Well known directory 'Root': 'G:\Brunella\actions-runner'
[2025-10-10 02:33:05Z INFO Listener] Validating directory permissions for: 'G:\Brunella\actions-runner'
[2025-10-10 02:33:05Z INFO CommandLineParser] Parse
[2025-10-10 02:33:05Z INFO CommandLineParser] Parsing 3 args
[2025-10-10 02:33:05Z INFO CommandLineParser] parsing argument
[2025-10-10 02:33:05Z INFO CommandLineParser] HasArgs: False
[2025-10-10 02:33:05Z INFO CommandLineParser] Adding Command: run
[2025-10-10 02:33:05Z INFO CommandLineParser] parsing argument
[2025-10-10 02:33:05Z INFO CommandLineParser] HasArgs: True
[2025-10-10 02:33:05Z INFO CommandLineParser] arg: startuptype
[2025-10-10 02:33:05Z INFO CommandLineParser] parsing argument
[2025-10-10 02:33:05Z INFO CommandLineParser] HasArgs: True
[2025-10-10 02:33:05Z INFO CommandLineParser] Adding option 'startuptype': 'service'
[2025-10-10 02:33:05Z INFO Listener] Arguments parsed
[2025-10-10 02:33:05Z INFO Runner] ExecuteCommand
[2025-10-10 02:33:05Z INFO ConfigurationStore] currentAssemblyLocation: G:\Brunella\actions-runner\bin\Runner.Listener.dll
[2025-10-10 02:33:05Z INFO HostContext] Well known directory 'Bin': 'G:\Brunella\actions-runner\bin'
[2025-10-10 02:33:05Z INFO ConfigurationStore] binPath: G:\Brunella\actions-runner\bin
[2025-10-10 02:33:05Z INFO HostContext] Well known directory 'Bin': 'G:\Brunella\actions-runner\bin'
[2025-10-10 02:33:05Z INFO HostContext] Well known directory 'Root': 'G:\Brunella\actions-runner'
[2025-10-10 02:33:05Z INFO ConfigurationStore] RootFolder: G:\Brunella\actions-runner
[2025-10-10 02:33:05Z INFO HostContext] Well known directory 'Bin': 'G:\Brunella\actions-runner\bin'
[2025-10-10 02:33:05Z INFO HostContext] Well known directory 'Root': 'G:\Brunella\actions-runner'
[2025-10-10 02:33:05Z INFO HostContext] Well known config file 'Runner': 'G:\Brunella\actions-runner\.runner'
[2025-10-10 02:33:05Z INFO ConfigurationStore] ConfigFilePath: G:\Brunella\actions-runner\.runner
[2025-10-10 02:33:05Z INFO HostContext] Well known directory 'Bin': 'G:\Brunella\actions-runner\bin'
[2025-10-10 02:33:05Z INFO HostContext] Well known directory 'Root': 'G:\Brunella\actions-runner'
[2025-10-10 02:33:05Z INFO HostContext] Well known config file 'MigratedRunner': 'G:\Brunella\actions-runner\.runner_migrated'
[2025-10-10 02:33:05Z INFO ConfigurationStore] MigratedConfigFilePath: G:\Brunella\actions-runner\.runner_migrated
[2025-10-10 02:33:05Z INFO HostContext] Well known directory 'Bin': 'G:\Brunella\actions-runner\bin'
[2025-10-10 02:33:05Z INFO HostContext] Well known directory 'Root': 'G:\Brunella\actions-runner'
[2025-10-10 02:33:05Z INFO HostContext] Well known config file 'Credentials': 'G:\Brunella\actions-runner\.credentials'
[2025-10-10 02:33:05Z INFO ConfigurationStore] CredFilePath: G:\Brunella\actions-runner\.credentials
[2025-10-10 02:33:05Z INFO HostContext] Well known directory 'Bin': 'G:\Brunella\actions-runner\bin'
[2025-10-10 02:33:05Z INFO HostContext] Well known directory 'Root': 'G:\Brunella\actions-runner'
[2025-10-10 02:33:05Z INFO HostContext] Well known config file 'MigratedCredentials': 'G:\Brunella\actions-runner\.credentials_migrated'
[2025-10-10 02:33:05Z INFO ConfigurationStore] MigratedCredFilePath: G:\Brunella\actions-runner\.credentials_migrated
[2025-10-10 02:33:05Z INFO HostContext] Well known directory 'Bin': 'G:\Brunella\actions-runner\bin'
[2025-10-10 02:33:05Z INFO HostContext] Well known directory 'Root': 'G:\Brunella\actions-runner'
[2025-10-10 02:33:05Z INFO HostContext] Well known config file 'Service': 'G:\Brunella\actions-runner\.service'
[2025-10-10 02:33:05Z INFO ConfigurationStore] ServiceConfigFilePath: G:\Brunella\actions-runner\.service
[2025-10-10 02:33:05Z INFO CommandSettings] Flag 'help': 'False'
[2025-10-10 02:33:05Z INFO CommandSettings] Flag 'version': 'False'
[2025-10-10 02:33:05Z INFO CommandSettings] Flag 'commit': 'False'
[2025-10-10 02:33:05Z INFO CommandSettings] Flag 'check': 'False'
[2025-10-10 02:33:05Z INFO CommandSettings] Command 'configure': 'False'
[2025-10-10 02:33:05Z INFO CommandSettings] Command 'remove': 'False'
[2025-10-10 02:33:05Z INFO CommandSettings] Command 'warmup': 'False'
[2025-10-10 02:33:05Z INFO ConfigurationManager] LoadSettings
[2025-10-10 02:33:05Z INFO ConfigurationStore] IsConfigured()
[2025-10-10 02:33:05Z INFO ConfigurationStore] IsConfigured: True
[2025-10-10 02:33:05Z INFO ConfigurationManager] Is configured: True
[2025-10-10 02:33:05Z INFO ConfigurationStore] Read setting file: 401 chars
[2025-10-10 02:33:05Z INFO ConfigurationManager] Settings Loaded
[2025-10-10 02:33:05Z INFO ConfigurationStore] IsServiceConfigured()
[2025-10-10 02:33:05Z INFO ConfigurationStore] IsServiceConfigured: True
[2025-10-10 02:33:05Z INFO CommandSettings] Command 'run': 'True'
[2025-10-10 02:33:05Z INFO ConfigurationStore] IsConfigured()
[2025-10-10 02:33:05Z INFO ConfigurationStore] IsConfigured: True
[2025-10-10 02:33:05Z INFO ConfigurationManager] Is configured: True
[2025-10-10 02:33:05Z INFO Runner] Set runner startup type - Service
[2025-10-10 02:33:05Z INFO CommandSettings] Flag 'once': 'False'
[2025-10-10 02:33:05Z INFO CommandSettings] Flag 'once': 'False'
[2025-10-10 02:33:05Z INFO Runner] RunAsync
[2025-10-10 02:33:05Z INFO ConfigurationManager] LoadMigratedSettings
[2025-10-10 02:33:05Z INFO ConfigurationStore] IsMigratedConfigured()
[2025-10-10 02:33:05Z INFO ConfigurationStore] IsMigratedConfigured: True
[2025-10-10 02:33:05Z INFO ConfigurationStore] Read migrated setting file: 401 chars
[2025-10-10 02:33:05Z INFO ConfigurationManager] Migrated Settings Loaded
[2025-10-10 02:33:05Z INFO Runner] Loaded migrated settings from .runner_migrated file
[2025-10-10 02:33:05Z INFO Runner] {
  "AgentId": 21,
  "AgentName": "POHIPC",
  "PoolId": 1,
  "PoolName": "Default",
  "ServerUrl": "https://pipelinesghubeus6.actions.githubusercontent.com/hKyNd5hzQTjPqVOxuFp9CyJ2tMUr8ytJJ9FfsFju3bqhBGI0lq/",
  "GitHubUrl": "https://github.com/pohi99999/giada-fervere-website",
  "WorkFolder": "_work",
  "UseV2Flow": true,
  "ServerUrlV2": "https://broker.actions.githubusercontent.com/"
}
[2025-10-10 02:33:05Z INFO Runner] Attempting to create session using migrated settings
[2025-10-10 02:33:05Z INFO Runner] Using BrokerMessageListener
[2025-10-10 02:33:05Z INFO BrokerMessageListener] Using provided settings
[2025-10-10 02:33:05Z INFO BrokerMessageListener] Using migrated settings from .runner_migrated
[2025-10-10 02:33:05Z INFO BrokerMessageListener] {
  "AgentId": 21,
  "AgentName": "POHIPC",
  "PoolId": 1,
  "PoolName": "Default",
  "ServerUrl": "https://pipelinesghubeus6.actions.githubusercontent.com/hKyNd5hzQTjPqVOxuFp9CyJ2tMUr8ytJJ9FfsFju3bqhBGI0lq/",
  "GitHubUrl": "https://github.com/pohi99999/giada-fervere-website",
  "WorkFolder": "_work",
  "UseV2Flow": true,
  "ServerUrlV2": "https://broker.actions.githubusercontent.com/"
}
[2025-10-10 02:33:05Z INFO BrokerMessageListener] Loading Credentials
[2025-10-10 02:33:05Z INFO ConfigurationStore] HasCredentials()
[2025-10-10 02:33:05Z INFO ConfigurationStore] stored True
[2025-10-10 02:33:05Z INFO CredentialManager] GetCredentialProvider
[2025-10-10 02:33:05Z INFO CredentialManager] Creating type OAuth
[2025-10-10 02:33:05Z INFO CredentialManager] Creating credential type: OAuth
[2025-10-10 02:33:05Z INFO HostContext] Well known directory 'Bin': 'G:\Brunella\actions-runner\bin'
[2025-10-10 02:33:05Z INFO HostContext] Well known directory 'Root': 'G:\Brunella\actions-runner'
[2025-10-10 02:33:05Z INFO HostContext] Well known config file 'RSACredentials': 'G:\Brunella\actions-runner\.credentials_rsaparams'
[2025-10-10 02:33:05Z INFO RSAEncryptedFileKeyManager] Loading RSA key parameters from file G:\Brunella\actions-runner\.credentials_rsaparams
[2025-10-10 02:33:06Z INFO BrokerMessageListener] Attempt to create session.
[2025-10-10 02:33:06Z INFO BrokerMessageListener] Connecting to the Broker Server...
[2025-10-10 02:33:06Z INFO ConfigurationStore] HasCredentials()
[2025-10-10 02:33:06Z INFO ConfigurationStore] stored True
[2025-10-10 02:33:06Z INFO CredentialManager] GetCredentialProvider
[2025-10-10 02:33:06Z INFO CredentialManager] Creating type OAuth
[2025-10-10 02:33:06Z INFO CredentialManager] Creating credential type: OAuth
[2025-10-10 02:33:06Z INFO RSAEncryptedFileKeyManager] Loading RSA key parameters from file G:\Brunella\actions-runner\.credentials_rsaparams
[2025-10-10 02:33:06Z INFO BrokerMessageListener] VssConnection created
[2025-10-10 02:33:06Z INFO BrokerMessageListener] Connecting to the Runner server...
[2025-10-10 02:33:06Z INFO RunnerServer] EstablishVssConnection
[2025-10-10 02:33:06Z INFO RunnerServer] Establish connection with 100 seconds timeout.
[2025-10-10 02:33:06Z INFO GitHubActionsService] Starting operation Location.GetConnectionData
[2025-10-10 02:33:06Z INFO RunnerServer] EstablishVssConnection
[2025-10-10 02:33:06Z INFO RunnerServer] Establish connection with 60 seconds timeout.
[2025-10-10 02:33:06Z INFO GitHubActionsService] Starting operation Location.GetConnectionData
[2025-10-10 02:33:06Z INFO RunnerServer] EstablishVssConnection
[2025-10-10 02:33:06Z INFO RunnerServer] Establish connection with 60 seconds timeout.
[2025-10-10 02:33:06Z INFO GitHubActionsService] Starting operation Location.GetConnectionData
[2025-10-10 02:33:07Z ERR  GitHubActionsService] GET request to https://pipelinesghubeus6.actions.githubusercontent.com/hKyNd5hzQTjPqVOxuFp9CyJ2tMUr8ytJJ9FfsFju3bqhBGI0lq/_apis/connectionData?connectOptions=1&lastChangeId=258625537&lastChangeId64=258625537 failed. HTTP Status: NotFound
[2025-10-10 02:33:07Z ERR  GitHubActionsService] GET request to https://pipelinesghubeus6.actions.githubusercontent.com/hKyNd5hzQTjPqVOxuFp9CyJ2tMUr8ytJJ9FfsFju3bqhBGI0lq/_apis/connectionData?connectOptions=1&lastChangeId=258625537&lastChangeId64=258625537 failed. HTTP Status: NotFound
[2025-10-10 02:33:07Z ERR  GitHubActionsService] GET request to https://pipelinesghubeus6.actions.githubusercontent.com/hKyNd5hzQTjPqVOxuFp9CyJ2tMUr8ytJJ9FfsFju3bqhBGI0lq/_apis/connectionData?connectOptions=1&lastChangeId=258625537&lastChangeId64=258625537 failed. HTTP Status: NotFound
[2025-10-10 02:33:07Z INFO GitHubActionsService] Finished operation Location.GetConnectionData
[2025-10-10 02:33:07Z INFO GitHubActionsService] Finished operation Location.GetConnectionData
[2025-10-10 02:33:07Z INFO GitHubActionsService] Finished operation Location.GetConnectionData
[2025-10-10 02:33:07Z INFO RunnerServer] Catch exception during connect. 4 attempt left.
[2025-10-10 02:33:07Z INFO RunnerServer] Catch exception during connect. 4 attempt left.
[2025-10-10 02:33:07Z INFO RunnerServer] Catch exception during connect. 4 attempt left.
[2025-10-10 02:33:07Z ERR  RunnerServer] GitHub.Services.WebApi.VssServiceResponseException: The resource cannot be found.
   at GitHub.Services.WebApi.VssHttpClientBase.HandleResponseAsync(HttpResponseMessage response, CancellationToken cancellationToken)
   at GitHub.Services.WebApi.VssHttpClientBase.SendAsync(HttpRequestMessage message, HttpCompletionOption completionOption, Object userState, CancellationToken cancellationToken)
   at GitHub.Services.WebApi.VssHttpClientBase.SendAsync[T](HttpRequestMessage message, Object userState, CancellationToken cancellationToken)
   at GitHub.Services.Location.Client.LocationHttpClient.GetConnectionDataAsync(ConnectOptions connectOptions, Int64 lastChangeId, CancellationToken cancellationToken, Object userState)
   at GitHub.Services.WebApi.Location.VssServerDataProvider.GetConnectionDataAsync(ConnectOptions connectOptions, Int32 lastChangeId, CancellationToken cancellationToken)
   at GitHub.Services.WebApi.Location.VssServerDataProvider.ConnectAsync(ConnectOptions connectOptions, CancellationToken cancellationToken)
   at GitHub.Runner.Common.RunnerService.EstablishVssConnection(Uri serverUrl, VssCredentials credentials, TimeSpan timeout)
[2025-10-10 02:33:07Z ERR  RunnerServer] GitHub.Services.WebApi.VssServiceResponseException: The resource cannot be found.
   at GitHub.Services.WebApi.VssHttpClientBase.HandleResponseAsync(HttpResponseMessage response, CancellationToken cancellationToken)
   at GitHub.Services.WebApi.VssHttpClientBase.SendAsync(HttpRequestMessage message, HttpCompletionOption completionOption, Object userState, CancellationToken cancellationToken)
   at GitHub.Services.WebApi.VssHttpClientBase.SendAsync[T](HttpRequestMessage message, Object userState, CancellationToken cancellationToken)
   at GitHub.Services.Location.Client.LocationHttpClient.GetConnectionDataAsync(ConnectOptions connectOptions, Int64 lastChangeId, CancellationToken cancellationToken, Object userState)
   at GitHub.Services.WebApi.Location.VssServerDataProvider.GetConnectionDataAsync(ConnectOptions connectOptions, Int32 lastChangeId, CancellationToken cancellationToken)
   at GitHub.Services.WebApi.Location.VssServerDataProvider.ConnectAsync(ConnectOptions connectOptions, CancellationToken cancellationToken)
   at GitHub.Runner.Common.RunnerService.EstablishVssConnection(Uri serverUrl, VssCredentials credentials, TimeSpan timeout)
[2025-10-10 02:33:07Z ERR  RunnerServer] GitHub.Services.WebApi.VssServiceResponseException: The resource cannot be found.
   at GitHub.Services.WebApi.VssHttpClientBase.HandleResponseAsync(HttpResponseMessage response, CancellationToken cancellationToken)
   at GitHub.Services.WebApi.VssHttpClientBase.SendAsync(HttpRequestMessage message, HttpCompletionOption completionOption, Object userState, CancellationToken cancellationToken)
   at GitHub.Services.WebApi.VssHttpClientBase.SendAsync[T](HttpRequestMessage message, Object userState, CancellationToken cancellationToken)
   at GitHub.Services.Location.Client.LocationHttpClient.GetConnectionDataAsync(ConnectOptions connectOptions, Int64 lastChangeId, CancellationToken cancellationToken, Object userState)
   at GitHub.Services.WebApi.Location.VssServerDataProvider.GetConnectionDataAsync(ConnectOptions connectOptions, Int32 lastChangeId, CancellationToken cancellationToken)
   at GitHub.Services.WebApi.Location.VssServerDataProvider.ConnectAsync(ConnectOptions connectOptions, CancellationToken cancellationToken)
   at GitHub.Runner.Common.RunnerService.EstablishVssConnection(Uri serverUrl, VssCredentials credentials, TimeSpan timeout)
[2025-10-10 02:33:07Z INFO GitHubActionsService] Starting operation Location.GetConnectionData
[2025-10-10 02:33:07Z INFO GitHubActionsService] Starting operation Location.GetConnectionData
[2025-10-10 02:33:07Z INFO GitHubActionsService] Starting operation Location.GetConnectionData
[2025-10-10 02:33:08Z ERR  GitHubActionsService] GET request to https://pipelinesghubeus6.actions.githubusercontent.com/hKyNd5hzQTjPqVOxuFp9CyJ2tMUr8ytJJ9FfsFju3bqhBGI0lq/_apis/connectionData?connectOptions=1&lastChangeId=258625537&lastChangeId64=258625537 failed. HTTP Status: NotFound
[2025-10-10 02:33:08Z INFO GitHubActionsService] Finished operation Location.GetConnectionData
[2025-10-10 02:33:08Z INFO RunnerServer] Catch exception during connect. 3 attempt left.
[2025-10-10 02:33:08Z ERR  GitHubActionsService] GET request to https://pipelinesghubeus6.actions.githubusercontent.com/hKyNd5hzQTjPqVOxuFp9CyJ2tMUr8ytJJ9FfsFju3bqhBGI0lq/_apis/connectionData?connectOptions=1&lastChangeId=258625537&lastChangeId64=258625537 failed. HTTP Status: NotFound
[2025-10-10 02:33:08Z INFO GitHubActionsService] Finished operation Location.GetConnectionData
[2025-10-10 02:33:08Z INFO RunnerServer] Catch exception during connect. 3 attempt left.
[2025-10-10 02:33:08Z ERR  RunnerServer] GitHub.Services.WebApi.VssServiceResponseException: The resource cannot be found.
   at GitHub.Services.WebApi.VssHttpClientBase.HandleResponseAsync(HttpResponseMessage response, CancellationToken cancellationToken)
   at GitHub.Services.WebApi.VssHttpClientBase.SendAsync(HttpRequestMessage message, HttpCompletionOption completionOption, Object userState, CancellationToken cancellationToken)
   at GitHub.Services.WebApi.VssHttpClientBase.SendAsync[T](HttpRequestMessage message, Object userState, CancellationToken cancellationToken)
   at GitHub.Services.Location.Client.LocationHttpClient.GetConnectionDataAsync(ConnectOptions connectOptions, Int64 lastChangeId, CancellationToken cancellationToken, Object userState)
   at GitHub.Services.WebApi.Location.VssServerDataProvider.GetConnectionDataAsync(ConnectOptions connectOptions, Int32 lastChangeId, CancellationToken cancellationToken)
   at GitHub.Services.WebApi.Location.VssServerDataProvider.ConnectAsync(ConnectOptions connectOptions, CancellationToken cancellationToken)
   at GitHub.Runner.Common.RunnerService.EstablishVssConnection(Uri serverUrl, VssCredentials credentials, TimeSpan timeout)
[2025-10-10 02:33:08Z ERR  RunnerServer] GitHub.Services.WebApi.VssServiceResponseException: The resource cannot be found.
   at GitHub.Services.WebApi.VssHttpClientBase.HandleResponseAsync(HttpResponseMessage response, CancellationToken cancellationToken)
   at GitHub.Services.WebApi.VssHttpClientBase.SendAsync(HttpRequestMessage message, HttpCompletionOption completionOption, Object userState, CancellationToken cancellationToken)
   at GitHub.Services.WebApi.VssHttpClientBase.SendAsync[T](HttpRequestMessage message, Object userState, CancellationToken cancellationToken)
   at GitHub.Services.Location.Client.LocationHttpClient.GetConnectionDataAsync(ConnectOptions connectOptions, Int64 lastChangeId, CancellationToken cancellationToken, Object userState)
   at GitHub.Services.WebApi.Location.VssServerDataProvider.GetConnectionDataAsync(ConnectOptions connectOptions, Int32 lastChangeId, CancellationToken cancellationToken)
   at GitHub.Services.WebApi.Location.VssServerDataProvider.ConnectAsync(ConnectOptions connectOptions, CancellationToken cancellationToken)
   at GitHub.Runner.Common.RunnerService.EstablishVssConnection(Uri serverUrl, VssCredentials credentials, TimeSpan timeout)
[2025-10-10 02:33:08Z ERR  GitHubActionsService] GET request to https://pipelinesghubeus6.actions.githubusercontent.com/hKyNd5hzQTjPqVOxuFp9CyJ2tMUr8ytJJ9FfsFju3bqhBGI0lq/_apis/connectionData?connectOptions=1&lastChangeId=258625537&lastChangeId64=258625537 failed. HTTP Status: NotFound
[2025-10-10 02:33:08Z INFO GitHubActionsService] Finished operation Location.GetConnectionData
[2025-10-10 02:33:08Z INFO RunnerServer] Catch exception during connect. 3 attempt left.
[2025-10-10 02:33:08Z ERR  RunnerServer] GitHub.Services.WebApi.VssServiceResponseException: The resource cannot be found.
   at GitHub.Services.WebApi.VssHttpClientBase.HandleResponseAsync(HttpResponseMessage response, CancellationToken cancellationToken)
   at GitHub.Services.WebApi.VssHttpClientBase.SendAsync(HttpRequestMessage message, HttpCompletionOption completionOption, Object userState, CancellationToken cancellationToken)
   at GitHub.Services.WebApi.VssHttpClientBase.SendAsync[T](HttpRequestMessage message, Object userState, CancellationToken cancellationToken)
   at GitHub.Services.Location.Client.LocationHttpClient.GetConnectionDataAsync(ConnectOptions connectOptions, Int64 lastChangeId, CancellationToken cancellationToken, Object userState)
   at GitHub.Services.WebApi.Location.VssServerDataProvider.GetConnectionDataAsync(ConnectOptions connectOptions, Int32 lastChangeId, CancellationToken cancellationToken)
   at GitHub.Services.WebApi.Location.VssServerDataProvider.ConnectAsync(ConnectOptions connectOptions, CancellationToken cancellationToken)
   at GitHub.Runner.Common.RunnerService.EstablishVssConnection(Uri serverUrl, VssCredentials credentials, TimeSpan timeout)
[2025-10-10 02:33:08Z INFO GitHubActionsService] Starting operation Location.GetConnectionData
[2025-10-10 02:33:08Z INFO GitHubActionsService] Starting operation Location.GetConnectionData
[2025-10-10 02:33:08Z INFO GitHubActionsService] Starting operation Location.GetConnectionData
[2025-10-10 02:33:09Z ERR  GitHubActionsService] GET request to https://pipelinesghubeus6.actions.githubusercontent.com/hKyNd5hzQTjPqVOxuFp9CyJ2tMUr8ytJJ9FfsFju3bqhBGI0lq/_apis/connectionData?connectOptions=1&lastChangeId=258625537&lastChangeId64=258625537 failed. HTTP Status: NotFound
[2025-10-10 02:33:09Z INFO GitHubActionsService] Finished operation Location.GetConnectionData
[2025-10-10 02:33:09Z INFO RunnerServer] Catch exception during connect. 2 attempt left.
[2025-10-10 02:33:09Z ERR  RunnerServer] GitHub.Services.WebApi.VssServiceResponseException: The resource cannot be found.
   at GitHub.Services.WebApi.VssHttpClientBase.HandleResponseAsync(HttpResponseMessage response, CancellationToken cancellationToken)
   at GitHub.Services.WebApi.VssHttpClientBase.SendAsync(HttpRequestMessage message, HttpCompletionOption completionOption, Object userState, CancellationToken cancellationToken)
   at GitHub.Services.WebApi.VssHttpClientBase.SendAsync[T](HttpRequestMessage message, Object userState, CancellationToken cancellationToken)
   at GitHub.Services.Location.Client.LocationHttpClient.GetConnectionDataAsync(ConnectOptions connectOptions, Int64 lastChangeId, CancellationToken cancellationToken, Object userState)
   at GitHub.Services.WebApi.Location.VssServerDataProvider.GetConnectionDataAsync(ConnectOptions connectOptions, Int32 lastChangeId, CancellationToken cancellationToken)
   at GitHub.Services.WebApi.Location.VssServerDataProvider.ConnectAsync(ConnectOptions connectOptions, CancellationToken cancellationToken)
   at GitHub.Runner.Common.RunnerService.EstablishVssConnection(Uri serverUrl, VssCredentials credentials, TimeSpan timeout)
[2025-10-10 02:33:09Z ERR  GitHubActionsService] GET request to https://pipelinesghubeus6.actions.githubusercontent.com/hKyNd5hzQTjPqVOxuFp9CyJ2tMUr8ytJJ9FfsFju3bqhBGI0lq/_apis/connectionData?connectOptions=1&lastChangeId=258625537&lastChangeId64=258625537 failed. HTTP Status: NotFound
[2025-10-10 02:33:09Z INFO GitHubActionsService] Finished operation Location.GetConnectionData
[2025-10-10 02:33:09Z INFO RunnerServer] Catch exception during connect. 2 attempt left.
[2025-10-10 02:33:09Z ERR  RunnerServer] GitHub.Services.WebApi.VssServiceResponseException: The resource cannot be found.
   at GitHub.Services.WebApi.VssHttpClientBase.HandleResponseAsync(HttpResponseMessage response, CancellationToken cancellationToken)
   at GitHub.Services.WebApi.VssHttpClientBase.SendAsync(HttpRequestMessage message, HttpCompletionOption completionOption, Object userState, CancellationToken cancellationToken)
   at GitHub.Services.WebApi.VssHttpClientBase.SendAsync[T](HttpRequestMessage message, Object userState, CancellationToken cancellationToken)
   at GitHub.Services.Location.Client.LocationHttpClient.GetConnectionDataAsync(ConnectOptions connectOptions, Int64 lastChangeId, CancellationToken cancellationToken, Object userState)
   at GitHub.Services.WebApi.Location.VssServerDataProvider.GetConnectionDataAsync(ConnectOptions connectOptions, Int32 lastChangeId, CancellationToken cancellationToken)
   at GitHub.Services.WebApi.Location.VssServerDataProvider.ConnectAsync(ConnectOptions connectOptions, CancellationToken cancellationToken)
   at GitHub.Runner.Common.RunnerService.EstablishVssConnection(Uri serverUrl, VssCredentials credentials, TimeSpan timeout)
[2025-10-10 02:33:09Z ERR  GitHubActionsService] GET request to https://pipelinesghubeus6.actions.githubusercontent.com/hKyNd5hzQTjPqVOxuFp9CyJ2tMUr8ytJJ9FfsFju3bqhBGI0lq/_apis/connectionData?connectOptions=1&lastChangeId=258625537&lastChangeId64=258625537 failed. HTTP Status: NotFound
[2025-10-10 02:33:09Z INFO GitHubActionsService] Finished operation Location.GetConnectionData
[2025-10-10 02:33:09Z INFO RunnerServer] Catch exception during connect. 2 attempt left.
[2025-10-10 02:33:09Z ERR  RunnerServer] GitHub.Services.WebApi.VssServiceResponseException: The resource cannot be found.
   at GitHub.Services.WebApi.VssHttpClientBase.HandleResponseAsync(HttpResponseMessage response, CancellationToken cancellationToken)
   at GitHub.Services.WebApi.VssHttpClientBase.SendAsync(HttpRequestMessage message, HttpCompletionOption completionOption, Object userState, CancellationToken cancellationToken)
   at GitHub.Services.WebApi.VssHttpClientBase.SendAsync[T](HttpRequestMessage message, Object userState, CancellationToken cancellationToken)
   at GitHub.Services.Location.Client.LocationHttpClient.GetConnectionDataAsync(ConnectOptions connectOptions, Int64 lastChangeId, CancellationToken cancellationToken, Object userState)
   at GitHub.Services.WebApi.Location.VssServerDataProvider.GetConnectionDataAsync(ConnectOptions connectOptions, Int32 lastChangeId, CancellationToken cancellationToken)
   at GitHub.Services.WebApi.Location.VssServerDataProvider.ConnectAsync(ConnectOptions connectOptions, CancellationToken cancellationToken)
   at GitHub.Runner.Common.RunnerService.EstablishVssConnection(Uri serverUrl, VssCredentials credentials, TimeSpan timeout)
[2025-10-10 02:33:09Z INFO GitHubActionsService] Starting operation Location.GetConnectionData
[2025-10-10 02:33:09Z INFO GitHubActionsService] Starting operation Location.GetConnectionData
[2025-10-10 02:33:09Z INFO GitHubActionsService] Starting operation Location.GetConnectionData
[2025-10-10 02:33:09Z ERR  GitHubActionsService] GET request to https://pipelinesghubeus6.actions.githubusercontent.com/hKyNd5hzQTjPqVOxuFp9CyJ2tMUr8ytJJ9FfsFju3bqhBGI0lq/_apis/connectionData?connectOptions=1&lastChangeId=258625537&lastChangeId64=258625537 failed. HTTP Status: NotFound
[2025-10-10 02:33:09Z INFO GitHubActionsService] Finished operation Location.GetConnectionData
[2025-10-10 02:33:09Z INFO RunnerServer] Catch exception during connect. 1 attempt left.
[2025-10-10 02:33:09Z ERR  RunnerServer] GitHub.Services.WebApi.VssServiceResponseException: The resource cannot be found.
   at GitHub.Services.WebApi.VssHttpClientBase.HandleResponseAsync(HttpResponseMessage response, CancellationToken cancellationToken)
   at GitHub.Services.WebApi.VssHttpClientBase.SendAsync(HttpRequestMessage message, HttpCompletionOption completionOption, Object userState, CancellationToken cancellationToken)
   at GitHub.Services.WebApi.VssHttpClientBase.SendAsync[T](HttpRequestMessage message, Object userState, CancellationToken cancellationToken)
   at GitHub.Services.Location.Client.LocationHttpClient.GetConnectionDataAsync(ConnectOptions connectOptions, Int64 lastChangeId, CancellationToken cancellationToken, Object userState)
   at GitHub.Services.WebApi.Location.VssServerDataProvider.GetConnectionDataAsync(ConnectOptions connectOptions, Int32 lastChangeId, CancellationToken cancellationToken)
   at GitHub.Services.WebApi.Location.VssServerDataProvider.ConnectAsync(ConnectOptions connectOptions, CancellationToken cancellationToken)
   at GitHub.Runner.Common.RunnerService.EstablishVssConnection(Uri serverUrl, VssCredentials credentials, TimeSpan timeout)
[2025-10-10 02:33:09Z INFO GitHubActionsService] Starting operation Location.GetConnectionData
[2025-10-10 02:33:09Z ERR  GitHubActionsService] GET request to https://pipelinesghubeus6.actions.githubusercontent.com/hKyNd5hzQTjPqVOxuFp9CyJ2tMUr8ytJJ9FfsFju3bqhBGI0lq/_apis/connectionData?connectOptions=1&lastChangeId=258625537&lastChangeId64=258625537 failed. HTTP Status: NotFound
[2025-10-10 02:33:09Z INFO GitHubActionsService] Finished operation Location.GetConnectionData
[2025-10-10 02:33:09Z INFO RunnerServer] Catch exception during connect. 1 attempt left.
[2025-10-10 02:33:09Z ERR  RunnerServer] GitHub.Services.WebApi.VssServiceResponseException: The resource cannot be found.
   at GitHub.Services.WebApi.VssHttpClientBase.HandleResponseAsync(HttpResponseMessage response, CancellationToken cancellationToken)
   at GitHub.Services.WebApi.VssHttpClientBase.SendAsync(HttpRequestMessage message, HttpCompletionOption completionOption, Object userState, CancellationToken cancellationToken)
   at GitHub.Services.WebApi.VssHttpClientBase.SendAsync[T](HttpRequestMessage message, Object userState, CancellationToken cancellationToken)
   at GitHub.Services.Location.Client.LocationHttpClient.GetConnectionDataAsync(ConnectOptions connectOptions, Int64 lastChangeId, CancellationToken cancellationToken, Object userState)
   at GitHub.Services.WebApi.Location.VssServerDataProvider.GetConnectionDataAsync(ConnectOptions connectOptions, Int32 lastChangeId, CancellationToken cancellationToken)
   at GitHub.Services.WebApi.Location.VssServerDataProvider.ConnectAsync(ConnectOptions connectOptions, CancellationToken cancellationToken)
   at GitHub.Runner.Common.RunnerService.EstablishVssConnection(Uri serverUrl, VssCredentials credentials, TimeSpan timeout)
[2025-10-10 02:33:09Z ERR  GitHubActionsService] GET request to https://pipelinesghubeus6.actions.githubusercontent.com/hKyNd5hzQTjPqVOxuFp9CyJ2tMUr8ytJJ9FfsFju3bqhBGI0lq/_apis/connectionData?connectOptions=1&lastChangeId=258625537&lastChangeId64=258625537 failed. HTTP Status: NotFound
[2025-10-10 02:33:09Z INFO GitHubActionsService] Finished operation Location.GetConnectionData
[2025-10-10 02:33:09Z INFO RunnerServer] Catch exception during connect. 1 attempt left.
[2025-10-10 02:33:09Z ERR  RunnerServer] GitHub.Services.WebApi.VssServiceResponseException: The resource cannot be found.
   at GitHub.Services.WebApi.VssHttpClientBase.HandleResponseAsync(HttpResponseMessage response, CancellationToken cancellationToken)
   at GitHub.Services.WebApi.VssHttpClientBase.SendAsync(HttpRequestMessage message, HttpCompletionOption completionOption, Object userState, CancellationToken cancellationToken)
   at GitHub.Services.WebApi.VssHttpClientBase.SendAsync[T](HttpRequestMessage message, Object userState, CancellationToken cancellationToken)
   at GitHub.Services.Location.Client.LocationHttpClient.GetConnectionDataAsync(ConnectOptions connectOptions, Int64 lastChangeId, CancellationToken cancellationToken, Object userState)
   at GitHub.Services.WebApi.Location.VssServerDataProvider.GetConnectionDataAsync(ConnectOptions connectOptions, Int32 lastChangeId, CancellationToken cancellationToken)
   at GitHub.Services.WebApi.Location.VssServerDataProvider.ConnectAsync(ConnectOptions connectOptions, CancellationToken cancellationToken)
   at GitHub.Runner.Common.RunnerService.EstablishVssConnection(Uri serverUrl, VssCredentials credentials, TimeSpan timeout)
[2025-10-10 02:33:09Z INFO GitHubActionsService] Starting operation Location.GetConnectionData
[2025-10-10 02:33:09Z INFO GitHubActionsService] Starting operation Location.GetConnectionData
[2025-10-10 02:33:10Z ERR  GitHubActionsService] GET request to https://pipelinesghubeus6.actions.githubusercontent.com/hKyNd5hzQTjPqVOxuFp9CyJ2tMUr8ytJJ9FfsFju3bqhBGI0lq/_apis/connectionData?connectOptions=1&lastChangeId=258625537&lastChangeId64=258625537 failed. HTTP Status: NotFound
[2025-10-10 02:33:10Z INFO GitHubActionsService] Finished operation Location.GetConnectionData
[2025-10-10 02:33:10Z ERR  GitHubActionsService] GET request to https://pipelinesghubeus6.actions.githubusercontent.com/hKyNd5hzQTjPqVOxuFp9CyJ2tMUr8ytJJ9FfsFju3bqhBGI0lq/_apis/connectionData?connectOptions=1&lastChangeId=258625537&lastChangeId64=258625537 failed. HTTP Status: NotFound
[2025-10-10 02:33:10Z INFO GitHubActionsService] Finished operation Location.GetConnectionData
[2025-10-10 02:33:10Z ERR  GitHubActionsService] GET request to https://pipelinesghubeus6.actions.githubusercontent.com/hKyNd5hzQTjPqVOxuFp9CyJ2tMUr8ytJJ9FfsFju3bqhBGI0lq/_apis/connectionData?connectOptions=1&lastChangeId=258625537&lastChangeId64=258625537 failed. HTTP Status: NotFound
[2025-10-10 02:33:10Z INFO GitHubActionsService] Finished operation Location.GetConnectionData
[2025-10-10 02:33:10Z ERR  BrokerMessageListener] Catch exception during create session.
[2025-10-10 02:33:10Z ERR  BrokerMessageListener] GitHub.Services.WebApi.VssServiceResponseException: The resource cannot be found.
   at GitHub.Services.WebApi.VssHttpClientBase.HandleResponseAsync(HttpResponseMessage response, CancellationToken cancellationToken)
   at GitHub.Services.WebApi.VssHttpClientBase.SendAsync(HttpRequestMessage message, HttpCompletionOption completionOption, Object userState, CancellationToken cancellationToken)
   at GitHub.Services.WebApi.VssHttpClientBase.SendAsync[T](HttpRequestMessage message, Object userState, CancellationToken cancellationToken)
   at GitHub.Services.Location.Client.LocationHttpClient.GetConnectionDataAsync(ConnectOptions connectOptions, Int64 lastChangeId, CancellationToken cancellationToken, Object userState)
   at GitHub.Services.WebApi.Location.VssServerDataProvider.GetConnectionDataAsync(ConnectOptions connectOptions, Int32 lastChangeId, CancellationToken cancellationToken)
   at GitHub.Services.WebApi.Location.VssServerDataProvider.ConnectAsync(ConnectOptions connectOptions, CancellationToken cancellationToken)
   at GitHub.Runner.Common.RunnerService.EstablishVssConnection(Uri serverUrl, VssCredentials credentials, TimeSpan timeout)
   at GitHub.Runner.Common.RunnerServer.ConnectAsync(Uri serverUrl, VssCredentials credentials)
   at GitHub.Runner.Listener.BrokerMessageListener.CreateSessionAsync(CancellationToken token)
[2025-10-10 02:33:10Z WARN BrokerMessageListener] Migrated settings retry 1 of 3
[2025-10-10 02:33:10Z INFO BrokerMessageListener] Retriable exception: The resource cannot be found.
[2025-10-10 02:33:10Z ERR  Terminal] WRITE ERROR: 2025-10-10 02:33:10Z: Runner connect error: The resource cannot be found.. Retrying until reconnected.
[2025-10-10 02:33:10Z INFO BrokerMessageListener] Sleeping for 30 seconds before retrying.
[2025-10-10 02:33:40Z INFO BrokerMessageListener] Attempt to create session.
[2025-10-10 02:33:40Z INFO BrokerMessageListener] Connecting to the Broker Server...
[2025-10-10 02:33:40Z INFO ConfigurationStore] HasCredentials()
[2025-10-10 02:33:40Z INFO ConfigurationStore] stored True
[2025-10-10 02:33:40Z INFO CredentialManager] GetCredentialProvider
[2025-10-10 02:33:40Z INFO CredentialManager] Creating type OAuth
[2025-10-10 02:33:40Z INFO CredentialManager] Creating credential type: OAuth
[2025-10-10 02:33:40Z INFO RSAEncryptedFileKeyManager] Loading RSA key parameters from file G:\Brunella\actions-runner\.credentials_rsaparams
[2025-10-10 02:33:40Z INFO BrokerMessageListener] VssConnection created
[2025-10-10 02:33:40Z INFO BrokerMessageListener] Connecting to the Runner server...
[2025-10-10 02:33:40Z INFO RunnerServer] EstablishVssConnection
[2025-10-10 02:33:40Z INFO RunnerServer] Establish connection with 100 seconds timeout.
[2025-10-10 02:33:40Z INFO GitHubActionsService] Starting operation Location.GetConnectionData
[2025-10-10 02:33:40Z INFO RunnerServer] EstablishVssConnection
[2025-10-10 02:33:40Z INFO RunnerServer] Establish connection with 60 seconds timeout.
[2025-10-10 02:33:40Z INFO GitHubActionsService] Starting operation Location.GetConnectionData
[2025-10-10 02:33:40Z INFO RunnerServer] EstablishVssConnection
[2025-10-10 02:33:40Z INFO RunnerServer] Establish connection with 60 seconds timeout.
[2025-10-10 02:33:40Z INFO GitHubActionsService] Starting operation Location.GetConnectionData
[2025-10-10 02:33:41Z ERR  GitHubActionsService] GET request to https://pipelinesghubeus6.actions.githubusercontent.com/hKyNd5hzQTjPqVOxuFp9CyJ2tMUr8ytJJ9FfsFju3bqhBGI0lq/_apis/connectionData?connectOptions=1&lastChangeId=258625537&lastChangeId64=258625537 failed. HTTP Status: NotFound
[2025-10-10 02:33:41Z INFO GitHubActionsService] Finished operation Location.GetConnectionData
[2025-10-10 02:33:41Z INFO RunnerServer] Catch exception during connect. 4 attempt left.
[2025-10-10 02:33:41Z ERR  RunnerServer] GitHub.Services.WebApi.VssServiceResponseException: The resource cannot be found.
   at GitHub.Services.WebApi.VssHttpClientBase.HandleResponseAsync(HttpResponseMessage response, CancellationToken cancellationToken)
   at GitHub.Services.WebApi.VssHttpClientBase.SendAsync(HttpRequestMessage message, HttpCompletionOption completionOption, Object userState, CancellationToken cancellationToken)
   at GitHub.Services.WebApi.VssHttpClientBase.SendAsync[T](HttpRequestMessage message, Object userState, CancellationToken cancellationToken)
   at GitHub.Services.Location.Client.LocationHttpClient.GetConnectionDataAsync(ConnectOptions connectOptions, Int64 lastChangeId, CancellationToken cancellationToken, Object userState)
   at GitHub.Services.WebApi.Location.VssServerDataProvider.GetConnectionDataAsync(ConnectOptions connectOptions, Int32 lastChangeId, CancellationToken cancellationToken)
   at GitHub.Services.WebApi.Location.VssServerDataProvider.ConnectAsync(ConnectOptions connectOptions, CancellationToken cancellationToken)
   at GitHub.Runner.Common.RunnerService.EstablishVssConnection(Uri serverUrl, VssCredentials credentials, TimeSpan timeout)
[2025-10-10 02:33:41Z ERR  GitHubActionsService] GET request to https://pipelinesghubeus6.actions.githubusercontent.com/hKyNd5hzQTjPqVOxuFp9CyJ2tMUr8ytJJ9FfsFju3bqhBGI0lq/_apis/connectionData?connectOptions=1&lastChangeId=258625537&lastChangeId64=258625537 failed. HTTP Status: NotFound
[2025-10-10 02:33:41Z INFO GitHubActionsService] Finished operation Location.GetConnectionData
[2025-10-10 02:33:41Z INFO RunnerServer] Catch exception during connect. 4 attempt left.
[2025-10-10 02:33:41Z ERR  RunnerServer] GitHub.Services.WebApi.VssServiceResponseException: The resource cannot be found.
   at GitHub.Services.WebApi.VssHttpClientBase.HandleResponseAsync(HttpResponseMessage response, CancellationToken cancellationToken)
   at GitHub.Services.WebApi.VssHttpClientBase.SendAsync(HttpRequestMessage message, HttpCompletionOption completionOption, Object userState, CancellationToken cancellationToken)
   at GitHub.Services.WebApi.VssHttpClientBase.SendAsync[T](HttpRequestMessage message, Object userState, CancellationToken cancellationToken)
   at GitHub.Services.Location.Client.LocationHttpClient.GetConnectionDataAsync(ConnectOptions connectOptions, Int64 lastChangeId, CancellationToken cancellationToken, Object userState)
   at GitHub.Services.WebApi.Location.VssServerDataProvider.GetConnectionDataAsync(ConnectOptions connectOptions, Int32 lastChangeId, CancellationToken cancellationToken)
   at GitHub.Services.WebApi.Location.VssServerDataProvider.ConnectAsync(ConnectOptions connectOptions, CancellationToken cancellationToken)
   at GitHub.Runner.Common.RunnerService.EstablishVssConnection(Uri serverUrl, VssCredentials credentials, TimeSpan timeout)
[2025-10-10 02:33:41Z ERR  GitHubActionsService] GET request to https://pipelinesghubeus6.actions.githubusercontent.com/hKyNd5hzQTjPqVOxuFp9CyJ2tMUr8ytJJ9FfsFju3bqhBGI0lq/_apis/connectionData?connectOptions=1&lastChangeId=258625537&lastChangeId64=258625537 failed. HTTP Status: NotFound
[2025-10-10 02:33:41Z INFO GitHubActionsService] Finished operation Location.GetConnectionData
[2025-10-10 02:33:41Z INFO RunnerServer] Catch exception during connect. 4 attempt left.
[2025-10-10 02:33:41Z ERR  RunnerServer] GitHub.Services.WebApi.VssServiceResponseException: The resource cannot be found.
   at GitHub.Services.WebApi.VssHttpClientBase.HandleResponseAsync(HttpResponseMessage response, CancellationToken cancellationToken)
   at GitHub.Services.WebApi.VssHttpClientBase.SendAsync(HttpRequestMessage message, HttpCompletionOption completionOption, Object userState, CancellationToken cancellationToken)
   at GitHub.Services.WebApi.VssHttpClientBase.SendAsync[T](HttpRequestMessage message, Object userState, CancellationToken cancellationToken)
   at GitHub.Services.Location.Client.LocationHttpClient.GetConnectionDataAsync(ConnectOptions connectOptions, Int64 lastChangeId, CancellationToken cancellationToken, Object userState)
   at GitHub.Services.WebApi.Location.VssServerDataProvider.GetConnectionDataAsync(ConnectOptions connectOptions, Int32 lastChangeId, CancellationToken cancellationToken)
   at GitHub.Services.WebApi.Location.VssServerDataProvider.ConnectAsync(ConnectOptions connectOptions, CancellationToken cancellationToken)
   at GitHub.Runner.Common.RunnerService.EstablishVssConnection(Uri serverUrl, VssCredentials credentials, TimeSpan timeout)
[2025-10-10 02:33:41Z INFO GitHubActionsService] Starting operation Location.GetConnectionData
[2025-10-10 02:33:41Z INFO GitHubActionsService] Starting operation Location.GetConnectionData
[2025-10-10 02:33:41Z INFO GitHubActionsService] Starting operation Location.GetConnectionData
[2025-10-10 02:33:41Z ERR  GitHubActionsService] GET request to https://pipelinesghubeus6.actions.githubusercontent.com/hKyNd5hzQTjPqVOxuFp9CyJ2tMUr8ytJJ9FfsFju3bqhBGI0lq/_apis/connectionData?connectOptions=1&lastChangeId=258625537&lastChangeId64=258625537 failed. HTTP Status: NotFound
[2025-10-10 02:33:41Z INFO GitHubActionsService] Finished operation Location.GetConnectionData
[2025-10-10 02:33:41Z INFO RunnerServer] Catch exception during connect. 3 attempt left.
[2025-10-10 02:33:41Z ERR  RunnerServer] GitHub.Services.WebApi.VssServiceResponseException: The resource cannot be found.
   at GitHub.Services.WebApi.VssHttpClientBase.HandleResponseAsync(HttpResponseMessage response, CancellationToken cancellationToken)
   at GitHub.Services.WebApi.VssHttpClientBase.SendAsync(HttpRequestMessage message, HttpCompletionOption completionOption, Object userState, CancellationToken cancellationToken)
   at GitHub.Services.WebApi.VssHttpClientBase.SendAsync[T](HttpRequestMessage message, Object userState, CancellationToken cancellationToken)
   at GitHub.Services.Location.Client.LocationHttpClient.GetConnectionDataAsync(ConnectOptions connectOptions, Int64 lastChangeId, CancellationToken cancellationToken, Object userState)
   at GitHub.Services.WebApi.Location.VssServerDataProvider.GetConnectionDataAsync(ConnectOptions connectOptions, Int32 lastChangeId, CancellationToken cancellationToken)
   at GitHub.Services.WebApi.Location.VssServerDataProvider.ConnectAsync(ConnectOptions connectOptions, CancellationToken cancellationToken)
   at GitHub.Runner.Common.RunnerService.EstablishVssConnection(Uri serverUrl, VssCredentials credentials, TimeSpan timeout)
[2025-10-10 02:33:42Z ERR  GitHubActionsService] GET request to https://pipelinesghubeus6.actions.githubusercontent.com/hKyNd5hzQTjPqVOxuFp9CyJ2tMUr8ytJJ9FfsFju3bqhBGI0lq/_apis/connectionData?connectOptions=1&lastChangeId=258625537&lastChangeId64=258625537 failed. HTTP Status: NotFound
[2025-10-10 02:33:42Z INFO GitHubActionsService] Finished operation Location.GetConnectionData
[2025-10-10 02:33:42Z INFO RunnerServer] Catch exception during connect. 3 attempt left.
[2025-10-10 02:33:42Z ERR  RunnerServer] GitHub.Services.WebApi.VssServiceResponseException: The resource cannot be found.
   at GitHub.Services.WebApi.VssHttpClientBase.HandleResponseAsync(HttpResponseMessage response, CancellationToken cancellationToken)
   at GitHub.Services.WebApi.VssHttpClientBase.SendAsync(HttpRequestMessage message, HttpCompletionOption completionOption, Object userState, CancellationToken cancellationToken)
   at GitHub.Services.WebApi.VssHttpClientBase.SendAsync[T](HttpRequestMessage message, Object userState, CancellationToken cancellationToken)
   at GitHub.Services.Location.Client.LocationHttpClient.GetConnectionDataAsync(ConnectOptions connectOptions, Int64 lastChangeId, CancellationToken cancellationToken, Object userState)
   at GitHub.Services.WebApi.Location.VssServerDataProvider.GetConnectionDataAsync(ConnectOptions connectOptions, Int32 lastChangeId, CancellationToken cancellationToken)
   at GitHub.Services.WebApi.Location.VssServerDataProvider.ConnectAsync(ConnectOptions connectOptions, CancellationToken cancellationToken)
   at GitHub.Runner.Common.RunnerService.EstablishVssConnection(Uri serverUrl, VssCredentials credentials, TimeSpan timeout)
[2025-10-10 02:33:42Z INFO GitHubActionsService] Starting operation Location.GetConnectionData
[2025-10-10 02:33:42Z ERR  GitHubActionsService] GET request to https://pipelinesghubeus6.actions.githubusercontent.com/hKyNd5hzQTjPqVOxuFp9CyJ2tMUr8ytJJ9FfsFju3bqhBGI0lq/_apis/connectionData?connectOptions=1&lastChangeId=258625537&lastChangeId64=258625537 failed. HTTP Status: NotFound
[2025-10-10 02:33:42Z INFO GitHubActionsService] Finished operation Location.GetConnectionData
[2025-10-10 02:33:42Z INFO RunnerServer] Catch exception during connect. 3 attempt left.
[2025-10-10 02:33:42Z ERR  RunnerServer] GitHub.Services.WebApi.VssServiceResponseException: The resource cannot be found.
   at GitHub.Services.WebApi.VssHttpClientBase.HandleResponseAsync(HttpResponseMessage response, CancellationToken cancellationToken)
   at GitHub.Services.WebApi.VssHttpClientBase.SendAsync(HttpRequestMessage message, HttpCompletionOption completionOption, Object userState, CancellationToken cancellationToken)
   at GitHub.Services.WebApi.VssHttpClientBase.SendAsync[T](HttpRequestMessage message, Object userState, CancellationToken cancellationToken)
   at GitHub.Services.Location.Client.LocationHttpClient.GetConnectionDataAsync(ConnectOptions connectOptions, Int64 lastChangeId, CancellationToken cancellationToken, Object userState)
   at GitHub.Services.WebApi.Location.VssServerDataProvider.GetConnectionDataAsync(ConnectOptions connectOptions, Int32 lastChangeId, CancellationToken cancellationToken)
   at GitHub.Services.WebApi.Location.VssServerDataProvider.ConnectAsync(ConnectOptions connectOptions, CancellationToken cancellationToken)
   at GitHub.Runner.Common.RunnerService.EstablishVssConnection(Uri serverUrl, VssCredentials credentials, TimeSpan timeout)
[2025-10-10 02:33:42Z INFO GitHubActionsService] Starting operation Location.GetConnectionData
[2025-10-10 02:33:42Z INFO GitHubActionsService] Starting operation Location.GetConnectionData
[2025-10-10 02:33:42Z ERR  GitHubActionsService] GET request to https://pipelinesghubeus6.actions.githubusercontent.com/hKyNd5hzQTjPqVOxuFp9CyJ2tMUr8ytJJ9FfsFju3bqhBGI0lq/_apis/connectionData?connectOptions=1&lastChangeId=258625537&lastChangeId64=258625537 failed. HTTP Status: NotFound
[2025-10-10 02:33:42Z INFO GitHubActionsService] Finished operation Location.GetConnectionData
[2025-10-10 02:33:42Z INFO RunnerServer] Catch exception during connect. 2 attempt left.
[2025-10-10 02:33:42Z ERR  RunnerServer] GitHub.Services.WebApi.VssServiceResponseException: The resource cannot be found.
   at GitHub.Services.WebApi.VssHttpClientBase.HandleResponseAsync(HttpResponseMessage response, CancellationToken cancellationToken)
   at GitHub.Services.WebApi.VssHttpClientBase.SendAsync(HttpRequestMessage message, HttpCompletionOption completionOption, Object userState, CancellationToken cancellationToken)
   at GitHub.Services.WebApi.VssHttpClientBase.SendAsync[T](HttpRequestMessage message, Object userState, CancellationToken cancellationToken)
   at GitHub.Services.Location.Client.LocationHttpClient.GetConnectionDataAsync(ConnectOptions connectOptions, Int64 lastChangeId, CancellationToken cancellationToken, Object userState)
   at GitHub.Services.WebApi.Location.VssServerDataProvider.GetConnectionDataAsync(ConnectOptions connectOptions, Int32 lastChangeId, CancellationToken cancellationToken)
   at GitHub.Services.WebApi.Location.VssServerDataProvider.ConnectAsync(ConnectOptions connectOptions, CancellationToken cancellationToken)
   at GitHub.Runner.Common.RunnerService.EstablishVssConnection(Uri serverUrl, VssCredentials credentials, TimeSpan timeout)
[2025-10-10 02:33:42Z ERR  GitHubActionsService] GET request to https://pipelinesghubeus6.actions.githubusercontent.com/hKyNd5hzQTjPqVOxuFp9CyJ2tMUr8ytJJ9FfsFju3bqhBGI0lq/_apis/connectionData?connectOptions=1&lastChangeId=258625537&lastChangeId64=258625537 failed. HTTP Status: NotFound
[2025-10-10 02:33:42Z INFO GitHubActionsService] Finished operation Location.GetConnectionData
[2025-10-10 02:33:42Z INFO RunnerServer] Catch exception during connect. 2 attempt left.
[2025-10-10 02:33:42Z ERR  RunnerServer] GitHub.Services.WebApi.VssServiceResponseException: The resource cannot be found.
   at GitHub.Services.WebApi.VssHttpClientBase.HandleResponseAsync(HttpResponseMessage response, CancellationToken cancellationToken)
   at GitHub.Services.WebApi.VssHttpClientBase.SendAsync(HttpRequestMessage message, HttpCompletionOption completionOption, Object userState, CancellationToken cancellationToken)
   at GitHub.Services.WebApi.VssHttpClientBase.SendAsync[T](HttpRequestMessage message, Object userState, CancellationToken cancellationToken)
   at GitHub.Services.Location.Client.LocationHttpClient.GetConnectionDataAsync(ConnectOptions connectOptions, Int64 lastChangeId, CancellationToken cancellationToken, Object userState)
   at GitHub.Services.WebApi.Location.VssServerDataProvider.GetConnectionDataAsync(ConnectOptions connectOptions, Int32 lastChangeId, CancellationToken cancellationToken)
   at GitHub.Services.WebApi.Location.VssServerDataProvider.ConnectAsync(ConnectOptions connectOptions, CancellationToken cancellationToken)
   at GitHub.Runner.Common.RunnerService.EstablishVssConnection(Uri serverUrl, VssCredentials credentials, TimeSpan timeout)
[2025-10-10 02:33:42Z INFO GitHubActionsService] Starting operation Location.GetConnectionData
[2025-10-10 02:33:42Z ERR  GitHubActionsService] GET request to https://pipelinesghubeus6.actions.githubusercontent.com/hKyNd5hzQTjPqVOxuFp9CyJ2tMUr8ytJJ9FfsFju3bqhBGI0lq/_apis/connectionData?connectOptions=1&lastChangeId=258625537&lastChangeId64=258625537 failed. HTTP Status: NotFound
[2025-10-10 02:33:42Z INFO GitHubActionsService] Finished operation Location.GetConnectionData
[2025-10-10 02:33:42Z INFO RunnerServer] Catch exception during connect. 2 attempt left.
[2025-10-10 02:33:42Z ERR  RunnerServer] GitHub.Services.WebApi.VssServiceResponseException: The resource cannot be found.
   at GitHub.Services.WebApi.VssHttpClientBase.HandleResponseAsync(HttpResponseMessage response, CancellationToken cancellationToken)
   at GitHub.Services.WebApi.VssHttpClientBase.SendAsync(HttpRequestMessage message, HttpCompletionOption completionOption, Object userState, CancellationToken cancellationToken)
   at GitHub.Services.WebApi.VssHttpClientBase.SendAsync[T](HttpRequestMessage message, Object userState, CancellationToken cancellationToken)
   at GitHub.Services.Location.Client.LocationHttpClient.GetConnectionDataAsync(ConnectOptions connectOptions, Int64 lastChangeId, CancellationToken cancellationToken, Object userState)
   at GitHub.Services.WebApi.Location.VssServerDataProvider.GetConnectionDataAsync(ConnectOptions connectOptions, Int32 lastChangeId, CancellationToken cancellationToken)
   at GitHub.Services.WebApi.Location.VssServerDataProvider.ConnectAsync(ConnectOptions connectOptions, CancellationToken cancellationToken)
   at GitHub.Runner.Common.RunnerService.EstablishVssConnection(Uri serverUrl, VssCredentials credentials, TimeSpan timeout)
[2025-10-10 02:33:42Z INFO GitHubActionsService] Starting operation Location.GetConnectionData
[2025-10-10 02:33:42Z INFO GitHubActionsService] Starting operation Location.GetConnectionData
[2025-10-10 02:33:43Z ERR  GitHubActionsService] GET request to https://pipelinesghubeus6.actions.githubusercontent.com/hKyNd5hzQTjPqVOxuFp9CyJ2tMUr8ytJJ9FfsFju3bqhBGI0lq/_apis/connectionData?connectOptions=1&lastChangeId=258625537&lastChangeId64=258625537 failed. HTTP Status: NotFound
[2025-10-10 02:33:43Z INFO GitHubActionsService] Finished operation Location.GetConnectionData
[2025-10-10 02:33:43Z INFO RunnerServer] Catch exception during connect. 1 attempt left.
[2025-10-10 02:33:43Z ERR  RunnerServer] GitHub.Services.WebApi.VssServiceResponseException: The resource cannot be found.
   at GitHub.Services.WebApi.VssHttpClientBase.HandleResponseAsync(HttpResponseMessage response, CancellationToken cancellationToken)
   at GitHub.Services.WebApi.VssHttpClientBase.SendAsync(HttpRequestMessage message, HttpCompletionOption completionOption, Object userState, CancellationToken cancellationToken)
   at GitHub.Services.WebApi.VssHttpClientBase.SendAsync[T](HttpRequestMessage message, Object userState, CancellationToken cancellationToken)
   at GitHub.Services.Location.Client.LocationHttpClient.GetConnectionDataAsync(ConnectOptions connectOptions, Int64 lastChangeId, CancellationToken cancellationToken, Object userState)
   at GitHub.Services.WebApi.Location.VssServerDataProvider.GetConnectionDataAsync(ConnectOptions connectOptions, Int32 lastChangeId, CancellationToken cancellationToken)
   at GitHub.Services.WebApi.Location.VssServerDataProvider.ConnectAsync(ConnectOptions connectOptions, CancellationToken cancellationToken)
   at GitHub.Runner.Common.RunnerService.EstablishVssConnection(Uri serverUrl, VssCredentials credentials, TimeSpan timeout)
[2025-10-10 02:33:43Z ERR  GitHubActionsService] GET request to https://pipelinesghubeus6.actions.githubusercontent.com/hKyNd5hzQTjPqVOxuFp9CyJ2tMUr8ytJJ9FfsFju3bqhBGI0lq/_apis/connectionData?connectOptions=1&lastChangeId=258625537&lastChangeId64=258625537 failed. HTTP Status: NotFound
[2025-10-10 02:33:43Z INFO GitHubActionsService] Finished operation Location.GetConnectionData
[2025-10-10 02:33:43Z INFO RunnerServer] Catch exception during connect. 1 attempt left.
[2025-10-10 02:33:43Z ERR  RunnerServer] GitHub.Services.WebApi.VssServiceResponseException: The resource cannot be found.
   at GitHub.Services.WebApi.VssHttpClientBase.HandleResponseAsync(HttpResponseMessage response, CancellationToken cancellationToken)
   at GitHub.Services.WebApi.VssHttpClientBase.SendAsync(HttpRequestMessage message, HttpCompletionOption completionOption, Object userState, CancellationToken cancellationToken)
   at GitHub.Services.WebApi.VssHttpClientBase.SendAsync[T](HttpRequestMessage message, Object userState, CancellationToken cancellationToken)
   at GitHub.Services.Location.Client.LocationHttpClient.GetConnectionDataAsync(ConnectOptions connectOptions, Int64 lastChangeId, CancellationToken cancellationToken, Object userState)
   at GitHub.Services.WebApi.Location.VssServerDataProvider.GetConnectionDataAsync(ConnectOptions connectOptions, Int32 lastChangeId, CancellationToken cancellationToken)
   at GitHub.Services.WebApi.Location.VssServerDataProvider.ConnectAsync(ConnectOptions connectOptions, CancellationToken cancellationToken)
   at GitHub.Runner.Common.RunnerService.EstablishVssConnection(Uri serverUrl, VssCredentials credentials, TimeSpan timeout)
[2025-10-10 02:33:43Z INFO GitHubActionsService] Starting operation Location.GetConnectionData
[2025-10-10 02:33:43Z ERR  GitHubActionsService] GET request to https://pipelinesghubeus6.actions.githubusercontent.com/hKyNd5hzQTjPqVOxuFp9CyJ2tMUr8ytJJ9FfsFju3bqhBGI0lq/_apis/connectionData?connectOptions=1&lastChangeId=258625537&lastChangeId64=258625537 failed. HTTP Status: NotFound
[2025-10-10 02:33:43Z INFO GitHubActionsService] Finished operation Location.GetConnectionData
[2025-10-10 02:33:43Z INFO RunnerServer] Catch exception during connect. 1 attempt left.
[2025-10-10 02:33:43Z ERR  RunnerServer] GitHub.Services.WebApi.VssServiceResponseException: The resource cannot be found.
   at GitHub.Services.WebApi.VssHttpClientBase.HandleResponseAsync(HttpResponseMessage response, CancellationToken cancellationToken)
   at GitHub.Services.WebApi.VssHttpClientBase.SendAsync(HttpRequestMessage message, HttpCompletionOption completionOption, Object userState, CancellationToken cancellationToken)
   at GitHub.Services.WebApi.VssHttpClientBase.SendAsync[T](HttpRequestMessage message, Object userState, CancellationToken cancellationToken)
   at GitHub.Services.Location.Client.LocationHttpClient.GetConnectionDataAsync(ConnectOptions connectOptions, Int64 lastChangeId, CancellationToken cancellationToken, Object userState)
   at GitHub.Services.WebApi.Location.VssServerDataProvider.GetConnectionDataAsync(ConnectOptions connectOptions, Int32 lastChangeId, CancellationToken cancellationToken)
   at GitHub.Services.WebApi.Location.VssServerDataProvider.ConnectAsync(ConnectOptions connectOptions, CancellationToken cancellationToken)
   at GitHub.Runner.Common.RunnerService.EstablishVssConnection(Uri serverUrl, VssCredentials credentials, TimeSpan timeout)
[2025-10-10 02:33:43Z INFO GitHubActionsService] Starting operation Location.GetConnectionData
[2025-10-10 02:33:43Z INFO GitHubActionsService] Starting operation Location.GetConnectionData
[2025-10-10 02:33:44Z ERR  GitHubActionsService] GET request to https://pipelinesghubeus6.actions.githubusercontent.com/hKyNd5hzQTjPqVOxuFp9CyJ2tMUr8ytJJ9FfsFju3bqhBGI0lq/_apis/connectionData?connectOptions=1&lastChangeId=258625537&lastChangeId64=258625537 failed. HTTP Status: NotFound
[2025-10-10 02:33:44Z INFO GitHubActionsService] Finished operation Location.GetConnectionData
[2025-10-10 02:33:44Z ERR  GitHubActionsService] GET request to https://pipelinesghubeus6.actions.githubusercontent.com/hKyNd5hzQTjPqVOxuFp9CyJ2tMUr8ytJJ9FfsFju3bqhBGI0lq/_apis/connectionData?connectOptions=1&lastChangeId=258625537&lastChangeId64=258625537 failed. HTTP Status: NotFound
[2025-10-10 02:33:44Z INFO GitHubActionsService] Finished operation Location.GetConnectionData
[2025-10-10 02:33:44Z ERR  GitHubActionsService] GET request to https://pipelinesghubeus6.actions.githubusercontent.com/hKyNd5hzQTjPqVOxuFp9CyJ2tMUr8ytJJ9FfsFju3bqhBGI0lq/_apis/connectionData?connectOptions=1&lastChangeId=258625537&lastChangeId64=258625537 failed. HTTP Status: NotFound
[2025-10-10 02:33:44Z INFO GitHubActionsService] Finished operation Location.GetConnectionData
[2025-10-10 02:33:44Z ERR  BrokerMessageListener] Catch exception during create session.
[2025-10-10 02:33:44Z ERR  BrokerMessageListener] GitHub.Services.WebApi.VssServiceResponseException: The resource cannot be found.
   at GitHub.Services.WebApi.VssHttpClientBase.HandleResponseAsync(HttpResponseMessage response, CancellationToken cancellationToken)
   at GitHub.Services.WebApi.VssHttpClientBase.SendAsync(HttpRequestMessage message, HttpCompletionOption completionOption, Object userState, CancellationToken cancellationToken)
   at GitHub.Services.WebApi.VssHttpClientBase.SendAsync[T](HttpRequestMessage message, Object userState, CancellationToken cancellationToken)
   at GitHub.Services.Location.Client.LocationHttpClient.GetConnectionDataAsync(ConnectOptions connectOptions, Int64 lastChangeId, CancellationToken cancellationToken, Object userState)
   at GitHub.Services.WebApi.Location.VssServerDataProvider.GetConnectionDataAsync(ConnectOptions connectOptions, Int32 lastChangeId, CancellationToken cancellationToken)
   at GitHub.Services.WebApi.Location.VssServerDataProvider.ConnectAsync(ConnectOptions connectOptions, CancellationToken cancellationToken)
   at GitHub.Runner.Common.RunnerService.EstablishVssConnection(Uri serverUrl, VssCredentials credentials, TimeSpan timeout)
   at GitHub.Runner.Common.RunnerServer.ConnectAsync(Uri serverUrl, VssCredentials credentials)
   at GitHub.Runner.Listener.BrokerMessageListener.CreateSessionAsync(CancellationToken token)
[2025-10-10 02:33:44Z WARN BrokerMessageListener] Migrated settings retry 2 of 3
[2025-10-10 02:33:44Z INFO BrokerMessageListener] Retriable exception: The resource cannot be found.
[2025-10-10 02:33:44Z INFO BrokerMessageListener] Sleeping for 30 seconds before retrying.
[2025-10-10 02:34:14Z INFO BrokerMessageListener] Attempt to create session.
[2025-10-10 02:34:14Z INFO BrokerMessageListener] Connecting to the Broker Server...
[2025-10-10 02:34:14Z INFO ConfigurationStore] HasCredentials()
[2025-10-10 02:34:14Z INFO ConfigurationStore] stored True
[2025-10-10 02:34:14Z INFO CredentialManager] GetCredentialProvider
[2025-10-10 02:34:14Z INFO CredentialManager] Creating type OAuth
[2025-10-10 02:34:14Z INFO CredentialManager] Creating credential type: OAuth
[2025-10-10 02:34:14Z INFO RSAEncryptedFileKeyManager] Loading RSA key parameters from file G:\Brunella\actions-runner\.credentials_rsaparams
[2025-10-10 02:34:14Z INFO BrokerMessageListener] VssConnection created
[2025-10-10 02:34:14Z INFO BrokerMessageListener] Connecting to the Runner server...
[2025-10-10 02:34:14Z INFO RunnerServer] EstablishVssConnection
[2025-10-10 02:34:14Z INFO RunnerServer] Establish connection with 100 seconds timeout.
[2025-10-10 02:34:14Z INFO GitHubActionsService] Starting operation Location.GetConnectionData
[2025-10-10 02:34:14Z INFO RunnerServer] EstablishVssConnection
[2025-10-10 02:34:14Z INFO RunnerServer] Establish connection with 60 seconds timeout.
[2025-10-10 02:34:14Z INFO GitHubActionsService] Starting operation Location.GetConnectionData
[2025-10-10 02:34:14Z INFO RunnerServer] EstablishVssConnection
[2025-10-10 02:34:14Z INFO RunnerServer] Establish connection with 60 seconds timeout.
[2025-10-10 02:34:14Z INFO GitHubActionsService] Starting operation Location.GetConnectionData
[2025-10-10 02:34:15Z ERR  GitHubActionsService] GET request to https://pipelinesghubeus6.actions.githubusercontent.com/hKyNd5hzQTjPqVOxuFp9CyJ2tMUr8ytJJ9FfsFju3bqhBGI0lq/_apis/connectionData?connectOptions=1&lastChangeId=258625537&lastChangeId64=258625537 failed. HTTP Status: NotFound
[2025-10-10 02:34:15Z INFO GitHubActionsService] Finished operation Location.GetConnectionData
[2025-10-10 02:34:15Z INFO RunnerServer] Catch exception during connect. 4 attempt left.
[2025-10-10 02:34:15Z ERR  GitHubActionsService] GET request to https://pipelinesghubeus6.actions.githubusercontent.com/hKyNd5hzQTjPqVOxuFp9CyJ2tMUr8ytJJ9FfsFju3bqhBGI0lq/_apis/connectionData?connectOptions=1&lastChangeId=258625537&lastChangeId64=258625537 failed. HTTP Status: NotFound
[2025-10-10 02:34:15Z INFO GitHubActionsService] Finished operation Location.GetConnectionData
[2025-10-10 02:34:15Z ERR  RunnerServer] GitHub.Services.WebApi.VssServiceResponseException: The resource cannot be found.
   at GitHub.Services.WebApi.VssHttpClientBase.HandleResponseAsync(HttpResponseMessage response, CancellationToken cancellationToken)
   at GitHub.Services.WebApi.VssHttpClientBase.SendAsync(HttpRequestMessage message, HttpCompletionOption completionOption, Object userState, CancellationToken cancellationToken)
   at GitHub.Services.WebApi.VssHttpClientBase.SendAsync[T](HttpRequestMessage message, Object userState, CancellationToken cancellationToken)
   at GitHub.Services.Location.Client.LocationHttpClient.GetConnectionDataAsync(ConnectOptions connectOptions, Int64 lastChangeId, CancellationToken cancellationToken, Object userState)
   at GitHub.Services.WebApi.Location.VssServerDataProvider.GetConnectionDataAsync(ConnectOptions connectOptions, Int32 lastChangeId, CancellationToken cancellationToken)
   at GitHub.Services.WebApi.Location.VssServerDataProvider.ConnectAsync(ConnectOptions connectOptions, CancellationToken cancellationToken)
   at GitHub.Runner.Common.RunnerService.EstablishVssConnection(Uri serverUrl, VssCredentials credentials, TimeSpan timeout)
[2025-10-10 02:34:15Z INFO RunnerServer] Catch exception during connect. 4 attempt left.
[2025-10-10 02:34:15Z ERR  RunnerServer] GitHub.Services.WebApi.VssServiceResponseException: The resource cannot be found.
   at GitHub.Services.WebApi.VssHttpClientBase.HandleResponseAsync(HttpResponseMessage response, CancellationToken cancellationToken)
   at GitHub.Services.WebApi.VssHttpClientBase.SendAsync(HttpRequestMessage message, HttpCompletionOption completionOption, Object userState, CancellationToken cancellationToken)
   at GitHub.Services.WebApi.VssHttpClientBase.SendAsync[T](HttpRequestMessage message, Object userState, CancellationToken cancellationToken)
   at GitHub.Services.Location.Client.LocationHttpClient.GetConnectionDataAsync(ConnectOptions connectOptions, Int64 lastChangeId, CancellationToken cancellationToken, Object userState)
   at GitHub.Services.WebApi.Location.VssServerDataProvider.GetConnectionDataAsync(ConnectOptions connectOptions, Int32 lastChangeId, CancellationToken cancellationToken)
   at GitHub.Services.WebApi.Location.VssServerDataProvider.ConnectAsync(ConnectOptions connectOptions, CancellationToken cancellationToken)
   at GitHub.Runner.Common.RunnerService.EstablishVssConnection(Uri serverUrl, VssCredentials credentials, TimeSpan timeout)
[2025-10-10 02:34:15Z ERR  GitHubActionsService] GET request to https://pipelinesghubeus6.actions.githubusercontent.com/hKyNd5hzQTjPqVOxuFp9CyJ2tMUr8ytJJ9FfsFju3bqhBGI0lq/_apis/connectionData?connectOptions=1&lastChangeId=258625537&lastChangeId64=258625537 failed. HTTP Status: NotFound
[2025-10-10 02:34:15Z INFO GitHubActionsService] Finished operation Location.GetConnectionData
[2025-10-10 02:34:15Z INFO RunnerServer] Catch exception during connect. 4 attempt left.
[2025-10-10 02:34:15Z ERR  RunnerServer] GitHub.Services.WebApi.VssServiceResponseException: The resource cannot be found.
   at GitHub.Services.WebApi.VssHttpClientBase.HandleResponseAsync(HttpResponseMessage response, CancellationToken cancellationToken)
   at GitHub.Services.WebApi.VssHttpClientBase.SendAsync(HttpRequestMessage message, HttpCompletionOption completionOption, Object userState, CancellationToken cancellationToken)
   at GitHub.Services.WebApi.VssHttpClientBase.SendAsync[T](HttpRequestMessage message, Object userState, CancellationToken cancellationToken)
   at GitHub.Services.Location.Client.LocationHttpClient.GetConnectionDataAsync(ConnectOptions connectOptions, Int64 lastChangeId, CancellationToken cancellationToken, Object userState)
   at GitHub.Services.WebApi.Location.VssServerDataProvider.GetConnectionDataAsync(ConnectOptions connectOptions, Int32 lastChangeId, CancellationToken cancellationToken)
   at GitHub.Services.WebApi.Location.VssServerDataProvider.ConnectAsync(ConnectOptions connectOptions, CancellationToken cancellationToken)
   at GitHub.Runner.Common.RunnerService.EstablishVssConnection(Uri serverUrl, VssCredentials credentials, TimeSpan timeout)
[2025-10-10 02:34:15Z INFO GitHubActionsService] Starting operation Location.GetConnectionData
[2025-10-10 02:34:15Z INFO GitHubActionsService] Starting operation Location.GetConnectionData
[2025-10-10 02:34:15Z INFO GitHubActionsService] Starting operation Location.GetConnectionData
[2025-10-10 02:34:15Z ERR  GitHubActionsService] GET request to https://pipelinesghubeus6.actions.githubusercontent.com/hKyNd5hzQTjPqVOxuFp9CyJ2tMUr8ytJJ9FfsFju3bqhBGI0lq/_apis/connectionData?connectOptions=1&lastChangeId=258625537&lastChangeId64=258625537 failed. HTTP Status: NotFound
[2025-10-10 02:34:15Z INFO GitHubActionsService] Finished operation Location.GetConnectionData
[2025-10-10 02:34:15Z INFO RunnerServer] Catch exception during connect. 3 attempt left.
[2025-10-10 02:34:15Z ERR  RunnerServer] GitHub.Services.WebApi.VssServiceResponseException: The resource cannot be found.
   at GitHub.Services.WebApi.VssHttpClientBase.HandleResponseAsync(HttpResponseMessage response, CancellationToken cancellationToken)
   at GitHub.Services.WebApi.VssHttpClientBase.SendAsync(HttpRequestMessage message, HttpCompletionOption completionOption, Object userState, CancellationToken cancellationToken)
   at GitHub.Services.WebApi.VssHttpClientBase.SendAsync[T](HttpRequestMessage message, Object userState, CancellationToken cancellationToken)
   at GitHub.Services.Location.Client.LocationHttpClient.GetConnectionDataAsync(ConnectOptions connectOptions, Int64 lastChangeId, CancellationToken cancellationToken, Object userState)
   at GitHub.Services.WebApi.Location.VssServerDataProvider.GetConnectionDataAsync(ConnectOptions connectOptions, Int32 lastChangeId, CancellationToken cancellationToken)
   at GitHub.Services.WebApi.Location.VssServerDataProvider.ConnectAsync(ConnectOptions connectOptions, CancellationToken cancellationToken)
   at GitHub.Runner.Common.RunnerService.EstablishVssConnection(Uri serverUrl, VssCredentials credentials, TimeSpan timeout)
[2025-10-10 02:34:15Z INFO GitHubActionsService] Starting operation Location.GetConnectionData
[2025-10-10 02:34:15Z ERR  GitHubActionsService] GET request to https://pipelinesghubeus6.actions.githubusercontent.com/hKyNd5hzQTjPqVOxuFp9CyJ2tMUr8ytJJ9FfsFju3bqhBGI0lq/_apis/connectionData?connectOptions=1&lastChangeId=258625537&lastChangeId64=258625537 failed. HTTP Status: NotFound
[2025-10-10 02:34:15Z INFO GitHubActionsService] Finished operation Location.GetConnectionData
[2025-10-10 02:34:15Z INFO RunnerServer] Catch exception during connect. 3 attempt left.
[2025-10-10 02:34:15Z ERR  RunnerServer] GitHub.Services.WebApi.VssServiceResponseException: The resource cannot be found.
   at GitHub.Services.WebApi.VssHttpClientBase.HandleResponseAsync(HttpResponseMessage response, CancellationToken cancellationToken)
   at GitHub.Services.WebApi.VssHttpClientBase.SendAsync(HttpRequestMessage message, HttpCompletionOption completionOption, Object userState, CancellationToken cancellationToken)
   at GitHub.Services.WebApi.VssHttpClientBase.SendAsync[T](HttpRequestMessage message, Object userState, CancellationToken cancellationToken)
   at GitHub.Services.Location.Client.LocationHttpClient.GetConnectionDataAsync(ConnectOptions connectOptions, Int64 lastChangeId, CancellationToken cancellationToken, Object userState)
   at GitHub.Services.WebApi.Location.VssServerDataProvider.GetConnectionDataAsync(ConnectOptions connectOptions, Int32 lastChangeId, CancellationToken cancellationToken)
   at GitHub.Services.WebApi.Location.VssServerDataProvider.ConnectAsync(ConnectOptions connectOptions, CancellationToken cancellationToken)
   at GitHub.Runner.Common.RunnerService.EstablishVssConnection(Uri serverUrl, VssCredentials credentials, TimeSpan timeout)
[2025-10-10 02:34:15Z ERR  GitHubActionsService] GET request to https://pipelinesghubeus6.actions.githubusercontent.com/hKyNd5hzQTjPqVOxuFp9CyJ2tMUr8ytJJ9FfsFju3bqhBGI0lq/_apis/connectionData?connectOptions=1&lastChangeId=258625537&lastChangeId64=258625537 failed. HTTP Status: NotFound
[2025-10-10 02:34:15Z INFO GitHubActionsService] Finished operation Location.GetConnectionData
[2025-10-10 02:34:15Z INFO RunnerServer] Catch exception during connect. 3 attempt left.
[2025-10-10 02:34:15Z ERR  RunnerServer] GitHub.Services.WebApi.VssServiceResponseException: The resource cannot be found.
   at GitHub.Services.WebApi.VssHttpClientBase.HandleResponseAsync(HttpResponseMessage response, CancellationToken cancellationToken)
   at GitHub.Services.WebApi.VssHttpClientBase.SendAsync(HttpRequestMessage message, HttpCompletionOption completionOption, Object userState, CancellationToken cancellationToken)
   at GitHub.Services.WebApi.VssHttpClientBase.SendAsync[T](HttpRequestMessage message, Object userState, CancellationToken cancellationToken)
   at GitHub.Services.Location.Client.LocationHttpClient.GetConnectionDataAsync(ConnectOptions connectOptions, Int64 lastChangeId, CancellationToken cancellationToken, Object userState)
   at GitHub.Services.WebApi.Location.VssServerDataProvider.GetConnectionDataAsync(ConnectOptions connectOptions, Int32 lastChangeId, CancellationToken cancellationToken)
   at GitHub.Services.WebApi.Location.VssServerDataProvider.ConnectAsync(ConnectOptions connectOptions, CancellationToken cancellationToken)
   at GitHub.Runner.Common.RunnerService.EstablishVssConnection(Uri serverUrl, VssCredentials credentials, TimeSpan timeout)
[2025-10-10 02:34:15Z INFO GitHubActionsService] Starting operation Location.GetConnectionData
[2025-10-10 02:34:15Z INFO GitHubActionsService] Starting operation Location.GetConnectionData
[2025-10-10 02:34:16Z ERR  GitHubActionsService] GET request to https://pipelinesghubeus6.actions.githubusercontent.com/hKyNd5hzQTjPqVOxuFp9CyJ2tMUr8ytJJ9FfsFju3bqhBGI0lq/_apis/connectionData?connectOptions=1&lastChangeId=258625537&lastChangeId64=258625537 failed. HTTP Status: NotFound
[2025-10-10 02:34:16Z INFO GitHubActionsService] Finished operation Location.GetConnectionData
[2025-10-10 02:34:16Z INFO RunnerServer] Catch exception during connect. 2 attempt left.
[2025-10-10 02:34:16Z ERR  RunnerServer] GitHub.Services.WebApi.VssServiceResponseException: The resource cannot be found.
   at GitHub.Services.WebApi.VssHttpClientBase.HandleResponseAsync(HttpResponseMessage response, CancellationToken cancellationToken)
   at GitHub.Services.WebApi.VssHttpClientBase.SendAsync(HttpRequestMessage message, HttpCompletionOption completionOption, Object userState, CancellationToken cancellationToken)
   at GitHub.Services.WebApi.VssHttpClientBase.SendAsync[T](HttpRequestMessage message, Object userState, CancellationToken cancellationToken)
   at GitHub.Services.Location.Client.LocationHttpClient.GetConnectionDataAsync(ConnectOptions connectOptions, Int64 lastChangeId, CancellationToken cancellationToken, Object userState)
   at GitHub.Services.WebApi.Location.VssServerDataProvider.GetConnectionDataAsync(ConnectOptions connectOptions, Int32 lastChangeId, CancellationToken cancellationToken)
   at GitHub.Services.WebApi.Location.VssServerDataProvider.ConnectAsync(ConnectOptions connectOptions, CancellationToken cancellationToken)
   at GitHub.Runner.Common.RunnerService.EstablishVssConnection(Uri serverUrl, VssCredentials credentials, TimeSpan timeout)
[2025-10-10 02:34:16Z ERR  GitHubActionsService] GET request to https://pipelinesghubeus6.actions.githubusercontent.com/hKyNd5hzQTjPqVOxuFp9CyJ2tMUr8ytJJ9FfsFju3bqhBGI0lq/_apis/connectionData?connectOptions=1&lastChangeId=258625537&lastChangeId64=258625537 failed. HTTP Status: NotFound
[2025-10-10 02:34:16Z INFO GitHubActionsService] Finished operation Location.GetConnectionData
[2025-10-10 02:34:16Z INFO RunnerServer] Catch exception during connect. 2 attempt left.
[2025-10-10 02:34:16Z INFO GitHubActionsService] Starting operation Location.GetConnectionData
[2025-10-10 02:34:16Z ERR  RunnerServer] GitHub.Services.WebApi.VssServiceResponseException: The resource cannot be found.
   at GitHub.Services.WebApi.VssHttpClientBase.HandleResponseAsync(HttpResponseMessage response, CancellationToken cancellationToken)
   at GitHub.Services.WebApi.VssHttpClientBase.SendAsync(HttpRequestMessage message, HttpCompletionOption completionOption, Object userState, CancellationToken cancellationToken)
   at GitHub.Services.WebApi.VssHttpClientBase.SendAsync[T](HttpRequestMessage message, Object userState, CancellationToken cancellationToken)
   at GitHub.Services.Location.Client.LocationHttpClient.GetConnectionDataAsync(ConnectOptions connectOptions, Int64 lastChangeId, CancellationToken cancellationToken, Object userState)
   at GitHub.Services.WebApi.Location.VssServerDataProvider.GetConnectionDataAsync(ConnectOptions connectOptions, Int32 lastChangeId, CancellationToken cancellationToken)
   at GitHub.Services.WebApi.Location.VssServerDataProvider.ConnectAsync(ConnectOptions connectOptions, CancellationToken cancellationToken)
   at GitHub.Runner.Common.RunnerService.EstablishVssConnection(Uri serverUrl, VssCredentials credentials, TimeSpan timeout)
[2025-10-10 02:34:16Z ERR  GitHubActionsService] GET request to https://pipelinesghubeus6.actions.githubusercontent.com/hKyNd5hzQTjPqVOxuFp9CyJ2tMUr8ytJJ9FfsFju3bqhBGI0lq/_apis/connectionData?connectOptions=1&lastChangeId=258625537&lastChangeId64=258625537 failed. HTTP Status: NotFound
[2025-10-10 02:34:16Z INFO GitHubActionsService] Finished operation Location.GetConnectionData
[2025-10-10 02:34:16Z INFO RunnerServer] Catch exception during connect. 2 attempt left.
[2025-10-10 02:34:16Z ERR  RunnerServer] GitHub.Services.WebApi.VssServiceResponseException: The resource cannot be found.
   at GitHub.Services.WebApi.VssHttpClientBase.HandleResponseAsync(HttpResponseMessage response, CancellationToken cancellationToken)
   at GitHub.Services.WebApi.VssHttpClientBase.SendAsync(HttpRequestMessage message, HttpCompletionOption completionOption, Object userState, CancellationToken cancellationToken)
   at GitHub.Services.WebApi.VssHttpClientBase.SendAsync[T](HttpRequestMessage message, Object userState, CancellationToken cancellationToken)
   at GitHub.Services.Location.Client.LocationHttpClient.GetConnectionDataAsync(ConnectOptions connectOptions, Int64 lastChangeId, CancellationToken cancellationToken, Object userState)
   at GitHub.Services.WebApi.Location.VssServerDataProvider.GetConnectionDataAsync(ConnectOptions connectOptions, Int32 lastChangeId, CancellationToken cancellationToken)
   at GitHub.Services.WebApi.Location.VssServerDataProvider.ConnectAsync(ConnectOptions connectOptions, CancellationToken cancellationToken)
   at GitHub.Runner.Common.RunnerService.EstablishVssConnection(Uri serverUrl, VssCredentials credentials, TimeSpan timeout)
[2025-10-10 02:34:16Z INFO GitHubActionsService] Starting operation Location.GetConnectionData
[2025-10-10 02:34:16Z INFO GitHubActionsService] Starting operation Location.GetConnectionData
[2025-10-10 02:34:17Z ERR  GitHubActionsService] GET request to https://pipelinesghubeus6.actions.githubusercontent.com/hKyNd5hzQTjPqVOxuFp9CyJ2tMUr8ytJJ9FfsFju3bqhBGI0lq/_apis/connectionData?connectOptions=1&lastChangeId=258625537&lastChangeId64=258625537 failed. HTTP Status: NotFound
[2025-10-10 02:34:17Z INFO GitHubActionsService] Finished operation Location.GetConnectionData
[2025-10-10 02:34:17Z INFO RunnerServer] Catch exception during connect. 1 attempt left.
[2025-10-10 02:34:17Z ERR  RunnerServer] GitHub.Services.WebApi.VssServiceResponseException: The resource cannot be found.
   at GitHub.Services.WebApi.VssHttpClientBase.HandleResponseAsync(HttpResponseMessage response, CancellationToken cancellationToken)
   at GitHub.Services.WebApi.VssHttpClientBase.SendAsync(HttpRequestMessage message, HttpCompletionOption completionOption, Object userState, CancellationToken cancellationToken)
   at GitHub.Services.WebApi.VssHttpClientBase.SendAsync[T](HttpRequestMessage message, Object userState, CancellationToken cancellationToken)
   at GitHub.Services.Location.Client.LocationHttpClient.GetConnectionDataAsync(ConnectOptions connectOptions, Int64 lastChangeId, CancellationToken cancellationToken, Object userState)
   at GitHub.Services.WebApi.Location.VssServerDataProvider.GetConnectionDataAsync(ConnectOptions connectOptions, Int32 lastChangeId, CancellationToken cancellationToken)
   at GitHub.Services.WebApi.Location.VssServerDataProvider.ConnectAsync(ConnectOptions connectOptions, CancellationToken cancellationToken)
   at GitHub.Runner.Common.RunnerService.EstablishVssConnection(Uri serverUrl, VssCredentials credentials, TimeSpan timeout)
[2025-10-10 02:34:17Z INFO GitHubActionsService] Starting operation Location.GetConnectionData
[2025-10-10 02:34:17Z ERR  GitHubActionsService] GET request to https://pipelinesghubeus6.actions.githubusercontent.com/hKyNd5hzQTjPqVOxuFp9CyJ2tMUr8ytJJ9FfsFju3bqhBGI0lq/_apis/connectionData?connectOptions=1&lastChangeId=258625537&lastChangeId64=258625537 failed. HTTP Status: NotFound
[2025-10-10 02:34:17Z INFO GitHubActionsService] Finished operation Location.GetConnectionData
[2025-10-10 02:34:17Z INFO RunnerServer] Catch exception during connect. 1 attempt left.
[2025-10-10 02:34:17Z ERR  RunnerServer] GitHub.Services.WebApi.VssServiceResponseException: The resource cannot be found.
   at GitHub.Services.WebApi.VssHttpClientBase.HandleResponseAsync(HttpResponseMessage response, CancellationToken cancellationToken)
   at GitHub.Services.WebApi.VssHttpClientBase.SendAsync(HttpRequestMessage message, HttpCompletionOption completionOption, Object userState, CancellationToken cancellationToken)
   at GitHub.Services.WebApi.VssHttpClientBase.SendAsync[T](HttpRequestMessage message, Object userState, CancellationToken cancellationToken)
   at GitHub.Services.Location.Client.LocationHttpClient.GetConnectionDataAsync(ConnectOptions connectOptions, Int64 lastChangeId, CancellationToken cancellationToken, Object userState)
   at GitHub.Services.WebApi.Location.VssServerDataProvider.GetConnectionDataAsync(ConnectOptions connectOptions, Int32 lastChangeId, CancellationToken cancellationToken)
   at GitHub.Services.WebApi.Location.VssServerDataProvider.ConnectAsync(ConnectOptions connectOptions, CancellationToken cancellationToken)
   at GitHub.Runner.Common.RunnerService.EstablishVssConnection(Uri serverUrl, VssCredentials credentials, TimeSpan timeout)
[2025-10-10 02:34:17Z ERR  GitHubActionsService] GET request to https://pipelinesghubeus6.actions.githubusercontent.com/hKyNd5hzQTjPqVOxuFp9CyJ2tMUr8ytJJ9FfsFju3bqhBGI0lq/_apis/connectionData?connectOptions=1&lastChangeId=258625537&lastChangeId64=258625537 failed. HTTP Status: NotFound
[2025-10-10 02:34:17Z INFO GitHubActionsService] Finished operation Location.GetConnectionData
[2025-10-10 02:34:17Z INFO RunnerServer] Catch exception during connect. 1 attempt left.
[2025-10-10 02:34:17Z ERR  RunnerServer] GitHub.Services.WebApi.VssServiceResponseException: The resource cannot be found.
   at GitHub.Services.WebApi.VssHttpClientBase.HandleResponseAsync(HttpResponseMessage response, CancellationToken cancellationToken)
   at GitHub.Services.WebApi.VssHttpClientBase.SendAsync(HttpRequestMessage message, HttpCompletionOption completionOption, Object userState, CancellationToken cancellationToken)
   at GitHub.Services.WebApi.VssHttpClientBase.SendAsync[T](HttpRequestMessage message, Object userState, CancellationToken cancellationToken)
   at GitHub.Services.Location.Client.LocationHttpClient.GetConnectionDataAsync(ConnectOptions connectOptions, Int64 lastChangeId, CancellationToken cancellationToken, Object userState)
   at GitHub.Services.WebApi.Location.VssServerDataProvider.GetConnectionDataAsync(ConnectOptions connectOptions, Int32 lastChangeId, CancellationToken cancellationToken)
   at GitHub.Services.WebApi.Location.VssServerDataProvider.ConnectAsync(ConnectOptions connectOptions, CancellationToken cancellationToken)
   at GitHub.Runner.Common.RunnerService.EstablishVssConnection(Uri serverUrl, VssCredentials credentials, TimeSpan timeout)
[2025-10-10 02:34:17Z INFO GitHubActionsService] Starting operation Location.GetConnectionData
[2025-10-10 02:34:17Z INFO GitHubActionsService] Starting operation Location.GetConnectionData
[2025-10-10 02:34:18Z ERR  GitHubActionsService] GET request to https://pipelinesghubeus6.actions.githubusercontent.com/hKyNd5hzQTjPqVOxuFp9CyJ2tMUr8ytJJ9FfsFju3bqhBGI0lq/_apis/connectionData?connectOptions=1&lastChangeId=258625537&lastChangeId64=258625537 failed. HTTP Status: NotFound
[2025-10-10 02:34:18Z INFO GitHubActionsService] Finished operation Location.GetConnectionData
[2025-10-10 02:34:18Z ERR  GitHubActionsService] GET request to https://pipelinesghubeus6.actions.githubusercontent.com/hKyNd5hzQTjPqVOxuFp9CyJ2tMUr8ytJJ9FfsFju3bqhBGI0lq/_apis/connectionData?connectOptions=1&lastChangeId=258625537&lastChangeId64=258625537 failed. HTTP Status: NotFound
[2025-10-10 02:34:18Z INFO GitHubActionsService] Finished operation Location.GetConnectionData
[2025-10-10 02:34:18Z ERR  GitHubActionsService] GET request to https://pipelinesghubeus6.actions.githubusercontent.com/hKyNd5hzQTjPqVOxuFp9CyJ2tMUr8ytJJ9FfsFju3bqhBGI0lq/_apis/connectionData?connectOptions=1&lastChangeId=258625537&lastChangeId64=258625537 failed. HTTP Status: NotFound
[2025-10-10 02:34:18Z INFO GitHubActionsService] Finished operation Location.GetConnectionData
[2025-10-10 02:34:18Z ERR  BrokerMessageListener] Catch exception during create session.
[2025-10-10 02:34:18Z ERR  BrokerMessageListener] GitHub.Services.WebApi.VssServiceResponseException: The resource cannot be found.
   at GitHub.Services.WebApi.VssHttpClientBase.HandleResponseAsync(HttpResponseMessage response, CancellationToken cancellationToken)
   at GitHub.Services.WebApi.VssHttpClientBase.SendAsync(HttpRequestMessage message, HttpCompletionOption completionOption, Object userState, CancellationToken cancellationToken)
   at GitHub.Services.WebApi.VssHttpClientBase.SendAsync[T](HttpRequestMessage message, Object userState, CancellationToken cancellationToken)
   at GitHub.Services.Location.Client.LocationHttpClient.GetConnectionDataAsync(ConnectOptions connectOptions, Int64 lastChangeId, CancellationToken cancellationToken, Object userState)
   at GitHub.Services.WebApi.Location.VssServerDataProvider.GetConnectionDataAsync(ConnectOptions connectOptions, Int32 lastChangeId, CancellationToken cancellationToken)
   at GitHub.Services.WebApi.Location.VssServerDataProvider.ConnectAsync(ConnectOptions connectOptions, CancellationToken cancellationToken)
   at GitHub.Runner.Common.RunnerService.EstablishVssConnection(Uri serverUrl, VssCredentials credentials, TimeSpan timeout)
   at GitHub.Runner.Common.RunnerServer.ConnectAsync(Uri serverUrl, VssCredentials credentials)
   at GitHub.Runner.Listener.BrokerMessageListener.CreateSessionAsync(CancellationToken token)
[2025-10-10 02:34:18Z WARN BrokerMessageListener] Migrated settings retry 3 of 3
[2025-10-10 02:34:18Z WARN BrokerMessageListener] Reached maximum retry attempts for migrated settings. Returning failure to try default settings.
[2025-10-10 02:34:18Z WARN Runner] Failed to create session with migrated settings: Failure
[2025-10-10 02:34:18Z INFO Runner] Falling back to original .runner settings
[2025-10-10 02:34:18Z INFO Runner] Using BrokerMessageListener
[2025-10-10 02:34:18Z INFO BrokerMessageListener] Using provided settings
[2025-10-10 02:34:18Z INFO BrokerMessageListener] {
  "AgentId": 21,
  "AgentName": "POHIPC",
  "PoolId": 1,
  "PoolName": "Default",
  "ServerUrl": "https://pipelinesghubeus6.actions.githubusercontent.com/hKyNd5hzQTjPqVOxuFp9CyJ2tMUr8ytJJ9FfsFju3bqhBGI0lq/",
  "GitHubUrl": "https://github.com/pohi99999/giada-fervere-website",
  "WorkFolder": "_work",
  "UseV2Flow": true,
  "ServerUrlV2": "https://broker.actions.githubusercontent.com/"
}
[2025-10-10 02:34:18Z INFO BrokerMessageListener] Loading Credentials
[2025-10-10 02:34:18Z INFO ConfigurationStore] HasCredentials()
[2025-10-10 02:34:18Z INFO ConfigurationStore] stored True
[2025-10-10 02:34:18Z INFO CredentialManager] GetCredentialProvider
[2025-10-10 02:34:18Z INFO CredentialManager] Creating type OAuth
[2025-10-10 02:34:18Z INFO CredentialManager] Creating credential type: OAuth
[2025-10-10 02:34:18Z INFO RSAEncryptedFileKeyManager] Loading RSA key parameters from file G:\Brunella\actions-runner\.credentials_rsaparams
[2025-10-10 02:34:18Z INFO BrokerMessageListener] Attempt to create session.
[2025-10-10 02:34:18Z INFO BrokerMessageListener] Connecting to the Broker Server...
[2025-10-10 02:34:18Z INFO ConfigurationStore] HasCredentials()
[2025-10-10 02:34:18Z INFO ConfigurationStore] stored True
[2025-10-10 02:34:18Z INFO CredentialManager] GetCredentialProvider
[2025-10-10 02:34:18Z INFO CredentialManager] Creating type OAuth
[2025-10-10 02:34:18Z INFO CredentialManager] Creating credential type: OAuth
[2025-10-10 02:34:18Z INFO RSAEncryptedFileKeyManager] Loading RSA key parameters from file G:\Brunella\actions-runner\.credentials_rsaparams
[2025-10-10 02:34:18Z INFO BrokerMessageListener] VssConnection created
[2025-10-10 02:34:18Z INFO BrokerMessageListener] Connecting to the Runner server...
[2025-10-10 02:34:18Z INFO RunnerServer] EstablishVssConnection
[2025-10-10 02:34:18Z INFO RunnerServer] Establish connection with 100 seconds timeout.
[2025-10-10 02:34:18Z INFO GitHubActionsService] Starting operation Location.GetConnectionData
[2025-10-10 02:34:18Z INFO RunnerServer] EstablishVssConnection
[2025-10-10 02:34:18Z INFO RunnerServer] Establish connection with 60 seconds timeout.
[2025-10-10 02:34:18Z INFO GitHubActionsService] Starting operation Location.GetConnectionData
[2025-10-10 02:34:18Z INFO RunnerServer] EstablishVssConnection
[2025-10-10 02:34:18Z INFO RunnerServer] Establish connection with 60 seconds timeout.
[2025-10-10 02:34:18Z INFO GitHubActionsService] Starting operation Location.GetConnectionData
[2025-10-10 02:34:18Z ERR  GitHubActionsService] GET request to https://pipelinesghubeus6.actions.githubusercontent.com/hKyNd5hzQTjPqVOxuFp9CyJ2tMUr8ytJJ9FfsFju3bqhBGI0lq/_apis/connectionData?connectOptions=1&lastChangeId=258625537&lastChangeId64=258625537 failed. HTTP Status: NotFound
[2025-10-10 02:34:18Z INFO GitHubActionsService] Finished operation Location.GetConnectionData
[2025-10-10 02:34:18Z INFO RunnerServer] Catch exception during connect. 4 attempt left.
[2025-10-10 02:34:18Z ERR  RunnerServer] GitHub.Services.WebApi.VssServiceResponseException: The resource cannot be found.
   at GitHub.Services.WebApi.VssHttpClientBase.HandleResponseAsync(HttpResponseMessage response, CancellationToken cancellationToken)
   at GitHub.Services.WebApi.VssHttpClientBase.SendAsync(HttpRequestMessage message, HttpCompletionOption completionOption, Object userState, CancellationToken cancellationToken)
   at GitHub.Services.WebApi.VssHttpClientBase.SendAsync[T](HttpRequestMessage message, Object userState, CancellationToken cancellationToken)
   at GitHub.Services.Location.Client.LocationHttpClient.GetConnectionDataAsync(ConnectOptions connectOptions, Int64 lastChangeId, CancellationToken cancellationToken, Object userState)
   at GitHub.Services.WebApi.Location.VssServerDataProvider.GetConnectionDataAsync(ConnectOptions connectOptions, Int32 lastChangeId, CancellationToken cancellationToken)
   at GitHub.Services.WebApi.Location.VssServerDataProvider.ConnectAsync(ConnectOptions connectOptions, CancellationToken cancellationToken)
   at GitHub.Runner.Common.RunnerService.EstablishVssConnection(Uri serverUrl, VssCredentials credentials, TimeSpan timeout)
[2025-10-10 02:34:18Z ERR  GitHubActionsService] GET request to https://pipelinesghubeus6.actions.githubusercontent.com/hKyNd5hzQTjPqVOxuFp9CyJ2tMUr8ytJJ9FfsFju3bqhBGI0lq/_apis/connectionData?connectOptions=1&lastChangeId=258625537&lastChangeId64=258625537 failed. HTTP Status: NotFound
[2025-10-10 02:34:18Z ERR  GitHubActionsService] GET request to https://pipelinesghubeus6.actions.githubusercontent.com/hKyNd5hzQTjPqVOxuFp9CyJ2tMUr8ytJJ9FfsFju3bqhBGI0lq/_apis/connectionData?connectOptions=1&lastChangeId=258625537&lastChangeId64=258625537 failed. HTTP Status: NotFound
[2025-10-10 02:34:18Z INFO GitHubActionsService] Finished operation Location.GetConnectionData
[2025-10-10 02:34:18Z INFO GitHubActionsService] Finished operation Location.GetConnectionData
[2025-10-10 02:34:18Z INFO RunnerServer] Catch exception during connect. 4 attempt left.
[2025-10-10 02:34:18Z INFO RunnerServer] Catch exception during connect. 4 attempt left.
[2025-10-10 02:34:18Z ERR  RunnerServer] GitHub.Services.WebApi.VssServiceResponseException: The resource cannot be found.
   at GitHub.Services.WebApi.VssHttpClientBase.HandleResponseAsync(HttpResponseMessage response, CancellationToken cancellationToken)
   at GitHub.Services.WebApi.VssHttpClientBase.SendAsync(HttpRequestMessage message, HttpCompletionOption completionOption, Object userState, CancellationToken cancellationToken)
   at GitHub.Services.WebApi.VssHttpClientBase.SendAsync[T](HttpRequestMessage message, Object userState, CancellationToken cancellationToken)
   at GitHub.Services.Location.Client.LocationHttpClient.GetConnectionDataAsync(ConnectOptions connectOptions, Int64 lastChangeId, CancellationToken cancellationToken, Object userState)
   at GitHub.Services.WebApi.Location.VssServerDataProvider.GetConnectionDataAsync(ConnectOptions connectOptions, Int32 lastChangeId, CancellationToken cancellationToken)
   at GitHub.Services.WebApi.Location.VssServerDataProvider.ConnectAsync(ConnectOptions connectOptions, CancellationToken cancellationToken)
   at GitHub.Runner.Common.RunnerService.EstablishVssConnection(Uri serverUrl, VssCredentials credentials, TimeSpan timeout)
[2025-10-10 02:34:18Z ERR  RunnerServer] GitHub.Services.WebApi.VssServiceResponseException: The resource cannot be found.
   at GitHub.Services.WebApi.VssHttpClientBase.HandleResponseAsync(HttpResponseMessage response, CancellationToken cancellationToken)
   at GitHub.Services.WebApi.VssHttpClientBase.SendAsync(HttpRequestMessage message, HttpCompletionOption completionOption, Object userState, CancellationToken cancellationToken)
   at GitHub.Services.WebApi.VssHttpClientBase.SendAsync[T](HttpRequestMessage message, Object userState, CancellationToken cancellationToken)
   at GitHub.Services.Location.Client.LocationHttpClient.GetConnectionDataAsync(ConnectOptions connectOptions, Int64 lastChangeId, CancellationToken cancellationToken, Object userState)
   at GitHub.Services.WebApi.Location.VssServerDataProvider.GetConnectionDataAsync(ConnectOptions connectOptions, Int32 lastChangeId, CancellationToken cancellationToken)
   at GitHub.Services.WebApi.Location.VssServerDataProvider.ConnectAsync(ConnectOptions connectOptions, CancellationToken cancellationToken)
   at GitHub.Runner.Common.RunnerService.EstablishVssConnection(Uri serverUrl, VssCredentials credentials, TimeSpan timeout)
[2025-10-10 02:34:18Z INFO GitHubActionsService] Starting operation Location.GetConnectionData
[2025-10-10 02:34:18Z INFO GitHubActionsService] Starting operation Location.GetConnectionData
[2025-10-10 02:34:18Z INFO GitHubActionsService] Starting operation Location.GetConnectionData
[2025-10-10 02:34:19Z ERR  GitHubActionsService] GET request to https://pipelinesghubeus6.actions.githubusercontent.com/hKyNd5hzQTjPqVOxuFp9CyJ2tMUr8ytJJ9FfsFju3bqhBGI0lq/_apis/connectionData?connectOptions=1&lastChangeId=258625537&lastChangeId64=258625537 failed. HTTP Status: NotFound
[2025-10-10 02:34:19Z INFO GitHubActionsService] Finished operation Location.GetConnectionData
[2025-10-10 02:34:19Z INFO RunnerServer] Catch exception during connect. 3 attempt left.
[2025-10-10 02:34:19Z ERR  RunnerServer] GitHub.Services.WebApi.VssServiceResponseException: The resource cannot be found.
   at GitHub.Services.WebApi.VssHttpClientBase.HandleResponseAsync(HttpResponseMessage response, CancellationToken cancellationToken)
   at GitHub.Services.WebApi.VssHttpClientBase.SendAsync(HttpRequestMessage message, HttpCompletionOption completionOption, Object userState, CancellationToken cancellationToken)
   at GitHub.Services.WebApi.VssHttpClientBase.SendAsync[T](HttpRequestMessage message, Object userState, CancellationToken cancellationToken)
   at GitHub.Services.Location.Client.LocationHttpClient.GetConnectionDataAsync(ConnectOptions connectOptions, Int64 lastChangeId, CancellationToken cancellationToken, Object userState)
   at GitHub.Services.WebApi.Location.VssServerDataProvider.GetConnectionDataAsync(ConnectOptions connectOptions, Int32 lastChangeId, CancellationToken cancellationToken)
   at GitHub.Services.WebApi.Location.VssServerDataProvider.ConnectAsync(ConnectOptions connectOptions, CancellationToken cancellationToken)
   at GitHub.Runner.Common.RunnerService.EstablishVssConnection(Uri serverUrl, VssCredentials credentials, TimeSpan timeout)
[2025-10-10 02:34:19Z ERR  GitHubActionsService] GET request to https://pipelinesghubeus6.actions.githubusercontent.com/hKyNd5hzQTjPqVOxuFp9CyJ2tMUr8ytJJ9FfsFju3bqhBGI0lq/_apis/connectionData?connectOptions=1&lastChangeId=258625537&lastChangeId64=258625537 failed. HTTP Status: NotFound
[2025-10-10 02:34:19Z INFO GitHubActionsService] Finished operation Location.GetConnectionData
[2025-10-10 02:34:19Z INFO RunnerServer] Catch exception during connect. 3 attempt left.
[2025-10-10 02:34:19Z ERR  RunnerServer] GitHub.Services.WebApi.VssServiceResponseException: The resource cannot be found.
   at GitHub.Services.WebApi.VssHttpClientBase.HandleResponseAsync(HttpResponseMessage response, CancellationToken cancellationToken)
   at GitHub.Services.WebApi.VssHttpClientBase.SendAsync(HttpRequestMessage message, HttpCompletionOption completionOption, Object userState, CancellationToken cancellationToken)
   at GitHub.Services.WebApi.VssHttpClientBase.SendAsync[T](HttpRequestMessage message, Object userState, CancellationToken cancellationToken)
   at GitHub.Services.Location.Client.LocationHttpClient.GetConnectionDataAsync(ConnectOptions connectOptions, Int64 lastChangeId, CancellationToken cancellationToken, Object userState)
   at GitHub.Services.WebApi.Location.VssServerDataProvider.GetConnectionDataAsync(ConnectOptions connectOptions, Int32 lastChangeId, CancellationToken cancellationToken)
   at GitHub.Services.WebApi.Location.VssServerDataProvider.ConnectAsync(ConnectOptions connectOptions, CancellationToken cancellationToken)
   at GitHub.Runner.Common.RunnerService.EstablishVssConnection(Uri serverUrl, VssCredentials credentials, TimeSpan timeout)
[2025-10-10 02:34:19Z ERR  GitHubActionsService] GET request to https://pipelinesghubeus6.actions.githubusercontent.com/hKyNd5hzQTjPqVOxuFp9CyJ2tMUr8ytJJ9FfsFju3bqhBGI0lq/_apis/connectionData?connectOptions=1&lastChangeId=258625537&lastChangeId64=258625537 failed. HTTP Status: NotFound
[2025-10-10 02:34:19Z INFO GitHubActionsService] Finished operation Location.GetConnectionData
[2025-10-10 02:34:19Z INFO RunnerServer] Catch exception during connect. 3 attempt left.
[2025-10-10 02:34:19Z INFO GitHubActionsService] Starting operation Location.GetConnectionData
[2025-10-10 02:34:19Z INFO GitHubActionsService] Starting operation Location.GetConnectionData
[2025-10-10 02:34:19Z ERR  RunnerServer] GitHub.Services.WebApi.VssServiceResponseException: The resource cannot be found.
   at GitHub.Services.WebApi.VssHttpClientBase.HandleResponseAsync(HttpResponseMessage response, CancellationToken cancellationToken)
   at GitHub.Services.WebApi.VssHttpClientBase.SendAsync(HttpRequestMessage message, HttpCompletionOption completionOption, Object userState, CancellationToken cancellationToken)
   at GitHub.Services.WebApi.VssHttpClientBase.SendAsync[T](HttpRequestMessage message, Object userState, CancellationToken cancellationToken)
   at GitHub.Services.Location.Client.LocationHttpClient.GetConnectionDataAsync(ConnectOptions connectOptions, Int64 lastChangeId, CancellationToken cancellationToken, Object userState)
   at GitHub.Services.WebApi.Location.VssServerDataProvider.GetConnectionDataAsync(ConnectOptions connectOptions, Int32 lastChangeId, CancellationToken cancellationToken)
   at GitHub.Services.WebApi.Location.VssServerDataProvider.ConnectAsync(ConnectOptions connectOptions, CancellationToken cancellationToken)
   at GitHub.Runner.Common.RunnerService.EstablishVssConnection(Uri serverUrl, VssCredentials credentials, TimeSpan timeout)
[2025-10-10 02:34:19Z INFO GitHubActionsService] Starting operation Location.GetConnectionData
[2025-10-10 02:34:20Z ERR  GitHubActionsService] GET request to https://pipelinesghubeus6.actions.githubusercontent.com/hKyNd5hzQTjPqVOxuFp9CyJ2tMUr8ytJJ9FfsFju3bqhBGI0lq/_apis/connectionData?connectOptions=1&lastChangeId=258625537&lastChangeId64=258625537 failed. HTTP Status: NotFound
[2025-10-10 02:34:20Z INFO GitHubActionsService] Finished operation Location.GetConnectionData
[2025-10-10 02:34:20Z INFO RunnerServer] Catch exception during connect. 2 attempt left.
[2025-10-10 02:34:20Z ERR  RunnerServer] GitHub.Services.WebApi.VssServiceResponseException: The resource cannot be found.
   at GitHub.Services.WebApi.VssHttpClientBase.HandleResponseAsync(HttpResponseMessage response, CancellationToken cancellationToken)
   at GitHub.Services.WebApi.VssHttpClientBase.SendAsync(HttpRequestMessage message, HttpCompletionOption completionOption, Object userState, CancellationToken cancellationToken)
   at GitHub.Services.WebApi.VssHttpClientBase.SendAsync[T](HttpRequestMessage message, Object userState, CancellationToken cancellationToken)
   at GitHub.Services.Location.Client.LocationHttpClient.GetConnectionDataAsync(ConnectOptions connectOptions, Int64 lastChangeId, CancellationToken cancellationToken, Object userState)
   at GitHub.Services.WebApi.Location.VssServerDataProvider.GetConnectionDataAsync(ConnectOptions connectOptions, Int32 lastChangeId, CancellationToken cancellationToken)
   at GitHub.Services.WebApi.Location.VssServerDataProvider.ConnectAsync(ConnectOptions connectOptions, CancellationToken cancellationToken)
   at GitHub.Runner.Common.RunnerService.EstablishVssConnection(Uri serverUrl, VssCredentials credentials, TimeSpan timeout)
[2025-10-10 02:34:20Z ERR  GitHubActionsService] GET request to https://pipelinesghubeus6.actions.githubusercontent.com/hKyNd5hzQTjPqVOxuFp9CyJ2tMUr8ytJJ9FfsFju3bqhBGI0lq/_apis/connectionData?connectOptions=1&lastChangeId=258625537&lastChangeId64=258625537 failed. HTTP Status: NotFound
[2025-10-10 02:34:20Z INFO GitHubActionsService] Finished operation Location.GetConnectionData
[2025-10-10 02:34:20Z INFO RunnerServer] Catch exception during connect. 2 attempt left.
[2025-10-10 02:34:20Z ERR  RunnerServer] GitHub.Services.WebApi.VssServiceResponseException: The resource cannot be found.
   at GitHub.Services.WebApi.VssHttpClientBase.HandleResponseAsync(HttpResponseMessage response, CancellationToken cancellationToken)
   at GitHub.Services.WebApi.VssHttpClientBase.SendAsync(HttpRequestMessage message, HttpCompletionOption completionOption, Object userState, CancellationToken cancellationToken)
   at GitHub.Services.WebApi.VssHttpClientBase.SendAsync[T](HttpRequestMessage message, Object userState, CancellationToken cancellationToken)
   at GitHub.Services.Location.Client.LocationHttpClient.GetConnectionDataAsync(ConnectOptions connectOptions, Int64 lastChangeId, CancellationToken cancellationToken, Object userState)
   at GitHub.Services.WebApi.Location.VssServerDataProvider.GetConnectionDataAsync(ConnectOptions connectOptions, Int32 lastChangeId, CancellationToken cancellationToken)
   at GitHub.Services.WebApi.Location.VssServerDataProvider.ConnectAsync(ConnectOptions connectOptions, CancellationToken cancellationToken)
   at GitHub.Runner.Common.RunnerService.EstablishVssConnection(Uri serverUrl, VssCredentials credentials, TimeSpan timeout)
[2025-10-10 02:34:20Z INFO GitHubActionsService] Starting operation Location.GetConnectionData
[2025-10-10 02:34:20Z INFO GitHubActionsService] Starting operation Location.GetConnectionData
[2025-10-10 02:34:20Z ERR  GitHubActionsService] GET request to https://pipelinesghubeus6.actions.githubusercontent.com/hKyNd5hzQTjPqVOxuFp9CyJ2tMUr8ytJJ9FfsFju3bqhBGI0lq/_apis/connectionData?connectOptions=1&lastChangeId=258625537&lastChangeId64=258625537 failed. HTTP Status: NotFound
[2025-10-10 02:34:20Z INFO GitHubActionsService] Finished operation Location.GetConnectionData
[2025-10-10 02:34:20Z INFO RunnerServer] Catch exception during connect. 2 attempt left.
[2025-10-10 02:34:20Z ERR  RunnerServer] GitHub.Services.WebApi.VssServiceResponseException: The resource cannot be found.
   at GitHub.Services.WebApi.VssHttpClientBase.HandleResponseAsync(HttpResponseMessage response, CancellationToken cancellationToken)
   at GitHub.Services.WebApi.VssHttpClientBase.SendAsync(HttpRequestMessage message, HttpCompletionOption completionOption, Object userState, CancellationToken cancellationToken)
   at GitHub.Services.WebApi.VssHttpClientBase.SendAsync[T](HttpRequestMessage message, Object userState, CancellationToken cancellationToken)
   at GitHub.Services.Location.Client.LocationHttpClient.GetConnectionDataAsync(ConnectOptions connectOptions, Int64 lastChangeId, CancellationToken cancellationToken, Object userState)
   at GitHub.Services.WebApi.Location.VssServerDataProvider.GetConnectionDataAsync(ConnectOptions connectOptions, Int32 lastChangeId, CancellationToken cancellationToken)
   at GitHub.Services.WebApi.Location.VssServerDataProvider.ConnectAsync(ConnectOptions connectOptions, CancellationToken cancellationToken)
   at GitHub.Runner.Common.RunnerService.EstablishVssConnection(Uri serverUrl, VssCredentials credentials, TimeSpan timeout)
[2025-10-10 02:34:20Z INFO GitHubActionsService] Starting operation Location.GetConnectionData
[2025-10-10 02:34:20Z ERR  GitHubActionsService] GET request to https://pipelinesghubeus6.actions.githubusercontent.com/hKyNd5hzQTjPqVOxuFp9CyJ2tMUr8ytJJ9FfsFju3bqhBGI0lq/_apis/connectionData?connectOptions=1&lastChangeId=258625537&lastChangeId64=258625537 failed. HTTP Status: NotFound
[2025-10-10 02:34:20Z INFO GitHubActionsService] Finished operation Location.GetConnectionData
[2025-10-10 02:34:20Z INFO RunnerServer] Catch exception during connect. 1 attempt left.
[2025-10-10 02:34:20Z ERR  RunnerServer] GitHub.Services.WebApi.VssServiceResponseException: The resource cannot be found.
   at GitHub.Services.WebApi.VssHttpClientBase.HandleResponseAsync(HttpResponseMessage response, CancellationToken cancellationToken)
   at GitHub.Services.WebApi.VssHttpClientBase.SendAsync(HttpRequestMessage message, HttpCompletionOption completionOption, Object userState, CancellationToken cancellationToken)
   at GitHub.Services.WebApi.VssHttpClientBase.SendAsync[T](HttpRequestMessage message, Object userState, CancellationToken cancellationToken)
   at GitHub.Services.Location.Client.LocationHttpClient.GetConnectionDataAsync(ConnectOptions connectOptions, Int64 lastChangeId, CancellationToken cancellationToken, Object userState)
   at GitHub.Services.WebApi.Location.VssServerDataProvider.GetConnectionDataAsync(ConnectOptions connectOptions, Int32 lastChangeId, CancellationToken cancellationToken)
   at GitHub.Services.WebApi.Location.VssServerDataProvider.ConnectAsync(ConnectOptions connectOptions, CancellationToken cancellationToken)
   at GitHub.Runner.Common.RunnerService.EstablishVssConnection(Uri serverUrl, VssCredentials credentials, TimeSpan timeout)
[2025-10-10 02:34:20Z ERR  GitHubActionsService] GET request to https://pipelinesghubeus6.actions.githubusercontent.com/hKyNd5hzQTjPqVOxuFp9CyJ2tMUr8ytJJ9FfsFju3bqhBGI0lq/_apis/connectionData?connectOptions=1&lastChangeId=258625537&lastChangeId64=258625537 failed. HTTP Status: NotFound
[2025-10-10 02:34:20Z INFO GitHubActionsService] Finished operation Location.GetConnectionData
[2025-10-10 02:34:20Z INFO RunnerServer] Catch exception during connect. 1 attempt left.
[2025-10-10 02:34:20Z ERR  RunnerServer] GitHub.Services.WebApi.VssServiceResponseException: The resource cannot be found.
   at GitHub.Services.WebApi.VssHttpClientBase.HandleResponseAsync(HttpResponseMessage response, CancellationToken cancellationToken)
   at GitHub.Services.WebApi.VssHttpClientBase.SendAsync(HttpRequestMessage message, HttpCompletionOption completionOption, Object userState, CancellationToken cancellationToken)
   at GitHub.Services.WebApi.VssHttpClientBase.SendAsync[T](HttpRequestMessage message, Object userState, CancellationToken cancellationToken)
   at GitHub.Services.Location.Client.LocationHttpClient.GetConnectionDataAsync(ConnectOptions connectOptions, Int64 lastChangeId, CancellationToken cancellationToken, Object userState)
   at GitHub.Services.WebApi.Location.VssServerDataProvider.GetConnectionDataAsync(ConnectOptions connectOptions, Int32 lastChangeId, CancellationToken cancellationToken)
   at GitHub.Services.WebApi.Location.VssServerDataProvider.ConnectAsync(ConnectOptions connectOptions, CancellationToken cancellationToken)
   at GitHub.Runner.Common.RunnerService.EstablishVssConnection(Uri serverUrl, VssCredentials credentials, TimeSpan timeout)
[2025-10-10 02:34:21Z INFO GitHubActionsService] Starting operation Location.GetConnectionData
[2025-10-10 02:34:21Z INFO GitHubActionsService] Starting operation Location.GetConnectionData
[2025-10-10 02:34:21Z ERR  GitHubActionsService] GET request to https://pipelinesghubeus6.actions.githubusercontent.com/hKyNd5hzQTjPqVOxuFp9CyJ2tMUr8ytJJ9FfsFju3bqhBGI0lq/_apis/connectionData?connectOptions=1&lastChangeId=258625537&lastChangeId64=258625537 failed. HTTP Status: NotFound
[2025-10-10 02:34:21Z INFO GitHubActionsService] Finished operation Location.GetConnectionData
[2025-10-10 02:34:21Z INFO RunnerServer] Catch exception during connect. 1 attempt left.
[2025-10-10 02:34:21Z ERR  RunnerServer] GitHub.Services.WebApi.VssServiceResponseException: The resource cannot be found.
   at GitHub.Services.WebApi.VssHttpClientBase.HandleResponseAsync(HttpResponseMessage response, CancellationToken cancellationToken)
   at GitHub.Services.WebApi.VssHttpClientBase.SendAsync(HttpRequestMessage message, HttpCompletionOption completionOption, Object userState, CancellationToken cancellationToken)
   at GitHub.Services.WebApi.VssHttpClientBase.SendAsync[T](HttpRequestMessage message, Object userState, CancellationToken cancellationToken)
   at GitHub.Services.Location.Client.LocationHttpClient.GetConnectionDataAsync(ConnectOptions connectOptions, Int64 lastChangeId, CancellationToken cancellationToken, Object userState)
   at GitHub.Services.WebApi.Location.VssServerDataProvider.GetConnectionDataAsync(ConnectOptions connectOptions, Int32 lastChangeId, CancellationToken cancellationToken)
   at GitHub.Services.WebApi.Location.VssServerDataProvider.ConnectAsync(ConnectOptions connectOptions, CancellationToken cancellationToken)
   at GitHub.Runner.Common.RunnerService.EstablishVssConnection(Uri serverUrl, VssCredentials credentials, TimeSpan timeout)
[2025-10-10 02:34:21Z INFO GitHubActionsService] Starting operation Location.GetConnectionData
[2025-10-10 02:34:21Z ERR  GitHubActionsService] GET request to https://pipelinesghubeus6.actions.githubusercontent.com/hKyNd5hzQTjPqVOxuFp9CyJ2tMUr8ytJJ9FfsFju3bqhBGI0lq/_apis/connectionData?connectOptions=1&lastChangeId=258625537&lastChangeId64=258625537 failed. HTTP Status: NotFound
[2025-10-10 02:34:21Z INFO GitHubActionsService] Finished operation Location.GetConnectionData
[2025-10-10 02:34:21Z ERR  GitHubActionsService] GET request to https://pipelinesghubeus6.actions.githubusercontent.com/hKyNd5hzQTjPqVOxuFp9CyJ2tMUr8ytJJ9FfsFju3bqhBGI0lq/_apis/connectionData?connectOptions=1&lastChangeId=258625537&lastChangeId64=258625537 failed. HTTP Status: NotFound
[2025-10-10 02:34:21Z INFO GitHubActionsService] Finished operation Location.GetConnectionData
[2025-10-10 02:34:21Z ERR  GitHubActionsService] GET request to https://pipelinesghubeus6.actions.githubusercontent.com/hKyNd5hzQTjPqVOxuFp9CyJ2tMUr8ytJJ9FfsFju3bqhBGI0lq/_apis/connectionData?connectOptions=1&lastChangeId=258625537&lastChangeId64=258625537 failed. HTTP Status: NotFound
[2025-10-10 02:34:21Z INFO GitHubActionsService] Finished operation Location.GetConnectionData
[2025-10-10 02:34:21Z ERR  BrokerMessageListener] Catch exception during create session.
[2025-10-10 02:34:21Z ERR  BrokerMessageListener] GitHub.Services.WebApi.VssServiceResponseException: The resource cannot be found.
   at GitHub.Services.WebApi.VssHttpClientBase.HandleResponseAsync(HttpResponseMessage response, CancellationToken cancellationToken)
   at GitHub.Services.WebApi.VssHttpClientBase.SendAsync(HttpRequestMessage message, HttpCompletionOption completionOption, Object userState, CancellationToken cancellationToken)
   at GitHub.Services.WebApi.VssHttpClientBase.SendAsync[T](HttpRequestMessage message, Object userState, CancellationToken cancellationToken)
   at GitHub.Services.Location.Client.LocationHttpClient.GetConnectionDataAsync(ConnectOptions connectOptions, Int64 lastChangeId, CancellationToken cancellationToken, Object userState)
   at GitHub.Services.WebApi.Location.VssServerDataProvider.GetConnectionDataAsync(ConnectOptions connectOptions, Int32 lastChangeId, CancellationToken cancellationToken)
   at GitHub.Services.WebApi.Location.VssServerDataProvider.ConnectAsync(ConnectOptions connectOptions, CancellationToken cancellationToken)
   at GitHub.Runner.Common.RunnerService.EstablishVssConnection(Uri serverUrl, VssCredentials credentials, TimeSpan timeout)
   at GitHub.Runner.Common.RunnerServer.ConnectAsync(Uri serverUrl, VssCredentials credentials)
   at GitHub.Runner.Listener.BrokerMessageListener.CreateSessionAsync(CancellationToken token)
[2025-10-10 02:34:21Z INFO BrokerMessageListener] Retriable exception: The resource cannot be found.
[2025-10-10 02:34:21Z ERR  Terminal] WRITE ERROR: 2025-10-10 02:34:21Z: Runner connect error: The resource cannot be found.. Retrying until reconnected.
[2025-10-10 02:34:21Z INFO BrokerMessageListener] Sleeping for 30 seconds before retrying.
[2025-10-10 02:34:51Z INFO BrokerMessageListener] Attempt to create session.
[2025-10-10 02:34:51Z INFO BrokerMessageListener] Connecting to the Broker Server...
[2025-10-10 02:34:51Z INFO ConfigurationStore] HasCredentials()
[2025-10-10 02:34:51Z INFO ConfigurationStore] stored True
[2025-10-10 02:34:51Z INFO CredentialManager] GetCredentialProvider
[2025-10-10 02:34:51Z INFO CredentialManager] Creating type OAuth
[2025-10-10 02:34:51Z INFO CredentialManager] Creating credential type: OAuth
[2025-10-10 02:34:51Z INFO RSAEncryptedFileKeyManager] Loading RSA key parameters from file G:\Brunella\actions-runner\.credentials_rsaparams
[2025-10-10 02:34:51Z INFO BrokerMessageListener] VssConnection created
[2025-10-10 02:34:51Z INFO BrokerMessageListener] Connecting to the Runner server...
[2025-10-10 02:34:51Z INFO RunnerServer] EstablishVssConnection
[2025-10-10 02:34:51Z INFO RunnerServer] Establish connection with 100 seconds timeout.
[2025-10-10 02:34:51Z INFO GitHubActionsService] Starting operation Location.GetConnectionData
[2025-10-10 02:34:51Z INFO RunnerServer] EstablishVssConnection
[2025-10-10 02:34:51Z INFO RunnerServer] Establish connection with 60 seconds timeout.
[2025-10-10 02:34:51Z INFO GitHubActionsService] Starting operation Location.GetConnectionData
[2025-10-10 02:34:51Z INFO RunnerServer] EstablishVssConnection
[2025-10-10 02:34:51Z INFO RunnerServer] Establish connection with 60 seconds timeout.
[2025-10-10 02:34:51Z INFO GitHubActionsService] Starting operation Location.GetConnectionData
[2025-10-10 02:34:52Z ERR  GitHubActionsService] GET request to https://pipelinesghubeus6.actions.githubusercontent.com/hKyNd5hzQTjPqVOxuFp9CyJ2tMUr8ytJJ9FfsFju3bqhBGI0lq/_apis/connectionData?connectOptions=1&lastChangeId=258625537&lastChangeId64=258625537 failed. HTTP Status: NotFound
[2025-10-10 02:34:52Z INFO GitHubActionsService] Finished operation Location.GetConnectionData
[2025-10-10 02:34:52Z INFO RunnerServer] Catch exception during connect. 4 attempt left.
[2025-10-10 02:34:52Z ERR  RunnerServer] GitHub.Services.WebApi.VssServiceResponseException: The resource cannot be found.
   at GitHub.Services.WebApi.VssHttpClientBase.HandleResponseAsync(HttpResponseMessage response, CancellationToken cancellationToken)
   at GitHub.Services.WebApi.VssHttpClientBase.SendAsync(HttpRequestMessage message, HttpCompletionOption completionOption, Object userState, CancellationToken cancellationToken)
   at GitHub.Services.WebApi.VssHttpClientBase.SendAsync[T](HttpRequestMessage message, Object userState, CancellationToken cancellationToken)
   at GitHub.Services.Location.Client.LocationHttpClient.GetConnectionDataAsync(ConnectOptions connectOptions, Int64 lastChangeId, CancellationToken cancellationToken, Object userState)
   at GitHub.Services.WebApi.Location.VssServerDataProvider.GetConnectionDataAsync(ConnectOptions connectOptions, Int32 lastChangeId, CancellationToken cancellationToken)
   at GitHub.Services.WebApi.Location.VssServerDataProvider.ConnectAsync(ConnectOptions connectOptions, CancellationToken cancellationToken)
   at GitHub.Runner.Common.RunnerService.EstablishVssConnection(Uri serverUrl, VssCredentials credentials, TimeSpan timeout)
[2025-10-10 02:34:52Z ERR  GitHubActionsService] GET request to https://pipelinesghubeus6.actions.githubusercontent.com/hKyNd5hzQTjPqVOxuFp9CyJ2tMUr8ytJJ9FfsFju3bqhBGI0lq/_apis/connectionData?connectOptions=1&lastChangeId=258625537&lastChangeId64=258625537 failed. HTTP Status: NotFound
[2025-10-10 02:34:52Z INFO GitHubActionsService] Finished operation Location.GetConnectionData
[2025-10-10 02:34:52Z INFO RunnerServer] Catch exception during connect. 4 attempt left.
[2025-10-10 02:34:52Z ERR  RunnerServer] GitHub.Services.WebApi.VssServiceResponseException: The resource cannot be found.
   at GitHub.Services.WebApi.VssHttpClientBase.HandleResponseAsync(HttpResponseMessage response, CancellationToken cancellationToken)
   at GitHub.Services.WebApi.VssHttpClientBase.SendAsync(HttpRequestMessage message, HttpCompletionOption completionOption, Object userState, CancellationToken cancellationToken)
   at GitHub.Services.WebApi.VssHttpClientBase.SendAsync[T](HttpRequestMessage message, Object userState, CancellationToken cancellationToken)
   at GitHub.Services.Location.Client.LocationHttpClient.GetConnectionDataAsync(ConnectOptions connectOptions, Int64 lastChangeId, CancellationToken cancellationToken, Object userState)
   at GitHub.Services.WebApi.Location.VssServerDataProvider.GetConnectionDataAsync(ConnectOptions connectOptions, Int32 lastChangeId, CancellationToken cancellationToken)
   at GitHub.Services.WebApi.Location.VssServerDataProvider.ConnectAsync(ConnectOptions connectOptions, CancellationToken cancellationToken)
   at GitHub.Runner.Common.RunnerService.EstablishVssConnection(Uri serverUrl, VssCredentials credentials, TimeSpan timeout)
[2025-10-10 02:34:52Z ERR  GitHubActionsService] GET request to https://pipelinesghubeus6.actions.githubusercontent.com/hKyNd5hzQTjPqVOxuFp9CyJ2tMUr8ytJJ9FfsFju3bqhBGI0lq/_apis/connectionData?connectOptions=1&lastChangeId=258625537&lastChangeId64=258625537 failed. HTTP Status: NotFound
[2025-10-10 02:34:52Z INFO GitHubActionsService] Finished operation Location.GetConnectionData
[2025-10-10 02:34:52Z INFO RunnerServer] Catch exception during connect. 4 attempt left.
[2025-10-10 02:34:52Z ERR  RunnerServer] GitHub.Services.WebApi.VssServiceResponseException: The resource cannot be found.
   at GitHub.Services.WebApi.VssHttpClientBase.HandleResponseAsync(HttpResponseMessage response, CancellationToken cancellationToken)
   at GitHub.Services.WebApi.VssHttpClientBase.SendAsync(HttpRequestMessage message, HttpCompletionOption completionOption, Object userState, CancellationToken cancellationToken)
   at GitHub.Services.WebApi.VssHttpClientBase.SendAsync[T](HttpRequestMessage message, Object userState, CancellationToken cancellationToken)
   at GitHub.Services.Location.Client.LocationHttpClient.GetConnectionDataAsync(ConnectOptions connectOptions, Int64 lastChangeId, CancellationToken cancellationToken, Object userState)
   at GitHub.Services.WebApi.Location.VssServerDataProvider.GetConnectionDataAsync(ConnectOptions connectOptions, Int32 lastChangeId, CancellationToken cancellationToken)
   at GitHub.Services.WebApi.Location.VssServerDataProvider.ConnectAsync(ConnectOptions connectOptions, CancellationToken cancellationToken)
   at GitHub.Runner.Common.RunnerService.EstablishVssConnection(Uri serverUrl, VssCredentials credentials, TimeSpan timeout)
[2025-10-10 02:34:52Z INFO GitHubActionsService] Starting operation Location.GetConnectionData
[2025-10-10 02:34:52Z INFO GitHubActionsService] Starting operation Location.GetConnectionData
[2025-10-10 02:34:52Z INFO GitHubActionsService] Starting operation Location.GetConnectionData
[2025-10-10 02:34:53Z ERR  GitHubActionsService] GET request to https://pipelinesghubeus6.actions.githubusercontent.com/hKyNd5hzQTjPqVOxuFp9CyJ2tMUr8ytJJ9FfsFju3bqhBGI0lq/_apis/connectionData?connectOptions=1&lastChangeId=258625537&lastChangeId64=258625537 failed. HTTP Status: NotFound
[2025-10-10 02:34:53Z INFO GitHubActionsService] Finished operation Location.GetConnectionData
[2025-10-10 02:34:53Z INFO RunnerServer] Catch exception during connect. 3 attempt left.
[2025-10-10 02:34:53Z ERR  RunnerServer] GitHub.Services.WebApi.VssServiceResponseException: The resource cannot be found.
   at GitHub.Services.WebApi.VssHttpClientBase.HandleResponseAsync(HttpResponseMessage response, CancellationToken cancellationToken)
   at GitHub.Services.WebApi.VssHttpClientBase.SendAsync(HttpRequestMessage message, HttpCompletionOption completionOption, Object userState, CancellationToken cancellationToken)
   at GitHub.Services.WebApi.VssHttpClientBase.SendAsync[T](HttpRequestMessage message, Object userState, CancellationToken cancellationToken)
   at GitHub.Services.Location.Client.LocationHttpClient.GetConnectionDataAsync(ConnectOptions connectOptions, Int64 lastChangeId, CancellationToken cancellationToken, Object userState)
   at GitHub.Services.WebApi.Location.VssServerDataProvider.GetConnectionDataAsync(ConnectOptions connectOptions, Int32 lastChangeId, CancellationToken cancellationToken)
   at GitHub.Services.WebApi.Location.VssServerDataProvider.ConnectAsync(ConnectOptions connectOptions, CancellationToken cancellationToken)
   at GitHub.Runner.Common.RunnerService.EstablishVssConnection(Uri serverUrl, VssCredentials credentials, TimeSpan timeout)
[2025-10-10 02:34:53Z ERR  GitHubActionsService] GET request to https://pipelinesghubeus6.actions.githubusercontent.com/hKyNd5hzQTjPqVOxuFp9CyJ2tMUr8ytJJ9FfsFju3bqhBGI0lq/_apis/connectionData?connectOptions=1&lastChangeId=258625537&lastChangeId64=258625537 failed. HTTP Status: NotFound
[2025-10-10 02:34:53Z INFO GitHubActionsService] Finished operation Location.GetConnectionData
[2025-10-10 02:34:53Z INFO RunnerServer] Catch exception during connect. 3 attempt left.
[2025-10-10 02:34:53Z ERR  RunnerServer] GitHub.Services.WebApi.VssServiceResponseException: The resource cannot be found.
   at GitHub.Services.WebApi.VssHttpClientBase.HandleResponseAsync(HttpResponseMessage response, CancellationToken cancellationToken)
   at GitHub.Services.WebApi.VssHttpClientBase.SendAsync(HttpRequestMessage message, HttpCompletionOption completionOption, Object userState, CancellationToken cancellationToken)
   at GitHub.Services.WebApi.VssHttpClientBase.SendAsync[T](HttpRequestMessage message, Object userState, CancellationToken cancellationToken)
   at GitHub.Services.Location.Client.LocationHttpClient.GetConnectionDataAsync(ConnectOptions connectOptions, Int64 lastChangeId, CancellationToken cancellationToken, Object userState)
   at GitHub.Services.WebApi.Location.VssServerDataProvider.GetConnectionDataAsync(ConnectOptions connectOptions, Int32 lastChangeId, CancellationToken cancellationToken)
   at GitHub.Services.WebApi.Location.VssServerDataProvider.ConnectAsync(ConnectOptions connectOptions, CancellationToken cancellationToken)
   at GitHub.Runner.Common.RunnerService.EstablishVssConnection(Uri serverUrl, VssCredentials credentials, TimeSpan timeout)
[2025-10-10 02:34:53Z ERR  GitHubActionsService] GET request to https://pipelinesghubeus6.actions.githubusercontent.com/hKyNd5hzQTjPqVOxuFp9CyJ2tMUr8ytJJ9FfsFju3bqhBGI0lq/_apis/connectionData?connectOptions=1&lastChangeId=258625537&lastChangeId64=258625537 failed. HTTP Status: NotFound
[2025-10-10 02:34:53Z INFO GitHubActionsService] Finished operation Location.GetConnectionData
[2025-10-10 02:34:53Z INFO RunnerServer] Catch exception during connect. 3 attempt left.
[2025-10-10 02:34:53Z ERR  RunnerServer] GitHub.Services.WebApi.VssServiceResponseException: The resource cannot be found.
   at GitHub.Services.WebApi.VssHttpClientBase.HandleResponseAsync(HttpResponseMessage response, CancellationToken cancellationToken)
   at GitHub.Services.WebApi.VssHttpClientBase.SendAsync(HttpRequestMessage message, HttpCompletionOption completionOption, Object userState, CancellationToken cancellationToken)
   at GitHub.Services.WebApi.VssHttpClientBase.SendAsync[T](HttpRequestMessage message, Object userState, CancellationToken cancellationToken)
   at GitHub.Services.Location.Client.LocationHttpClient.GetConnectionDataAsync(ConnectOptions connectOptions, Int64 lastChangeId, CancellationToken cancellationToken, Object userState)
   at GitHub.Services.WebApi.Location.VssServerDataProvider.GetConnectionDataAsync(ConnectOptions connectOptions, Int32 lastChangeId, CancellationToken cancellationToken)
   at GitHub.Services.WebApi.Location.VssServerDataProvider.ConnectAsync(ConnectOptions connectOptions, CancellationToken cancellationToken)
   at GitHub.Runner.Common.RunnerService.EstablishVssConnection(Uri serverUrl, VssCredentials credentials, TimeSpan timeout)
[2025-10-10 02:34:53Z INFO GitHubActionsService] Starting operation Location.GetConnectionData
[2025-10-10 02:34:53Z INFO GitHubActionsService] Starting operation Location.GetConnectionData
[2025-10-10 02:34:53Z INFO GitHubActionsService] Starting operation Location.GetConnectionData
[2025-10-10 02:34:53Z ERR  GitHubActionsService] GET request to https://pipelinesghubeus6.actions.githubusercontent.com/hKyNd5hzQTjPqVOxuFp9CyJ2tMUr8ytJJ9FfsFju3bqhBGI0lq/_apis/connectionData?connectOptions=1&lastChangeId=258625537&lastChangeId64=258625537 failed. HTTP Status: NotFound
[2025-10-10 02:34:53Z INFO GitHubActionsService] Finished operation Location.GetConnectionData
[2025-10-10 02:34:53Z INFO RunnerServer] Catch exception during connect. 2 attempt left.
[2025-10-10 02:34:53Z ERR  RunnerServer] GitHub.Services.WebApi.VssServiceResponseException: The resource cannot be found.
   at GitHub.Services.WebApi.VssHttpClientBase.HandleResponseAsync(HttpResponseMessage response, CancellationToken cancellationToken)
   at GitHub.Services.WebApi.VssHttpClientBase.SendAsync(HttpRequestMessage message, HttpCompletionOption completionOption, Object userState, CancellationToken cancellationToken)
   at GitHub.Services.WebApi.VssHttpClientBase.SendAsync[T](HttpRequestMessage message, Object userState, CancellationToken cancellationToken)
   at GitHub.Services.Location.Client.LocationHttpClient.GetConnectionDataAsync(ConnectOptions connectOptions, Int64 lastChangeId, CancellationToken cancellationToken, Object userState)
   at GitHub.Services.WebApi.Location.VssServerDataProvider.GetConnectionDataAsync(ConnectOptions connectOptions, Int32 lastChangeId, CancellationToken cancellationToken)
   at GitHub.Services.WebApi.Location.VssServerDataProvider.ConnectAsync(ConnectOptions connectOptions, CancellationToken cancellationToken)
   at GitHub.Runner.Common.RunnerService.EstablishVssConnection(Uri serverUrl, VssCredentials credentials, TimeSpan timeout)
[2025-10-10 02:34:54Z ERR  GitHubActionsService] GET request to https://pipelinesghubeus6.actions.githubusercontent.com/hKyNd5hzQTjPqVOxuFp9CyJ2tMUr8ytJJ9FfsFju3bqhBGI0lq/_apis/connectionData?connectOptions=1&lastChangeId=258625537&lastChangeId64=258625537 failed. HTTP Status: NotFound
[2025-10-10 02:34:54Z INFO GitHubActionsService] Finished operation Location.GetConnectionData
[2025-10-10 02:34:54Z INFO RunnerServer] Catch exception during connect. 2 attempt left.
[2025-10-10 02:34:54Z ERR  RunnerServer] GitHub.Services.WebApi.VssServiceResponseException: The resource cannot be found.
   at GitHub.Services.WebApi.VssHttpClientBase.HandleResponseAsync(HttpResponseMessage response, CancellationToken cancellationToken)
   at GitHub.Services.WebApi.VssHttpClientBase.SendAsync(HttpRequestMessage message, HttpCompletionOption completionOption, Object userState, CancellationToken cancellationToken)
   at GitHub.Services.WebApi.VssHttpClientBase.SendAsync[T](HttpRequestMessage message, Object userState, CancellationToken cancellationToken)
   at GitHub.Services.Location.Client.LocationHttpClient.GetConnectionDataAsync(ConnectOptions connectOptions, Int64 lastChangeId, CancellationToken cancellationToken, Object userState)
   at GitHub.Services.WebApi.Location.VssServerDataProvider.GetConnectionDataAsync(ConnectOptions connectOptions, Int32 lastChangeId, CancellationToken cancellationToken)
   at GitHub.Services.WebApi.Location.VssServerDataProvider.ConnectAsync(ConnectOptions connectOptions, CancellationToken cancellationToken)
   at GitHub.Runner.Common.RunnerService.EstablishVssConnection(Uri serverUrl, VssCredentials credentials, TimeSpan timeout)
[2025-10-10 02:34:54Z ERR  GitHubActionsService] GET request to https://pipelinesghubeus6.actions.githubusercontent.com/hKyNd5hzQTjPqVOxuFp9CyJ2tMUr8ytJJ9FfsFju3bqhBGI0lq/_apis/connectionData?connectOptions=1&lastChangeId=258625537&lastChangeId64=258625537 failed. HTTP Status: NotFound
[2025-10-10 02:34:54Z INFO GitHubActionsService] Finished operation Location.GetConnectionData
[2025-10-10 02:34:54Z INFO RunnerServer] Catch exception during connect. 2 attempt left.
[2025-10-10 02:34:54Z ERR  RunnerServer] GitHub.Services.WebApi.VssServiceResponseException: The resource cannot be found.
   at GitHub.Services.WebApi.VssHttpClientBase.HandleResponseAsync(HttpResponseMessage response, CancellationToken cancellationToken)
   at GitHub.Services.WebApi.VssHttpClientBase.SendAsync(HttpRequestMessage message, HttpCompletionOption completionOption, Object userState, CancellationToken cancellationToken)
   at GitHub.Services.WebApi.VssHttpClientBase.SendAsync[T](HttpRequestMessage message, Object userState, CancellationToken cancellationToken)
   at GitHub.Services.Location.Client.LocationHttpClient.GetConnectionDataAsync(ConnectOptions connectOptions, Int64 lastChangeId, CancellationToken cancellationToken, Object userState)
   at GitHub.Services.WebApi.Location.VssServerDataProvider.GetConnectionDataAsync(ConnectOptions connectOptions, Int32 lastChangeId, CancellationToken cancellationToken)
   at GitHub.Services.WebApi.Location.VssServerDataProvider.ConnectAsync(ConnectOptions connectOptions, CancellationToken cancellationToken)
   at GitHub.Runner.Common.RunnerService.EstablishVssConnection(Uri serverUrl, VssCredentials credentials, TimeSpan timeout)
[2025-10-10 02:34:54Z INFO GitHubActionsService] Starting operation Location.GetConnectionData
[2025-10-10 02:34:54Z INFO GitHubActionsService] Starting operation Location.GetConnectionData
[2025-10-10 02:34:54Z INFO GitHubActionsService] Starting operation Location.GetConnectionData
[2025-10-10 02:34:54Z ERR  GitHubActionsService] GET request to https://pipelinesghubeus6.actions.githubusercontent.com/hKyNd5hzQTjPqVOxuFp9CyJ2tMUr8ytJJ9FfsFju3bqhBGI0lq/_apis/connectionData?connectOptions=1&lastChangeId=258625537&lastChangeId64=258625537 failed. HTTP Status: NotFound
[2025-10-10 02:34:54Z INFO GitHubActionsService] Finished operation Location.GetConnectionData
[2025-10-10 02:34:54Z INFO RunnerServer] Catch exception during connect. 1 attempt left.
[2025-10-10 02:34:54Z ERR  RunnerServer] GitHub.Services.WebApi.VssServiceResponseException: The resource cannot be found.
   at GitHub.Services.WebApi.VssHttpClientBase.HandleResponseAsync(HttpResponseMessage response, CancellationToken cancellationToken)
   at GitHub.Services.WebApi.VssHttpClientBase.SendAsync(HttpRequestMessage message, HttpCompletionOption completionOption, Object userState, CancellationToken cancellationToken)
   at GitHub.Services.WebApi.VssHttpClientBase.SendAsync[T](HttpRequestMessage message, Object userState, CancellationToken cancellationToken)
   at GitHub.Services.Location.Client.LocationHttpClient.GetConnectionDataAsync(ConnectOptions connectOptions, Int64 lastChangeId, CancellationToken cancellationToken, Object userState)
   at GitHub.Services.WebApi.Location.VssServerDataProvider.GetConnectionDataAsync(ConnectOptions connectOptions, Int32 lastChangeId, CancellationToken cancellationToken)
   at GitHub.Services.WebApi.Location.VssServerDataProvider.ConnectAsync(ConnectOptions connectOptions, CancellationToken cancellationToken)
   at GitHub.Runner.Common.RunnerService.EstablishVssConnection(Uri serverUrl, VssCredentials credentials, TimeSpan timeout)
[2025-10-10 02:34:54Z INFO GitHubActionsService] Starting operation Location.GetConnectionData
[2025-10-10 02:34:54Z ERR  GitHubActionsService] GET request to https://pipelinesghubeus6.actions.githubusercontent.com/hKyNd5hzQTjPqVOxuFp9CyJ2tMUr8ytJJ9FfsFju3bqhBGI0lq/_apis/connectionData?connectOptions=1&lastChangeId=258625537&lastChangeId64=258625537 failed. HTTP Status: NotFound
[2025-10-10 02:34:54Z INFO GitHubActionsService] Finished operation Location.GetConnectionData
[2025-10-10 02:34:54Z INFO RunnerServer] Catch exception during connect. 1 attempt left.
[2025-10-10 02:34:54Z ERR  RunnerServer] GitHub.Services.WebApi.VssServiceResponseException: The resource cannot be found.
   at GitHub.Services.WebApi.VssHttpClientBase.HandleResponseAsync(HttpResponseMessage response, CancellationToken cancellationToken)
   at GitHub.Services.WebApi.VssHttpClientBase.SendAsync(HttpRequestMessage message, HttpCompletionOption completionOption, Object userState, CancellationToken cancellationToken)
   at GitHub.Services.WebApi.VssHttpClientBase.SendAsync[T](HttpRequestMessage message, Object userState, CancellationToken cancellationToken)
   at GitHub.Services.Location.Client.LocationHttpClient.GetConnectionDataAsync(ConnectOptions connectOptions, Int64 lastChangeId, CancellationToken cancellationToken, Object userState)
   at GitHub.Services.WebApi.Location.VssServerDataProvider.GetConnectionDataAsync(ConnectOptions connectOptions, Int32 lastChangeId, CancellationToken cancellationToken)
   at GitHub.Services.WebApi.Location.VssServerDataProvider.ConnectAsync(ConnectOptions connectOptions, CancellationToken cancellationToken)
   at GitHub.Runner.Common.RunnerService.EstablishVssConnection(Uri serverUrl, VssCredentials credentials, TimeSpan timeout)
[2025-10-10 02:34:54Z ERR  GitHubActionsService] GET request to https://pipelinesghubeus6.actions.githubusercontent.com/hKyNd5hzQTjPqVOxuFp9CyJ2tMUr8ytJJ9FfsFju3bqhBGI0lq/_apis/connectionData?connectOptions=1&lastChangeId=258625537&lastChangeId64=258625537 failed. HTTP Status: NotFound
[2025-10-10 02:34:54Z INFO GitHubActionsService] Finished operation Location.GetConnectionData
[2025-10-10 02:34:54Z INFO RunnerServer] Catch exception during connect. 1 attempt left.
[2025-10-10 02:34:54Z ERR  RunnerServer] GitHub.Services.WebApi.VssServiceResponseException: The resource cannot be found.
   at GitHub.Services.WebApi.VssHttpClientBase.HandleResponseAsync(HttpResponseMessage response, CancellationToken cancellationToken)
   at GitHub.Services.WebApi.VssHttpClientBase.SendAsync(HttpRequestMessage message, HttpCompletionOption completionOption, Object userState, CancellationToken cancellationToken)
   at GitHub.Services.WebApi.VssHttpClientBase.SendAsync[T](HttpRequestMessage message, Object userState, CancellationToken cancellationToken)
   at GitHub.Services.Location.Client.LocationHttpClient.GetConnectionDataAsync(ConnectOptions connectOptions, Int64 lastChangeId, CancellationToken cancellationToken, Object userState)
   at GitHub.Services.WebApi.Location.VssServerDataProvider.GetConnectionDataAsync(ConnectOptions connectOptions, Int32 lastChangeId, CancellationToken cancellationToken)
   at GitHub.Services.WebApi.Location.VssServerDataProvider.ConnectAsync(ConnectOptions connectOptions, CancellationToken cancellationToken)
   at GitHub.Runner.Common.RunnerService.EstablishVssConnection(Uri serverUrl, VssCredentials credentials, TimeSpan timeout)
[2025-10-10 02:34:54Z INFO GitHubActionsService] Starting operation Location.GetConnectionData
[2025-10-10 02:34:54Z INFO GitHubActionsService] Starting operation Location.GetConnectionData
[2025-10-10 02:34:55Z ERR  GitHubActionsService] GET request to https://pipelinesghubeus6.actions.githubusercontent.com/hKyNd5hzQTjPqVOxuFp9CyJ2tMUr8ytJJ9FfsFju3bqhBGI0lq/_apis/connectionData?connectOptions=1&lastChangeId=258625537&lastChangeId64=258625537 failed. HTTP Status: NotFound
[2025-10-10 02:34:55Z INFO GitHubActionsService] Finished operation Location.GetConnectionData
[2025-10-10 02:34:55Z ERR  GitHubActionsService] GET request to https://pipelinesghubeus6.actions.githubusercontent.com/hKyNd5hzQTjPqVOxuFp9CyJ2tMUr8ytJJ9FfsFju3bqhBGI0lq/_apis/connectionData?connectOptions=1&lastChangeId=258625537&lastChangeId64=258625537 failed. HTTP Status: NotFound
[2025-10-10 02:34:55Z INFO GitHubActionsService] Finished operation Location.GetConnectionData
[2025-10-10 02:34:55Z ERR  GitHubActionsService] GET request to https://pipelinesghubeus6.actions.githubusercontent.com/hKyNd5hzQTjPqVOxuFp9CyJ2tMUr8ytJJ9FfsFju3bqhBGI0lq/_apis/connectionData?connectOptions=1&lastChangeId=258625537&lastChangeId64=258625537 failed. HTTP Status: NotFound
[2025-10-10 02:34:55Z INFO GitHubActionsService] Finished operation Location.GetConnectionData
[2025-10-10 02:34:55Z ERR  BrokerMessageListener] Catch exception during create session.
[2025-10-10 02:34:55Z ERR  BrokerMessageListener] GitHub.Services.WebApi.VssServiceResponseException: The resource cannot be found.
   at GitHub.Services.WebApi.VssHttpClientBase.HandleResponseAsync(HttpResponseMessage response, CancellationToken cancellationToken)
   at GitHub.Services.WebApi.VssHttpClientBase.SendAsync(HttpRequestMessage message, HttpCompletionOption completionOption, Object userState, CancellationToken cancellationToken)
   at GitHub.Services.WebApi.VssHttpClientBase.SendAsync[T](HttpRequestMessage message, Object userState, CancellationToken cancellationToken)
   at GitHub.Services.Location.Client.LocationHttpClient.GetConnectionDataAsync(ConnectOptions connectOptions, Int64 lastChangeId, CancellationToken cancellationToken, Object userState)
   at GitHub.Services.WebApi.Location.VssServerDataProvider.GetConnectionDataAsync(ConnectOptions connectOptions, Int32 lastChangeId, CancellationToken cancellationToken)
   at GitHub.Services.WebApi.Location.VssServerDataProvider.ConnectAsync(ConnectOptions connectOptions, CancellationToken cancellationToken)
   at GitHub.Runner.Common.RunnerService.EstablishVssConnection(Uri serverUrl, VssCredentials credentials, TimeSpan timeout)
   at GitHub.Runner.Common.RunnerServer.ConnectAsync(Uri serverUrl, VssCredentials credentials)
   at GitHub.Runner.Listener.BrokerMessageListener.CreateSessionAsync(CancellationToken token)
[2025-10-10 02:34:55Z INFO BrokerMessageListener] Retriable exception: The resource cannot be found.
[2025-10-10 02:34:55Z INFO BrokerMessageListener] Sleeping for 30 seconds before retrying.
[2025-10-10 02:35:25Z INFO BrokerMessageListener] Attempt to create session.
[2025-10-10 02:35:25Z INFO BrokerMessageListener] Connecting to the Broker Server...
[2025-10-10 02:35:25Z INFO ConfigurationStore] HasCredentials()
[2025-10-10 02:35:25Z INFO ConfigurationStore] stored True
[2025-10-10 02:35:25Z INFO CredentialManager] GetCredentialProvider
[2025-10-10 02:35:25Z INFO CredentialManager] Creating type OAuth
[2025-10-10 02:35:25Z INFO CredentialManager] Creating credential type: OAuth
[2025-10-10 02:35:25Z INFO RSAEncryptedFileKeyManager] Loading RSA key parameters from file G:\Brunella\actions-runner\.credentials_rsaparams
[2025-10-10 02:35:25Z INFO BrokerMessageListener] VssConnection created
[2025-10-10 02:35:25Z INFO BrokerMessageListener] Connecting to the Runner server...
[2025-10-10 02:35:25Z INFO RunnerServer] EstablishVssConnection
[2025-10-10 02:35:25Z INFO RunnerServer] Establish connection with 100 seconds timeout.
[2025-10-10 02:35:25Z INFO GitHubActionsService] Starting operation Location.GetConnectionData
[2025-10-10 02:35:25Z INFO RunnerServer] EstablishVssConnection
[2025-10-10 02:35:25Z INFO RunnerServer] Establish connection with 60 seconds timeout.
[2025-10-10 02:35:25Z INFO GitHubActionsService] Starting operation Location.GetConnectionData
[2025-10-10 02:35:25Z INFO RunnerServer] EstablishVssConnection
[2025-10-10 02:35:25Z INFO RunnerServer] Establish connection with 60 seconds timeout.
[2025-10-10 02:35:25Z INFO GitHubActionsService] Starting operation Location.GetConnectionData
[2025-10-10 02:35:26Z ERR  GitHubActionsService] GET request to https://pipelinesghubeus6.actions.githubusercontent.com/hKyNd5hzQTjPqVOxuFp9CyJ2tMUr8ytJJ9FfsFju3bqhBGI0lq/_apis/connectionData?connectOptions=1&lastChangeId=258625537&lastChangeId64=258625537 failed. HTTP Status: NotFound
[2025-10-10 02:35:26Z ERR  GitHubActionsService] GET request to https://pipelinesghubeus6.actions.githubusercontent.com/hKyNd5hzQTjPqVOxuFp9CyJ2tMUr8ytJJ9FfsFju3bqhBGI0lq/_apis/connectionData?connectOptions=1&lastChangeId=258625537&lastChangeId64=258625537 failed. HTTP Status: NotFound
[2025-10-10 02:35:26Z ERR  GitHubActionsService] GET request to https://pipelinesghubeus6.actions.githubusercontent.com/hKyNd5hzQTjPqVOxuFp9CyJ2tMUr8ytJJ9FfsFju3bqhBGI0lq/_apis/connectionData?connectOptions=1&lastChangeId=258625537&lastChangeId64=258625537 failed. HTTP Status: NotFound
[2025-10-10 02:35:26Z INFO GitHubActionsService] Finished operation Location.GetConnectionData
[2025-10-10 02:35:26Z INFO GitHubActionsService] Finished operation Location.GetConnectionData
[2025-10-10 02:35:26Z INFO GitHubActionsService] Finished operation Location.GetConnectionData
[2025-10-10 02:35:26Z INFO RunnerServer] Catch exception during connect. 4 attempt left.
[2025-10-10 02:35:26Z INFO RunnerServer] Catch exception during connect. 4 attempt left.
[2025-10-10 02:35:26Z INFO RunnerServer] Catch exception during connect. 4 attempt left.
[2025-10-10 02:35:26Z ERR  RunnerServer] GitHub.Services.WebApi.VssServiceResponseException: The resource cannot be found.
   at GitHub.Services.WebApi.VssHttpClientBase.HandleResponseAsync(HttpResponseMessage response, CancellationToken cancellationToken)
   at GitHub.Services.WebApi.VssHttpClientBase.SendAsync(HttpRequestMessage message, HttpCompletionOption completionOption, Object userState, CancellationToken cancellationToken)
   at GitHub.Services.WebApi.VssHttpClientBase.SendAsync[T](HttpRequestMessage message, Object userState, CancellationToken cancellationToken)
   at GitHub.Services.Location.Client.LocationHttpClient.GetConnectionDataAsync(ConnectOptions connectOptions, Int64 lastChangeId, CancellationToken cancellationToken, Object userState)
   at GitHub.Services.WebApi.Location.VssServerDataProvider.GetConnectionDataAsync(ConnectOptions connectOptions, Int32 lastChangeId, CancellationToken cancellationToken)
   at GitHub.Services.WebApi.Location.VssServerDataProvider.ConnectAsync(ConnectOptions connectOptions, CancellationToken cancellationToken)
   at GitHub.Runner.Common.RunnerService.EstablishVssConnection(Uri serverUrl, VssCredentials credentials, TimeSpan timeout)
[2025-10-10 02:35:26Z ERR  RunnerServer] GitHub.Services.WebApi.VssServiceResponseException: The resource cannot be found.
   at GitHub.Services.WebApi.VssHttpClientBase.HandleResponseAsync(HttpResponseMessage response, CancellationToken cancellationToken)
   at GitHub.Services.WebApi.VssHttpClientBase.SendAsync(HttpRequestMessage message, HttpCompletionOption completionOption, Object userState, CancellationToken cancellationToken)
   at GitHub.Services.WebApi.VssHttpClientBase.SendAsync[T](HttpRequestMessage message, Object userState, CancellationToken cancellationToken)
   at GitHub.Services.Location.Client.LocationHttpClient.GetConnectionDataAsync(ConnectOptions connectOptions, Int64 lastChangeId, CancellationToken cancellationToken, Object userState)
   at GitHub.Services.WebApi.Location.VssServerDataProvider.GetConnectionDataAsync(ConnectOptions connectOptions, Int32 lastChangeId, CancellationToken cancellationToken)
   at GitHub.Services.WebApi.Location.VssServerDataProvider.ConnectAsync(ConnectOptions connectOptions, CancellationToken cancellationToken)
   at GitHub.Runner.Common.RunnerService.EstablishVssConnection(Uri serverUrl, VssCredentials credentials, TimeSpan timeout)
[2025-10-10 02:35:26Z ERR  RunnerServer] GitHub.Services.WebApi.VssServiceResponseException: The resource cannot be found.
   at GitHub.Services.WebApi.VssHttpClientBase.HandleResponseAsync(HttpResponseMessage response, CancellationToken cancellationToken)
   at GitHub.Services.WebApi.VssHttpClientBase.SendAsync(HttpRequestMessage message, HttpCompletionOption completionOption, Object userState, CancellationToken cancellationToken)
   at GitHub.Services.WebApi.VssHttpClientBase.SendAsync[T](HttpRequestMessage message, Object userState, CancellationToken cancellationToken)
   at GitHub.Services.Location.Client.LocationHttpClient.GetConnectionDataAsync(ConnectOptions connectOptions, Int64 lastChangeId, CancellationToken cancellationToken, Object userState)
   at GitHub.Services.WebApi.Location.VssServerDataProvider.GetConnectionDataAsync(ConnectOptions connectOptions, Int32 lastChangeId, CancellationToken cancellationToken)
   at GitHub.Services.WebApi.Location.VssServerDataProvider.ConnectAsync(ConnectOptions connectOptions, CancellationToken cancellationToken)
   at GitHub.Runner.Common.RunnerService.EstablishVssConnection(Uri serverUrl, VssCredentials credentials, TimeSpan timeout)
[2025-10-10 02:35:26Z INFO GitHubActionsService] Starting operation Location.GetConnectionData
[2025-10-10 02:35:26Z INFO GitHubActionsService] Starting operation Location.GetConnectionData
[2025-10-10 02:35:26Z INFO GitHubActionsService] Starting operation Location.GetConnectionData
[2025-10-10 02:35:26Z ERR  GitHubActionsService] GET request to https://pipelinesghubeus6.actions.githubusercontent.com/hKyNd5hzQTjPqVOxuFp9CyJ2tMUr8ytJJ9FfsFju3bqhBGI0lq/_apis/connectionData?connectOptions=1&lastChangeId=258625537&lastChangeId64=258625537 failed. HTTP Status: NotFound
[2025-10-10 02:35:26Z INFO GitHubActionsService] Finished operation Location.GetConnectionData
[2025-10-10 02:35:26Z INFO RunnerServer] Catch exception during connect. 3 attempt left.
[2025-10-10 02:35:26Z ERR  RunnerServer] GitHub.Services.WebApi.VssServiceResponseException: The resource cannot be found.
   at GitHub.Services.WebApi.VssHttpClientBase.HandleResponseAsync(HttpResponseMessage response, CancellationToken cancellationToken)
   at GitHub.Services.WebApi.VssHttpClientBase.SendAsync(HttpRequestMessage message, HttpCompletionOption completionOption, Object userState, CancellationToken cancellationToken)
   at GitHub.Services.WebApi.VssHttpClientBase.SendAsync[T](HttpRequestMessage message, Object userState, CancellationToken cancellationToken)
   at GitHub.Services.Location.Client.LocationHttpClient.GetConnectionDataAsync(ConnectOptions connectOptions, Int64 lastChangeId, CancellationToken cancellationToken, Object userState)
   at GitHub.Services.WebApi.Location.VssServerDataProvider.GetConnectionDataAsync(ConnectOptions connectOptions, Int32 lastChangeId, CancellationToken cancellationToken)
   at GitHub.Services.WebApi.Location.VssServerDataProvider.ConnectAsync(ConnectOptions connectOptions, CancellationToken cancellationToken)
   at GitHub.Runner.Common.RunnerService.EstablishVssConnection(Uri serverUrl, VssCredentials credentials, TimeSpan timeout)
[2025-10-10 02:35:26Z INFO GitHubActionsService] Starting operation Location.GetConnectionData
[2025-10-10 02:35:27Z ERR  GitHubActionsService] GET request to https://pipelinesghubeus6.actions.githubusercontent.com/hKyNd5hzQTjPqVOxuFp9CyJ2tMUr8ytJJ9FfsFju3bqhBGI0lq/_apis/connectionData?connectOptions=1&lastChangeId=258625537&lastChangeId64=258625537 failed. HTTP Status: NotFound
[2025-10-10 02:35:27Z INFO GitHubActionsService] Finished operation Location.GetConnectionData
[2025-10-10 02:35:27Z INFO RunnerServer] Catch exception during connect. 3 attempt left.
[2025-10-10 02:35:27Z ERR  GitHubActionsService] GET request to https://pipelinesghubeus6.actions.githubusercontent.com/hKyNd5hzQTjPqVOxuFp9CyJ2tMUr8ytJJ9FfsFju3bqhBGI0lq/_apis/connectionData?connectOptions=1&lastChangeId=258625537&lastChangeId64=258625537 failed. HTTP Status: NotFound
[2025-10-10 02:35:27Z INFO GitHubActionsService] Finished operation Location.GetConnectionData
[2025-10-10 02:35:27Z INFO RunnerServer] Catch exception during connect. 3 attempt left.
[2025-10-10 02:35:27Z ERR  RunnerServer] GitHub.Services.WebApi.VssServiceResponseException: The resource cannot be found.
   at GitHub.Services.WebApi.VssHttpClientBase.HandleResponseAsync(HttpResponseMessage response, CancellationToken cancellationToken)
   at GitHub.Services.WebApi.VssHttpClientBase.SendAsync(HttpRequestMessage message, HttpCompletionOption completionOption, Object userState, CancellationToken cancellationToken)
   at GitHub.Services.WebApi.VssHttpClientBase.SendAsync[T](HttpRequestMessage message, Object userState, CancellationToken cancellationToken)
   at GitHub.Services.Location.Client.LocationHttpClient.GetConnectionDataAsync(ConnectOptions connectOptions, Int64 lastChangeId, CancellationToken cancellationToken, Object userState)
   at GitHub.Services.WebApi.Location.VssServerDataProvider.GetConnectionDataAsync(ConnectOptions connectOptions, Int32 lastChangeId, CancellationToken cancellationToken)
   at GitHub.Services.WebApi.Location.VssServerDataProvider.ConnectAsync(ConnectOptions connectOptions, CancellationToken cancellationToken)
   at GitHub.Runner.Common.RunnerService.EstablishVssConnection(Uri serverUrl, VssCredentials credentials, TimeSpan timeout)
[2025-10-10 02:35:27Z ERR  RunnerServer] GitHub.Services.WebApi.VssServiceResponseException: The resource cannot be found.
   at GitHub.Services.WebApi.VssHttpClientBase.HandleResponseAsync(HttpResponseMessage response, CancellationToken cancellationToken)
   at GitHub.Services.WebApi.VssHttpClientBase.SendAsync(HttpRequestMessage message, HttpCompletionOption completionOption, Object userState, CancellationToken cancellationToken)
   at GitHub.Services.WebApi.VssHttpClientBase.SendAsync[T](HttpRequestMessage message, Object userState, CancellationToken cancellationToken)
   at GitHub.Services.Location.Client.LocationHttpClient.GetConnectionDataAsync(ConnectOptions connectOptions, Int64 lastChangeId, CancellationToken cancellationToken, Object userState)
   at GitHub.Services.WebApi.Location.VssServerDataProvider.GetConnectionDataAsync(ConnectOptions connectOptions, Int32 lastChangeId, CancellationToken cancellationToken)
   at GitHub.Services.WebApi.Location.VssServerDataProvider.ConnectAsync(ConnectOptions connectOptions, CancellationToken cancellationToken)
   at GitHub.Runner.Common.RunnerService.EstablishVssConnection(Uri serverUrl, VssCredentials credentials, TimeSpan timeout)
[2025-10-10 02:35:27Z INFO GitHubActionsService] Starting operation Location.GetConnectionData
[2025-10-10 02:35:27Z INFO GitHubActionsService] Starting operation Location.GetConnectionData
[2025-10-10 02:35:27Z ERR  GitHubActionsService] GET request to https://pipelinesghubeus6.actions.githubusercontent.com/hKyNd5hzQTjPqVOxuFp9CyJ2tMUr8ytJJ9FfsFju3bqhBGI0lq/_apis/connectionData?connectOptions=1&lastChangeId=258625537&lastChangeId64=258625537 failed. HTTP Status: NotFound
[2025-10-10 02:35:27Z INFO GitHubActionsService] Finished operation Location.GetConnectionData
[2025-10-10 02:35:27Z INFO RunnerServer] Catch exception during connect. 2 attempt left.
[2025-10-10 02:35:27Z ERR  RunnerServer] GitHub.Services.WebApi.VssServiceResponseException: The resource cannot be found.
   at GitHub.Services.WebApi.VssHttpClientBase.HandleResponseAsync(HttpResponseMessage response, CancellationToken cancellationToken)
   at GitHub.Services.WebApi.VssHttpClientBase.SendAsync(HttpRequestMessage message, HttpCompletionOption completionOption, Object userState, CancellationToken cancellationToken)
   at GitHub.Services.WebApi.VssHttpClientBase.SendAsync[T](HttpRequestMessage message, Object userState, CancellationToken cancellationToken)
   at GitHub.Services.Location.Client.LocationHttpClient.GetConnectionDataAsync(ConnectOptions connectOptions, Int64 lastChangeId, CancellationToken cancellationToken, Object userState)
   at GitHub.Services.WebApi.Location.VssServerDataProvider.GetConnectionDataAsync(ConnectOptions connectOptions, Int32 lastChangeId, CancellationToken cancellationToken)
   at GitHub.Services.WebApi.Location.VssServerDataProvider.ConnectAsync(ConnectOptions connectOptions, CancellationToken cancellationToken)
   at GitHub.Runner.Common.RunnerService.EstablishVssConnection(Uri serverUrl, VssCredentials credentials, TimeSpan timeout)
[2025-10-10 02:35:27Z INFO GitHubActionsService] Starting operation Location.GetConnectionData
[2025-10-10 02:35:27Z ERR  GitHubActionsService] GET request to https://pipelinesghubeus6.actions.githubusercontent.com/hKyNd5hzQTjPqVOxuFp9CyJ2tMUr8ytJJ9FfsFju3bqhBGI0lq/_apis/connectionData?connectOptions=1&lastChangeId=258625537&lastChangeId64=258625537 failed. HTTP Status: NotFound
[2025-10-10 02:35:27Z INFO GitHubActionsService] Finished operation Location.GetConnectionData
[2025-10-10 02:35:27Z INFO RunnerServer] Catch exception during connect. 2 attempt left.
[2025-10-10 02:35:27Z ERR  RunnerServer] GitHub.Services.WebApi.VssServiceResponseException: The resource cannot be found.
   at GitHub.Services.WebApi.VssHttpClientBase.HandleResponseAsync(HttpResponseMessage response, CancellationToken cancellationToken)
   at GitHub.Services.WebApi.VssHttpClientBase.SendAsync(HttpRequestMessage message, HttpCompletionOption completionOption, Object userState, CancellationToken cancellationToken)
   at GitHub.Services.WebApi.VssHttpClientBase.SendAsync[T](HttpRequestMessage message, Object userState, CancellationToken cancellationToken)
   at GitHub.Services.Location.Client.LocationHttpClient.GetConnectionDataAsync(ConnectOptions connectOptions, Int64 lastChangeId, CancellationToken cancellationToken, Object userState)
   at GitHub.Services.WebApi.Location.VssServerDataProvider.GetConnectionDataAsync(ConnectOptions connectOptions, Int32 lastChangeId, CancellationToken cancellationToken)
   at GitHub.Services.WebApi.Location.VssServerDataProvider.ConnectAsync(ConnectOptions connectOptions, CancellationToken cancellationToken)
   at GitHub.Runner.Common.RunnerService.EstablishVssConnection(Uri serverUrl, VssCredentials credentials, TimeSpan timeout)
[2025-10-10 02:35:27Z ERR  GitHubActionsService] GET request to https://pipelinesghubeus6.actions.githubusercontent.com/hKyNd5hzQTjPqVOxuFp9CyJ2tMUr8ytJJ9FfsFju3bqhBGI0lq/_apis/connectionData?connectOptions=1&lastChangeId=258625537&lastChangeId64=258625537 failed. HTTP Status: NotFound
[2025-10-10 02:35:27Z INFO GitHubActionsService] Finished operation Location.GetConnectionData
[2025-10-10 02:35:27Z INFO RunnerServer] Catch exception during connect. 2 attempt left.
[2025-10-10 02:35:27Z ERR  RunnerServer] GitHub.Services.WebApi.VssServiceResponseException: The resource cannot be found.
   at GitHub.Services.WebApi.VssHttpClientBase.HandleResponseAsync(HttpResponseMessage response, CancellationToken cancellationToken)
   at GitHub.Services.WebApi.VssHttpClientBase.SendAsync(HttpRequestMessage message, HttpCompletionOption completionOption, Object userState, CancellationToken cancellationToken)
   at GitHub.Services.WebApi.VssHttpClientBase.SendAsync[T](HttpRequestMessage message, Object userState, CancellationToken cancellationToken)
   at GitHub.Services.Location.Client.LocationHttpClient.GetConnectionDataAsync(ConnectOptions connectOptions, Int64 lastChangeId, CancellationToken cancellationToken, Object userState)
   at GitHub.Services.WebApi.Location.VssServerDataProvider.GetConnectionDataAsync(ConnectOptions connectOptions, Int32 lastChangeId, CancellationToken cancellationToken)
   at GitHub.Services.WebApi.Location.VssServerDataProvider.ConnectAsync(ConnectOptions connectOptions, CancellationToken cancellationToken)
   at GitHub.Runner.Common.RunnerService.EstablishVssConnection(Uri serverUrl, VssCredentials credentials, TimeSpan timeout)
[2025-10-10 02:35:27Z INFO GitHubActionsService] Starting operation Location.GetConnectionData
[2025-10-10 02:35:27Z INFO GitHubActionsService] Starting operation Location.GetConnectionData
[2025-10-10 02:35:28Z ERR  GitHubActionsService] GET request to https://pipelinesghubeus6.actions.githubusercontent.com/hKyNd5hzQTjPqVOxuFp9CyJ2tMUr8ytJJ9FfsFju3bqhBGI0lq/_apis/connectionData?connectOptions=1&lastChangeId=258625537&lastChangeId64=258625537 failed. HTTP Status: NotFound
[2025-10-10 02:35:28Z INFO GitHubActionsService] Finished operation Location.GetConnectionData
[2025-10-10 02:35:28Z INFO RunnerServer] Catch exception during connect. 1 attempt left.
[2025-10-10 02:35:28Z ERR  GitHubActionsService] GET request to https://pipelinesghubeus6.actions.githubusercontent.com/hKyNd5hzQTjPqVOxuFp9CyJ2tMUr8ytJJ9FfsFju3bqhBGI0lq/_apis/connectionData?connectOptions=1&lastChangeId=258625537&lastChangeId64=258625537 failed. HTTP Status: NotFound
[2025-10-10 02:35:28Z ERR  RunnerServer] GitHub.Services.WebApi.VssServiceResponseException: The resource cannot be found.
   at GitHub.Services.WebApi.VssHttpClientBase.HandleResponseAsync(HttpResponseMessage response, CancellationToken cancellationToken)
   at GitHub.Services.WebApi.VssHttpClientBase.SendAsync(HttpRequestMessage message, HttpCompletionOption completionOption, Object userState, CancellationToken cancellationToken)
   at GitHub.Services.WebApi.VssHttpClientBase.SendAsync[T](HttpRequestMessage message, Object userState, CancellationToken cancellationToken)
   at GitHub.Services.Location.Client.LocationHttpClient.GetConnectionDataAsync(ConnectOptions connectOptions, Int64 lastChangeId, CancellationToken cancellationToken, Object userState)
   at GitHub.Services.WebApi.Location.VssServerDataProvider.GetConnectionDataAsync(ConnectOptions connectOptions, Int32 lastChangeId, CancellationToken cancellationToken)
   at GitHub.Services.WebApi.Location.VssServerDataProvider.ConnectAsync(ConnectOptions connectOptions, CancellationToken cancellationToken)
   at GitHub.Runner.Common.RunnerService.EstablishVssConnection(Uri serverUrl, VssCredentials credentials, TimeSpan timeout)
[2025-10-10 02:35:28Z INFO GitHubActionsService] Finished operation Location.GetConnectionData
[2025-10-10 02:35:28Z INFO RunnerServer] Catch exception during connect. 1 attempt left.
[2025-10-10 02:35:28Z ERR  RunnerServer] GitHub.Services.WebApi.VssServiceResponseException: The resource cannot be found.
   at GitHub.Services.WebApi.VssHttpClientBase.HandleResponseAsync(HttpResponseMessage response, CancellationToken cancellationToken)
   at GitHub.Services.WebApi.VssHttpClientBase.SendAsync(HttpRequestMessage message, HttpCompletionOption completionOption, Object userState, CancellationToken cancellationToken)
   at GitHub.Services.WebApi.VssHttpClientBase.SendAsync[T](HttpRequestMessage message, Object userState, CancellationToken cancellationToken)
   at GitHub.Services.Location.Client.LocationHttpClient.GetConnectionDataAsync(ConnectOptions connectOptions, Int64 lastChangeId, CancellationToken cancellationToken, Object userState)
   at GitHub.Services.WebApi.Location.VssServerDataProvider.GetConnectionDataAsync(ConnectOptions connectOptions, Int32 lastChangeId, CancellationToken cancellationToken)
   at GitHub.Services.WebApi.Location.VssServerDataProvider.ConnectAsync(ConnectOptions connectOptions, CancellationToken cancellationToken)
   at GitHub.Runner.Common.RunnerService.EstablishVssConnection(Uri serverUrl, VssCredentials credentials, TimeSpan timeout)
[2025-10-10 02:35:28Z INFO GitHubActionsService] Starting operation Location.GetConnectionData
[2025-10-10 02:35:28Z INFO GitHubActionsService] Starting operation Location.GetConnectionData
[2025-10-10 02:35:28Z ERR  GitHubActionsService] GET request to https://pipelinesghubeus6.actions.githubusercontent.com/hKyNd5hzQTjPqVOxuFp9CyJ2tMUr8ytJJ9FfsFju3bqhBGI0lq/_apis/connectionData?connectOptions=1&lastChangeId=258625537&lastChangeId64=258625537 failed. HTTP Status: NotFound
[2025-10-10 02:35:28Z INFO GitHubActionsService] Finished operation Location.GetConnectionData
[2025-10-10 02:35:28Z INFO RunnerServer] Catch exception during connect. 1 attempt left.
[2025-10-10 02:35:28Z ERR  RunnerServer] GitHub.Services.WebApi.VssServiceResponseException: The resource cannot be found.
   at GitHub.Services.WebApi.VssHttpClientBase.HandleResponseAsync(HttpResponseMessage response, CancellationToken cancellationToken)
   at GitHub.Services.WebApi.VssHttpClientBase.SendAsync(HttpRequestMessage message, HttpCompletionOption completionOption, Object userState, CancellationToken cancellationToken)
   at GitHub.Services.WebApi.VssHttpClientBase.SendAsync[T](HttpRequestMessage message, Object userState, CancellationToken cancellationToken)
   at GitHub.Services.Location.Client.LocationHttpClient.GetConnectionDataAsync(ConnectOptions connectOptions, Int64 lastChangeId, CancellationToken cancellationToken, Object userState)
   at GitHub.Services.WebApi.Location.VssServerDataProvider.GetConnectionDataAsync(ConnectOptions connectOptions, Int32 lastChangeId, CancellationToken cancellationToken)
   at GitHub.Services.WebApi.Location.VssServerDataProvider.ConnectAsync(ConnectOptions connectOptions, CancellationToken cancellationToken)
   at GitHub.Runner.Common.RunnerService.EstablishVssConnection(Uri serverUrl, VssCredentials credentials, TimeSpan timeout)
[2025-10-10 02:35:28Z INFO GitHubActionsService] Starting operation Location.GetConnectionData
[2025-10-10 02:35:29Z ERR  GitHubActionsService] GET request to https://pipelinesghubeus6.actions.githubusercontent.com/hKyNd5hzQTjPqVOxuFp9CyJ2tMUr8ytJJ9FfsFju3bqhBGI0lq/_apis/connectionData?connectOptions=1&lastChangeId=258625537&lastChangeId64=258625537 failed. HTTP Status: NotFound
[2025-10-10 02:35:29Z INFO GitHubActionsService] Finished operation Location.GetConnectionData
[2025-10-10 02:35:29Z ERR  GitHubActionsService] GET request to https://pipelinesghubeus6.actions.githubusercontent.com/hKyNd5hzQTjPqVOxuFp9CyJ2tMUr8ytJJ9FfsFju3bqhBGI0lq/_apis/connectionData?connectOptions=1&lastChangeId=258625537&lastChangeId64=258625537 failed. HTTP Status: NotFound
[2025-10-10 02:35:29Z INFO GitHubActionsService] Finished operation Location.GetConnectionData
[2025-10-10 02:35:29Z ERR  GitHubActionsService] GET request to https://pipelinesghubeus6.actions.githubusercontent.com/hKyNd5hzQTjPqVOxuFp9CyJ2tMUr8ytJJ9FfsFju3bqhBGI0lq/_apis/connectionData?connectOptions=1&lastChangeId=258625537&lastChangeId64=258625537 failed. HTTP Status: NotFound
[2025-10-10 02:35:29Z INFO GitHubActionsService] Finished operation Location.GetConnectionData
[2025-10-10 02:35:29Z ERR  BrokerMessageListener] Catch exception during create session.
[2025-10-10 02:35:29Z ERR  BrokerMessageListener] GitHub.Services.WebApi.VssServiceResponseException: The resource cannot be found.
   at GitHub.Services.WebApi.VssHttpClientBase.HandleResponseAsync(HttpResponseMessage response, CancellationToken cancellationToken)
   at GitHub.Services.WebApi.VssHttpClientBase.SendAsync(HttpRequestMessage message, HttpCompletionOption completionOption, Object userState, CancellationToken cancellationToken)
   at GitHub.Services.WebApi.VssHttpClientBase.SendAsync[T](HttpRequestMessage message, Object userState, CancellationToken cancellationToken)
   at GitHub.Services.Location.Client.LocationHttpClient.GetConnectionDataAsync(ConnectOptions connectOptions, Int64 lastChangeId, CancellationToken cancellationToken, Object userState)
   at GitHub.Services.WebApi.Location.VssServerDataProvider.GetConnectionDataAsync(ConnectOptions connectOptions, Int32 lastChangeId, CancellationToken cancellationToken)
   at GitHub.Services.WebApi.Location.VssServerDataProvider.ConnectAsync(ConnectOptions connectOptions, CancellationToken cancellationToken)
   at GitHub.Runner.Common.RunnerService.EstablishVssConnection(Uri serverUrl, VssCredentials credentials, TimeSpan timeout)
   at GitHub.Runner.Common.RunnerServer.ConnectAsync(Uri serverUrl, VssCredentials credentials)
   at GitHub.Runner.Listener.BrokerMessageListener.CreateSessionAsync(CancellationToken token)
[2025-10-10 02:35:29Z INFO BrokerMessageListener] Retriable exception: The resource cannot be found.
[2025-10-10 02:35:29Z INFO BrokerMessageListener] Sleeping for 30 seconds before retrying.
[2025-10-10 02:35:59Z INFO BrokerMessageListener] Attempt to create session.
[2025-10-10 02:35:59Z INFO BrokerMessageListener] Connecting to the Broker Server...
[2025-10-10 02:35:59Z INFO ConfigurationStore] HasCredentials()
[2025-10-10 02:35:59Z INFO ConfigurationStore] stored True
[2025-10-10 02:35:59Z INFO CredentialManager] GetCredentialProvider
[2025-10-10 02:35:59Z INFO CredentialManager] Creating type OAuth
[2025-10-10 02:35:59Z INFO CredentialManager] Creating credential type: OAuth
[2025-10-10 02:35:59Z INFO RSAEncryptedFileKeyManager] Loading RSA key parameters from file G:\Brunella\actions-runner\.credentials_rsaparams
[2025-10-10 02:35:59Z INFO BrokerMessageListener] VssConnection created
[2025-10-10 02:35:59Z INFO BrokerMessageListener] Connecting to the Runner server...
[2025-10-10 02:35:59Z INFO RunnerServer] EstablishVssConnection
[2025-10-10 02:35:59Z INFO RunnerServer] Establish connection with 100 seconds timeout.
[2025-10-10 02:35:59Z INFO GitHubActionsService] Starting operation Location.GetConnectionData
[2025-10-10 02:35:59Z INFO RunnerServer] EstablishVssConnection
[2025-10-10 02:35:59Z INFO RunnerServer] Establish connection with 60 seconds timeout.
[2025-10-10 02:35:59Z INFO GitHubActionsService] Starting operation Location.GetConnectionData
[2025-10-10 02:35:59Z INFO RunnerServer] EstablishVssConnection
[2025-10-10 02:35:59Z INFO RunnerServer] Establish connection with 60 seconds timeout.
[2025-10-10 02:35:59Z INFO GitHubActionsService] Starting operation Location.GetConnectionData
[2025-10-10 02:35:59Z ERR  GitHubActionsService] GET request to https://pipelinesghubeus6.actions.githubusercontent.com/hKyNd5hzQTjPqVOxuFp9CyJ2tMUr8ytJJ9FfsFju3bqhBGI0lq/_apis/connectionData?connectOptions=1&lastChangeId=258625537&lastChangeId64=258625537 failed. HTTP Status: NotFound
[2025-10-10 02:35:59Z INFO GitHubActionsService] Finished operation Location.GetConnectionData
[2025-10-10 02:35:59Z INFO RunnerServer] Catch exception during connect. 4 attempt left.
[2025-10-10 02:35:59Z ERR  RunnerServer] GitHub.Services.WebApi.VssServiceResponseException: The resource cannot be found.
   at GitHub.Services.WebApi.VssHttpClientBase.HandleResponseAsync(HttpResponseMessage response, CancellationToken cancellationToken)
   at GitHub.Services.WebApi.VssHttpClientBase.SendAsync(HttpRequestMessage message, HttpCompletionOption completionOption, Object userState, CancellationToken cancellationToken)
   at GitHub.Services.WebApi.VssHttpClientBase.SendAsync[T](HttpRequestMessage message, Object userState, CancellationToken cancellationToken)
   at GitHub.Services.Location.Client.LocationHttpClient.GetConnectionDataAsync(ConnectOptions connectOptions, Int64 lastChangeId, CancellationToken cancellationToken, Object userState)
   at GitHub.Services.WebApi.Location.VssServerDataProvider.GetConnectionDataAsync(ConnectOptions connectOptions, Int32 lastChangeId, CancellationToken cancellationToken)
   at GitHub.Services.WebApi.Location.VssServerDataProvider.ConnectAsync(ConnectOptions connectOptions, CancellationToken cancellationToken)
   at GitHub.Runner.Common.RunnerService.EstablishVssConnection(Uri serverUrl, VssCredentials credentials, TimeSpan timeout)
[2025-10-10 02:36:00Z ERR  GitHubActionsService] GET request to https://pipelinesghubeus6.actions.githubusercontent.com/hKyNd5hzQTjPqVOxuFp9CyJ2tMUr8ytJJ9FfsFju3bqhBGI0lq/_apis/connectionData?connectOptions=1&lastChangeId=258625537&lastChangeId64=258625537 failed. HTTP Status: NotFound
[2025-10-10 02:36:00Z INFO GitHubActionsService] Finished operation Location.GetConnectionData
[2025-10-10 02:36:00Z INFO RunnerServer] Catch exception during connect. 4 attempt left.
[2025-10-10 02:36:00Z ERR  RunnerServer] GitHub.Services.WebApi.VssServiceResponseException: The resource cannot be found.
   at GitHub.Services.WebApi.VssHttpClientBase.HandleResponseAsync(HttpResponseMessage response, CancellationToken cancellationToken)
   at GitHub.Services.WebApi.VssHttpClientBase.SendAsync(HttpRequestMessage message, HttpCompletionOption completionOption, Object userState, CancellationToken cancellationToken)
   at GitHub.Services.WebApi.VssHttpClientBase.SendAsync[T](HttpRequestMessage message, Object userState, CancellationToken cancellationToken)
   at GitHub.Services.Location.Client.LocationHttpClient.GetConnectionDataAsync(ConnectOptions connectOptions, Int64 lastChangeId, CancellationToken cancellationToken, Object userState)
   at GitHub.Services.WebApi.Location.VssServerDataProvider.GetConnectionDataAsync(ConnectOptions connectOptions, Int32 lastChangeId, CancellationToken cancellationToken)
   at GitHub.Services.WebApi.Location.VssServerDataProvider.ConnectAsync(ConnectOptions connectOptions, CancellationToken cancellationToken)
   at GitHub.Runner.Common.RunnerService.EstablishVssConnection(Uri serverUrl, VssCredentials credentials, TimeSpan timeout)
[2025-10-10 02:36:00Z ERR  GitHubActionsService] GET request to https://pipelinesghubeus6.actions.githubusercontent.com/hKyNd5hzQTjPqVOxuFp9CyJ2tMUr8ytJJ9FfsFju3bqhBGI0lq/_apis/connectionData?connectOptions=1&lastChangeId=258625537&lastChangeId64=258625537 failed. HTTP Status: NotFound
[2025-10-10 02:36:00Z INFO GitHubActionsService] Finished operation Location.GetConnectionData
[2025-10-10 02:36:00Z INFO RunnerServer] Catch exception during connect. 4 attempt left.
[2025-10-10 02:36:00Z ERR  RunnerServer] GitHub.Services.WebApi.VssServiceResponseException: The resource cannot be found.
   at GitHub.Services.WebApi.VssHttpClientBase.HandleResponseAsync(HttpResponseMessage response, CancellationToken cancellationToken)
   at GitHub.Services.WebApi.VssHttpClientBase.SendAsync(HttpRequestMessage message, HttpCompletionOption completionOption, Object userState, CancellationToken cancellationToken)
   at GitHub.Services.WebApi.VssHttpClientBase.SendAsync[T](HttpRequestMessage message, Object userState, CancellationToken cancellationToken)
   at GitHub.Services.Location.Client.LocationHttpClient.GetConnectionDataAsync(ConnectOptions connectOptions, Int64 lastChangeId, CancellationToken cancellationToken, Object userState)
   at GitHub.Services.WebApi.Location.VssServerDataProvider.GetConnectionDataAsync(ConnectOptions connectOptions, Int32 lastChangeId, CancellationToken cancellationToken)
   at GitHub.Services.WebApi.Location.VssServerDataProvider.ConnectAsync(ConnectOptions connectOptions, CancellationToken cancellationToken)
   at GitHub.Runner.Common.RunnerService.EstablishVssConnection(Uri serverUrl, VssCredentials credentials, TimeSpan timeout)
[2025-10-10 02:36:00Z INFO GitHubActionsService] Starting operation Location.GetConnectionData
[2025-10-10 02:36:00Z INFO GitHubActionsService] Starting operation Location.GetConnectionData
[2025-10-10 02:36:00Z INFO GitHubActionsService] Starting operation Location.GetConnectionData
[2025-10-10 02:36:00Z ERR  GitHubActionsService] GET request to https://pipelinesghubeus6.actions.githubusercontent.com/hKyNd5hzQTjPqVOxuFp9CyJ2tMUr8ytJJ9FfsFju3bqhBGI0lq/_apis/connectionData?connectOptions=1&lastChangeId=258625537&lastChangeId64=258625537 failed. HTTP Status: NotFound
[2025-10-10 02:36:00Z INFO GitHubActionsService] Finished operation Location.GetConnectionData
[2025-10-10 02:36:00Z INFO RunnerServer] Catch exception during connect. 3 attempt left.
[2025-10-10 02:36:00Z ERR  RunnerServer] GitHub.Services.WebApi.VssServiceResponseException: The resource cannot be found.
   at GitHub.Services.WebApi.VssHttpClientBase.HandleResponseAsync(HttpResponseMessage response, CancellationToken cancellationToken)
   at GitHub.Services.WebApi.VssHttpClientBase.SendAsync(HttpRequestMessage message, HttpCompletionOption completionOption, Object userState, CancellationToken cancellationToken)
   at GitHub.Services.WebApi.VssHttpClientBase.SendAsync[T](HttpRequestMessage message, Object userState, CancellationToken cancellationToken)
   at GitHub.Services.Location.Client.LocationHttpClient.GetConnectionDataAsync(ConnectOptions connectOptions, Int64 lastChangeId, CancellationToken cancellationToken, Object userState)
   at GitHub.Services.WebApi.Location.VssServerDataProvider.GetConnectionDataAsync(ConnectOptions connectOptions, Int32 lastChangeId, CancellationToken cancellationToken)
   at GitHub.Services.WebApi.Location.VssServerDataProvider.ConnectAsync(ConnectOptions connectOptions, CancellationToken cancellationToken)
   at GitHub.Runner.Common.RunnerService.EstablishVssConnection(Uri serverUrl, VssCredentials credentials, TimeSpan timeout)
[2025-10-10 02:36:00Z ERR  GitHubActionsService] GET request to https://pipelinesghubeus6.actions.githubusercontent.com/hKyNd5hzQTjPqVOxuFp9CyJ2tMUr8ytJJ9FfsFju3bqhBGI0lq/_apis/connectionData?connectOptions=1&lastChangeId=258625537&lastChangeId64=258625537 failed. HTTP Status: NotFound
[2025-10-10 02:36:00Z INFO GitHubActionsService] Finished operation Location.GetConnectionData
[2025-10-10 02:36:00Z INFO RunnerServer] Catch exception during connect. 3 attempt left.
[2025-10-10 02:36:00Z ERR  RunnerServer] GitHub.Services.WebApi.VssServiceResponseException: The resource cannot be found.
   at GitHub.Services.WebApi.VssHttpClientBase.HandleResponseAsync(HttpResponseMessage response, CancellationToken cancellationToken)
   at GitHub.Services.WebApi.VssHttpClientBase.SendAsync(HttpRequestMessage message, HttpCompletionOption completionOption, Object userState, CancellationToken cancellationToken)
   at GitHub.Services.WebApi.VssHttpClientBase.SendAsync[T](HttpRequestMessage message, Object userState, CancellationToken cancellationToken)
   at GitHub.Services.Location.Client.LocationHttpClient.GetConnectionDataAsync(ConnectOptions connectOptions, Int64 lastChangeId, CancellationToken cancellationToken, Object userState)
   at GitHub.Services.WebApi.Location.VssServerDataProvider.GetConnectionDataAsync(ConnectOptions connectOptions, Int32 lastChangeId, CancellationToken cancellationToken)
   at GitHub.Services.WebApi.Location.VssServerDataProvider.ConnectAsync(ConnectOptions connectOptions, CancellationToken cancellationToken)
   at GitHub.Runner.Common.RunnerService.EstablishVssConnection(Uri serverUrl, VssCredentials credentials, TimeSpan timeout)
[2025-10-10 02:36:00Z ERR  GitHubActionsService] GET request to https://pipelinesghubeus6.actions.githubusercontent.com/hKyNd5hzQTjPqVOxuFp9CyJ2tMUr8ytJJ9FfsFju3bqhBGI0lq/_apis/connectionData?connectOptions=1&lastChangeId=258625537&lastChangeId64=258625537 failed. HTTP Status: NotFound
[2025-10-10 02:36:00Z INFO GitHubActionsService] Finished operation Location.GetConnectionData
[2025-10-10 02:36:00Z INFO RunnerServer] Catch exception during connect. 3 attempt left.
[2025-10-10 02:36:00Z ERR  RunnerServer] GitHub.Services.WebApi.VssServiceResponseException: The resource cannot be found.
   at GitHub.Services.WebApi.VssHttpClientBase.HandleResponseAsync(HttpResponseMessage response, CancellationToken cancellationToken)
   at GitHub.Services.WebApi.VssHttpClientBase.SendAsync(HttpRequestMessage message, HttpCompletionOption completionOption, Object userState, CancellationToken cancellationToken)
   at GitHub.Services.WebApi.VssHttpClientBase.SendAsync[T](HttpRequestMessage message, Object userState, CancellationToken cancellationToken)
   at GitHub.Services.Location.Client.LocationHttpClient.GetConnectionDataAsync(ConnectOptions connectOptions, Int64 lastChangeId, CancellationToken cancellationToken, Object userState)
   at GitHub.Services.WebApi.Location.VssServerDataProvider.GetConnectionDataAsync(ConnectOptions connectOptions, Int32 lastChangeId, CancellationToken cancellationToken)
   at GitHub.Services.WebApi.Location.VssServerDataProvider.ConnectAsync(ConnectOptions connectOptions, CancellationToken cancellationToken)
   at GitHub.Runner.Common.RunnerService.EstablishVssConnection(Uri serverUrl, VssCredentials credentials, TimeSpan timeout)
[2025-10-10 02:36:00Z INFO GitHubActionsService] Starting operation Location.GetConnectionData
[2025-10-10 02:36:00Z INFO GitHubActionsService] Starting operation Location.GetConnectionData
[2025-10-10 02:36:00Z INFO GitHubActionsService] Starting operation Location.GetConnectionData
[2025-10-10 02:36:01Z ERR  GitHubActionsService] GET request to https://pipelinesghubeus6.actions.githubusercontent.com/hKyNd5hzQTjPqVOxuFp9CyJ2tMUr8ytJJ9FfsFju3bqhBGI0lq/_apis/connectionData?connectOptions=1&lastChangeId=258625537&lastChangeId64=258625537 failed. HTTP Status: NotFound
[2025-10-10 02:36:01Z INFO GitHubActionsService] Finished operation Location.GetConnectionData
[2025-10-10 02:36:01Z INFO RunnerServer] Catch exception during connect. 2 attempt left.
[2025-10-10 02:36:01Z ERR  RunnerServer] GitHub.Services.WebApi.VssServiceResponseException: The resource cannot be found.
   at GitHub.Services.WebApi.VssHttpClientBase.HandleResponseAsync(HttpResponseMessage response, CancellationToken cancellationToken)
   at GitHub.Services.WebApi.VssHttpClientBase.SendAsync(HttpRequestMessage message, HttpCompletionOption completionOption, Object userState, CancellationToken cancellationToken)
   at GitHub.Services.WebApi.VssHttpClientBase.SendAsync[T](HttpRequestMessage message, Object userState, CancellationToken cancellationToken)
   at GitHub.Services.Location.Client.LocationHttpClient.GetConnectionDataAsync(ConnectOptions connectOptions, Int64 lastChangeId, CancellationToken cancellationToken, Object userState)
   at GitHub.Services.WebApi.Location.VssServerDataProvider.GetConnectionDataAsync(ConnectOptions connectOptions, Int32 lastChangeId, CancellationToken cancellationToken)
   at GitHub.Services.WebApi.Location.VssServerDataProvider.ConnectAsync(ConnectOptions connectOptions, CancellationToken cancellationToken)
   at GitHub.Runner.Common.RunnerService.EstablishVssConnection(Uri serverUrl, VssCredentials credentials, TimeSpan timeout)
[2025-10-10 02:36:01Z ERR  GitHubActionsService] GET request to https://pipelinesghubeus6.actions.githubusercontent.com/hKyNd5hzQTjPqVOxuFp9CyJ2tMUr8ytJJ9FfsFju3bqhBGI0lq/_apis/connectionData?connectOptions=1&lastChangeId=258625537&lastChangeId64=258625537 failed. HTTP Status: NotFound
[2025-10-10 02:36:01Z INFO GitHubActionsService] Finished operation Location.GetConnectionData
[2025-10-10 02:36:01Z INFO RunnerServer] Catch exception during connect. 2 attempt left.
[2025-10-10 02:36:01Z ERR  RunnerServer] GitHub.Services.WebApi.VssServiceResponseException: The resource cannot be found.
   at GitHub.Services.WebApi.VssHttpClientBase.HandleResponseAsync(HttpResponseMessage response, CancellationToken cancellationToken)
   at GitHub.Services.WebApi.VssHttpClientBase.SendAsync(HttpRequestMessage message, HttpCompletionOption completionOption, Object userState, CancellationToken cancellationToken)
   at GitHub.Services.WebApi.VssHttpClientBase.SendAsync[T](HttpRequestMessage message, Object userState, CancellationToken cancellationToken)
   at GitHub.Services.Location.Client.LocationHttpClient.GetConnectionDataAsync(ConnectOptions connectOptions, Int64 lastChangeId, CancellationToken cancellationToken, Object userState)
   at GitHub.Services.WebApi.Location.VssServerDataProvider.GetConnectionDataAsync(ConnectOptions connectOptions, Int32 lastChangeId, CancellationToken cancellationToken)
   at GitHub.Services.WebApi.Location.VssServerDataProvider.ConnectAsync(ConnectOptions connectOptions, CancellationToken cancellationToken)
   at GitHub.Runner.Common.RunnerService.EstablishVssConnection(Uri serverUrl, VssCredentials credentials, TimeSpan timeout)
[2025-10-10 02:36:01Z INFO GitHubActionsService] Starting operation Location.GetConnectionData
[2025-10-10 02:36:01Z INFO GitHubActionsService] Starting operation Location.GetConnectionData
[2025-10-10 02:36:01Z ERR  GitHubActionsService] GET request to https://pipelinesghubeus6.actions.githubusercontent.com/hKyNd5hzQTjPqVOxuFp9CyJ2tMUr8ytJJ9FfsFju3bqhBGI0lq/_apis/connectionData?connectOptions=1&lastChangeId=258625537&lastChangeId64=258625537 failed. HTTP Status: NotFound
[2025-10-10 02:36:01Z INFO GitHubActionsService] Finished operation Location.GetConnectionData
[2025-10-10 02:36:01Z INFO RunnerServer] Catch exception during connect. 2 attempt left.
[2025-10-10 02:36:01Z ERR  RunnerServer] GitHub.Services.WebApi.VssServiceResponseException: The resource cannot be found.
   at GitHub.Services.WebApi.VssHttpClientBase.HandleResponseAsync(HttpResponseMessage response, CancellationToken cancellationToken)
   at GitHub.Services.WebApi.VssHttpClientBase.SendAsync(HttpRequestMessage message, HttpCompletionOption completionOption, Object userState, CancellationToken cancellationToken)
   at GitHub.Services.WebApi.VssHttpClientBase.SendAsync[T](HttpRequestMessage message, Object userState, CancellationToken cancellationToken)
   at GitHub.Services.Location.Client.LocationHttpClient.GetConnectionDataAsync(ConnectOptions connectOptions, Int64 lastChangeId, CancellationToken cancellationToken, Object userState)
   at GitHub.Services.WebApi.Location.VssServerDataProvider.GetConnectionDataAsync(ConnectOptions connectOptions, Int32 lastChangeId, CancellationToken cancellationToken)
   at GitHub.Services.WebApi.Location.VssServerDataProvider.ConnectAsync(ConnectOptions connectOptions, CancellationToken cancellationToken)
   at GitHub.Runner.Common.RunnerService.EstablishVssConnection(Uri serverUrl, VssCredentials credentials, TimeSpan timeout)
[2025-10-10 02:36:01Z INFO GitHubActionsService] Starting operation Location.GetConnectionData
[2025-10-10 02:36:02Z ERR  GitHubActionsService] GET request to https://pipelinesghubeus6.actions.githubusercontent.com/hKyNd5hzQTjPqVOxuFp9CyJ2tMUr8ytJJ9FfsFju3bqhBGI0lq/_apis/connectionData?connectOptions=1&lastChangeId=258625537&lastChangeId64=258625537 failed. HTTP Status: NotFound
[2025-10-10 02:36:02Z INFO GitHubActionsService] Finished operation Location.GetConnectionData
[2025-10-10 02:36:02Z INFO RunnerServer] Catch exception during connect. 1 attempt left.
[2025-10-10 02:36:02Z ERR  RunnerServer] GitHub.Services.WebApi.VssServiceResponseException: The resource cannot be found.
   at GitHub.Services.WebApi.VssHttpClientBase.HandleResponseAsync(HttpResponseMessage response, CancellationToken cancellationToken)
   at GitHub.Services.WebApi.VssHttpClientBase.SendAsync(HttpRequestMessage message, HttpCompletionOption completionOption, Object userState, CancellationToken cancellationToken)
   at GitHub.Services.WebApi.VssHttpClientBase.SendAsync[T](HttpRequestMessage message, Object userState, CancellationToken cancellationToken)
   at GitHub.Services.Location.Client.LocationHttpClient.GetConnectionDataAsync(ConnectOptions connectOptions, Int64 lastChangeId, CancellationToken cancellationToken, Object userState)
   at GitHub.Services.WebApi.Location.VssServerDataProvider.GetConnectionDataAsync(ConnectOptions connectOptions, Int32 lastChangeId, CancellationToken cancellationToken)
   at GitHub.Services.WebApi.Location.VssServerDataProvider.ConnectAsync(ConnectOptions connectOptions, CancellationToken cancellationToken)
   at GitHub.Runner.Common.RunnerService.EstablishVssConnection(Uri serverUrl, VssCredentials credentials, TimeSpan timeout)
[2025-10-10 02:36:02Z ERR  GitHubActionsService] GET request to https://pipelinesghubeus6.actions.githubusercontent.com/hKyNd5hzQTjPqVOxuFp9CyJ2tMUr8ytJJ9FfsFju3bqhBGI0lq/_apis/connectionData?connectOptions=1&lastChangeId=258625537&lastChangeId64=258625537 failed. HTTP Status: NotFound
[2025-10-10 02:36:02Z INFO GitHubActionsService] Finished operation Location.GetConnectionData
[2025-10-10 02:36:02Z INFO RunnerServer] Catch exception during connect. 1 attempt left.
[2025-10-10 02:36:02Z ERR  RunnerServer] GitHub.Services.WebApi.VssServiceResponseException: The resource cannot be found.
   at GitHub.Services.WebApi.VssHttpClientBase.HandleResponseAsync(HttpResponseMessage response, CancellationToken cancellationToken)
   at GitHub.Services.WebApi.VssHttpClientBase.SendAsync(HttpRequestMessage message, HttpCompletionOption completionOption, Object userState, CancellationToken cancellationToken)
   at GitHub.Services.WebApi.VssHttpClientBase.SendAsync[T](HttpRequestMessage message, Object userState, CancellationToken cancellationToken)
   at GitHub.Services.Location.Client.LocationHttpClient.GetConnectionDataAsync(ConnectOptions connectOptions, Int64 lastChangeId, CancellationToken cancellationToken, Object userState)
   at GitHub.Services.WebApi.Location.VssServerDataProvider.GetConnectionDataAsync(ConnectOptions connectOptions, Int32 lastChangeId, CancellationToken cancellationToken)
   at GitHub.Services.WebApi.Location.VssServerDataProvider.ConnectAsync(ConnectOptions connectOptions, CancellationToken cancellationToken)
   at GitHub.Runner.Common.RunnerService.EstablishVssConnection(Uri serverUrl, VssCredentials credentials, TimeSpan timeout)
[2025-10-10 02:36:02Z ERR  GitHubActionsService] GET request to https://pipelinesghubeus6.actions.githubusercontent.com/hKyNd5hzQTjPqVOxuFp9CyJ2tMUr8ytJJ9FfsFju3bqhBGI0lq/_apis/connectionData?connectOptions=1&lastChangeId=258625537&lastChangeId64=258625537 failed. HTTP Status: NotFound
[2025-10-10 02:36:02Z INFO GitHubActionsService] Finished operation Location.GetConnectionData
[2025-10-10 02:36:02Z INFO RunnerServer] Catch exception during connect. 1 attempt left.
[2025-10-10 02:36:02Z ERR  RunnerServer] GitHub.Services.WebApi.VssServiceResponseException: The resource cannot be found.
   at GitHub.Services.WebApi.VssHttpClientBase.HandleResponseAsync(HttpResponseMessage response, CancellationToken cancellationToken)
   at GitHub.Services.WebApi.VssHttpClientBase.SendAsync(HttpRequestMessage message, HttpCompletionOption completionOption, Object userState, CancellationToken cancellationToken)
   at GitHub.Services.WebApi.VssHttpClientBase.SendAsync[T](HttpRequestMessage message, Object userState, CancellationToken cancellationToken)
   at GitHub.Services.Location.Client.LocationHttpClient.GetConnectionDataAsync(ConnectOptions connectOptions, Int64 lastChangeId, CancellationToken cancellationToken, Object userState)
   at GitHub.Services.WebApi.Location.VssServerDataProvider.GetConnectionDataAsync(ConnectOptions connectOptions, Int32 lastChangeId, CancellationToken cancellationToken)
   at GitHub.Services.WebApi.Location.VssServerDataProvider.ConnectAsync(ConnectOptions connectOptions, CancellationToken cancellationToken)
   at GitHub.Runner.Common.RunnerService.EstablishVssConnection(Uri serverUrl, VssCredentials credentials, TimeSpan timeout)
[2025-10-10 02:36:02Z INFO GitHubActionsService] Starting operation Location.GetConnectionData
[2025-10-10 02:36:02Z INFO GitHubActionsService] Starting operation Location.GetConnectionData
[2025-10-10 02:36:02Z INFO GitHubActionsService] Starting operation Location.GetConnectionData
[2025-10-10 02:36:02Z ERR  GitHubActionsService] GET request to https://pipelinesghubeus6.actions.githubusercontent.com/hKyNd5hzQTjPqVOxuFp9CyJ2tMUr8ytJJ9FfsFju3bqhBGI0lq/_apis/connectionData?connectOptions=1&lastChangeId=258625537&lastChangeId64=258625537 failed. HTTP Status: NotFound
[2025-10-10 02:36:02Z INFO GitHubActionsService] Finished operation Location.GetConnectionData
[2025-10-10 02:36:03Z ERR  GitHubActionsService] GET request to https://pipelinesghubeus6.actions.githubusercontent.com/hKyNd5hzQTjPqVOxuFp9CyJ2tMUr8ytJJ9FfsFju3bqhBGI0lq/_apis/connectionData?connectOptions=1&lastChangeId=258625537&lastChangeId64=258625537 failed. HTTP Status: NotFound
[2025-10-10 02:36:03Z INFO GitHubActionsService] Finished operation Location.GetConnectionData
[2025-10-10 02:36:03Z ERR  GitHubActionsService] GET request to https://pipelinesghubeus6.actions.githubusercontent.com/hKyNd5hzQTjPqVOxuFp9CyJ2tMUr8ytJJ9FfsFju3bqhBGI0lq/_apis/connectionData?connectOptions=1&lastChangeId=258625537&lastChangeId64=258625537 failed. HTTP Status: NotFound
[2025-10-10 02:36:03Z INFO GitHubActionsService] Finished operation Location.GetConnectionData
[2025-10-10 02:36:03Z ERR  BrokerMessageListener] Catch exception during create session.
[2025-10-10 02:36:03Z ERR  BrokerMessageListener] GitHub.Services.WebApi.VssServiceResponseException: The resource cannot be found.
   at GitHub.Services.WebApi.VssHttpClientBase.HandleResponseAsync(HttpResponseMessage response, CancellationToken cancellationToken)
   at GitHub.Services.WebApi.VssHttpClientBase.SendAsync(HttpRequestMessage message, HttpCompletionOption completionOption, Object userState, CancellationToken cancellationToken)
   at GitHub.Services.WebApi.VssHttpClientBase.SendAsync[T](HttpRequestMessage message, Object userState, CancellationToken cancellationToken)
   at GitHub.Services.Location.Client.LocationHttpClient.GetConnectionDataAsync(ConnectOptions connectOptions, Int64 lastChangeId, CancellationToken cancellationToken, Object userState)
   at GitHub.Services.WebApi.Location.VssServerDataProvider.GetConnectionDataAsync(ConnectOptions connectOptions, Int32 lastChangeId, CancellationToken cancellationToken)
   at GitHub.Services.WebApi.Location.VssServerDataProvider.ConnectAsync(ConnectOptions connectOptions, CancellationToken cancellationToken)
   at GitHub.Runner.Common.RunnerService.EstablishVssConnection(Uri serverUrl, VssCredentials credentials, TimeSpan timeout)
   at GitHub.Runner.Common.RunnerServer.ConnectAsync(Uri serverUrl, VssCredentials credentials)
   at GitHub.Runner.Listener.BrokerMessageListener.CreateSessionAsync(CancellationToken token)
[2025-10-10 02:36:03Z INFO BrokerMessageListener] Retriable exception: The resource cannot be found.
[2025-10-10 02:36:03Z INFO BrokerMessageListener] Sleeping for 30 seconds before retrying.
[2025-10-10 02:36:33Z INFO BrokerMessageListener] Attempt to create session.
[2025-10-10 02:36:33Z INFO BrokerMessageListener] Connecting to the Broker Server...
[2025-10-10 02:36:33Z INFO ConfigurationStore] HasCredentials()
[2025-10-10 02:36:33Z INFO ConfigurationStore] stored True
[2025-10-10 02:36:33Z INFO CredentialManager] GetCredentialProvider
[2025-10-10 02:36:33Z INFO CredentialManager] Creating type OAuth
[2025-10-10 02:36:33Z INFO CredentialManager] Creating credential type: OAuth
[2025-10-10 02:36:33Z INFO RSAEncryptedFileKeyManager] Loading RSA key parameters from file G:\Brunella\actions-runner\.credentials_rsaparams
[2025-10-10 02:36:33Z INFO BrokerMessageListener] VssConnection created
[2025-10-10 02:36:33Z INFO BrokerMessageListener] Connecting to the Runner server...
[2025-10-10 02:36:33Z INFO RunnerServer] EstablishVssConnection
[2025-10-10 02:36:33Z INFO RunnerServer] Establish connection with 100 seconds timeout.
[2025-10-10 02:36:33Z INFO GitHubActionsService] Starting operation Location.GetConnectionData
[2025-10-10 02:36:33Z INFO RunnerServer] EstablishVssConnection
[2025-10-10 02:36:33Z INFO RunnerServer] Establish connection with 60 seconds timeout.
[2025-10-10 02:36:33Z INFO GitHubActionsService] Starting operation Location.GetConnectionData
[2025-10-10 02:36:33Z INFO RunnerServer] EstablishVssConnection
[2025-10-10 02:36:33Z INFO RunnerServer] Establish connection with 60 seconds timeout.
[2025-10-10 02:36:33Z INFO GitHubActionsService] Starting operation Location.GetConnectionData
[2025-10-10 02:36:33Z ERR  GitHubActionsService] GET request to https://pipelinesghubeus6.actions.githubusercontent.com/hKyNd5hzQTjPqVOxuFp9CyJ2tMUr8ytJJ9FfsFju3bqhBGI0lq/_apis/connectionData?connectOptions=1&lastChangeId=258625537&lastChangeId64=258625537 failed. HTTP Status: NotFound
[2025-10-10 02:36:33Z INFO GitHubActionsService] Finished operation Location.GetConnectionData
[2025-10-10 02:36:33Z INFO RunnerServer] Catch exception during connect. 4 attempt left.
[2025-10-10 02:36:33Z ERR  RunnerServer] GitHub.Services.WebApi.VssServiceResponseException: The resource cannot be found.
   at GitHub.Services.WebApi.VssHttpClientBase.HandleResponseAsync(HttpResponseMessage response, CancellationToken cancellationToken)
   at GitHub.Services.WebApi.VssHttpClientBase.SendAsync(HttpRequestMessage message, HttpCompletionOption completionOption, Object userState, CancellationToken cancellationToken)
   at GitHub.Services.WebApi.VssHttpClientBase.SendAsync[T](HttpRequestMessage message, Object userState, CancellationToken cancellationToken)
   at GitHub.Services.Location.Client.LocationHttpClient.GetConnectionDataAsync(ConnectOptions connectOptions, Int64 lastChangeId, CancellationToken cancellationToken, Object userState)
   at GitHub.Services.WebApi.Location.VssServerDataProvider.GetConnectionDataAsync(ConnectOptions connectOptions, Int32 lastChangeId, CancellationToken cancellationToken)
   at GitHub.Services.WebApi.Location.VssServerDataProvider.ConnectAsync(ConnectOptions connectOptions, CancellationToken cancellationToken)
   at GitHub.Runner.Common.RunnerService.EstablishVssConnection(Uri serverUrl, VssCredentials credentials, TimeSpan timeout)
[2025-10-10 02:36:33Z ERR  GitHubActionsService] GET request to https://pipelinesghubeus6.actions.githubusercontent.com/hKyNd5hzQTjPqVOxuFp9CyJ2tMUr8ytJJ9FfsFju3bqhBGI0lq/_apis/connectionData?connectOptions=1&lastChangeId=258625537&lastChangeId64=258625537 failed. HTTP Status: NotFound
[2025-10-10 02:36:33Z INFO GitHubActionsService] Finished operation Location.GetConnectionData
[2025-10-10 02:36:33Z INFO RunnerServer] Catch exception during connect. 4 attempt left.
[2025-10-10 02:36:33Z ERR  RunnerServer] GitHub.Services.WebApi.VssServiceResponseException: The resource cannot be found.
   at GitHub.Services.WebApi.VssHttpClientBase.HandleResponseAsync(HttpResponseMessage response, CancellationToken cancellationToken)
   at GitHub.Services.WebApi.VssHttpClientBase.SendAsync(HttpRequestMessage message, HttpCompletionOption completionOption, Object userState, CancellationToken cancellationToken)
   at GitHub.Services.WebApi.VssHttpClientBase.SendAsync[T](HttpRequestMessage message, Object userState, CancellationToken cancellationToken)
   at GitHub.Services.Location.Client.LocationHttpClient.GetConnectionDataAsync(ConnectOptions connectOptions, Int64 lastChangeId, CancellationToken cancellationToken, Object userState)
   at GitHub.Services.WebApi.Location.VssServerDataProvider.GetConnectionDataAsync(ConnectOptions connectOptions, Int32 lastChangeId, CancellationToken cancellationToken)
   at GitHub.Services.WebApi.Location.VssServerDataProvider.ConnectAsync(ConnectOptions connectOptions, CancellationToken cancellationToken)
   at GitHub.Runner.Common.RunnerService.EstablishVssConnection(Uri serverUrl, VssCredentials credentials, TimeSpan timeout)
[2025-10-10 02:36:33Z ERR  GitHubActionsService] GET request to https://pipelinesghubeus6.actions.githubusercontent.com/hKyNd5hzQTjPqVOxuFp9CyJ2tMUr8ytJJ9FfsFju3bqhBGI0lq/_apis/connectionData?connectOptions=1&lastChangeId=258625537&lastChangeId64=258625537 failed. HTTP Status: NotFound
[2025-10-10 02:36:33Z INFO GitHubActionsService] Finished operation Location.GetConnectionData
[2025-10-10 02:36:33Z INFO RunnerServer] Catch exception during connect. 4 attempt left.
[2025-10-10 02:36:33Z ERR  RunnerServer] GitHub.Services.WebApi.VssServiceResponseException: The resource cannot be found.
   at GitHub.Services.WebApi.VssHttpClientBase.HandleResponseAsync(HttpResponseMessage response, CancellationToken cancellationToken)
   at GitHub.Services.WebApi.VssHttpClientBase.SendAsync(HttpRequestMessage message, HttpCompletionOption completionOption, Object userState, CancellationToken cancellationToken)
   at GitHub.Services.WebApi.VssHttpClientBase.SendAsync[T](HttpRequestMessage message, Object userState, CancellationToken cancellationToken)
   at GitHub.Services.Location.Client.LocationHttpClient.GetConnectionDataAsync(ConnectOptions connectOptions, Int64 lastChangeId, CancellationToken cancellationToken, Object userState)
   at GitHub.Services.WebApi.Location.VssServerDataProvider.GetConnectionDataAsync(ConnectOptions connectOptions, Int32 lastChangeId, CancellationToken cancellationToken)
   at GitHub.Services.WebApi.Location.VssServerDataProvider.ConnectAsync(ConnectOptions connectOptions, CancellationToken cancellationToken)
   at GitHub.Runner.Common.RunnerService.EstablishVssConnection(Uri serverUrl, VssCredentials credentials, TimeSpan timeout)
[2025-10-10 02:36:33Z INFO GitHubActionsService] Starting operation Location.GetConnectionData
[2025-10-10 02:36:33Z INFO GitHubActionsService] Starting operation Location.GetConnectionData
[2025-10-10 02:36:33Z INFO GitHubActionsService] Starting operation Location.GetConnectionData
[2025-10-10 02:36:34Z ERR  GitHubActionsService] GET request to https://pipelinesghubeus6.actions.githubusercontent.com/hKyNd5hzQTjPqVOxuFp9CyJ2tMUr8ytJJ9FfsFju3bqhBGI0lq/_apis/connectionData?connectOptions=1&lastChangeId=258625537&lastChangeId64=258625537 failed. HTTP Status: NotFound
[2025-10-10 02:36:34Z INFO GitHubActionsService] Finished operation Location.GetConnectionData
[2025-10-10 02:36:34Z INFO RunnerServer] Catch exception during connect. 3 attempt left.
[2025-10-10 02:36:34Z ERR  RunnerServer] GitHub.Services.WebApi.VssServiceResponseException: The resource cannot be found.
   at GitHub.Services.WebApi.VssHttpClientBase.HandleResponseAsync(HttpResponseMessage response, CancellationToken cancellationToken)
   at GitHub.Services.WebApi.VssHttpClientBase.SendAsync(HttpRequestMessage message, HttpCompletionOption completionOption, Object userState, CancellationToken cancellationToken)
   at GitHub.Services.WebApi.VssHttpClientBase.SendAsync[T](HttpRequestMessage message, Object userState, CancellationToken cancellationToken)
   at GitHub.Services.Location.Client.LocationHttpClient.GetConnectionDataAsync(ConnectOptions connectOptions, Int64 lastChangeId, CancellationToken cancellationToken, Object userState)
   at GitHub.Services.WebApi.Location.VssServerDataProvider.GetConnectionDataAsync(ConnectOptions connectOptions, Int32 lastChangeId, CancellationToken cancellationToken)
   at GitHub.Services.WebApi.Location.VssServerDataProvider.ConnectAsync(ConnectOptions connectOptions, CancellationToken cancellationToken)
   at GitHub.Runner.Common.RunnerService.EstablishVssConnection(Uri serverUrl, VssCredentials credentials, TimeSpan timeout)
[2025-10-10 02:36:34Z ERR  GitHubActionsService] GET request to https://pipelinesghubeus6.actions.githubusercontent.com/hKyNd5hzQTjPqVOxuFp9CyJ2tMUr8ytJJ9FfsFju3bqhBGI0lq/_apis/connectionData?connectOptions=1&lastChangeId=258625537&lastChangeId64=258625537 failed. HTTP Status: NotFound
[2025-10-10 02:36:34Z INFO GitHubActionsService] Finished operation Location.GetConnectionData
[2025-10-10 02:36:34Z INFO RunnerServer] Catch exception during connect. 3 attempt left.
[2025-10-10 02:36:34Z ERR  GitHubActionsService] GET request to https://pipelinesghubeus6.actions.githubusercontent.com/hKyNd5hzQTjPqVOxuFp9CyJ2tMUr8ytJJ9FfsFju3bqhBGI0lq/_apis/connectionData?connectOptions=1&lastChangeId=258625537&lastChangeId64=258625537 failed. HTTP Status: NotFound
[2025-10-10 02:36:34Z INFO GitHubActionsService] Finished operation Location.GetConnectionData
[2025-10-10 02:36:34Z ERR  RunnerServer] GitHub.Services.WebApi.VssServiceResponseException: The resource cannot be found.
   at GitHub.Services.WebApi.VssHttpClientBase.HandleResponseAsync(HttpResponseMessage response, CancellationToken cancellationToken)
   at GitHub.Services.WebApi.VssHttpClientBase.SendAsync(HttpRequestMessage message, HttpCompletionOption completionOption, Object userState, CancellationToken cancellationToken)
   at GitHub.Services.WebApi.VssHttpClientBase.SendAsync[T](HttpRequestMessage message, Object userState, CancellationToken cancellationToken)
   at GitHub.Services.Location.Client.LocationHttpClient.GetConnectionDataAsync(ConnectOptions connectOptions, Int64 lastChangeId, CancellationToken cancellationToken, Object userState)
   at GitHub.Services.WebApi.Location.VssServerDataProvider.GetConnectionDataAsync(ConnectOptions connectOptions, Int32 lastChangeId, CancellationToken cancellationToken)
   at GitHub.Services.WebApi.Location.VssServerDataProvider.ConnectAsync(ConnectOptions connectOptions, CancellationToken cancellationToken)
   at GitHub.Runner.Common.RunnerService.EstablishVssConnection(Uri serverUrl, VssCredentials credentials, TimeSpan timeout)
[2025-10-10 02:36:34Z INFO RunnerServer] Catch exception during connect. 3 attempt left.
[2025-10-10 02:36:34Z ERR  RunnerServer] GitHub.Services.WebApi.VssServiceResponseException: The resource cannot be found.
   at GitHub.Services.WebApi.VssHttpClientBase.HandleResponseAsync(HttpResponseMessage response, CancellationToken cancellationToken)
   at GitHub.Services.WebApi.VssHttpClientBase.SendAsync(HttpRequestMessage message, HttpCompletionOption completionOption, Object userState, CancellationToken cancellationToken)
   at GitHub.Services.WebApi.VssHttpClientBase.SendAsync[T](HttpRequestMessage message, Object userState, CancellationToken cancellationToken)
   at GitHub.Services.Location.Client.LocationHttpClient.GetConnectionDataAsync(ConnectOptions connectOptions, Int64 lastChangeId, CancellationToken cancellationToken, Object userState)
   at GitHub.Services.WebApi.Location.VssServerDataProvider.GetConnectionDataAsync(ConnectOptions connectOptions, Int32 lastChangeId, CancellationToken cancellationToken)
   at GitHub.Services.WebApi.Location.VssServerDataProvider.ConnectAsync(ConnectOptions connectOptions, CancellationToken cancellationToken)
   at GitHub.Runner.Common.RunnerService.EstablishVssConnection(Uri serverUrl, VssCredentials credentials, TimeSpan timeout)
[2025-10-10 02:36:34Z INFO GitHubActionsService] Starting operation Location.GetConnectionData
[2025-10-10 02:36:34Z INFO GitHubActionsService] Starting operation Location.GetConnectionData
[2025-10-10 02:36:34Z INFO GitHubActionsService] Starting operation Location.GetConnectionData
[2025-10-10 02:36:35Z ERR  GitHubActionsService] GET request to https://pipelinesghubeus6.actions.githubusercontent.com/hKyNd5hzQTjPqVOxuFp9CyJ2tMUr8ytJJ9FfsFju3bqhBGI0lq/_apis/connectionData?connectOptions=1&lastChangeId=258625537&lastChangeId64=258625537 failed. HTTP Status: NotFound
[2025-10-10 02:36:35Z INFO GitHubActionsService] Finished operation Location.GetConnectionData
[2025-10-10 02:36:35Z INFO RunnerServer] Catch exception during connect. 2 attempt left.
[2025-10-10 02:36:35Z ERR  RunnerServer] GitHub.Services.WebApi.VssServiceResponseException: The resource cannot be found.
   at GitHub.Services.WebApi.VssHttpClientBase.HandleResponseAsync(HttpResponseMessage response, CancellationToken cancellationToken)
   at GitHub.Services.WebApi.VssHttpClientBase.SendAsync(HttpRequestMessage message, HttpCompletionOption completionOption, Object userState, CancellationToken cancellationToken)
   at GitHub.Services.WebApi.VssHttpClientBase.SendAsync[T](HttpRequestMessage message, Object userState, CancellationToken cancellationToken)
   at GitHub.Services.Location.Client.LocationHttpClient.GetConnectionDataAsync(ConnectOptions connectOptions, Int64 lastChangeId, CancellationToken cancellationToken, Object userState)
   at GitHub.Services.WebApi.Location.VssServerDataProvider.GetConnectionDataAsync(ConnectOptions connectOptions, Int32 lastChangeId, CancellationToken cancellationToken)
   at GitHub.Services.WebApi.Location.VssServerDataProvider.ConnectAsync(ConnectOptions connectOptions, CancellationToken cancellationToken)
   at GitHub.Runner.Common.RunnerService.EstablishVssConnection(Uri serverUrl, VssCredentials credentials, TimeSpan timeout)
[2025-10-10 02:36:35Z ERR  GitHubActionsService] GET request to https://pipelinesghubeus6.actions.githubusercontent.com/hKyNd5hzQTjPqVOxuFp9CyJ2tMUr8ytJJ9FfsFju3bqhBGI0lq/_apis/connectionData?connectOptions=1&lastChangeId=258625537&lastChangeId64=258625537 failed. HTTP Status: NotFound
[2025-10-10 02:36:35Z INFO GitHubActionsService] Finished operation Location.GetConnectionData
[2025-10-10 02:36:35Z INFO RunnerServer] Catch exception during connect. 2 attempt left.
[2025-10-10 02:36:35Z ERR  RunnerServer] GitHub.Services.WebApi.VssServiceResponseException: The resource cannot be found.
   at GitHub.Services.WebApi.VssHttpClientBase.HandleResponseAsync(HttpResponseMessage response, CancellationToken cancellationToken)
   at GitHub.Services.WebApi.VssHttpClientBase.SendAsync(HttpRequestMessage message, HttpCompletionOption completionOption, Object userState, CancellationToken cancellationToken)
   at GitHub.Services.WebApi.VssHttpClientBase.SendAsync[T](HttpRequestMessage message, Object userState, CancellationToken cancellationToken)
   at GitHub.Services.Location.Client.LocationHttpClient.GetConnectionDataAsync(ConnectOptions connectOptions, Int64 lastChangeId, CancellationToken cancellationToken, Object userState)
   at GitHub.Services.WebApi.Location.VssServerDataProvider.GetConnectionDataAsync(ConnectOptions connectOptions, Int32 lastChangeId, CancellationToken cancellationToken)
   at GitHub.Services.WebApi.Location.VssServerDataProvider.ConnectAsync(ConnectOptions connectOptions, CancellationToken cancellationToken)
   at GitHub.Runner.Common.RunnerService.EstablishVssConnection(Uri serverUrl, VssCredentials credentials, TimeSpan timeout)
[2025-10-10 02:36:35Z INFO GitHubActionsService] Starting operation Location.GetConnectionData
[2025-10-10 02:36:35Z INFO GitHubActionsService] Starting operation Location.GetConnectionData
[2025-10-10 02:36:35Z ERR  GitHubActionsService] GET request to https://pipelinesghubeus6.actions.githubusercontent.com/hKyNd5hzQTjPqVOxuFp9CyJ2tMUr8ytJJ9FfsFju3bqhBGI0lq/_apis/connectionData?connectOptions=1&lastChangeId=258625537&lastChangeId64=258625537 failed. HTTP Status: NotFound
[2025-10-10 02:36:35Z INFO GitHubActionsService] Finished operation Location.GetConnectionData
[2025-10-10 02:36:35Z INFO RunnerServer] Catch exception during connect. 2 attempt left.
[2025-10-10 02:36:35Z ERR  RunnerServer] GitHub.Services.WebApi.VssServiceResponseException: The resource cannot be found.
   at GitHub.Services.WebApi.VssHttpClientBase.HandleResponseAsync(HttpResponseMessage response, CancellationToken cancellationToken)
   at GitHub.Services.WebApi.VssHttpClientBase.SendAsync(HttpRequestMessage message, HttpCompletionOption completionOption, Object userState, CancellationToken cancellationToken)
   at GitHub.Services.WebApi.VssHttpClientBase.SendAsync[T](HttpRequestMessage message, Object userState, CancellationToken cancellationToken)
   at GitHub.Services.Location.Client.LocationHttpClient.GetConnectionDataAsync(ConnectOptions connectOptions, Int64 lastChangeId, CancellationToken cancellationToken, Object userState)
   at GitHub.Services.WebApi.Location.VssServerDataProvider.GetConnectionDataAsync(ConnectOptions connectOptions, Int32 lastChangeId, CancellationToken cancellationToken)
   at GitHub.Services.WebApi.Location.VssServerDataProvider.ConnectAsync(ConnectOptions connectOptions, CancellationToken cancellationToken)
   at GitHub.Runner.Common.RunnerService.EstablishVssConnection(Uri serverUrl, VssCredentials credentials, TimeSpan timeout)
[2025-10-10 02:36:35Z INFO GitHubActionsService] Starting operation Location.GetConnectionData
[2025-10-10 02:36:35Z ERR  GitHubActionsService] GET request to https://pipelinesghubeus6.actions.githubusercontent.com/hKyNd5hzQTjPqVOxuFp9CyJ2tMUr8ytJJ9FfsFju3bqhBGI0lq/_apis/connectionData?connectOptions=1&lastChangeId=258625537&lastChangeId64=258625537 failed. HTTP Status: NotFound
[2025-10-10 02:36:35Z INFO GitHubActionsService] Finished operation Location.GetConnectionData
[2025-10-10 02:36:35Z INFO RunnerServer] Catch exception during connect. 1 attempt left.
[2025-10-10 02:36:35Z ERR  RunnerServer] GitHub.Services.WebApi.VssServiceResponseException: The resource cannot be found.
   at GitHub.Services.WebApi.VssHttpClientBase.HandleResponseAsync(HttpResponseMessage response, CancellationToken cancellationToken)
   at GitHub.Services.WebApi.VssHttpClientBase.SendAsync(HttpRequestMessage message, HttpCompletionOption completionOption, Object userState, CancellationToken cancellationToken)
   at GitHub.Services.WebApi.VssHttpClientBase.SendAsync[T](HttpRequestMessage message, Object userState, CancellationToken cancellationToken)
   at GitHub.Services.Location.Client.LocationHttpClient.GetConnectionDataAsync(ConnectOptions connectOptions, Int64 lastChangeId, CancellationToken cancellationToken, Object userState)
   at GitHub.Services.WebApi.Location.VssServerDataProvider.GetConnectionDataAsync(ConnectOptions connectOptions, Int32 lastChangeId, CancellationToken cancellationToken)
   at GitHub.Services.WebApi.Location.VssServerDataProvider.ConnectAsync(ConnectOptions connectOptions, CancellationToken cancellationToken)
   at GitHub.Runner.Common.RunnerService.EstablishVssConnection(Uri serverUrl, VssCredentials credentials, TimeSpan timeout)
[2025-10-10 02:36:35Z INFO GitHubActionsService] Starting operation Location.GetConnectionData
[2025-10-10 02:36:35Z ERR  GitHubActionsService] GET request to https://pipelinesghubeus6.actions.githubusercontent.com/hKyNd5hzQTjPqVOxuFp9CyJ2tMUr8ytJJ9FfsFju3bqhBGI0lq/_apis/connectionData?connectOptions=1&lastChangeId=258625537&lastChangeId64=258625537 failed. HTTP Status: NotFound
[2025-10-10 02:36:35Z INFO GitHubActionsService] Finished operation Location.GetConnectionData
[2025-10-10 02:36:35Z INFO RunnerServer] Catch exception during connect. 1 attempt left.
[2025-10-10 02:36:35Z ERR  RunnerServer] GitHub.Services.WebApi.VssServiceResponseException: The resource cannot be found.
   at GitHub.Services.WebApi.VssHttpClientBase.HandleResponseAsync(HttpResponseMessage response, CancellationToken cancellationToken)
   at GitHub.Services.WebApi.VssHttpClientBase.SendAsync(HttpRequestMessage message, HttpCompletionOption completionOption, Object userState, CancellationToken cancellationToken)
   at GitHub.Services.WebApi.VssHttpClientBase.SendAsync[T](HttpRequestMessage message, Object userState, CancellationToken cancellationToken)
   at GitHub.Services.Location.Client.LocationHttpClient.GetConnectionDataAsync(ConnectOptions connectOptions, Int64 lastChangeId, CancellationToken cancellationToken, Object userState)
   at GitHub.Services.WebApi.Location.VssServerDataProvider.GetConnectionDataAsync(ConnectOptions connectOptions, Int32 lastChangeId, CancellationToken cancellationToken)
   at GitHub.Services.WebApi.Location.VssServerDataProvider.ConnectAsync(ConnectOptions connectOptions, CancellationToken cancellationToken)
   at GitHub.Runner.Common.RunnerService.EstablishVssConnection(Uri serverUrl, VssCredentials credentials, TimeSpan timeout)
[2025-10-10 02:36:36Z INFO GitHubActionsService] Starting operation Location.GetConnectionData
[2025-10-10 02:36:36Z ERR  GitHubActionsService] GET request to https://pipelinesghubeus6.actions.githubusercontent.com/hKyNd5hzQTjPqVOxuFp9CyJ2tMUr8ytJJ9FfsFju3bqhBGI0lq/_apis/connectionData?connectOptions=1&lastChangeId=258625537&lastChangeId64=258625537 failed. HTTP Status: NotFound
[2025-10-10 02:36:36Z INFO GitHubActionsService] Finished operation Location.GetConnectionData
[2025-10-10 02:36:36Z INFO RunnerServer] Catch exception during connect. 1 attempt left.
[2025-10-10 02:36:36Z ERR  RunnerServer] GitHub.Services.WebApi.VssServiceResponseException: The resource cannot be found.
   at GitHub.Services.WebApi.VssHttpClientBase.HandleResponseAsync(HttpResponseMessage response, CancellationToken cancellationToken)
   at GitHub.Services.WebApi.VssHttpClientBase.SendAsync(HttpRequestMessage message, HttpCompletionOption completionOption, Object userState, CancellationToken cancellationToken)
   at GitHub.Services.WebApi.VssHttpClientBase.SendAsync[T](HttpRequestMessage message, Object userState, CancellationToken cancellationToken)
   at GitHub.Services.Location.Client.LocationHttpClient.GetConnectionDataAsync(ConnectOptions connectOptions, Int64 lastChangeId, CancellationToken cancellationToken, Object userState)
   at GitHub.Services.WebApi.Location.VssServerDataProvider.GetConnectionDataAsync(ConnectOptions connectOptions, Int32 lastChangeId, CancellationToken cancellationToken)
   at GitHub.Services.WebApi.Location.VssServerDataProvider.ConnectAsync(ConnectOptions connectOptions, CancellationToken cancellationToken)
   at GitHub.Runner.Common.RunnerService.EstablishVssConnection(Uri serverUrl, VssCredentials credentials, TimeSpan timeout)
[2025-10-10 02:36:36Z INFO GitHubActionsService] Starting operation Location.GetConnectionData
[2025-10-10 02:36:36Z ERR  GitHubActionsService] GET request to https://pipelinesghubeus6.actions.githubusercontent.com/hKyNd5hzQTjPqVOxuFp9CyJ2tMUr8ytJJ9FfsFju3bqhBGI0lq/_apis/connectionData?connectOptions=1&lastChangeId=258625537&lastChangeId64=258625537 failed. HTTP Status: NotFound
[2025-10-10 02:36:36Z INFO GitHubActionsService] Finished operation Location.GetConnectionData
[2025-10-10 02:36:36Z ERR  GitHubActionsService] GET request to https://pipelinesghubeus6.actions.githubusercontent.com/hKyNd5hzQTjPqVOxuFp9CyJ2tMUr8ytJJ9FfsFju3bqhBGI0lq/_apis/connectionData?connectOptions=1&lastChangeId=258625537&lastChangeId64=258625537 failed. HTTP Status: NotFound
[2025-10-10 02:36:36Z INFO GitHubActionsService] Finished operation Location.GetConnectionData
[2025-10-10 02:36:36Z ERR  GitHubActionsService] GET request to https://pipelinesghubeus6.actions.githubusercontent.com/hKyNd5hzQTjPqVOxuFp9CyJ2tMUr8ytJJ9FfsFju3bqhBGI0lq/_apis/connectionData?connectOptions=1&lastChangeId=258625537&lastChangeId64=258625537 failed. HTTP Status: NotFound
[2025-10-10 02:36:36Z INFO GitHubActionsService] Finished operation Location.GetConnectionData
[2025-10-10 02:36:36Z ERR  BrokerMessageListener] Catch exception during create session.
[2025-10-10 02:36:36Z ERR  BrokerMessageListener] GitHub.Services.WebApi.VssServiceResponseException: The resource cannot be found.
   at GitHub.Services.WebApi.VssHttpClientBase.HandleResponseAsync(HttpResponseMessage response, CancellationToken cancellationToken)
   at GitHub.Services.WebApi.VssHttpClientBase.SendAsync(HttpRequestMessage message, HttpCompletionOption completionOption, Object userState, CancellationToken cancellationToken)
   at GitHub.Services.WebApi.VssHttpClientBase.SendAsync[T](HttpRequestMessage message, Object userState, CancellationToken cancellationToken)
   at GitHub.Services.Location.Client.LocationHttpClient.GetConnectionDataAsync(ConnectOptions connectOptions, Int64 lastChangeId, CancellationToken cancellationToken, Object userState)
   at GitHub.Services.WebApi.Location.VssServerDataProvider.GetConnectionDataAsync(ConnectOptions connectOptions, Int32 lastChangeId, CancellationToken cancellationToken)
   at GitHub.Services.WebApi.Location.VssServerDataProvider.ConnectAsync(ConnectOptions connectOptions, CancellationToken cancellationToken)
   at GitHub.Runner.Common.RunnerService.EstablishVssConnection(Uri serverUrl, VssCredentials credentials, TimeSpan timeout)
   at GitHub.Runner.Common.RunnerServer.ConnectAsync(Uri serverUrl, VssCredentials credentials)
   at GitHub.Runner.Listener.BrokerMessageListener.CreateSessionAsync(CancellationToken token)
[2025-10-10 02:36:36Z INFO BrokerMessageListener] Retriable exception: The resource cannot be found.
[2025-10-10 02:36:36Z INFO BrokerMessageListener] Sleeping for 30 seconds before retrying.
[2025-10-10 02:37:06Z INFO BrokerMessageListener] Attempt to create session.
[2025-10-10 02:37:06Z INFO BrokerMessageListener] Connecting to the Broker Server...
[2025-10-10 02:37:06Z INFO ConfigurationStore] HasCredentials()
[2025-10-10 02:37:06Z INFO ConfigurationStore] stored True
[2025-10-10 02:37:06Z INFO CredentialManager] GetCredentialProvider
[2025-10-10 02:37:06Z INFO CredentialManager] Creating type OAuth
[2025-10-10 02:37:06Z INFO CredentialManager] Creating credential type: OAuth
[2025-10-10 02:37:06Z INFO RSAEncryptedFileKeyManager] Loading RSA key parameters from file G:\Brunella\actions-runner\.credentials_rsaparams
[2025-10-10 02:37:06Z INFO BrokerMessageListener] VssConnection created
[2025-10-10 02:37:06Z INFO BrokerMessageListener] Connecting to the Runner server...
[2025-10-10 02:37:06Z INFO RunnerServer] EstablishVssConnection
[2025-10-10 02:37:06Z INFO RunnerServer] Establish connection with 100 seconds timeout.
[2025-10-10 02:37:06Z INFO GitHubActionsService] Starting operation Location.GetConnectionData
[2025-10-10 02:37:06Z INFO RunnerServer] EstablishVssConnection
[2025-10-10 02:37:06Z INFO RunnerServer] Establish connection with 60 seconds timeout.
[2025-10-10 02:37:06Z INFO GitHubActionsService] Starting operation Location.GetConnectionData
[2025-10-10 02:37:06Z INFO RunnerServer] EstablishVssConnection
[2025-10-10 02:37:06Z INFO RunnerServer] Establish connection with 60 seconds timeout.
[2025-10-10 02:37:06Z INFO GitHubActionsService] Starting operation Location.GetConnectionData
[2025-10-10 02:37:07Z ERR  GitHubActionsService] GET request to https://pipelinesghubeus6.actions.githubusercontent.com/hKyNd5hzQTjPqVOxuFp9CyJ2tMUr8ytJJ9FfsFju3bqhBGI0lq/_apis/connectionData?connectOptions=1&lastChangeId=258625537&lastChangeId64=258625537 failed. HTTP Status: NotFound
[2025-10-10 02:37:07Z INFO GitHubActionsService] Finished operation Location.GetConnectionData
[2025-10-10 02:37:07Z INFO RunnerServer] Catch exception during connect. 4 attempt left.
[2025-10-10 02:37:07Z ERR  RunnerServer] GitHub.Services.WebApi.VssServiceResponseException: The resource cannot be found.
   at GitHub.Services.WebApi.VssHttpClientBase.HandleResponseAsync(HttpResponseMessage response, CancellationToken cancellationToken)
   at GitHub.Services.WebApi.VssHttpClientBase.SendAsync(HttpRequestMessage message, HttpCompletionOption completionOption, Object userState, CancellationToken cancellationToken)
   at GitHub.Services.WebApi.VssHttpClientBase.SendAsync[T](HttpRequestMessage message, Object userState, CancellationToken cancellationToken)
   at GitHub.Services.Location.Client.LocationHttpClient.GetConnectionDataAsync(ConnectOptions connectOptions, Int64 lastChangeId, CancellationToken cancellationToken, Object userState)
   at GitHub.Services.WebApi.Location.VssServerDataProvider.GetConnectionDataAsync(ConnectOptions connectOptions, Int32 lastChangeId, CancellationToken cancellationToken)
   at GitHub.Services.WebApi.Location.VssServerDataProvider.ConnectAsync(ConnectOptions connectOptions, CancellationToken cancellationToken)
   at GitHub.Runner.Common.RunnerService.EstablishVssConnection(Uri serverUrl, VssCredentials credentials, TimeSpan timeout)
[2025-10-10 02:37:07Z ERR  GitHubActionsService] GET request to https://pipelinesghubeus6.actions.githubusercontent.com/hKyNd5hzQTjPqVOxuFp9CyJ2tMUr8ytJJ9FfsFju3bqhBGI0lq/_apis/connectionData?connectOptions=1&lastChangeId=258625537&lastChangeId64=258625537 failed. HTTP Status: NotFound
[2025-10-10 02:37:07Z INFO GitHubActionsService] Finished operation Location.GetConnectionData
[2025-10-10 02:37:07Z INFO RunnerServer] Catch exception during connect. 4 attempt left.
[2025-10-10 02:37:07Z ERR  RunnerServer] GitHub.Services.WebApi.VssServiceResponseException: The resource cannot be found.
   at GitHub.Services.WebApi.VssHttpClientBase.HandleResponseAsync(HttpResponseMessage response, CancellationToken cancellationToken)
   at GitHub.Services.WebApi.VssHttpClientBase.SendAsync(HttpRequestMessage message, HttpCompletionOption completionOption, Object userState, CancellationToken cancellationToken)
   at GitHub.Services.WebApi.VssHttpClientBase.SendAsync[T](HttpRequestMessage message, Object userState, CancellationToken cancellationToken)
   at GitHub.Services.Location.Client.LocationHttpClient.GetConnectionDataAsync(ConnectOptions connectOptions, Int64 lastChangeId, CancellationToken cancellationToken, Object userState)
   at GitHub.Services.WebApi.Location.VssServerDataProvider.GetConnectionDataAsync(ConnectOptions connectOptions, Int32 lastChangeId, CancellationToken cancellationToken)
   at GitHub.Services.WebApi.Location.VssServerDataProvider.ConnectAsync(ConnectOptions connectOptions, CancellationToken cancellationToken)
   at GitHub.Runner.Common.RunnerService.EstablishVssConnection(Uri serverUrl, VssCredentials credentials, TimeSpan timeout)
[2025-10-10 02:37:07Z ERR  GitHubActionsService] GET request to https://pipelinesghubeus6.actions.githubusercontent.com/hKyNd5hzQTjPqVOxuFp9CyJ2tMUr8ytJJ9FfsFju3bqhBGI0lq/_apis/connectionData?connectOptions=1&lastChangeId=258625537&lastChangeId64=258625537 failed. HTTP Status: NotFound
[2025-10-10 02:37:07Z INFO GitHubActionsService] Finished operation Location.GetConnectionData
[2025-10-10 02:37:07Z INFO RunnerServer] Catch exception during connect. 4 attempt left.
[2025-10-10 02:37:07Z ERR  RunnerServer] GitHub.Services.WebApi.VssServiceResponseException: The resource cannot be found.
   at GitHub.Services.WebApi.VssHttpClientBase.HandleResponseAsync(HttpResponseMessage response, CancellationToken cancellationToken)
   at GitHub.Services.WebApi.VssHttpClientBase.SendAsync(HttpRequestMessage message, HttpCompletionOption completionOption, Object userState, CancellationToken cancellationToken)
   at GitHub.Services.WebApi.VssHttpClientBase.SendAsync[T](HttpRequestMessage message, Object userState, CancellationToken cancellationToken)
   at GitHub.Services.Location.Client.LocationHttpClient.GetConnectionDataAsync(ConnectOptions connectOptions, Int64 lastChangeId, CancellationToken cancellationToken, Object userState)
   at GitHub.Services.WebApi.Location.VssServerDataProvider.GetConnectionDataAsync(ConnectOptions connectOptions, Int32 lastChangeId, CancellationToken cancellationToken)
   at GitHub.Services.WebApi.Location.VssServerDataProvider.ConnectAsync(ConnectOptions connectOptions, CancellationToken cancellationToken)
   at GitHub.Runner.Common.RunnerService.EstablishVssConnection(Uri serverUrl, VssCredentials credentials, TimeSpan timeout)
[2025-10-10 02:37:07Z INFO GitHubActionsService] Starting operation Location.GetConnectionData
[2025-10-10 02:37:07Z INFO GitHubActionsService] Starting operation Location.GetConnectionData
[2025-10-10 02:37:07Z INFO GitHubActionsService] Starting operation Location.GetConnectionData
[2025-10-10 02:37:08Z ERR  GitHubActionsService] GET request to https://pipelinesghubeus6.actions.githubusercontent.com/hKyNd5hzQTjPqVOxuFp9CyJ2tMUr8ytJJ9FfsFju3bqhBGI0lq/_apis/connectionData?connectOptions=1&lastChangeId=258625537&lastChangeId64=258625537 failed. HTTP Status: NotFound
[2025-10-10 02:37:08Z INFO GitHubActionsService] Finished operation Location.GetConnectionData
[2025-10-10 02:37:08Z INFO RunnerServer] Catch exception during connect. 3 attempt left.
[2025-10-10 02:37:08Z ERR  RunnerServer] GitHub.Services.WebApi.VssServiceResponseException: The resource cannot be found.
   at GitHub.Services.WebApi.VssHttpClientBase.HandleResponseAsync(HttpResponseMessage response, CancellationToken cancellationToken)
   at GitHub.Services.WebApi.VssHttpClientBase.SendAsync(HttpRequestMessage message, HttpCompletionOption completionOption, Object userState, CancellationToken cancellationToken)
   at GitHub.Services.WebApi.VssHttpClientBase.SendAsync[T](HttpRequestMessage message, Object userState, CancellationToken cancellationToken)
   at GitHub.Services.Location.Client.LocationHttpClient.GetConnectionDataAsync(ConnectOptions connectOptions, Int64 lastChangeId, CancellationToken cancellationToken, Object userState)
   at GitHub.Services.WebApi.Location.VssServerDataProvider.GetConnectionDataAsync(ConnectOptions connectOptions, Int32 lastChangeId, CancellationToken cancellationToken)
   at GitHub.Services.WebApi.Location.VssServerDataProvider.ConnectAsync(ConnectOptions connectOptions, CancellationToken cancellationToken)
   at GitHub.Runner.Common.RunnerService.EstablishVssConnection(Uri serverUrl, VssCredentials credentials, TimeSpan timeout)
[2025-10-10 02:37:08Z INFO GitHubActionsService] Starting operation Location.GetConnectionData
[2025-10-10 02:37:08Z ERR  GitHubActionsService] GET request to https://pipelinesghubeus6.actions.githubusercontent.com/hKyNd5hzQTjPqVOxuFp9CyJ2tMUr8ytJJ9FfsFju3bqhBGI0lq/_apis/connectionData?connectOptions=1&lastChangeId=258625537&lastChangeId64=258625537 failed. HTTP Status: NotFound
[2025-10-10 02:37:08Z INFO GitHubActionsService] Finished operation Location.GetConnectionData
[2025-10-10 02:37:08Z INFO RunnerServer] Catch exception during connect. 3 attempt left.
[2025-10-10 02:37:08Z ERR  RunnerServer] GitHub.Services.WebApi.VssServiceResponseException: The resource cannot be found.
   at GitHub.Services.WebApi.VssHttpClientBase.HandleResponseAsync(HttpResponseMessage response, CancellationToken cancellationToken)
   at GitHub.Services.WebApi.VssHttpClientBase.SendAsync(HttpRequestMessage message, HttpCompletionOption completionOption, Object userState, CancellationToken cancellationToken)
   at GitHub.Services.WebApi.VssHttpClientBase.SendAsync[T](HttpRequestMessage message, Object userState, CancellationToken cancellationToken)
   at GitHub.Services.Location.Client.LocationHttpClient.GetConnectionDataAsync(ConnectOptions connectOptions, Int64 lastChangeId, CancellationToken cancellationToken, Object userState)
   at GitHub.Services.WebApi.Location.VssServerDataProvider.GetConnectionDataAsync(ConnectOptions connectOptions, Int32 lastChangeId, CancellationToken cancellationToken)
   at GitHub.Services.WebApi.Location.VssServerDataProvider.ConnectAsync(ConnectOptions connectOptions, CancellationToken cancellationToken)
   at GitHub.Runner.Common.RunnerService.EstablishVssConnection(Uri serverUrl, VssCredentials credentials, TimeSpan timeout)
[2025-10-10 02:37:08Z ERR  GitHubActionsService] GET request to https://pipelinesghubeus6.actions.githubusercontent.com/hKyNd5hzQTjPqVOxuFp9CyJ2tMUr8ytJJ9FfsFju3bqhBGI0lq/_apis/connectionData?connectOptions=1&lastChangeId=258625537&lastChangeId64=258625537 failed. HTTP Status: NotFound
[2025-10-10 02:37:08Z INFO GitHubActionsService] Finished operation Location.GetConnectionData
[2025-10-10 02:37:08Z INFO RunnerServer] Catch exception during connect. 3 attempt left.
[2025-10-10 02:37:08Z ERR  RunnerServer] GitHub.Services.WebApi.VssServiceResponseException: The resource cannot be found.
   at GitHub.Services.WebApi.VssHttpClientBase.HandleResponseAsync(HttpResponseMessage response, CancellationToken cancellationToken)
   at GitHub.Services.WebApi.VssHttpClientBase.SendAsync(HttpRequestMessage message, HttpCompletionOption completionOption, Object userState, CancellationToken cancellationToken)
   at GitHub.Services.WebApi.VssHttpClientBase.SendAsync[T](HttpRequestMessage message, Object userState, CancellationToken cancellationToken)
   at GitHub.Services.Location.Client.LocationHttpClient.GetConnectionDataAsync(ConnectOptions connectOptions, Int64 lastChangeId, CancellationToken cancellationToken, Object userState)
   at GitHub.Services.WebApi.Location.VssServerDataProvider.GetConnectionDataAsync(ConnectOptions connectOptions, Int32 lastChangeId, CancellationToken cancellationToken)
   at GitHub.Services.WebApi.Location.VssServerDataProvider.ConnectAsync(ConnectOptions connectOptions, CancellationToken cancellationToken)
   at GitHub.Runner.Common.RunnerService.EstablishVssConnection(Uri serverUrl, VssCredentials credentials, TimeSpan timeout)
[2025-10-10 02:37:08Z INFO GitHubActionsService] Starting operation Location.GetConnectionData
[2025-10-10 02:37:08Z INFO GitHubActionsService] Starting operation Location.GetConnectionData
[2025-10-10 02:37:08Z ERR  GitHubActionsService] GET request to https://pipelinesghubeus6.actions.githubusercontent.com/hKyNd5hzQTjPqVOxuFp9CyJ2tMUr8ytJJ9FfsFju3bqhBGI0lq/_apis/connectionData?connectOptions=1&lastChangeId=258625537&lastChangeId64=258625537 failed. HTTP Status: NotFound
[2025-10-10 02:37:08Z INFO GitHubActionsService] Finished operation Location.GetConnectionData
[2025-10-10 02:37:08Z INFO RunnerServer] Catch exception during connect. 2 attempt left.
[2025-10-10 02:37:08Z ERR  RunnerServer] GitHub.Services.WebApi.VssServiceResponseException: The resource cannot be found.
   at GitHub.Services.WebApi.VssHttpClientBase.HandleResponseAsync(HttpResponseMessage response, CancellationToken cancellationToken)
   at GitHub.Services.WebApi.VssHttpClientBase.SendAsync(HttpRequestMessage message, HttpCompletionOption completionOption, Object userState, CancellationToken cancellationToken)
   at GitHub.Services.WebApi.VssHttpClientBase.SendAsync[T](HttpRequestMessage message, Object userState, CancellationToken cancellationToken)
   at GitHub.Services.Location.Client.LocationHttpClient.GetConnectionDataAsync(ConnectOptions connectOptions, Int64 lastChangeId, CancellationToken cancellationToken, Object userState)
   at GitHub.Services.WebApi.Location.VssServerDataProvider.GetConnectionDataAsync(ConnectOptions connectOptions, Int32 lastChangeId, CancellationToken cancellationToken)
   at GitHub.Services.WebApi.Location.VssServerDataProvider.ConnectAsync(ConnectOptions connectOptions, CancellationToken cancellationToken)
   at GitHub.Runner.Common.RunnerService.EstablishVssConnection(Uri serverUrl, VssCredentials credentials, TimeSpan timeout)
[2025-10-10 02:37:08Z ERR  GitHubActionsService] GET request to https://pipelinesghubeus6.actions.githubusercontent.com/hKyNd5hzQTjPqVOxuFp9CyJ2tMUr8ytJJ9FfsFju3bqhBGI0lq/_apis/connectionData?connectOptions=1&lastChangeId=258625537&lastChangeId64=258625537 failed. HTTP Status: NotFound
[2025-10-10 02:37:08Z INFO GitHubActionsService] Finished operation Location.GetConnectionData
[2025-10-10 02:37:08Z INFO RunnerServer] Catch exception during connect. 2 attempt left.
[2025-10-10 02:37:08Z ERR  RunnerServer] GitHub.Services.WebApi.VssServiceResponseException: The resource cannot be found.
   at GitHub.Services.WebApi.VssHttpClientBase.HandleResponseAsync(HttpResponseMessage response, CancellationToken cancellationToken)
   at GitHub.Services.WebApi.VssHttpClientBase.SendAsync(HttpRequestMessage message, HttpCompletionOption completionOption, Object userState, CancellationToken cancellationToken)
   at GitHub.Services.WebApi.VssHttpClientBase.SendAsync[T](HttpRequestMessage message, Object userState, CancellationToken cancellationToken)
   at GitHub.Services.Location.Client.LocationHttpClient.GetConnectionDataAsync(ConnectOptions connectOptions, Int64 lastChangeId, CancellationToken cancellationToken, Object userState)
   at GitHub.Services.WebApi.Location.VssServerDataProvider.GetConnectionDataAsync(ConnectOptions connectOptions, Int32 lastChangeId, CancellationToken cancellationToken)
   at GitHub.Services.WebApi.Location.VssServerDataProvider.ConnectAsync(ConnectOptions connectOptions, CancellationToken cancellationToken)
   at GitHub.Runner.Common.RunnerService.EstablishVssConnection(Uri serverUrl, VssCredentials credentials, TimeSpan timeout)
[2025-10-10 02:37:09Z ERR  GitHubActionsService] GET request to https://pipelinesghubeus6.actions.githubusercontent.com/hKyNd5hzQTjPqVOxuFp9CyJ2tMUr8ytJJ9FfsFju3bqhBGI0lq/_apis/connectionData?connectOptions=1&lastChangeId=258625537&lastChangeId64=258625537 failed. HTTP Status: NotFound
[2025-10-10 02:37:09Z INFO GitHubActionsService] Finished operation Location.GetConnectionData
[2025-10-10 02:37:09Z INFO RunnerServer] Catch exception during connect. 2 attempt left.
[2025-10-10 02:37:09Z ERR  RunnerServer] GitHub.Services.WebApi.VssServiceResponseException: The resource cannot be found.
   at GitHub.Services.WebApi.VssHttpClientBase.HandleResponseAsync(HttpResponseMessage response, CancellationToken cancellationToken)
   at GitHub.Services.WebApi.VssHttpClientBase.SendAsync(HttpRequestMessage message, HttpCompletionOption completionOption, Object userState, CancellationToken cancellationToken)
   at GitHub.Services.WebApi.VssHttpClientBase.SendAsync[T](HttpRequestMessage message, Object userState, CancellationToken cancellationToken)
   at GitHub.Services.Location.Client.LocationHttpClient.GetConnectionDataAsync(ConnectOptions connectOptions, Int64 lastChangeId, CancellationToken cancellationToken, Object userState)
   at GitHub.Services.WebApi.Location.VssServerDataProvider.GetConnectionDataAsync(ConnectOptions connectOptions, Int32 lastChangeId, CancellationToken cancellationToken)
   at GitHub.Services.WebApi.Location.VssServerDataProvider.ConnectAsync(ConnectOptions connectOptions, CancellationToken cancellationToken)
   at GitHub.Runner.Common.RunnerService.EstablishVssConnection(Uri serverUrl, VssCredentials credentials, TimeSpan timeout)
[2025-10-10 02:37:09Z INFO GitHubActionsService] Starting operation Location.GetConnectionData
[2025-10-10 02:37:09Z INFO GitHubActionsService] Starting operation Location.GetConnectionData
[2025-10-10 02:37:09Z INFO GitHubActionsService] Starting operation Location.GetConnectionData
[2025-10-10 02:37:09Z ERR  GitHubActionsService] GET request to https://pipelinesghubeus6.actions.githubusercontent.com/hKyNd5hzQTjPqVOxuFp9CyJ2tMUr8ytJJ9FfsFju3bqhBGI0lq/_apis/connectionData?connectOptions=1&lastChangeId=258625537&lastChangeId64=258625537 failed. HTTP Status: NotFound
[2025-10-10 02:37:09Z INFO GitHubActionsService] Finished operation Location.GetConnectionData
[2025-10-10 02:37:09Z INFO RunnerServer] Catch exception during connect. 1 attempt left.
[2025-10-10 02:37:09Z ERR  RunnerServer] GitHub.Services.WebApi.VssServiceResponseException: The resource cannot be found.
   at GitHub.Services.WebApi.VssHttpClientBase.HandleResponseAsync(HttpResponseMessage response, CancellationToken cancellationToken)
   at GitHub.Services.WebApi.VssHttpClientBase.SendAsync(HttpRequestMessage message, HttpCompletionOption completionOption, Object userState, CancellationToken cancellationToken)
   at GitHub.Services.WebApi.VssHttpClientBase.SendAsync[T](HttpRequestMessage message, Object userState, CancellationToken cancellationToken)
   at GitHub.Services.Location.Client.LocationHttpClient.GetConnectionDataAsync(ConnectOptions connectOptions, Int64 lastChangeId, CancellationToken cancellationToken, Object userState)
   at GitHub.Services.WebApi.Location.VssServerDataProvider.GetConnectionDataAsync(ConnectOptions connectOptions, Int32 lastChangeId, CancellationToken cancellationToken)
   at GitHub.Services.WebApi.Location.VssServerDataProvider.ConnectAsync(ConnectOptions connectOptions, CancellationToken cancellationToken)
   at GitHub.Runner.Common.RunnerService.EstablishVssConnection(Uri serverUrl, VssCredentials credentials, TimeSpan timeout)
[2025-10-10 02:37:09Z ERR  GitHubActionsService] GET request to https://pipelinesghubeus6.actions.githubusercontent.com/hKyNd5hzQTjPqVOxuFp9CyJ2tMUr8ytJJ9FfsFju3bqhBGI0lq/_apis/connectionData?connectOptions=1&lastChangeId=258625537&lastChangeId64=258625537 failed. HTTP Status: NotFound
[2025-10-10 02:37:09Z INFO GitHubActionsService] Finished operation Location.GetConnectionData
[2025-10-10 02:37:09Z INFO RunnerServer] Catch exception during connect. 1 attempt left.
[2025-10-10 02:37:09Z ERR  RunnerServer] GitHub.Services.WebApi.VssServiceResponseException: The resource cannot be found.
   at GitHub.Services.WebApi.VssHttpClientBase.HandleResponseAsync(HttpResponseMessage response, CancellationToken cancellationToken)
   at GitHub.Services.WebApi.VssHttpClientBase.SendAsync(HttpRequestMessage message, HttpCompletionOption completionOption, Object userState, CancellationToken cancellationToken)
   at GitHub.Services.WebApi.VssHttpClientBase.SendAsync[T](HttpRequestMessage message, Object userState, CancellationToken cancellationToken)
   at GitHub.Services.Location.Client.LocationHttpClient.GetConnectionDataAsync(ConnectOptions connectOptions, Int64 lastChangeId, CancellationToken cancellationToken, Object userState)
   at GitHub.Services.WebApi.Location.VssServerDataProvider.GetConnectionDataAsync(ConnectOptions connectOptions, Int32 lastChangeId, CancellationToken cancellationToken)
   at GitHub.Services.WebApi.Location.VssServerDataProvider.ConnectAsync(ConnectOptions connectOptions, CancellationToken cancellationToken)
   at GitHub.Runner.Common.RunnerService.EstablishVssConnection(Uri serverUrl, VssCredentials credentials, TimeSpan timeout)
[2025-10-10 02:37:09Z ERR  GitHubActionsService] GET request to https://pipelinesghubeus6.actions.githubusercontent.com/hKyNd5hzQTjPqVOxuFp9CyJ2tMUr8ytJJ9FfsFju3bqhBGI0lq/_apis/connectionData?connectOptions=1&lastChangeId=258625537&lastChangeId64=258625537 failed. HTTP Status: NotFound
[2025-10-10 02:37:09Z INFO GitHubActionsService] Finished operation Location.GetConnectionData
[2025-10-10 02:37:09Z INFO RunnerServer] Catch exception during connect. 1 attempt left.
[2025-10-10 02:37:09Z ERR  RunnerServer] GitHub.Services.WebApi.VssServiceResponseException: The resource cannot be found.
   at GitHub.Services.WebApi.VssHttpClientBase.HandleResponseAsync(HttpResponseMessage response, CancellationToken cancellationToken)
   at GitHub.Services.WebApi.VssHttpClientBase.SendAsync(HttpRequestMessage message, HttpCompletionOption completionOption, Object userState, CancellationToken cancellationToken)
   at GitHub.Services.WebApi.VssHttpClientBase.SendAsync[T](HttpRequestMessage message, Object userState, CancellationToken cancellationToken)
   at GitHub.Services.Location.Client.LocationHttpClient.GetConnectionDataAsync(ConnectOptions connectOptions, Int64 lastChangeId, CancellationToken cancellationToken, Object userState)
   at GitHub.Services.WebApi.Location.VssServerDataProvider.GetConnectionDataAsync(ConnectOptions connectOptions, Int32 lastChangeId, CancellationToken cancellationToken)
   at GitHub.Services.WebApi.Location.VssServerDataProvider.ConnectAsync(ConnectOptions connectOptions, CancellationToken cancellationToken)
   at GitHub.Runner.Common.RunnerService.EstablishVssConnection(Uri serverUrl, VssCredentials credentials, TimeSpan timeout)
[2025-10-10 02:37:09Z INFO GitHubActionsService] Starting operation Location.GetConnectionData
[2025-10-10 02:37:09Z INFO GitHubActionsService] Starting operation Location.GetConnectionData
[2025-10-10 02:37:09Z INFO GitHubActionsService] Starting operation Location.GetConnectionData
[2025-10-10 02:37:10Z ERR  GitHubActionsService] GET request to https://pipelinesghubeus6.actions.githubusercontent.com/hKyNd5hzQTjPqVOxuFp9CyJ2tMUr8ytJJ9FfsFju3bqhBGI0lq/_apis/connectionData?connectOptions=1&lastChangeId=258625537&lastChangeId64=258625537 failed. HTTP Status: NotFound
[2025-10-10 02:37:10Z INFO GitHubActionsService] Finished operation Location.GetConnectionData
[2025-10-10 02:37:10Z ERR  GitHubActionsService] GET request to https://pipelinesghubeus6.actions.githubusercontent.com/hKyNd5hzQTjPqVOxuFp9CyJ2tMUr8ytJJ9FfsFju3bqhBGI0lq/_apis/connectionData?connectOptions=1&lastChangeId=258625537&lastChangeId64=258625537 failed. HTTP Status: NotFound
[2025-10-10 02:37:10Z INFO GitHubActionsService] Finished operation Location.GetConnectionData
[2025-10-10 02:37:10Z ERR  GitHubActionsService] GET request to https://pipelinesghubeus6.actions.githubusercontent.com/hKyNd5hzQTjPqVOxuFp9CyJ2tMUr8ytJJ9FfsFju3bqhBGI0lq/_apis/connectionData?connectOptions=1&lastChangeId=258625537&lastChangeId64=258625537 failed. HTTP Status: NotFound
[2025-10-10 02:37:10Z INFO GitHubActionsService] Finished operation Location.GetConnectionData
[2025-10-10 02:37:10Z ERR  BrokerMessageListener] Catch exception during create session.
[2025-10-10 02:37:10Z ERR  BrokerMessageListener] GitHub.Services.WebApi.VssServiceResponseException: The resource cannot be found.
   at GitHub.Services.WebApi.VssHttpClientBase.HandleResponseAsync(HttpResponseMessage response, CancellationToken cancellationToken)
   at GitHub.Services.WebApi.VssHttpClientBase.SendAsync(HttpRequestMessage message, HttpCompletionOption completionOption, Object userState, CancellationToken cancellationToken)
   at GitHub.Services.WebApi.VssHttpClientBase.SendAsync[T](HttpRequestMessage message, Object userState, CancellationToken cancellationToken)
   at GitHub.Services.Location.Client.LocationHttpClient.GetConnectionDataAsync(ConnectOptions connectOptions, Int64 lastChangeId, CancellationToken cancellationToken, Object userState)
   at GitHub.Services.WebApi.Location.VssServerDataProvider.GetConnectionDataAsync(ConnectOptions connectOptions, Int32 lastChangeId, CancellationToken cancellationToken)
   at GitHub.Services.WebApi.Location.VssServerDataProvider.ConnectAsync(ConnectOptions connectOptions, CancellationToken cancellationToken)
   at GitHub.Runner.Common.RunnerService.EstablishVssConnection(Uri serverUrl, VssCredentials credentials, TimeSpan timeout)
   at GitHub.Runner.Common.RunnerServer.ConnectAsync(Uri serverUrl, VssCredentials credentials)
   at GitHub.Runner.Listener.BrokerMessageListener.CreateSessionAsync(CancellationToken token)
[2025-10-10 02:37:10Z INFO BrokerMessageListener] Retriable exception: The resource cannot be found.
[2025-10-10 02:37:10Z INFO BrokerMessageListener] Sleeping for 30 seconds before retrying.
[2025-10-10 02:37:40Z INFO BrokerMessageListener] Attempt to create session.
[2025-10-10 02:37:40Z INFO BrokerMessageListener] Connecting to the Broker Server...
[2025-10-10 02:37:40Z INFO ConfigurationStore] HasCredentials()
[2025-10-10 02:37:40Z INFO ConfigurationStore] stored True
[2025-10-10 02:37:40Z INFO CredentialManager] GetCredentialProvider
[2025-10-10 02:37:40Z INFO CredentialManager] Creating type OAuth
[2025-10-10 02:37:40Z INFO CredentialManager] Creating credential type: OAuth
[2025-10-10 02:37:40Z INFO RSAEncryptedFileKeyManager] Loading RSA key parameters from file G:\Brunella\actions-runner\.credentials_rsaparams
[2025-10-10 02:37:40Z INFO BrokerMessageListener] VssConnection created
[2025-10-10 02:37:40Z INFO BrokerMessageListener] Connecting to the Runner server...
[2025-10-10 02:37:40Z INFO RunnerServer] EstablishVssConnection
[2025-10-10 02:37:40Z INFO RunnerServer] Establish connection with 100 seconds timeout.
[2025-10-10 02:37:40Z INFO GitHubActionsService] Starting operation Location.GetConnectionData
[2025-10-10 02:37:40Z INFO RunnerServer] EstablishVssConnection
[2025-10-10 02:37:40Z INFO RunnerServer] Establish connection with 60 seconds timeout.
[2025-10-10 02:37:40Z INFO GitHubActionsService] Starting operation Location.GetConnectionData
[2025-10-10 02:37:40Z INFO RunnerServer] EstablishVssConnection
[2025-10-10 02:37:40Z INFO RunnerServer] Establish connection with 60 seconds timeout.
[2025-10-10 02:37:40Z INFO GitHubActionsService] Starting operation Location.GetConnectionData
[2025-10-10 02:37:41Z ERR  GitHubActionsService] GET request to https://pipelinesghubeus6.actions.githubusercontent.com/hKyNd5hzQTjPqVOxuFp9CyJ2tMUr8ytJJ9FfsFju3bqhBGI0lq/_apis/connectionData?connectOptions=1&lastChangeId=258625537&lastChangeId64=258625537 failed. HTTP Status: NotFound
[2025-10-10 02:37:41Z INFO GitHubActionsService] Finished operation Location.GetConnectionData
[2025-10-10 02:37:41Z INFO RunnerServer] Catch exception during connect. 4 attempt left.
[2025-10-10 02:37:41Z ERR  GitHubActionsService] GET request to https://pipelinesghubeus6.actions.githubusercontent.com/hKyNd5hzQTjPqVOxuFp9CyJ2tMUr8ytJJ9FfsFju3bqhBGI0lq/_apis/connectionData?connectOptions=1&lastChangeId=258625537&lastChangeId64=258625537 failed. HTTP Status: NotFound
[2025-10-10 02:37:41Z INFO GitHubActionsService] Finished operation Location.GetConnectionData
[2025-10-10 02:37:41Z INFO RunnerServer] Catch exception during connect. 4 attempt left.
[2025-10-10 02:37:41Z ERR  RunnerServer] GitHub.Services.WebApi.VssServiceResponseException: The resource cannot be found.
   at GitHub.Services.WebApi.VssHttpClientBase.HandleResponseAsync(HttpResponseMessage response, CancellationToken cancellationToken)
   at GitHub.Services.WebApi.VssHttpClientBase.SendAsync(HttpRequestMessage message, HttpCompletionOption completionOption, Object userState, CancellationToken cancellationToken)
   at GitHub.Services.WebApi.VssHttpClientBase.SendAsync[T](HttpRequestMessage message, Object userState, CancellationToken cancellationToken)
   at GitHub.Services.Location.Client.LocationHttpClient.GetConnectionDataAsync(ConnectOptions connectOptions, Int64 lastChangeId, CancellationToken cancellationToken, Object userState)
   at GitHub.Services.WebApi.Location.VssServerDataProvider.GetConnectionDataAsync(ConnectOptions connectOptions, Int32 lastChangeId, CancellationToken cancellationToken)
   at GitHub.Services.WebApi.Location.VssServerDataProvider.ConnectAsync(ConnectOptions connectOptions, CancellationToken cancellationToken)
   at GitHub.Runner.Common.RunnerService.EstablishVssConnection(Uri serverUrl, VssCredentials credentials, TimeSpan timeout)
[2025-10-10 02:37:41Z ERR  RunnerServer] GitHub.Services.WebApi.VssServiceResponseException: The resource cannot be found.
   at GitHub.Services.WebApi.VssHttpClientBase.HandleResponseAsync(HttpResponseMessage response, CancellationToken cancellationToken)
   at GitHub.Services.WebApi.VssHttpClientBase.SendAsync(HttpRequestMessage message, HttpCompletionOption completionOption, Object userState, CancellationToken cancellationToken)
   at GitHub.Services.WebApi.VssHttpClientBase.SendAsync[T](HttpRequestMessage message, Object userState, CancellationToken cancellationToken)
   at GitHub.Services.Location.Client.LocationHttpClient.GetConnectionDataAsync(ConnectOptions connectOptions, Int64 lastChangeId, CancellationToken cancellationToken, Object userState)
   at GitHub.Services.WebApi.Location.VssServerDataProvider.GetConnectionDataAsync(ConnectOptions connectOptions, Int32 lastChangeId, CancellationToken cancellationToken)
   at GitHub.Services.WebApi.Location.VssServerDataProvider.ConnectAsync(ConnectOptions connectOptions, CancellationToken cancellationToken)
   at GitHub.Runner.Common.RunnerService.EstablishVssConnection(Uri serverUrl, VssCredentials credentials, TimeSpan timeout)
[2025-10-10 02:37:41Z ERR  GitHubActionsService] GET request to https://pipelinesghubeus6.actions.githubusercontent.com/hKyNd5hzQTjPqVOxuFp9CyJ2tMUr8ytJJ9FfsFju3bqhBGI0lq/_apis/connectionData?connectOptions=1&lastChangeId=258625537&lastChangeId64=258625537 failed. HTTP Status: NotFound
[2025-10-10 02:37:41Z INFO GitHubActionsService] Finished operation Location.GetConnectionData
[2025-10-10 02:37:41Z INFO RunnerServer] Catch exception during connect. 4 attempt left.
[2025-10-10 02:37:41Z ERR  RunnerServer] GitHub.Services.WebApi.VssServiceResponseException: The resource cannot be found.
   at GitHub.Services.WebApi.VssHttpClientBase.HandleResponseAsync(HttpResponseMessage response, CancellationToken cancellationToken)
   at GitHub.Services.WebApi.VssHttpClientBase.SendAsync(HttpRequestMessage message, HttpCompletionOption completionOption, Object userState, CancellationToken cancellationToken)
   at GitHub.Services.WebApi.VssHttpClientBase.SendAsync[T](HttpRequestMessage message, Object userState, CancellationToken cancellationToken)
   at GitHub.Services.Location.Client.LocationHttpClient.GetConnectionDataAsync(ConnectOptions connectOptions, Int64 lastChangeId, CancellationToken cancellationToken, Object userState)
   at GitHub.Services.WebApi.Location.VssServerDataProvider.GetConnectionDataAsync(ConnectOptions connectOptions, Int32 lastChangeId, CancellationToken cancellationToken)
   at GitHub.Services.WebApi.Location.VssServerDataProvider.ConnectAsync(ConnectOptions connectOptions, CancellationToken cancellationToken)
   at GitHub.Runner.Common.RunnerService.EstablishVssConnection(Uri serverUrl, VssCredentials credentials, TimeSpan timeout)
[2025-10-10 02:37:41Z INFO GitHubActionsService] Starting operation Location.GetConnectionData
[2025-10-10 02:37:41Z INFO GitHubActionsService] Starting operation Location.GetConnectionData
[2025-10-10 02:37:41Z INFO GitHubActionsService] Starting operation Location.GetConnectionData
[2025-10-10 02:37:41Z ERR  GitHubActionsService] GET request to https://pipelinesghubeus6.actions.githubusercontent.com/hKyNd5hzQTjPqVOxuFp9CyJ2tMUr8ytJJ9FfsFju3bqhBGI0lq/_apis/connectionData?connectOptions=1&lastChangeId=258625537&lastChangeId64=258625537 failed. HTTP Status: NotFound
[2025-10-10 02:37:41Z INFO GitHubActionsService] Finished operation Location.GetConnectionData
[2025-10-10 02:37:41Z INFO RunnerServer] Catch exception during connect. 3 attempt left.
[2025-10-10 02:37:41Z ERR  RunnerServer] GitHub.Services.WebApi.VssServiceResponseException: The resource cannot be found.
   at GitHub.Services.WebApi.VssHttpClientBase.HandleResponseAsync(HttpResponseMessage response, CancellationToken cancellationToken)
   at GitHub.Services.WebApi.VssHttpClientBase.SendAsync(HttpRequestMessage message, HttpCompletionOption completionOption, Object userState, CancellationToken cancellationToken)
   at GitHub.Services.WebApi.VssHttpClientBase.SendAsync[T](HttpRequestMessage message, Object userState, CancellationToken cancellationToken)
   at GitHub.Services.Location.Client.LocationHttpClient.GetConnectionDataAsync(ConnectOptions connectOptions, Int64 lastChangeId, CancellationToken cancellationToken, Object userState)
   at GitHub.Services.WebApi.Location.VssServerDataProvider.GetConnectionDataAsync(ConnectOptions connectOptions, Int32 lastChangeId, CancellationToken cancellationToken)
   at GitHub.Services.WebApi.Location.VssServerDataProvider.ConnectAsync(ConnectOptions connectOptions, CancellationToken cancellationToken)
   at GitHub.Runner.Common.RunnerService.EstablishVssConnection(Uri serverUrl, VssCredentials credentials, TimeSpan timeout)
[2025-10-10 02:37:41Z ERR  GitHubActionsService] GET request to https://pipelinesghubeus6.actions.githubusercontent.com/hKyNd5hzQTjPqVOxuFp9CyJ2tMUr8ytJJ9FfsFju3bqhBGI0lq/_apis/connectionData?connectOptions=1&lastChangeId=258625537&lastChangeId64=258625537 failed. HTTP Status: NotFound
[2025-10-10 02:37:41Z INFO GitHubActionsService] Finished operation Location.GetConnectionData
[2025-10-10 02:37:41Z INFO RunnerServer] Catch exception during connect. 3 attempt left.
[2025-10-10 02:37:41Z ERR  RunnerServer] GitHub.Services.WebApi.VssServiceResponseException: The resource cannot be found.
   at GitHub.Services.WebApi.VssHttpClientBase.HandleResponseAsync(HttpResponseMessage response, CancellationToken cancellationToken)
   at GitHub.Services.WebApi.VssHttpClientBase.SendAsync(HttpRequestMessage message, HttpCompletionOption completionOption, Object userState, CancellationToken cancellationToken)
   at GitHub.Services.WebApi.VssHttpClientBase.SendAsync[T](HttpRequestMessage message, Object userState, CancellationToken cancellationToken)
   at GitHub.Services.Location.Client.LocationHttpClient.GetConnectionDataAsync(ConnectOptions connectOptions, Int64 lastChangeId, CancellationToken cancellationToken, Object userState)
   at GitHub.Services.WebApi.Location.VssServerDataProvider.GetConnectionDataAsync(ConnectOptions connectOptions, Int32 lastChangeId, CancellationToken cancellationToken)
   at GitHub.Services.WebApi.Location.VssServerDataProvider.ConnectAsync(ConnectOptions connectOptions, CancellationToken cancellationToken)
   at GitHub.Runner.Common.RunnerService.EstablishVssConnection(Uri serverUrl, VssCredentials credentials, TimeSpan timeout)
[2025-10-10 02:37:41Z ERR  GitHubActionsService] GET request to https://pipelinesghubeus6.actions.githubusercontent.com/hKyNd5hzQTjPqVOxuFp9CyJ2tMUr8ytJJ9FfsFju3bqhBGI0lq/_apis/connectionData?connectOptions=1&lastChangeId=258625537&lastChangeId64=258625537 failed. HTTP Status: NotFound
[2025-10-10 02:37:41Z INFO GitHubActionsService] Finished operation Location.GetConnectionData
[2025-10-10 02:37:41Z INFO RunnerServer] Catch exception during connect. 3 attempt left.
[2025-10-10 02:37:41Z ERR  RunnerServer] GitHub.Services.WebApi.VssServiceResponseException: The resource cannot be found.
   at GitHub.Services.WebApi.VssHttpClientBase.HandleResponseAsync(HttpResponseMessage response, CancellationToken cancellationToken)
   at GitHub.Services.WebApi.VssHttpClientBase.SendAsync(HttpRequestMessage message, HttpCompletionOption completionOption, Object userState, CancellationToken cancellationToken)
   at GitHub.Services.WebApi.VssHttpClientBase.SendAsync[T](HttpRequestMessage message, Object userState, CancellationToken cancellationToken)
   at GitHub.Services.Location.Client.LocationHttpClient.GetConnectionDataAsync(ConnectOptions connectOptions, Int64 lastChangeId, CancellationToken cancellationToken, Object userState)
   at GitHub.Services.WebApi.Location.VssServerDataProvider.GetConnectionDataAsync(ConnectOptions connectOptions, Int32 lastChangeId, CancellationToken cancellationToken)
   at GitHub.Services.WebApi.Location.VssServerDataProvider.ConnectAsync(ConnectOptions connectOptions, CancellationToken cancellationToken)
   at GitHub.Runner.Common.RunnerService.EstablishVssConnection(Uri serverUrl, VssCredentials credentials, TimeSpan timeout)
[2025-10-10 02:37:42Z INFO GitHubActionsService] Starting operation Location.GetConnectionData
[2025-10-10 02:37:42Z INFO GitHubActionsService] Starting operation Location.GetConnectionData
[2025-10-10 02:37:42Z INFO GitHubActionsService] Starting operation Location.GetConnectionData
[2025-10-10 02:37:42Z ERR  GitHubActionsService] GET request to https://pipelinesghubeus6.actions.githubusercontent.com/hKyNd5hzQTjPqVOxuFp9CyJ2tMUr8ytJJ9FfsFju3bqhBGI0lq/_apis/connectionData?connectOptions=1&lastChangeId=258625537&lastChangeId64=258625537 failed. HTTP Status: NotFound
[2025-10-10 02:37:42Z INFO GitHubActionsService] Finished operation Location.GetConnectionData
[2025-10-10 02:37:42Z INFO RunnerServer] Catch exception during connect. 2 attempt left.
[2025-10-10 02:37:42Z ERR  RunnerServer] GitHub.Services.WebApi.VssServiceResponseException: The resource cannot be found.
   at GitHub.Services.WebApi.VssHttpClientBase.HandleResponseAsync(HttpResponseMessage response, CancellationToken cancellationToken)
   at GitHub.Services.WebApi.VssHttpClientBase.SendAsync(HttpRequestMessage message, HttpCompletionOption completionOption, Object userState, CancellationToken cancellationToken)
   at GitHub.Services.WebApi.VssHttpClientBase.SendAsync[T](HttpRequestMessage message, Object userState, CancellationToken cancellationToken)
   at GitHub.Services.Location.Client.LocationHttpClient.GetConnectionDataAsync(ConnectOptions connectOptions, Int64 lastChangeId, CancellationToken cancellationToken, Object userState)
   at GitHub.Services.WebApi.Location.VssServerDataProvider.GetConnectionDataAsync(ConnectOptions connectOptions, Int32 lastChangeId, CancellationToken cancellationToken)
   at GitHub.Services.WebApi.Location.VssServerDataProvider.ConnectAsync(ConnectOptions connectOptions, CancellationToken cancellationToken)
   at GitHub.Runner.Common.RunnerService.EstablishVssConnection(Uri serverUrl, VssCredentials credentials, TimeSpan timeout)
[2025-10-10 02:37:42Z ERR  GitHubActionsService] GET request to https://pipelinesghubeus6.actions.githubusercontent.com/hKyNd5hzQTjPqVOxuFp9CyJ2tMUr8ytJJ9FfsFju3bqhBGI0lq/_apis/connectionData?connectOptions=1&lastChangeId=258625537&lastChangeId64=258625537 failed. HTTP Status: NotFound
[2025-10-10 02:37:42Z ERR  GitHubActionsService] GET request to https://pipelinesghubeus6.actions.githubusercontent.com/hKyNd5hzQTjPqVOxuFp9CyJ2tMUr8ytJJ9FfsFju3bqhBGI0lq/_apis/connectionData?connectOptions=1&lastChangeId=258625537&lastChangeId64=258625537 failed. HTTP Status: NotFound
[2025-10-10 02:37:42Z INFO GitHubActionsService] Finished operation Location.GetConnectionData
[2025-10-10 02:37:42Z INFO GitHubActionsService] Finished operation Location.GetConnectionData
[2025-10-10 02:37:42Z INFO RunnerServer] Catch exception during connect. 2 attempt left.
[2025-10-10 02:37:42Z INFO RunnerServer] Catch exception during connect. 2 attempt left.
[2025-10-10 02:37:42Z ERR  RunnerServer] GitHub.Services.WebApi.VssServiceResponseException: The resource cannot be found.
   at GitHub.Services.WebApi.VssHttpClientBase.HandleResponseAsync(HttpResponseMessage response, CancellationToken cancellationToken)
   at GitHub.Services.WebApi.VssHttpClientBase.SendAsync(HttpRequestMessage message, HttpCompletionOption completionOption, Object userState, CancellationToken cancellationToken)
   at GitHub.Services.WebApi.VssHttpClientBase.SendAsync[T](HttpRequestMessage message, Object userState, CancellationToken cancellationToken)
   at GitHub.Services.Location.Client.LocationHttpClient.GetConnectionDataAsync(ConnectOptions connectOptions, Int64 lastChangeId, CancellationToken cancellationToken, Object userState)
   at GitHub.Services.WebApi.Location.VssServerDataProvider.GetConnectionDataAsync(ConnectOptions connectOptions, Int32 lastChangeId, CancellationToken cancellationToken)
   at GitHub.Services.WebApi.Location.VssServerDataProvider.ConnectAsync(ConnectOptions connectOptions, CancellationToken cancellationToken)
   at GitHub.Runner.Common.RunnerService.EstablishVssConnection(Uri serverUrl, VssCredentials credentials, TimeSpan timeout)
[2025-10-10 02:37:42Z ERR  RunnerServer] GitHub.Services.WebApi.VssServiceResponseException: The resource cannot be found.
   at GitHub.Services.WebApi.VssHttpClientBase.HandleResponseAsync(HttpResponseMessage response, CancellationToken cancellationToken)
   at GitHub.Services.WebApi.VssHttpClientBase.SendAsync(HttpRequestMessage message, HttpCompletionOption completionOption, Object userState, CancellationToken cancellationToken)
   at GitHub.Services.WebApi.VssHttpClientBase.SendAsync[T](HttpRequestMessage message, Object userState, CancellationToken cancellationToken)
   at GitHub.Services.Location.Client.LocationHttpClient.GetConnectionDataAsync(ConnectOptions connectOptions, Int64 lastChangeId, CancellationToken cancellationToken, Object userState)
   at GitHub.Services.WebApi.Location.VssServerDataProvider.GetConnectionDataAsync(ConnectOptions connectOptions, Int32 lastChangeId, CancellationToken cancellationToken)
   at GitHub.Services.WebApi.Location.VssServerDataProvider.ConnectAsync(ConnectOptions connectOptions, CancellationToken cancellationToken)
   at GitHub.Runner.Common.RunnerService.EstablishVssConnection(Uri serverUrl, VssCredentials credentials, TimeSpan timeout)
[2025-10-10 02:37:42Z INFO GitHubActionsService] Starting operation Location.GetConnectionData
[2025-10-10 02:37:42Z INFO GitHubActionsService] Starting operation Location.GetConnectionData
[2025-10-10 02:37:42Z INFO GitHubActionsService] Starting operation Location.GetConnectionData
[2025-10-10 02:37:43Z ERR  GitHubActionsService] GET request to https://pipelinesghubeus6.actions.githubusercontent.com/hKyNd5hzQTjPqVOxuFp9CyJ2tMUr8ytJJ9FfsFju3bqhBGI0lq/_apis/connectionData?connectOptions=1&lastChangeId=258625537&lastChangeId64=258625537 failed. HTTP Status: NotFound
[2025-10-10 02:37:43Z INFO GitHubActionsService] Finished operation Location.GetConnectionData
[2025-10-10 02:37:43Z INFO RunnerServer] Catch exception during connect. 1 attempt left.
[2025-10-10 02:37:43Z ERR  RunnerServer] GitHub.Services.WebApi.VssServiceResponseException: The resource cannot be found.
   at GitHub.Services.WebApi.VssHttpClientBase.HandleResponseAsync(HttpResponseMessage response, CancellationToken cancellationToken)
   at GitHub.Services.WebApi.VssHttpClientBase.SendAsync(HttpRequestMessage message, HttpCompletionOption completionOption, Object userState, CancellationToken cancellationToken)
   at GitHub.Services.WebApi.VssHttpClientBase.SendAsync[T](HttpRequestMessage message, Object userState, CancellationToken cancellationToken)
   at GitHub.Services.Location.Client.LocationHttpClient.GetConnectionDataAsync(ConnectOptions connectOptions, Int64 lastChangeId, CancellationToken cancellationToken, Object userState)
   at GitHub.Services.WebApi.Location.VssServerDataProvider.GetConnectionDataAsync(ConnectOptions connectOptions, Int32 lastChangeId, CancellationToken cancellationToken)
   at GitHub.Services.WebApi.Location.VssServerDataProvider.ConnectAsync(ConnectOptions connectOptions, CancellationToken cancellationToken)
   at GitHub.Runner.Common.RunnerService.EstablishVssConnection(Uri serverUrl, VssCredentials credentials, TimeSpan timeout)
[2025-10-10 02:37:43Z ERR  GitHubActionsService] GET request to https://pipelinesghubeus6.actions.githubusercontent.com/hKyNd5hzQTjPqVOxuFp9CyJ2tMUr8ytJJ9FfsFju3bqhBGI0lq/_apis/connectionData?connectOptions=1&lastChangeId=258625537&lastChangeId64=258625537 failed. HTTP Status: NotFound
[2025-10-10 02:37:43Z ERR  GitHubActionsService] GET request to https://pipelinesghubeus6.actions.githubusercontent.com/hKyNd5hzQTjPqVOxuFp9CyJ2tMUr8ytJJ9FfsFju3bqhBGI0lq/_apis/connectionData?connectOptions=1&lastChangeId=258625537&lastChangeId64=258625537 failed. HTTP Status: NotFound
[2025-10-10 02:37:43Z INFO GitHubActionsService] Finished operation Location.GetConnectionData
[2025-10-10 02:37:43Z INFO GitHubActionsService] Finished operation Location.GetConnectionData
[2025-10-10 02:37:43Z INFO RunnerServer] Catch exception during connect. 1 attempt left.
[2025-10-10 02:37:43Z INFO RunnerServer] Catch exception during connect. 1 attempt left.
[2025-10-10 02:37:43Z ERR  RunnerServer] GitHub.Services.WebApi.VssServiceResponseException: The resource cannot be found.
   at GitHub.Services.WebApi.VssHttpClientBase.HandleResponseAsync(HttpResponseMessage response, CancellationToken cancellationToken)
   at GitHub.Services.WebApi.VssHttpClientBase.SendAsync(HttpRequestMessage message, HttpCompletionOption completionOption, Object userState, CancellationToken cancellationToken)
   at GitHub.Services.WebApi.VssHttpClientBase.SendAsync[T](HttpRequestMessage message, Object userState, CancellationToken cancellationToken)
   at GitHub.Services.Location.Client.LocationHttpClient.GetConnectionDataAsync(ConnectOptions connectOptions, Int64 lastChangeId, CancellationToken cancellationToken, Object userState)
   at GitHub.Services.WebApi.Location.VssServerDataProvider.GetConnectionDataAsync(ConnectOptions connectOptions, Int32 lastChangeId, CancellationToken cancellationToken)
   at GitHub.Services.WebApi.Location.VssServerDataProvider.ConnectAsync(ConnectOptions connectOptions, CancellationToken cancellationToken)
   at GitHub.Runner.Common.RunnerService.EstablishVssConnection(Uri serverUrl, VssCredentials credentials, TimeSpan timeout)
[2025-10-10 02:37:43Z ERR  RunnerServer] GitHub.Services.WebApi.VssServiceResponseException: The resource cannot be found.
   at GitHub.Services.WebApi.VssHttpClientBase.HandleResponseAsync(HttpResponseMessage response, CancellationToken cancellationToken)
   at GitHub.Services.WebApi.VssHttpClientBase.SendAsync(HttpRequestMessage message, HttpCompletionOption completionOption, Object userState, CancellationToken cancellationToken)
   at GitHub.Services.WebApi.VssHttpClientBase.SendAsync[T](HttpRequestMessage message, Object userState, CancellationToken cancellationToken)
   at GitHub.Services.Location.Client.LocationHttpClient.GetConnectionDataAsync(ConnectOptions connectOptions, Int64 lastChangeId, CancellationToken cancellationToken, Object userState)
   at GitHub.Services.WebApi.Location.VssServerDataProvider.GetConnectionDataAsync(ConnectOptions connectOptions, Int32 lastChangeId, CancellationToken cancellationToken)
   at GitHub.Services.WebApi.Location.VssServerDataProvider.ConnectAsync(ConnectOptions connectOptions, CancellationToken cancellationToken)
   at GitHub.Runner.Common.RunnerService.EstablishVssConnection(Uri serverUrl, VssCredentials credentials, TimeSpan timeout)
[2025-10-10 02:37:43Z INFO GitHubActionsService] Starting operation Location.GetConnectionData
[2025-10-10 02:37:43Z INFO GitHubActionsService] Starting operation Location.GetConnectionData
[2025-10-10 02:37:43Z INFO GitHubActionsService] Starting operation Location.GetConnectionData
[2025-10-10 02:37:44Z ERR  GitHubActionsService] GET request to https://pipelinesghubeus6.actions.githubusercontent.com/hKyNd5hzQTjPqVOxuFp9CyJ2tMUr8ytJJ9FfsFju3bqhBGI0lq/_apis/connectionData?connectOptions=1&lastChangeId=258625537&lastChangeId64=258625537 failed. HTTP Status: NotFound
[2025-10-10 02:37:44Z INFO GitHubActionsService] Finished operation Location.GetConnectionData
[2025-10-10 02:37:44Z ERR  GitHubActionsService] GET request to https://pipelinesghubeus6.actions.githubusercontent.com/hKyNd5hzQTjPqVOxuFp9CyJ2tMUr8ytJJ9FfsFju3bqhBGI0lq/_apis/connectionData?connectOptions=1&lastChangeId=258625537&lastChangeId64=258625537 failed. HTTP Status: NotFound
[2025-10-10 02:37:44Z INFO GitHubActionsService] Finished operation Location.GetConnectionData
[2025-10-10 02:37:44Z ERR  GitHubActionsService] GET request to https://pipelinesghubeus6.actions.githubusercontent.com/hKyNd5hzQTjPqVOxuFp9CyJ2tMUr8ytJJ9FfsFju3bqhBGI0lq/_apis/connectionData?connectOptions=1&lastChangeId=258625537&lastChangeId64=258625537 failed. HTTP Status: NotFound
[2025-10-10 02:37:44Z INFO GitHubActionsService] Finished operation Location.GetConnectionData
[2025-10-10 02:37:44Z ERR  BrokerMessageListener] Catch exception during create session.
[2025-10-10 02:37:44Z ERR  BrokerMessageListener] GitHub.Services.WebApi.VssServiceResponseException: The resource cannot be found.
   at GitHub.Services.WebApi.VssHttpClientBase.HandleResponseAsync(HttpResponseMessage response, CancellationToken cancellationToken)
   at GitHub.Services.WebApi.VssHttpClientBase.SendAsync(HttpRequestMessage message, HttpCompletionOption completionOption, Object userState, CancellationToken cancellationToken)
   at GitHub.Services.WebApi.VssHttpClientBase.SendAsync[T](HttpRequestMessage message, Object userState, CancellationToken cancellationToken)
   at GitHub.Services.Location.Client.LocationHttpClient.GetConnectionDataAsync(ConnectOptions connectOptions, Int64 lastChangeId, CancellationToken cancellationToken, Object userState)
   at GitHub.Services.WebApi.Location.VssServerDataProvider.GetConnectionDataAsync(ConnectOptions connectOptions, Int32 lastChangeId, CancellationToken cancellationToken)
   at GitHub.Services.WebApi.Location.VssServerDataProvider.ConnectAsync(ConnectOptions connectOptions, CancellationToken cancellationToken)
   at GitHub.Runner.Common.RunnerService.EstablishVssConnection(Uri serverUrl, VssCredentials credentials, TimeSpan timeout)
   at GitHub.Runner.Common.RunnerServer.ConnectAsync(Uri serverUrl, VssCredentials credentials)
   at GitHub.Runner.Listener.BrokerMessageListener.CreateSessionAsync(CancellationToken token)
[2025-10-10 02:37:44Z INFO BrokerMessageListener] Retriable exception: The resource cannot be found.
[2025-10-10 02:37:44Z INFO BrokerMessageListener] Sleeping for 30 seconds before retrying.
[2025-10-10 02:38:14Z INFO BrokerMessageListener] Attempt to create session.
[2025-10-10 02:38:14Z INFO BrokerMessageListener] Connecting to the Broker Server...
[2025-10-10 02:38:14Z INFO ConfigurationStore] HasCredentials()
[2025-10-10 02:38:14Z INFO ConfigurationStore] stored True
[2025-10-10 02:38:14Z INFO CredentialManager] GetCredentialProvider
[2025-10-10 02:38:14Z INFO CredentialManager] Creating type OAuth
[2025-10-10 02:38:14Z INFO CredentialManager] Creating credential type: OAuth
[2025-10-10 02:38:14Z INFO RSAEncryptedFileKeyManager] Loading RSA key parameters from file G:\Brunella\actions-runner\.credentials_rsaparams
[2025-10-10 02:38:14Z INFO BrokerMessageListener] VssConnection created
[2025-10-10 02:38:14Z INFO BrokerMessageListener] Connecting to the Runner server...
[2025-10-10 02:38:14Z INFO RunnerServer] EstablishVssConnection
[2025-10-10 02:38:14Z INFO RunnerServer] Establish connection with 100 seconds timeout.
[2025-10-10 02:38:14Z INFO GitHubActionsService] Starting operation Location.GetConnectionData
[2025-10-10 02:38:14Z INFO RunnerServer] EstablishVssConnection
[2025-10-10 02:38:14Z INFO RunnerServer] Establish connection with 60 seconds timeout.
[2025-10-10 02:38:14Z INFO GitHubActionsService] Starting operation Location.GetConnectionData
[2025-10-10 02:38:14Z INFO RunnerServer] EstablishVssConnection
[2025-10-10 02:38:14Z INFO RunnerServer] Establish connection with 60 seconds timeout.
[2025-10-10 02:38:14Z INFO GitHubActionsService] Starting operation Location.GetConnectionData
[2025-10-10 02:38:14Z ERR  GitHubActionsService] GET request to https://pipelinesghubeus6.actions.githubusercontent.com/hKyNd5hzQTjPqVOxuFp9CyJ2tMUr8ytJJ9FfsFju3bqhBGI0lq/_apis/connectionData?connectOptions=1&lastChangeId=258625537&lastChangeId64=258625537 failed. HTTP Status: NotFound
[2025-10-10 02:38:14Z INFO GitHubActionsService] Finished operation Location.GetConnectionData
[2025-10-10 02:38:14Z INFO RunnerServer] Catch exception during connect. 4 attempt left.
[2025-10-10 02:38:14Z ERR  RunnerServer] GitHub.Services.WebApi.VssServiceResponseException: The resource cannot be found.
   at GitHub.Services.WebApi.VssHttpClientBase.HandleResponseAsync(HttpResponseMessage response, CancellationToken cancellationToken)
   at GitHub.Services.WebApi.VssHttpClientBase.SendAsync(HttpRequestMessage message, HttpCompletionOption completionOption, Object userState, CancellationToken cancellationToken)
   at GitHub.Services.WebApi.VssHttpClientBase.SendAsync[T](HttpRequestMessage message, Object userState, CancellationToken cancellationToken)
   at GitHub.Services.Location.Client.LocationHttpClient.GetConnectionDataAsync(ConnectOptions connectOptions, Int64 lastChangeId, CancellationToken cancellationToken, Object userState)
   at GitHub.Services.WebApi.Location.VssServerDataProvider.GetConnectionDataAsync(ConnectOptions connectOptions, Int32 lastChangeId, CancellationToken cancellationToken)
   at GitHub.Services.WebApi.Location.VssServerDataProvider.ConnectAsync(ConnectOptions connectOptions, CancellationToken cancellationToken)
   at GitHub.Runner.Common.RunnerService.EstablishVssConnection(Uri serverUrl, VssCredentials credentials, TimeSpan timeout)
[2025-10-10 02:38:14Z ERR  GitHubActionsService] GET request to https://pipelinesghubeus6.actions.githubusercontent.com/hKyNd5hzQTjPqVOxuFp9CyJ2tMUr8ytJJ9FfsFju3bqhBGI0lq/_apis/connectionData?connectOptions=1&lastChangeId=258625537&lastChangeId64=258625537 failed. HTTP Status: NotFound
[2025-10-10 02:38:14Z INFO GitHubActionsService] Finished operation Location.GetConnectionData
[2025-10-10 02:38:14Z INFO RunnerServer] Catch exception during connect. 4 attempt left.
[2025-10-10 02:38:14Z ERR  RunnerServer] GitHub.Services.WebApi.VssServiceResponseException: The resource cannot be found.
   at GitHub.Services.WebApi.VssHttpClientBase.HandleResponseAsync(HttpResponseMessage response, CancellationToken cancellationToken)
   at GitHub.Services.WebApi.VssHttpClientBase.SendAsync(HttpRequestMessage message, HttpCompletionOption completionOption, Object userState, CancellationToken cancellationToken)
   at GitHub.Services.WebApi.VssHttpClientBase.SendAsync[T](HttpRequestMessage message, Object userState, CancellationToken cancellationToken)
   at GitHub.Services.Location.Client.LocationHttpClient.GetConnectionDataAsync(ConnectOptions connectOptions, Int64 lastChangeId, CancellationToken cancellationToken, Object userState)
   at GitHub.Services.WebApi.Location.VssServerDataProvider.GetConnectionDataAsync(ConnectOptions connectOptions, Int32 lastChangeId, CancellationToken cancellationToken)
   at GitHub.Services.WebApi.Location.VssServerDataProvider.ConnectAsync(ConnectOptions connectOptions, CancellationToken cancellationToken)
   at GitHub.Runner.Common.RunnerService.EstablishVssConnection(Uri serverUrl, VssCredentials credentials, TimeSpan timeout)
[2025-10-10 02:38:14Z ERR  GitHubActionsService] GET request to https://pipelinesghubeus6.actions.githubusercontent.com/hKyNd5hzQTjPqVOxuFp9CyJ2tMUr8ytJJ9FfsFju3bqhBGI0lq/_apis/connectionData?connectOptions=1&lastChangeId=258625537&lastChangeId64=258625537 failed. HTTP Status: NotFound
[2025-10-10 02:38:14Z INFO GitHubActionsService] Finished operation Location.GetConnectionData
[2025-10-10 02:38:14Z INFO RunnerServer] Catch exception during connect. 4 attempt left.
[2025-10-10 02:38:14Z ERR  RunnerServer] GitHub.Services.WebApi.VssServiceResponseException: The resource cannot be found.
   at GitHub.Services.WebApi.VssHttpClientBase.HandleResponseAsync(HttpResponseMessage response, CancellationToken cancellationToken)
   at GitHub.Services.WebApi.VssHttpClientBase.SendAsync(HttpRequestMessage message, HttpCompletionOption completionOption, Object userState, CancellationToken cancellationToken)
   at GitHub.Services.WebApi.VssHttpClientBase.SendAsync[T](HttpRequestMessage message, Object userState, CancellationToken cancellationToken)
   at GitHub.Services.Location.Client.LocationHttpClient.GetConnectionDataAsync(ConnectOptions connectOptions, Int64 lastChangeId, CancellationToken cancellationToken, Object userState)
   at GitHub.Services.WebApi.Location.VssServerDataProvider.GetConnectionDataAsync(ConnectOptions connectOptions, Int32 lastChangeId, CancellationToken cancellationToken)
   at GitHub.Services.WebApi.Location.VssServerDataProvider.ConnectAsync(ConnectOptions connectOptions, CancellationToken cancellationToken)
   at GitHub.Runner.Common.RunnerService.EstablishVssConnection(Uri serverUrl, VssCredentials credentials, TimeSpan timeout)
[2025-10-10 02:38:14Z INFO GitHubActionsService] Starting operation Location.GetConnectionData
[2025-10-10 02:38:14Z INFO GitHubActionsService] Starting operation Location.GetConnectionData
[2025-10-10 02:38:14Z INFO GitHubActionsService] Starting operation Location.GetConnectionData
[2025-10-10 02:38:15Z ERR  GitHubActionsService] GET request to https://pipelinesghubeus6.actions.githubusercontent.com/hKyNd5hzQTjPqVOxuFp9CyJ2tMUr8ytJJ9FfsFju3bqhBGI0lq/_apis/connectionData?connectOptions=1&lastChangeId=258625537&lastChangeId64=258625537 failed. HTTP Status: NotFound
[2025-10-10 02:38:15Z INFO GitHubActionsService] Finished operation Location.GetConnectionData
[2025-10-10 02:38:15Z INFO RunnerServer] Catch exception during connect. 3 attempt left.
[2025-10-10 02:38:15Z ERR  RunnerServer] GitHub.Services.WebApi.VssServiceResponseException: The resource cannot be found.
   at GitHub.Services.WebApi.VssHttpClientBase.HandleResponseAsync(HttpResponseMessage response, CancellationToken cancellationToken)
   at GitHub.Services.WebApi.VssHttpClientBase.SendAsync(HttpRequestMessage message, HttpCompletionOption completionOption, Object userState, CancellationToken cancellationToken)
   at GitHub.Services.WebApi.VssHttpClientBase.SendAsync[T](HttpRequestMessage message, Object userState, CancellationToken cancellationToken)
   at GitHub.Services.Location.Client.LocationHttpClient.GetConnectionDataAsync(ConnectOptions connectOptions, Int64 lastChangeId, CancellationToken cancellationToken, Object userState)
   at GitHub.Services.WebApi.Location.VssServerDataProvider.GetConnectionDataAsync(ConnectOptions connectOptions, Int32 lastChangeId, CancellationToken cancellationToken)
   at GitHub.Services.WebApi.Location.VssServerDataProvider.ConnectAsync(ConnectOptions connectOptions, CancellationToken cancellationToken)
   at GitHub.Runner.Common.RunnerService.EstablishVssConnection(Uri serverUrl, VssCredentials credentials, TimeSpan timeout)
[2025-10-10 02:38:15Z INFO GitHubActionsService] Starting operation Location.GetConnectionData
[2025-10-10 02:38:15Z ERR  GitHubActionsService] GET request to https://pipelinesghubeus6.actions.githubusercontent.com/hKyNd5hzQTjPqVOxuFp9CyJ2tMUr8ytJJ9FfsFju3bqhBGI0lq/_apis/connectionData?connectOptions=1&lastChangeId=258625537&lastChangeId64=258625537 failed. HTTP Status: NotFound
[2025-10-10 02:38:15Z INFO GitHubActionsService] Finished operation Location.GetConnectionData
[2025-10-10 02:38:15Z INFO RunnerServer] Catch exception during connect. 3 attempt left.
[2025-10-10 02:38:15Z ERR  RunnerServer] GitHub.Services.WebApi.VssServiceResponseException: The resource cannot be found.
   at GitHub.Services.WebApi.VssHttpClientBase.HandleResponseAsync(HttpResponseMessage response, CancellationToken cancellationToken)
   at GitHub.Services.WebApi.VssHttpClientBase.SendAsync(HttpRequestMessage message, HttpCompletionOption completionOption, Object userState, CancellationToken cancellationToken)
   at GitHub.Services.WebApi.VssHttpClientBase.SendAsync[T](HttpRequestMessage message, Object userState, CancellationToken cancellationToken)
   at GitHub.Services.Location.Client.LocationHttpClient.GetConnectionDataAsync(ConnectOptions connectOptions, Int64 lastChangeId, CancellationToken cancellationToken, Object userState)
   at GitHub.Services.WebApi.Location.VssServerDataProvider.GetConnectionDataAsync(ConnectOptions connectOptions, Int32 lastChangeId, CancellationToken cancellationToken)
   at GitHub.Services.WebApi.Location.VssServerDataProvider.ConnectAsync(ConnectOptions connectOptions, CancellationToken cancellationToken)
   at GitHub.Runner.Common.RunnerService.EstablishVssConnection(Uri serverUrl, VssCredentials credentials, TimeSpan timeout)
[2025-10-10 02:38:15Z ERR  GitHubActionsService] GET request to https://pipelinesghubeus6.actions.githubusercontent.com/hKyNd5hzQTjPqVOxuFp9CyJ2tMUr8ytJJ9FfsFju3bqhBGI0lq/_apis/connectionData?connectOptions=1&lastChangeId=258625537&lastChangeId64=258625537 failed. HTTP Status: NotFound
[2025-10-10 02:38:15Z INFO GitHubActionsService] Finished operation Location.GetConnectionData
[2025-10-10 02:38:15Z INFO RunnerServer] Catch exception during connect. 3 attempt left.
[2025-10-10 02:38:15Z ERR  RunnerServer] GitHub.Services.WebApi.VssServiceResponseException: The resource cannot be found.
   at GitHub.Services.WebApi.VssHttpClientBase.HandleResponseAsync(HttpResponseMessage response, CancellationToken cancellationToken)
   at GitHub.Services.WebApi.VssHttpClientBase.SendAsync(HttpRequestMessage message, HttpCompletionOption completionOption, Object userState, CancellationToken cancellationToken)
   at GitHub.Services.WebApi.VssHttpClientBase.SendAsync[T](HttpRequestMessage message, Object userState, CancellationToken cancellationToken)
   at GitHub.Services.Location.Client.LocationHttpClient.GetConnectionDataAsync(ConnectOptions connectOptions, Int64 lastChangeId, CancellationToken cancellationToken, Object userState)
   at GitHub.Services.WebApi.Location.VssServerDataProvider.GetConnectionDataAsync(ConnectOptions connectOptions, Int32 lastChangeId, CancellationToken cancellationToken)
   at GitHub.Services.WebApi.Location.VssServerDataProvider.ConnectAsync(ConnectOptions connectOptions, CancellationToken cancellationToken)
   at GitHub.Runner.Common.RunnerService.EstablishVssConnection(Uri serverUrl, VssCredentials credentials, TimeSpan timeout)
[2025-10-10 02:38:15Z INFO GitHubActionsService] Starting operation Location.GetConnectionData
[2025-10-10 02:38:15Z INFO GitHubActionsService] Starting operation Location.GetConnectionData
[2025-10-10 02:38:16Z ERR  GitHubActionsService] GET request to https://pipelinesghubeus6.actions.githubusercontent.com/hKyNd5hzQTjPqVOxuFp9CyJ2tMUr8ytJJ9FfsFju3bqhBGI0lq/_apis/connectionData?connectOptions=1&lastChangeId=258625537&lastChangeId64=258625537 failed. HTTP Status: NotFound
[2025-10-10 02:38:16Z INFO GitHubActionsService] Finished operation Location.GetConnectionData
[2025-10-10 02:38:16Z INFO RunnerServer] Catch exception during connect. 2 attempt left.
[2025-10-10 02:38:16Z ERR  RunnerServer] GitHub.Services.WebApi.VssServiceResponseException: The resource cannot be found.
   at GitHub.Services.WebApi.VssHttpClientBase.HandleResponseAsync(HttpResponseMessage response, CancellationToken cancellationToken)
   at GitHub.Services.WebApi.VssHttpClientBase.SendAsync(HttpRequestMessage message, HttpCompletionOption completionOption, Object userState, CancellationToken cancellationToken)
   at GitHub.Services.WebApi.VssHttpClientBase.SendAsync[T](HttpRequestMessage message, Object userState, CancellationToken cancellationToken)
   at GitHub.Services.Location.Client.LocationHttpClient.GetConnectionDataAsync(ConnectOptions connectOptions, Int64 lastChangeId, CancellationToken cancellationToken, Object userState)
   at GitHub.Services.WebApi.Location.VssServerDataProvider.GetConnectionDataAsync(ConnectOptions connectOptions, Int32 lastChangeId, CancellationToken cancellationToken)
   at GitHub.Services.WebApi.Location.VssServerDataProvider.ConnectAsync(ConnectOptions connectOptions, CancellationToken cancellationToken)
   at GitHub.Runner.Common.RunnerService.EstablishVssConnection(Uri serverUrl, VssCredentials credentials, TimeSpan timeout)
[2025-10-10 02:38:16Z INFO GitHubActionsService] Starting operation Location.GetConnectionData
[2025-10-10 02:38:16Z ERR  GitHubActionsService] GET request to https://pipelinesghubeus6.actions.githubusercontent.com/hKyNd5hzQTjPqVOxuFp9CyJ2tMUr8ytJJ9FfsFju3bqhBGI0lq/_apis/connectionData?connectOptions=1&lastChangeId=258625537&lastChangeId64=258625537 failed. HTTP Status: NotFound
[2025-10-10 02:38:16Z INFO GitHubActionsService] Finished operation Location.GetConnectionData
[2025-10-10 02:38:16Z INFO RunnerServer] Catch exception during connect. 2 attempt left.
[2025-10-10 02:38:16Z ERR  RunnerServer] GitHub.Services.WebApi.VssServiceResponseException: The resource cannot be found.
   at GitHub.Services.WebApi.VssHttpClientBase.HandleResponseAsync(HttpResponseMessage response, CancellationToken cancellationToken)
   at GitHub.Services.WebApi.VssHttpClientBase.SendAsync(HttpRequestMessage message, HttpCompletionOption completionOption, Object userState, CancellationToken cancellationToken)
   at GitHub.Services.WebApi.VssHttpClientBase.SendAsync[T](HttpRequestMessage message, Object userState, CancellationToken cancellationToken)
   at GitHub.Services.Location.Client.LocationHttpClient.GetConnectionDataAsync(ConnectOptions connectOptions, Int64 lastChangeId, CancellationToken cancellationToken, Object userState)
   at GitHub.Services.WebApi.Location.VssServerDataProvider.GetConnectionDataAsync(ConnectOptions connectOptions, Int32 lastChangeId, CancellationToken cancellationToken)
   at GitHub.Services.WebApi.Location.VssServerDataProvider.ConnectAsync(ConnectOptions connectOptions, CancellationToken cancellationToken)
   at GitHub.Runner.Common.RunnerService.EstablishVssConnection(Uri serverUrl, VssCredentials credentials, TimeSpan timeout)
[2025-10-10 02:38:16Z ERR  GitHubActionsService] GET request to https://pipelinesghubeus6.actions.githubusercontent.com/hKyNd5hzQTjPqVOxuFp9CyJ2tMUr8ytJJ9FfsFju3bqhBGI0lq/_apis/connectionData?connectOptions=1&lastChangeId=258625537&lastChangeId64=258625537 failed. HTTP Status: NotFound
[2025-10-10 02:38:16Z INFO GitHubActionsService] Finished operation Location.GetConnectionData
[2025-10-10 02:38:16Z INFO RunnerServer] Catch exception during connect. 2 attempt left.
[2025-10-10 02:38:16Z ERR  RunnerServer] GitHub.Services.WebApi.VssServiceResponseException: The resource cannot be found.
   at GitHub.Services.WebApi.VssHttpClientBase.HandleResponseAsync(HttpResponseMessage response, CancellationToken cancellationToken)
   at GitHub.Services.WebApi.VssHttpClientBase.SendAsync(HttpRequestMessage message, HttpCompletionOption completionOption, Object userState, CancellationToken cancellationToken)
   at GitHub.Services.WebApi.VssHttpClientBase.SendAsync[T](HttpRequestMessage message, Object userState, CancellationToken cancellationToken)
   at GitHub.Services.Location.Client.LocationHttpClient.GetConnectionDataAsync(ConnectOptions connectOptions, Int64 lastChangeId, CancellationToken cancellationToken, Object userState)
   at GitHub.Services.WebApi.Location.VssServerDataProvider.GetConnectionDataAsync(ConnectOptions connectOptions, Int32 lastChangeId, CancellationToken cancellationToken)
   at GitHub.Services.WebApi.Location.VssServerDataProvider.ConnectAsync(ConnectOptions connectOptions, CancellationToken cancellationToken)
   at GitHub.Runner.Common.RunnerService.EstablishVssConnection(Uri serverUrl, VssCredentials credentials, TimeSpan timeout)
[2025-10-10 02:38:16Z INFO GitHubActionsService] Starting operation Location.GetConnectionData
[2025-10-10 02:38:16Z INFO GitHubActionsService] Starting operation Location.GetConnectionData
[2025-10-10 02:38:17Z ERR  GitHubActionsService] GET request to https://pipelinesghubeus6.actions.githubusercontent.com/hKyNd5hzQTjPqVOxuFp9CyJ2tMUr8ytJJ9FfsFju3bqhBGI0lq/_apis/connectionData?connectOptions=1&lastChangeId=258625537&lastChangeId64=258625537 failed. HTTP Status: NotFound
[2025-10-10 02:38:17Z INFO GitHubActionsService] Finished operation Location.GetConnectionData
[2025-10-10 02:38:17Z INFO RunnerServer] Catch exception during connect. 1 attempt left.
[2025-10-10 02:38:17Z ERR  RunnerServer] GitHub.Services.WebApi.VssServiceResponseException: The resource cannot be found.
   at GitHub.Services.WebApi.VssHttpClientBase.HandleResponseAsync(HttpResponseMessage response, CancellationToken cancellationToken)
   at GitHub.Services.WebApi.VssHttpClientBase.SendAsync(HttpRequestMessage message, HttpCompletionOption completionOption, Object userState, CancellationToken cancellationToken)
   at GitHub.Services.WebApi.VssHttpClientBase.SendAsync[T](HttpRequestMessage message, Object userState, CancellationToken cancellationToken)
   at GitHub.Services.Location.Client.LocationHttpClient.GetConnectionDataAsync(ConnectOptions connectOptions, Int64 lastChangeId, CancellationToken cancellationToken, Object userState)
   at GitHub.Services.WebApi.Location.VssServerDataProvider.GetConnectionDataAsync(ConnectOptions connectOptions, Int32 lastChangeId, CancellationToken cancellationToken)
   at GitHub.Services.WebApi.Location.VssServerDataProvider.ConnectAsync(ConnectOptions connectOptions, CancellationToken cancellationToken)
   at GitHub.Runner.Common.RunnerService.EstablishVssConnection(Uri serverUrl, VssCredentials credentials, TimeSpan timeout)
[2025-10-10 02:38:17Z INFO GitHubActionsService] Starting operation Location.GetConnectionData
[2025-10-10 02:38:17Z ERR  GitHubActionsService] GET request to https://pipelinesghubeus6.actions.githubusercontent.com/hKyNd5hzQTjPqVOxuFp9CyJ2tMUr8ytJJ9FfsFju3bqhBGI0lq/_apis/connectionData?connectOptions=1&lastChangeId=258625537&lastChangeId64=258625537 failed. HTTP Status: NotFound
[2025-10-10 02:38:17Z INFO GitHubActionsService] Finished operation Location.GetConnectionData
[2025-10-10 02:38:17Z INFO RunnerServer] Catch exception during connect. 1 attempt left.
[2025-10-10 02:38:17Z ERR  RunnerServer] GitHub.Services.WebApi.VssServiceResponseException: The resource cannot be found.
   at GitHub.Services.WebApi.VssHttpClientBase.HandleResponseAsync(HttpResponseMessage response, CancellationToken cancellationToken)
   at GitHub.Services.WebApi.VssHttpClientBase.SendAsync(HttpRequestMessage message, HttpCompletionOption completionOption, Object userState, CancellationToken cancellationToken)
   at GitHub.Services.WebApi.VssHttpClientBase.SendAsync[T](HttpRequestMessage message, Object userState, CancellationToken cancellationToken)
   at GitHub.Services.Location.Client.LocationHttpClient.GetConnectionDataAsync(ConnectOptions connectOptions, Int64 lastChangeId, CancellationToken cancellationToken, Object userState)
   at GitHub.Services.WebApi.Location.VssServerDataProvider.GetConnectionDataAsync(ConnectOptions connectOptions, Int32 lastChangeId, CancellationToken cancellationToken)
   at GitHub.Services.WebApi.Location.VssServerDataProvider.ConnectAsync(ConnectOptions connectOptions, CancellationToken cancellationToken)
   at GitHub.Runner.Common.RunnerService.EstablishVssConnection(Uri serverUrl, VssCredentials credentials, TimeSpan timeout)
[2025-10-10 02:38:17Z ERR  GitHubActionsService] GET request to https://pipelinesghubeus6.actions.githubusercontent.com/hKyNd5hzQTjPqVOxuFp9CyJ2tMUr8ytJJ9FfsFju3bqhBGI0lq/_apis/connectionData?connectOptions=1&lastChangeId=258625537&lastChangeId64=258625537 failed. HTTP Status: NotFound
[2025-10-10 02:38:17Z INFO GitHubActionsService] Finished operation Location.GetConnectionData
[2025-10-10 02:38:17Z INFO RunnerServer] Catch exception during connect. 1 attempt left.
[2025-10-10 02:38:17Z ERR  RunnerServer] GitHub.Services.WebApi.VssServiceResponseException: The resource cannot be found.
   at GitHub.Services.WebApi.VssHttpClientBase.HandleResponseAsync(HttpResponseMessage response, CancellationToken cancellationToken)
   at GitHub.Services.WebApi.VssHttpClientBase.SendAsync(HttpRequestMessage message, HttpCompletionOption completionOption, Object userState, CancellationToken cancellationToken)
   at GitHub.Services.WebApi.VssHttpClientBase.SendAsync[T](HttpRequestMessage message, Object userState, CancellationToken cancellationToken)
   at GitHub.Services.Location.Client.LocationHttpClient.GetConnectionDataAsync(ConnectOptions connectOptions, Int64 lastChangeId, CancellationToken cancellationToken, Object userState)
   at GitHub.Services.WebApi.Location.VssServerDataProvider.GetConnectionDataAsync(ConnectOptions connectOptions, Int32 lastChangeId, CancellationToken cancellationToken)
   at GitHub.Services.WebApi.Location.VssServerDataProvider.ConnectAsync(ConnectOptions connectOptions, CancellationToken cancellationToken)
   at GitHub.Runner.Common.RunnerService.EstablishVssConnection(Uri serverUrl, VssCredentials credentials, TimeSpan timeout)
[2025-10-10 02:38:17Z INFO GitHubActionsService] Starting operation Location.GetConnectionData
[2025-10-10 02:38:17Z INFO GitHubActionsService] Starting operation Location.GetConnectionData
[2025-10-10 02:38:17Z ERR  GitHubActionsService] GET request to https://pipelinesghubeus6.actions.githubusercontent.com/hKyNd5hzQTjPqVOxuFp9CyJ2tMUr8ytJJ9FfsFju3bqhBGI0lq/_apis/connectionData?connectOptions=1&lastChangeId=258625537&lastChangeId64=258625537 failed. HTTP Status: NotFound
[2025-10-10 02:38:17Z INFO GitHubActionsService] Finished operation Location.GetConnectionData
[2025-10-10 02:38:17Z ERR  GitHubActionsService] GET request to https://pipelinesghubeus6.actions.githubusercontent.com/hKyNd5hzQTjPqVOxuFp9CyJ2tMUr8ytJJ9FfsFju3bqhBGI0lq/_apis/connectionData?connectOptions=1&lastChangeId=258625537&lastChangeId64=258625537 failed. HTTP Status: NotFound
[2025-10-10 02:38:17Z INFO GitHubActionsService] Finished operation Location.GetConnectionData
[2025-10-10 02:38:17Z ERR  GitHubActionsService] GET request to https://pipelinesghubeus6.actions.githubusercontent.com/hKyNd5hzQTjPqVOxuFp9CyJ2tMUr8ytJJ9FfsFju3bqhBGI0lq/_apis/connectionData?connectOptions=1&lastChangeId=258625537&lastChangeId64=258625537 failed. HTTP Status: NotFound
[2025-10-10 02:38:17Z INFO GitHubActionsService] Finished operation Location.GetConnectionData
[2025-10-10 02:38:17Z ERR  BrokerMessageListener] Catch exception during create session.
[2025-10-10 02:38:17Z ERR  BrokerMessageListener] GitHub.Services.WebApi.VssServiceResponseException: The resource cannot be found.
   at GitHub.Services.WebApi.VssHttpClientBase.HandleResponseAsync(HttpResponseMessage response, CancellationToken cancellationToken)
   at GitHub.Services.WebApi.VssHttpClientBase.SendAsync(HttpRequestMessage message, HttpCompletionOption completionOption, Object userState, CancellationToken cancellationToken)
   at GitHub.Services.WebApi.VssHttpClientBase.SendAsync[T](HttpRequestMessage message, Object userState, CancellationToken cancellationToken)
   at GitHub.Services.Location.Client.LocationHttpClient.GetConnectionDataAsync(ConnectOptions connectOptions, Int64 lastChangeId, CancellationToken cancellationToken, Object userState)
   at GitHub.Services.WebApi.Location.VssServerDataProvider.GetConnectionDataAsync(ConnectOptions connectOptions, Int32 lastChangeId, CancellationToken cancellationToken)
   at GitHub.Services.WebApi.Location.VssServerDataProvider.ConnectAsync(ConnectOptions connectOptions, CancellationToken cancellationToken)
   at GitHub.Runner.Common.RunnerService.EstablishVssConnection(Uri serverUrl, VssCredentials credentials, TimeSpan timeout)
   at GitHub.Runner.Common.RunnerServer.ConnectAsync(Uri serverUrl, VssCredentials credentials)
   at GitHub.Runner.Listener.BrokerMessageListener.CreateSessionAsync(CancellationToken token)
[2025-10-10 02:38:17Z INFO BrokerMessageListener] Retriable exception: The resource cannot be found.
[2025-10-10 02:38:17Z INFO BrokerMessageListener] Sleeping for 30 seconds before retrying.
[2025-10-10 02:38:47Z INFO BrokerMessageListener] Attempt to create session.
[2025-10-10 02:38:47Z INFO BrokerMessageListener] Connecting to the Broker Server...
[2025-10-10 02:38:47Z INFO ConfigurationStore] HasCredentials()
[2025-10-10 02:38:47Z INFO ConfigurationStore] stored True
[2025-10-10 02:38:47Z INFO CredentialManager] GetCredentialProvider
[2025-10-10 02:38:47Z INFO CredentialManager] Creating type OAuth
[2025-10-10 02:38:47Z INFO CredentialManager] Creating credential type: OAuth
[2025-10-10 02:38:47Z INFO RSAEncryptedFileKeyManager] Loading RSA key parameters from file G:\Brunella\actions-runner\.credentials_rsaparams
[2025-10-10 02:38:47Z INFO BrokerMessageListener] VssConnection created
[2025-10-10 02:38:47Z INFO BrokerMessageListener] Connecting to the Runner server...
[2025-10-10 02:38:47Z INFO RunnerServer] EstablishVssConnection
[2025-10-10 02:38:47Z INFO RunnerServer] Establish connection with 100 seconds timeout.
[2025-10-10 02:38:47Z INFO GitHubActionsService] Starting operation Location.GetConnectionData
[2025-10-10 02:38:47Z INFO RunnerServer] EstablishVssConnection
[2025-10-10 02:38:47Z INFO RunnerServer] Establish connection with 60 seconds timeout.
[2025-10-10 02:38:47Z INFO GitHubActionsService] Starting operation Location.GetConnectionData
[2025-10-10 02:38:47Z INFO RunnerServer] EstablishVssConnection
[2025-10-10 02:38:47Z INFO RunnerServer] Establish connection with 60 seconds timeout.
[2025-10-10 02:38:47Z INFO GitHubActionsService] Starting operation Location.GetConnectionData
[2025-10-10 02:38:48Z ERR  GitHubActionsService] GET request to https://pipelinesghubeus6.actions.githubusercontent.com/hKyNd5hzQTjPqVOxuFp9CyJ2tMUr8ytJJ9FfsFju3bqhBGI0lq/_apis/connectionData?connectOptions=1&lastChangeId=258625537&lastChangeId64=258625537 failed. HTTP Status: NotFound
[2025-10-10 02:38:48Z ERR  GitHubActionsService] GET request to https://pipelinesghubeus6.actions.githubusercontent.com/hKyNd5hzQTjPqVOxuFp9CyJ2tMUr8ytJJ9FfsFju3bqhBGI0lq/_apis/connectionData?connectOptions=1&lastChangeId=258625537&lastChangeId64=258625537 failed. HTTP Status: NotFound
[2025-10-10 02:38:48Z INFO GitHubActionsService] Finished operation Location.GetConnectionData
[2025-10-10 02:38:48Z INFO GitHubActionsService] Finished operation Location.GetConnectionData
[2025-10-10 02:38:48Z INFO RunnerServer] Catch exception during connect. 4 attempt left.
[2025-10-10 02:38:48Z INFO RunnerServer] Catch exception during connect. 4 attempt left.
[2025-10-10 02:38:48Z ERR  RunnerServer] GitHub.Services.WebApi.VssServiceResponseException: The resource cannot be found.
   at GitHub.Services.WebApi.VssHttpClientBase.HandleResponseAsync(HttpResponseMessage response, CancellationToken cancellationToken)
   at GitHub.Services.WebApi.VssHttpClientBase.SendAsync(HttpRequestMessage message, HttpCompletionOption completionOption, Object userState, CancellationToken cancellationToken)
   at GitHub.Services.WebApi.VssHttpClientBase.SendAsync[T](HttpRequestMessage message, Object userState, CancellationToken cancellationToken)
   at GitHub.Services.Location.Client.LocationHttpClient.GetConnectionDataAsync(ConnectOptions connectOptions, Int64 lastChangeId, CancellationToken cancellationToken, Object userState)
   at GitHub.Services.WebApi.Location.VssServerDataProvider.GetConnectionDataAsync(ConnectOptions connectOptions, Int32 lastChangeId, CancellationToken cancellationToken)
   at GitHub.Services.WebApi.Location.VssServerDataProvider.ConnectAsync(ConnectOptions connectOptions, CancellationToken cancellationToken)
   at GitHub.Runner.Common.RunnerService.EstablishVssConnection(Uri serverUrl, VssCredentials credentials, TimeSpan timeout)
[2025-10-10 02:38:48Z ERR  RunnerServer] GitHub.Services.WebApi.VssServiceResponseException: The resource cannot be found.
   at GitHub.Services.WebApi.VssHttpClientBase.HandleResponseAsync(HttpResponseMessage response, CancellationToken cancellationToken)
   at GitHub.Services.WebApi.VssHttpClientBase.SendAsync(HttpRequestMessage message, HttpCompletionOption completionOption, Object userState, CancellationToken cancellationToken)
   at GitHub.Services.WebApi.VssHttpClientBase.SendAsync[T](HttpRequestMessage message, Object userState, CancellationToken cancellationToken)
   at GitHub.Services.Location.Client.LocationHttpClient.GetConnectionDataAsync(ConnectOptions connectOptions, Int64 lastChangeId, CancellationToken cancellationToken, Object userState)
   at GitHub.Services.WebApi.Location.VssServerDataProvider.GetConnectionDataAsync(ConnectOptions connectOptions, Int32 lastChangeId, CancellationToken cancellationToken)
   at GitHub.Services.WebApi.Location.VssServerDataProvider.ConnectAsync(ConnectOptions connectOptions, CancellationToken cancellationToken)
   at GitHub.Runner.Common.RunnerService.EstablishVssConnection(Uri serverUrl, VssCredentials credentials, TimeSpan timeout)
[2025-10-10 02:38:48Z ERR  GitHubActionsService] GET request to https://pipelinesghubeus6.actions.githubusercontent.com/hKyNd5hzQTjPqVOxuFp9CyJ2tMUr8ytJJ9FfsFju3bqhBGI0lq/_apis/connectionData?connectOptions=1&lastChangeId=258625537&lastChangeId64=258625537 failed. HTTP Status: NotFound
[2025-10-10 02:38:48Z INFO GitHubActionsService] Finished operation Location.GetConnectionData
[2025-10-10 02:38:48Z INFO RunnerServer] Catch exception during connect. 4 attempt left.
[2025-10-10 02:38:48Z ERR  RunnerServer] GitHub.Services.WebApi.VssServiceResponseException: The resource cannot be found.
   at GitHub.Services.WebApi.VssHttpClientBase.HandleResponseAsync(HttpResponseMessage response, CancellationToken cancellationToken)
   at GitHub.Services.WebApi.VssHttpClientBase.SendAsync(HttpRequestMessage message, HttpCompletionOption completionOption, Object userState, CancellationToken cancellationToken)
   at GitHub.Services.WebApi.VssHttpClientBase.SendAsync[T](HttpRequestMessage message, Object userState, CancellationToken cancellationToken)
   at GitHub.Services.Location.Client.LocationHttpClient.GetConnectionDataAsync(ConnectOptions connectOptions, Int64 lastChangeId, CancellationToken cancellationToken, Object userState)
   at GitHub.Services.WebApi.Location.VssServerDataProvider.GetConnectionDataAsync(ConnectOptions connectOptions, Int32 lastChangeId, CancellationToken cancellationToken)
   at GitHub.Services.WebApi.Location.VssServerDataProvider.ConnectAsync(ConnectOptions connectOptions, CancellationToken cancellationToken)
   at GitHub.Runner.Common.RunnerService.EstablishVssConnection(Uri serverUrl, VssCredentials credentials, TimeSpan timeout)
[2025-10-10 02:38:48Z INFO GitHubActionsService] Starting operation Location.GetConnectionData
[2025-10-10 02:38:48Z INFO GitHubActionsService] Starting operation Location.GetConnectionData
[2025-10-10 02:38:48Z INFO GitHubActionsService] Starting operation Location.GetConnectionData
[2025-10-10 02:38:49Z ERR  GitHubActionsService] GET request to https://pipelinesghubeus6.actions.githubusercontent.com/hKyNd5hzQTjPqVOxuFp9CyJ2tMUr8ytJJ9FfsFju3bqhBGI0lq/_apis/connectionData?connectOptions=1&lastChangeId=258625537&lastChangeId64=258625537 failed. HTTP Status: NotFound
[2025-10-10 02:38:49Z INFO GitHubActionsService] Finished operation Location.GetConnectionData
[2025-10-10 02:38:49Z INFO RunnerServer] Catch exception during connect. 3 attempt left.
[2025-10-10 02:38:49Z ERR  GitHubActionsService] GET request to https://pipelinesghubeus6.actions.githubusercontent.com/hKyNd5hzQTjPqVOxuFp9CyJ2tMUr8ytJJ9FfsFju3bqhBGI0lq/_apis/connectionData?connectOptions=1&lastChangeId=258625537&lastChangeId64=258625537 failed. HTTP Status: NotFound
[2025-10-10 02:38:49Z ERR  RunnerServer] GitHub.Services.WebApi.VssServiceResponseException: The resource cannot be found.
   at GitHub.Services.WebApi.VssHttpClientBase.HandleResponseAsync(HttpResponseMessage response, CancellationToken cancellationToken)
   at GitHub.Services.WebApi.VssHttpClientBase.SendAsync(HttpRequestMessage message, HttpCompletionOption completionOption, Object userState, CancellationToken cancellationToken)
   at GitHub.Services.WebApi.VssHttpClientBase.SendAsync[T](HttpRequestMessage message, Object userState, CancellationToken cancellationToken)
   at GitHub.Services.Location.Client.LocationHttpClient.GetConnectionDataAsync(ConnectOptions connectOptions, Int64 lastChangeId, CancellationToken cancellationToken, Object userState)
   at GitHub.Services.WebApi.Location.VssServerDataProvider.GetConnectionDataAsync(ConnectOptions connectOptions, Int32 lastChangeId, CancellationToken cancellationToken)
   at GitHub.Services.WebApi.Location.VssServerDataProvider.ConnectAsync(ConnectOptions connectOptions, CancellationToken cancellationToken)
   at GitHub.Runner.Common.RunnerService.EstablishVssConnection(Uri serverUrl, VssCredentials credentials, TimeSpan timeout)
[2025-10-10 02:38:49Z INFO GitHubActionsService] Finished operation Location.GetConnectionData
[2025-10-10 02:38:49Z INFO RunnerServer] Catch exception during connect. 3 attempt left.
[2025-10-10 02:38:49Z ERR  RunnerServer] GitHub.Services.WebApi.VssServiceResponseException: The resource cannot be found.
   at GitHub.Services.WebApi.VssHttpClientBase.HandleResponseAsync(HttpResponseMessage response, CancellationToken cancellationToken)
   at GitHub.Services.WebApi.VssHttpClientBase.SendAsync(HttpRequestMessage message, HttpCompletionOption completionOption, Object userState, CancellationToken cancellationToken)
   at GitHub.Services.WebApi.VssHttpClientBase.SendAsync[T](HttpRequestMessage message, Object userState, CancellationToken cancellationToken)
   at GitHub.Services.Location.Client.LocationHttpClient.GetConnectionDataAsync(ConnectOptions connectOptions, Int64 lastChangeId, CancellationToken cancellationToken, Object userState)
   at GitHub.Services.WebApi.Location.VssServerDataProvider.GetConnectionDataAsync(ConnectOptions connectOptions, Int32 lastChangeId, CancellationToken cancellationToken)
   at GitHub.Services.WebApi.Location.VssServerDataProvider.ConnectAsync(ConnectOptions connectOptions, CancellationToken cancellationToken)
   at GitHub.Runner.Common.RunnerService.EstablishVssConnection(Uri serverUrl, VssCredentials credentials, TimeSpan timeout)
[2025-10-10 02:38:49Z INFO GitHubActionsService] Starting operation Location.GetConnectionData
[2025-10-10 02:38:49Z INFO GitHubActionsService] Starting operation Location.GetConnectionData
[2025-10-10 02:38:49Z ERR  GitHubActionsService] GET request to https://pipelinesghubeus6.actions.githubusercontent.com/hKyNd5hzQTjPqVOxuFp9CyJ2tMUr8ytJJ9FfsFju3bqhBGI0lq/_apis/connectionData?connectOptions=1&lastChangeId=258625537&lastChangeId64=258625537 failed. HTTP Status: NotFound
[2025-10-10 02:38:49Z INFO GitHubActionsService] Finished operation Location.GetConnectionData
[2025-10-10 02:38:49Z INFO RunnerServer] Catch exception during connect. 3 attempt left.
[2025-10-10 02:38:49Z ERR  RunnerServer] GitHub.Services.WebApi.VssServiceResponseException: The resource cannot be found.
   at GitHub.Services.WebApi.VssHttpClientBase.HandleResponseAsync(HttpResponseMessage response, CancellationToken cancellationToken)
   at GitHub.Services.WebApi.VssHttpClientBase.SendAsync(HttpRequestMessage message, HttpCompletionOption completionOption, Object userState, CancellationToken cancellationToken)
   at GitHub.Services.WebApi.VssHttpClientBase.SendAsync[T](HttpRequestMessage message, Object userState, CancellationToken cancellationToken)
   at GitHub.Services.Location.Client.LocationHttpClient.GetConnectionDataAsync(ConnectOptions connectOptions, Int64 lastChangeId, CancellationToken cancellationToken, Object userState)
   at GitHub.Services.WebApi.Location.VssServerDataProvider.GetConnectionDataAsync(ConnectOptions connectOptions, Int32 lastChangeId, CancellationToken cancellationToken)
   at GitHub.Services.WebApi.Location.VssServerDataProvider.ConnectAsync(ConnectOptions connectOptions, CancellationToken cancellationToken)
   at GitHub.Runner.Common.RunnerService.EstablishVssConnection(Uri serverUrl, VssCredentials credentials, TimeSpan timeout)
[2025-10-10 02:38:49Z INFO GitHubActionsService] Starting operation Location.GetConnectionData
[2025-10-10 02:38:49Z ERR  GitHubActionsService] GET request to https://pipelinesghubeus6.actions.githubusercontent.com/hKyNd5hzQTjPqVOxuFp9CyJ2tMUr8ytJJ9FfsFju3bqhBGI0lq/_apis/connectionData?connectOptions=1&lastChangeId=258625537&lastChangeId64=258625537 failed. HTTP Status: NotFound
[2025-10-10 02:38:49Z INFO GitHubActionsService] Finished operation Location.GetConnectionData
[2025-10-10 02:38:49Z INFO RunnerServer] Catch exception during connect. 2 attempt left.
[2025-10-10 02:38:49Z ERR  RunnerServer] GitHub.Services.WebApi.VssServiceResponseException: The resource cannot be found.
   at GitHub.Services.WebApi.VssHttpClientBase.HandleResponseAsync(HttpResponseMessage response, CancellationToken cancellationToken)
   at GitHub.Services.WebApi.VssHttpClientBase.SendAsync(HttpRequestMessage message, HttpCompletionOption completionOption, Object userState, CancellationToken cancellationToken)
   at GitHub.Services.WebApi.VssHttpClientBase.SendAsync[T](HttpRequestMessage message, Object userState, CancellationToken cancellationToken)
   at GitHub.Services.Location.Client.LocationHttpClient.GetConnectionDataAsync(ConnectOptions connectOptions, Int64 lastChangeId, CancellationToken cancellationToken, Object userState)
   at GitHub.Services.WebApi.Location.VssServerDataProvider.GetConnectionDataAsync(ConnectOptions connectOptions, Int32 lastChangeId, CancellationToken cancellationToken)
   at GitHub.Services.WebApi.Location.VssServerDataProvider.ConnectAsync(ConnectOptions connectOptions, CancellationToken cancellationToken)
   at GitHub.Runner.Common.RunnerService.EstablishVssConnection(Uri serverUrl, VssCredentials credentials, TimeSpan timeout)
[2025-10-10 02:38:49Z INFO GitHubActionsService] Starting operation Location.GetConnectionData
[2025-10-10 02:38:49Z ERR  GitHubActionsService] GET request to https://pipelinesghubeus6.actions.githubusercontent.com/hKyNd5hzQTjPqVOxuFp9CyJ2tMUr8ytJJ9FfsFju3bqhBGI0lq/_apis/connectionData?connectOptions=1&lastChangeId=258625537&lastChangeId64=258625537 failed. HTTP Status: NotFound
[2025-10-10 02:38:49Z INFO GitHubActionsService] Finished operation Location.GetConnectionData
[2025-10-10 02:38:49Z INFO RunnerServer] Catch exception during connect. 2 attempt left.
[2025-10-10 02:38:49Z ERR  RunnerServer] GitHub.Services.WebApi.VssServiceResponseException: The resource cannot be found.
   at GitHub.Services.WebApi.VssHttpClientBase.HandleResponseAsync(HttpResponseMessage response, CancellationToken cancellationToken)
   at GitHub.Services.WebApi.VssHttpClientBase.SendAsync(HttpRequestMessage message, HttpCompletionOption completionOption, Object userState, CancellationToken cancellationToken)
   at GitHub.Services.WebApi.VssHttpClientBase.SendAsync[T](HttpRequestMessage message, Object userState, CancellationToken cancellationToken)
   at GitHub.Services.Location.Client.LocationHttpClient.GetConnectionDataAsync(ConnectOptions connectOptions, Int64 lastChangeId, CancellationToken cancellationToken, Object userState)
   at GitHub.Services.WebApi.Location.VssServerDataProvider.GetConnectionDataAsync(ConnectOptions connectOptions, Int32 lastChangeId, CancellationToken cancellationToken)
   at GitHub.Services.WebApi.Location.VssServerDataProvider.ConnectAsync(ConnectOptions connectOptions, CancellationToken cancellationToken)
   at GitHub.Runner.Common.RunnerService.EstablishVssConnection(Uri serverUrl, VssCredentials credentials, TimeSpan timeout)
[2025-10-10 02:38:50Z INFO GitHubActionsService] Starting operation Location.GetConnectionData
[2025-10-10 02:38:50Z ERR  GitHubActionsService] GET request to https://pipelinesghubeus6.actions.githubusercontent.com/hKyNd5hzQTjPqVOxuFp9CyJ2tMUr8ytJJ9FfsFju3bqhBGI0lq/_apis/connectionData?connectOptions=1&lastChangeId=258625537&lastChangeId64=258625537 failed. HTTP Status: NotFound
[2025-10-10 02:38:50Z INFO GitHubActionsService] Finished operation Location.GetConnectionData
[2025-10-10 02:38:50Z INFO RunnerServer] Catch exception during connect. 2 attempt left.
[2025-10-10 02:38:50Z ERR  RunnerServer] GitHub.Services.WebApi.VssServiceResponseException: The resource cannot be found.
   at GitHub.Services.WebApi.VssHttpClientBase.HandleResponseAsync(HttpResponseMessage response, CancellationToken cancellationToken)
   at GitHub.Services.WebApi.VssHttpClientBase.SendAsync(HttpRequestMessage message, HttpCompletionOption completionOption, Object userState, CancellationToken cancellationToken)
   at GitHub.Services.WebApi.VssHttpClientBase.SendAsync[T](HttpRequestMessage message, Object userState, CancellationToken cancellationToken)
   at GitHub.Services.Location.Client.LocationHttpClient.GetConnectionDataAsync(ConnectOptions connectOptions, Int64 lastChangeId, CancellationToken cancellationToken, Object userState)
   at GitHub.Services.WebApi.Location.VssServerDataProvider.GetConnectionDataAsync(ConnectOptions connectOptions, Int32 lastChangeId, CancellationToken cancellationToken)
   at GitHub.Services.WebApi.Location.VssServerDataProvider.ConnectAsync(ConnectOptions connectOptions, CancellationToken cancellationToken)
   at GitHub.Runner.Common.RunnerService.EstablishVssConnection(Uri serverUrl, VssCredentials credentials, TimeSpan timeout)
[2025-10-10 02:38:50Z INFO GitHubActionsService] Starting operation Location.GetConnectionData
[2025-10-10 02:38:50Z ERR  GitHubActionsService] GET request to https://pipelinesghubeus6.actions.githubusercontent.com/hKyNd5hzQTjPqVOxuFp9CyJ2tMUr8ytJJ9FfsFju3bqhBGI0lq/_apis/connectionData?connectOptions=1&lastChangeId=258625537&lastChangeId64=258625537 failed. HTTP Status: NotFound
[2025-10-10 02:38:50Z INFO GitHubActionsService] Finished operation Location.GetConnectionData
[2025-10-10 02:38:50Z INFO RunnerServer] Catch exception during connect. 1 attempt left.
[2025-10-10 02:38:50Z ERR  RunnerServer] GitHub.Services.WebApi.VssServiceResponseException: The resource cannot be found.
   at GitHub.Services.WebApi.VssHttpClientBase.HandleResponseAsync(HttpResponseMessage response, CancellationToken cancellationToken)
   at GitHub.Services.WebApi.VssHttpClientBase.SendAsync(HttpRequestMessage message, HttpCompletionOption completionOption, Object userState, CancellationToken cancellationToken)
   at GitHub.Services.WebApi.VssHttpClientBase.SendAsync[T](HttpRequestMessage message, Object userState, CancellationToken cancellationToken)
   at GitHub.Services.Location.Client.LocationHttpClient.GetConnectionDataAsync(ConnectOptions connectOptions, Int64 lastChangeId, CancellationToken cancellationToken, Object userState)
   at GitHub.Services.WebApi.Location.VssServerDataProvider.GetConnectionDataAsync(ConnectOptions connectOptions, Int32 lastChangeId, CancellationToken cancellationToken)
   at GitHub.Services.WebApi.Location.VssServerDataProvider.ConnectAsync(ConnectOptions connectOptions, CancellationToken cancellationToken)
   at GitHub.Runner.Common.RunnerService.EstablishVssConnection(Uri serverUrl, VssCredentials credentials, TimeSpan timeout)
[2025-10-10 02:38:50Z INFO GitHubActionsService] Starting operation Location.GetConnectionData
[2025-10-10 02:38:50Z ERR  GitHubActionsService] GET request to https://pipelinesghubeus6.actions.githubusercontent.com/hKyNd5hzQTjPqVOxuFp9CyJ2tMUr8ytJJ9FfsFju3bqhBGI0lq/_apis/connectionData?connectOptions=1&lastChangeId=258625537&lastChangeId64=258625537 failed. HTTP Status: NotFound
[2025-10-10 02:38:50Z INFO GitHubActionsService] Finished operation Location.GetConnectionData
[2025-10-10 02:38:50Z INFO RunnerServer] Catch exception during connect. 1 attempt left.
[2025-10-10 02:38:50Z ERR  RunnerServer] GitHub.Services.WebApi.VssServiceResponseException: The resource cannot be found.
   at GitHub.Services.WebApi.VssHttpClientBase.HandleResponseAsync(HttpResponseMessage response, CancellationToken cancellationToken)
   at GitHub.Services.WebApi.VssHttpClientBase.SendAsync(HttpRequestMessage message, HttpCompletionOption completionOption, Object userState, CancellationToken cancellationToken)
   at GitHub.Services.WebApi.VssHttpClientBase.SendAsync[T](HttpRequestMessage message, Object userState, CancellationToken cancellationToken)
   at GitHub.Services.Location.Client.LocationHttpClient.GetConnectionDataAsync(ConnectOptions connectOptions, Int64 lastChangeId, CancellationToken cancellationToken, Object userState)
   at GitHub.Services.WebApi.Location.VssServerDataProvider.GetConnectionDataAsync(ConnectOptions connectOptions, Int32 lastChangeId, CancellationToken cancellationToken)
   at GitHub.Services.WebApi.Location.VssServerDataProvider.ConnectAsync(ConnectOptions connectOptions, CancellationToken cancellationToken)
   at GitHub.Runner.Common.RunnerService.EstablishVssConnection(Uri serverUrl, VssCredentials credentials, TimeSpan timeout)
[2025-10-10 02:38:50Z INFO GitHubActionsService] Starting operation Location.GetConnectionData
[2025-10-10 02:38:50Z ERR  GitHubActionsService] GET request to https://pipelinesghubeus6.actions.githubusercontent.com/hKyNd5hzQTjPqVOxuFp9CyJ2tMUr8ytJJ9FfsFju3bqhBGI0lq/_apis/connectionData?connectOptions=1&lastChangeId=258625537&lastChangeId64=258625537 failed. HTTP Status: NotFound
[2025-10-10 02:38:50Z INFO GitHubActionsService] Finished operation Location.GetConnectionData
[2025-10-10 02:38:50Z INFO RunnerServer] Catch exception during connect. 1 attempt left.
[2025-10-10 02:38:50Z ERR  RunnerServer] GitHub.Services.WebApi.VssServiceResponseException: The resource cannot be found.
   at GitHub.Services.WebApi.VssHttpClientBase.HandleResponseAsync(HttpResponseMessage response, CancellationToken cancellationToken)
   at GitHub.Services.WebApi.VssHttpClientBase.SendAsync(HttpRequestMessage message, HttpCompletionOption completionOption, Object userState, CancellationToken cancellationToken)
   at GitHub.Services.WebApi.VssHttpClientBase.SendAsync[T](HttpRequestMessage message, Object userState, CancellationToken cancellationToken)
   at GitHub.Services.Location.Client.LocationHttpClient.GetConnectionDataAsync(ConnectOptions connectOptions, Int64 lastChangeId, CancellationToken cancellationToken, Object userState)
   at GitHub.Services.WebApi.Location.VssServerDataProvider.GetConnectionDataAsync(ConnectOptions connectOptions, Int32 lastChangeId, CancellationToken cancellationToken)
   at GitHub.Services.WebApi.Location.VssServerDataProvider.ConnectAsync(ConnectOptions connectOptions, CancellationToken cancellationToken)
   at GitHub.Runner.Common.RunnerService.EstablishVssConnection(Uri serverUrl, VssCredentials credentials, TimeSpan timeout)
[2025-10-10 02:38:50Z INFO GitHubActionsService] Starting operation Location.GetConnectionData
[2025-10-10 02:38:51Z ERR  GitHubActionsService] GET request to https://pipelinesghubeus6.actions.githubusercontent.com/hKyNd5hzQTjPqVOxuFp9CyJ2tMUr8ytJJ9FfsFju3bqhBGI0lq/_apis/connectionData?connectOptions=1&lastChangeId=258625537&lastChangeId64=258625537 failed. HTTP Status: NotFound
[2025-10-10 02:38:51Z ERR  GitHubActionsService] GET request to https://pipelinesghubeus6.actions.githubusercontent.com/hKyNd5hzQTjPqVOxuFp9CyJ2tMUr8ytJJ9FfsFju3bqhBGI0lq/_apis/connectionData?connectOptions=1&lastChangeId=258625537&lastChangeId64=258625537 failed. HTTP Status: NotFound
[2025-10-10 02:38:51Z INFO GitHubActionsService] Finished operation Location.GetConnectionData
[2025-10-10 02:38:51Z INFO GitHubActionsService] Finished operation Location.GetConnectionData
[2025-10-10 02:38:51Z ERR  GitHubActionsService] GET request to https://pipelinesghubeus6.actions.githubusercontent.com/hKyNd5hzQTjPqVOxuFp9CyJ2tMUr8ytJJ9FfsFju3bqhBGI0lq/_apis/connectionData?connectOptions=1&lastChangeId=258625537&lastChangeId64=258625537 failed. HTTP Status: NotFound
[2025-10-10 02:38:51Z INFO GitHubActionsService] Finished operation Location.GetConnectionData
[2025-10-10 02:38:51Z ERR  BrokerMessageListener] Catch exception during create session.
[2025-10-10 02:38:51Z ERR  BrokerMessageListener] GitHub.Services.WebApi.VssServiceResponseException: The resource cannot be found.
   at GitHub.Services.WebApi.VssHttpClientBase.HandleResponseAsync(HttpResponseMessage response, CancellationToken cancellationToken)
   at GitHub.Services.WebApi.VssHttpClientBase.SendAsync(HttpRequestMessage message, HttpCompletionOption completionOption, Object userState, CancellationToken cancellationToken)
   at GitHub.Services.WebApi.VssHttpClientBase.SendAsync[T](HttpRequestMessage message, Object userState, CancellationToken cancellationToken)
   at GitHub.Services.Location.Client.LocationHttpClient.GetConnectionDataAsync(ConnectOptions connectOptions, Int64 lastChangeId, CancellationToken cancellationToken, Object userState)
   at GitHub.Services.WebApi.Location.VssServerDataProvider.GetConnectionDataAsync(ConnectOptions connectOptions, Int32 lastChangeId, CancellationToken cancellationToken)
   at GitHub.Services.WebApi.Location.VssServerDataProvider.ConnectAsync(ConnectOptions connectOptions, CancellationToken cancellationToken)
   at GitHub.Runner.Common.RunnerService.EstablishVssConnection(Uri serverUrl, VssCredentials credentials, TimeSpan timeout)
   at GitHub.Runner.Common.RunnerServer.ConnectAsync(Uri serverUrl, VssCredentials credentials)
   at GitHub.Runner.Listener.BrokerMessageListener.CreateSessionAsync(CancellationToken token)
[2025-10-10 02:38:51Z INFO BrokerMessageListener] Retriable exception: The resource cannot be found.
[2025-10-10 02:38:51Z INFO BrokerMessageListener] Sleeping for 30 seconds before retrying.
[2025-10-10 02:39:21Z INFO BrokerMessageListener] Attempt to create session.
[2025-10-10 02:39:21Z INFO BrokerMessageListener] Connecting to the Broker Server...
[2025-10-10 02:39:21Z INFO ConfigurationStore] HasCredentials()
[2025-10-10 02:39:21Z INFO ConfigurationStore] stored True
[2025-10-10 02:39:21Z INFO CredentialManager] GetCredentialProvider
[2025-10-10 02:39:21Z INFO CredentialManager] Creating type OAuth
[2025-10-10 02:39:21Z INFO CredentialManager] Creating credential type: OAuth
[2025-10-10 02:39:21Z INFO RSAEncryptedFileKeyManager] Loading RSA key parameters from file G:\Brunella\actions-runner\.credentials_rsaparams
[2025-10-10 02:39:21Z INFO BrokerMessageListener] VssConnection created
[2025-10-10 02:39:21Z INFO BrokerMessageListener] Connecting to the Runner server...
[2025-10-10 02:39:21Z INFO RunnerServer] EstablishVssConnection
[2025-10-10 02:39:21Z INFO RunnerServer] Establish connection with 100 seconds timeout.
[2025-10-10 02:39:21Z INFO GitHubActionsService] Starting operation Location.GetConnectionData
[2025-10-10 02:39:21Z INFO RunnerServer] EstablishVssConnection
[2025-10-10 02:39:21Z INFO RunnerServer] Establish connection with 60 seconds timeout.
[2025-10-10 02:39:21Z INFO GitHubActionsService] Starting operation Location.GetConnectionData
[2025-10-10 02:39:21Z INFO RunnerServer] EstablishVssConnection
[2025-10-10 02:39:21Z INFO RunnerServer] Establish connection with 60 seconds timeout.
[2025-10-10 02:39:21Z INFO GitHubActionsService] Starting operation Location.GetConnectionData
[2025-10-10 02:39:22Z ERR  GitHubActionsService] GET request to https://pipelinesghubeus6.actions.githubusercontent.com/hKyNd5hzQTjPqVOxuFp9CyJ2tMUr8ytJJ9FfsFju3bqhBGI0lq/_apis/connectionData?connectOptions=1&lastChangeId=258625537&lastChangeId64=258625537 failed. HTTP Status: NotFound
[2025-10-10 02:39:22Z ERR  GitHubActionsService] GET request to https://pipelinesghubeus6.actions.githubusercontent.com/hKyNd5hzQTjPqVOxuFp9CyJ2tMUr8ytJJ9FfsFju3bqhBGI0lq/_apis/connectionData?connectOptions=1&lastChangeId=258625537&lastChangeId64=258625537 failed. HTTP Status: NotFound
[2025-10-10 02:39:22Z INFO GitHubActionsService] Finished operation Location.GetConnectionData
[2025-10-10 02:39:22Z INFO GitHubActionsService] Finished operation Location.GetConnectionData
[2025-10-10 02:39:22Z INFO RunnerServer] Catch exception during connect. 4 attempt left.
[2025-10-10 02:39:22Z INFO RunnerServer] Catch exception during connect. 4 attempt left.
[2025-10-10 02:39:22Z ERR  RunnerServer] GitHub.Services.WebApi.VssServiceResponseException: The resource cannot be found.
   at GitHub.Services.WebApi.VssHttpClientBase.HandleResponseAsync(HttpResponseMessage response, CancellationToken cancellationToken)
   at GitHub.Services.WebApi.VssHttpClientBase.SendAsync(HttpRequestMessage message, HttpCompletionOption completionOption, Object userState, CancellationToken cancellationToken)
   at GitHub.Services.WebApi.VssHttpClientBase.SendAsync[T](HttpRequestMessage message, Object userState, CancellationToken cancellationToken)
   at GitHub.Services.Location.Client.LocationHttpClient.GetConnectionDataAsync(ConnectOptions connectOptions, Int64 lastChangeId, CancellationToken cancellationToken, Object userState)
   at GitHub.Services.WebApi.Location.VssServerDataProvider.GetConnectionDataAsync(ConnectOptions connectOptions, Int32 lastChangeId, CancellationToken cancellationToken)
   at GitHub.Services.WebApi.Location.VssServerDataProvider.ConnectAsync(ConnectOptions connectOptions, CancellationToken cancellationToken)
   at GitHub.Runner.Common.RunnerService.EstablishVssConnection(Uri serverUrl, VssCredentials credentials, TimeSpan timeout)
[2025-10-10 02:39:22Z ERR  RunnerServer] GitHub.Services.WebApi.VssServiceResponseException: The resource cannot be found.
   at GitHub.Services.WebApi.VssHttpClientBase.HandleResponseAsync(HttpResponseMessage response, CancellationToken cancellationToken)
   at GitHub.Services.WebApi.VssHttpClientBase.SendAsync(HttpRequestMessage message, HttpCompletionOption completionOption, Object userState, CancellationToken cancellationToken)
   at GitHub.Services.WebApi.VssHttpClientBase.SendAsync[T](HttpRequestMessage message, Object userState, CancellationToken cancellationToken)
   at GitHub.Services.Location.Client.LocationHttpClient.GetConnectionDataAsync(ConnectOptions connectOptions, Int64 lastChangeId, CancellationToken cancellationToken, Object userState)
   at GitHub.Services.WebApi.Location.VssServerDataProvider.GetConnectionDataAsync(ConnectOptions connectOptions, Int32 lastChangeId, CancellationToken cancellationToken)
   at GitHub.Services.WebApi.Location.VssServerDataProvider.ConnectAsync(ConnectOptions connectOptions, CancellationToken cancellationToken)
   at GitHub.Runner.Common.RunnerService.EstablishVssConnection(Uri serverUrl, VssCredentials credentials, TimeSpan timeout)
[2025-10-10 02:39:22Z ERR  GitHubActionsService] GET request to https://pipelinesghubeus6.actions.githubusercontent.com/hKyNd5hzQTjPqVOxuFp9CyJ2tMUr8ytJJ9FfsFju3bqhBGI0lq/_apis/connectionData?connectOptions=1&lastChangeId=258625537&lastChangeId64=258625537 failed. HTTP Status: NotFound
[2025-10-10 02:39:22Z INFO GitHubActionsService] Finished operation Location.GetConnectionData
[2025-10-10 02:39:22Z INFO RunnerServer] Catch exception during connect. 4 attempt left.
[2025-10-10 02:39:22Z ERR  RunnerServer] GitHub.Services.WebApi.VssServiceResponseException: The resource cannot be found.
   at GitHub.Services.WebApi.VssHttpClientBase.HandleResponseAsync(HttpResponseMessage response, CancellationToken cancellationToken)
   at GitHub.Services.WebApi.VssHttpClientBase.SendAsync(HttpRequestMessage message, HttpCompletionOption completionOption, Object userState, CancellationToken cancellationToken)
   at GitHub.Services.WebApi.VssHttpClientBase.SendAsync[T](HttpRequestMessage message, Object userState, CancellationToken cancellationToken)
   at GitHub.Services.Location.Client.LocationHttpClient.GetConnectionDataAsync(ConnectOptions connectOptions, Int64 lastChangeId, CancellationToken cancellationToken, Object userState)
   at GitHub.Services.WebApi.Location.VssServerDataProvider.GetConnectionDataAsync(ConnectOptions connectOptions, Int32 lastChangeId, CancellationToken cancellationToken)
   at GitHub.Services.WebApi.Location.VssServerDataProvider.ConnectAsync(ConnectOptions connectOptions, CancellationToken cancellationToken)
   at GitHub.Runner.Common.RunnerService.EstablishVssConnection(Uri serverUrl, VssCredentials credentials, TimeSpan timeout)
[2025-10-10 02:39:22Z INFO GitHubActionsService] Starting operation Location.GetConnectionData
[2025-10-10 02:39:22Z INFO GitHubActionsService] Starting operation Location.GetConnectionData
[2025-10-10 02:39:22Z INFO GitHubActionsService] Starting operation Location.GetConnectionData
[2025-10-10 02:39:23Z ERR  GitHubActionsService] GET request to https://pipelinesghubeus6.actions.githubusercontent.com/hKyNd5hzQTjPqVOxuFp9CyJ2tMUr8ytJJ9FfsFju3bqhBGI0lq/_apis/connectionData?connectOptions=1&lastChangeId=258625537&lastChangeId64=258625537 failed. HTTP Status: NotFound
[2025-10-10 02:39:23Z INFO GitHubActionsService] Finished operation Location.GetConnectionData
[2025-10-10 02:39:23Z INFO RunnerServer] Catch exception during connect. 3 attempt left.
[2025-10-10 02:39:23Z ERR  RunnerServer] GitHub.Services.WebApi.VssServiceResponseException: The resource cannot be found.
   at GitHub.Services.WebApi.VssHttpClientBase.HandleResponseAsync(HttpResponseMessage response, CancellationToken cancellationToken)
   at GitHub.Services.WebApi.VssHttpClientBase.SendAsync(HttpRequestMessage message, HttpCompletionOption completionOption, Object userState, CancellationToken cancellationToken)
   at GitHub.Services.WebApi.VssHttpClientBase.SendAsync[T](HttpRequestMessage message, Object userState, CancellationToken cancellationToken)
   at GitHub.Services.Location.Client.LocationHttpClient.GetConnectionDataAsync(ConnectOptions connectOptions, Int64 lastChangeId, CancellationToken cancellationToken, Object userState)
   at GitHub.Services.WebApi.Location.VssServerDataProvider.GetConnectionDataAsync(ConnectOptions connectOptions, Int32 lastChangeId, CancellationToken cancellationToken)
   at GitHub.Services.WebApi.Location.VssServerDataProvider.ConnectAsync(ConnectOptions connectOptions, CancellationToken cancellationToken)
   at GitHub.Runner.Common.RunnerService.EstablishVssConnection(Uri serverUrl, VssCredentials credentials, TimeSpan timeout)
[2025-10-10 02:39:23Z ERR  GitHubActionsService] GET request to https://pipelinesghubeus6.actions.githubusercontent.com/hKyNd5hzQTjPqVOxuFp9CyJ2tMUr8ytJJ9FfsFju3bqhBGI0lq/_apis/connectionData?connectOptions=1&lastChangeId=258625537&lastChangeId64=258625537 failed. HTTP Status: NotFound
[2025-10-10 02:39:23Z ERR  GitHubActionsService] GET request to https://pipelinesghubeus6.actions.githubusercontent.com/hKyNd5hzQTjPqVOxuFp9CyJ2tMUr8ytJJ9FfsFju3bqhBGI0lq/_apis/connectionData?connectOptions=1&lastChangeId=258625537&lastChangeId64=258625537 failed. HTTP Status: NotFound
[2025-10-10 02:39:23Z INFO GitHubActionsService] Finished operation Location.GetConnectionData
[2025-10-10 02:39:23Z INFO GitHubActionsService] Finished operation Location.GetConnectionData
[2025-10-10 02:39:23Z INFO RunnerServer] Catch exception during connect. 3 attempt left.
[2025-10-10 02:39:23Z INFO RunnerServer] Catch exception during connect. 3 attempt left.
[2025-10-10 02:39:23Z ERR  RunnerServer] GitHub.Services.WebApi.VssServiceResponseException: The resource cannot be found.
   at GitHub.Services.WebApi.VssHttpClientBase.HandleResponseAsync(HttpResponseMessage response, CancellationToken cancellationToken)
   at GitHub.Services.WebApi.VssHttpClientBase.SendAsync(HttpRequestMessage message, HttpCompletionOption completionOption, Object userState, CancellationToken cancellationToken)
   at GitHub.Services.WebApi.VssHttpClientBase.SendAsync[T](HttpRequestMessage message, Object userState, CancellationToken cancellationToken)
   at GitHub.Services.Location.Client.LocationHttpClient.GetConnectionDataAsync(ConnectOptions connectOptions, Int64 lastChangeId, CancellationToken cancellationToken, Object userState)
   at GitHub.Services.WebApi.Location.VssServerDataProvider.GetConnectionDataAsync(ConnectOptions connectOptions, Int32 lastChangeId, CancellationToken cancellationToken)
   at GitHub.Services.WebApi.Location.VssServerDataProvider.ConnectAsync(ConnectOptions connectOptions, CancellationToken cancellationToken)
   at GitHub.Runner.Common.RunnerService.EstablishVssConnection(Uri serverUrl, VssCredentials credentials, TimeSpan timeout)
[2025-10-10 02:39:23Z ERR  RunnerServer] GitHub.Services.WebApi.VssServiceResponseException: The resource cannot be found.
   at GitHub.Services.WebApi.VssHttpClientBase.HandleResponseAsync(HttpResponseMessage response, CancellationToken cancellationToken)
   at GitHub.Services.WebApi.VssHttpClientBase.SendAsync(HttpRequestMessage message, HttpCompletionOption completionOption, Object userState, CancellationToken cancellationToken)
   at GitHub.Services.WebApi.VssHttpClientBase.SendAsync[T](HttpRequestMessage message, Object userState, CancellationToken cancellationToken)
   at GitHub.Services.Location.Client.LocationHttpClient.GetConnectionDataAsync(ConnectOptions connectOptions, Int64 lastChangeId, CancellationToken cancellationToken, Object userState)
   at GitHub.Services.WebApi.Location.VssServerDataProvider.GetConnectionDataAsync(ConnectOptions connectOptions, Int32 lastChangeId, CancellationToken cancellationToken)
   at GitHub.Services.WebApi.Location.VssServerDataProvider.ConnectAsync(ConnectOptions connectOptions, CancellationToken cancellationToken)
   at GitHub.Runner.Common.RunnerService.EstablishVssConnection(Uri serverUrl, VssCredentials credentials, TimeSpan timeout)
[2025-10-10 02:39:23Z INFO GitHubActionsService] Starting operation Location.GetConnectionData
[2025-10-10 02:39:23Z INFO GitHubActionsService] Starting operation Location.GetConnectionData
[2025-10-10 02:39:23Z INFO GitHubActionsService] Starting operation Location.GetConnectionData
[2025-10-10 02:39:23Z ERR  GitHubActionsService] GET request to https://pipelinesghubeus6.actions.githubusercontent.com/hKyNd5hzQTjPqVOxuFp9CyJ2tMUr8ytJJ9FfsFju3bqhBGI0lq/_apis/connectionData?connectOptions=1&lastChangeId=258625537&lastChangeId64=258625537 failed. HTTP Status: NotFound
[2025-10-10 02:39:23Z INFO GitHubActionsService] Finished operation Location.GetConnectionData
[2025-10-10 02:39:23Z INFO RunnerServer] Catch exception during connect. 2 attempt left.
[2025-10-10 02:39:23Z ERR  RunnerServer] GitHub.Services.WebApi.VssServiceResponseException: The resource cannot be found.
   at GitHub.Services.WebApi.VssHttpClientBase.HandleResponseAsync(HttpResponseMessage response, CancellationToken cancellationToken)
   at GitHub.Services.WebApi.VssHttpClientBase.SendAsync(HttpRequestMessage message, HttpCompletionOption completionOption, Object userState, CancellationToken cancellationToken)
   at GitHub.Services.WebApi.VssHttpClientBase.SendAsync[T](HttpRequestMessage message, Object userState, CancellationToken cancellationToken)
   at GitHub.Services.Location.Client.LocationHttpClient.GetConnectionDataAsync(ConnectOptions connectOptions, Int64 lastChangeId, CancellationToken cancellationToken, Object userState)
   at GitHub.Services.WebApi.Location.VssServerDataProvider.GetConnectionDataAsync(ConnectOptions connectOptions, Int32 lastChangeId, CancellationToken cancellationToken)
   at GitHub.Services.WebApi.Location.VssServerDataProvider.ConnectAsync(ConnectOptions connectOptions, CancellationToken cancellationToken)
   at GitHub.Runner.Common.RunnerService.EstablishVssConnection(Uri serverUrl, VssCredentials credentials, TimeSpan timeout)
[2025-10-10 02:39:23Z ERR  GitHubActionsService] GET request to https://pipelinesghubeus6.actions.githubusercontent.com/hKyNd5hzQTjPqVOxuFp9CyJ2tMUr8ytJJ9FfsFju3bqhBGI0lq/_apis/connectionData?connectOptions=1&lastChangeId=258625537&lastChangeId64=258625537 failed. HTTP Status: NotFound
[2025-10-10 02:39:23Z INFO GitHubActionsService] Finished operation Location.GetConnectionData
[2025-10-10 02:39:23Z INFO RunnerServer] Catch exception during connect. 2 attempt left.
[2025-10-10 02:39:23Z ERR  RunnerServer] GitHub.Services.WebApi.VssServiceResponseException: The resource cannot be found.
   at GitHub.Services.WebApi.VssHttpClientBase.HandleResponseAsync(HttpResponseMessage response, CancellationToken cancellationToken)
   at GitHub.Services.WebApi.VssHttpClientBase.SendAsync(HttpRequestMessage message, HttpCompletionOption completionOption, Object userState, CancellationToken cancellationToken)
   at GitHub.Services.WebApi.VssHttpClientBase.SendAsync[T](HttpRequestMessage message, Object userState, CancellationToken cancellationToken)
   at GitHub.Services.Location.Client.LocationHttpClient.GetConnectionDataAsync(ConnectOptions connectOptions, Int64 lastChangeId, CancellationToken cancellationToken, Object userState)
   at GitHub.Services.WebApi.Location.VssServerDataProvider.GetConnectionDataAsync(ConnectOptions connectOptions, Int32 lastChangeId, CancellationToken cancellationToken)
   at GitHub.Services.WebApi.Location.VssServerDataProvider.ConnectAsync(ConnectOptions connectOptions, CancellationToken cancellationToken)
   at GitHub.Runner.Common.RunnerService.EstablishVssConnection(Uri serverUrl, VssCredentials credentials, TimeSpan timeout)
[2025-10-10 02:39:23Z ERR  GitHubActionsService] GET request to https://pipelinesghubeus6.actions.githubusercontent.com/hKyNd5hzQTjPqVOxuFp9CyJ2tMUr8ytJJ9FfsFju3bqhBGI0lq/_apis/connectionData?connectOptions=1&lastChangeId=258625537&lastChangeId64=258625537 failed. HTTP Status: NotFound
[2025-10-10 02:39:23Z INFO GitHubActionsService] Finished operation Location.GetConnectionData
[2025-10-10 02:39:23Z INFO RunnerServer] Catch exception during connect. 2 attempt left.
[2025-10-10 02:39:23Z ERR  RunnerServer] GitHub.Services.WebApi.VssServiceResponseException: The resource cannot be found.
   at GitHub.Services.WebApi.VssHttpClientBase.HandleResponseAsync(HttpResponseMessage response, CancellationToken cancellationToken)
   at GitHub.Services.WebApi.VssHttpClientBase.SendAsync(HttpRequestMessage message, HttpCompletionOption completionOption, Object userState, CancellationToken cancellationToken)
   at GitHub.Services.WebApi.VssHttpClientBase.SendAsync[T](HttpRequestMessage message, Object userState, CancellationToken cancellationToken)
   at GitHub.Services.Location.Client.LocationHttpClient.GetConnectionDataAsync(ConnectOptions connectOptions, Int64 lastChangeId, CancellationToken cancellationToken, Object userState)
   at GitHub.Services.WebApi.Location.VssServerDataProvider.GetConnectionDataAsync(ConnectOptions connectOptions, Int32 lastChangeId, CancellationToken cancellationToken)
   at GitHub.Services.WebApi.Location.VssServerDataProvider.ConnectAsync(ConnectOptions connectOptions, CancellationToken cancellationToken)
   at GitHub.Runner.Common.RunnerService.EstablishVssConnection(Uri serverUrl, VssCredentials credentials, TimeSpan timeout)
[2025-10-10 02:39:23Z INFO GitHubActionsService] Starting operation Location.GetConnectionData
[2025-10-10 02:39:23Z INFO GitHubActionsService] Starting operation Location.GetConnectionData
[2025-10-10 02:39:23Z INFO GitHubActionsService] Starting operation Location.GetConnectionData
[2025-10-10 02:39:24Z ERR  GitHubActionsService] GET request to https://pipelinesghubeus6.actions.githubusercontent.com/hKyNd5hzQTjPqVOxuFp9CyJ2tMUr8ytJJ9FfsFju3bqhBGI0lq/_apis/connectionData?connectOptions=1&lastChangeId=258625537&lastChangeId64=258625537 failed. HTTP Status: NotFound
[2025-10-10 02:39:24Z INFO GitHubActionsService] Finished operation Location.GetConnectionData
[2025-10-10 02:39:24Z INFO RunnerServer] Catch exception during connect. 1 attempt left.
[2025-10-10 02:39:24Z ERR  RunnerServer] GitHub.Services.WebApi.VssServiceResponseException: The resource cannot be found.
   at GitHub.Services.WebApi.VssHttpClientBase.HandleResponseAsync(HttpResponseMessage response, CancellationToken cancellationToken)
   at GitHub.Services.WebApi.VssHttpClientBase.SendAsync(HttpRequestMessage message, HttpCompletionOption completionOption, Object userState, CancellationToken cancellationToken)
   at GitHub.Services.WebApi.VssHttpClientBase.SendAsync[T](HttpRequestMessage message, Object userState, CancellationToken cancellationToken)
   at GitHub.Services.Location.Client.LocationHttpClient.GetConnectionDataAsync(ConnectOptions connectOptions, Int64 lastChangeId, CancellationToken cancellationToken, Object userState)
   at GitHub.Services.WebApi.Location.VssServerDataProvider.GetConnectionDataAsync(ConnectOptions connectOptions, Int32 lastChangeId, CancellationToken cancellationToken)
   at GitHub.Services.WebApi.Location.VssServerDataProvider.ConnectAsync(ConnectOptions connectOptions, CancellationToken cancellationToken)
   at GitHub.Runner.Common.RunnerService.EstablishVssConnection(Uri serverUrl, VssCredentials credentials, TimeSpan timeout)
[2025-10-10 02:39:24Z ERR  GitHubActionsService] GET request to https://pipelinesghubeus6.actions.githubusercontent.com/hKyNd5hzQTjPqVOxuFp9CyJ2tMUr8ytJJ9FfsFju3bqhBGI0lq/_apis/connectionData?connectOptions=1&lastChangeId=258625537&lastChangeId64=258625537 failed. HTTP Status: NotFound
[2025-10-10 02:39:24Z INFO GitHubActionsService] Finished operation Location.GetConnectionData
[2025-10-10 02:39:24Z INFO RunnerServer] Catch exception during connect. 1 attempt left.
[2025-10-10 02:39:24Z ERR  RunnerServer] GitHub.Services.WebApi.VssServiceResponseException: The resource cannot be found.
   at GitHub.Services.WebApi.VssHttpClientBase.HandleResponseAsync(HttpResponseMessage response, CancellationToken cancellationToken)
   at GitHub.Services.WebApi.VssHttpClientBase.SendAsync(HttpRequestMessage message, HttpCompletionOption completionOption, Object userState, CancellationToken cancellationToken)
   at GitHub.Services.WebApi.VssHttpClientBase.SendAsync[T](HttpRequestMessage message, Object userState, CancellationToken cancellationToken)
   at GitHub.Services.Location.Client.LocationHttpClient.GetConnectionDataAsync(ConnectOptions connectOptions, Int64 lastChangeId, CancellationToken cancellationToken, Object userState)
   at GitHub.Services.WebApi.Location.VssServerDataProvider.GetConnectionDataAsync(ConnectOptions connectOptions, Int32 lastChangeId, CancellationToken cancellationToken)
   at GitHub.Services.WebApi.Location.VssServerDataProvider.ConnectAsync(ConnectOptions connectOptions, CancellationToken cancellationToken)
   at GitHub.Runner.Common.RunnerService.EstablishVssConnection(Uri serverUrl, VssCredentials credentials, TimeSpan timeout)
[2025-10-10 02:39:24Z ERR  GitHubActionsService] GET request to https://pipelinesghubeus6.actions.githubusercontent.com/hKyNd5hzQTjPqVOxuFp9CyJ2tMUr8ytJJ9FfsFju3bqhBGI0lq/_apis/connectionData?connectOptions=1&lastChangeId=258625537&lastChangeId64=258625537 failed. HTTP Status: NotFound
[2025-10-10 02:39:24Z INFO GitHubActionsService] Finished operation Location.GetConnectionData
[2025-10-10 02:39:24Z INFO RunnerServer] Catch exception during connect. 1 attempt left.
[2025-10-10 02:39:24Z ERR  RunnerServer] GitHub.Services.WebApi.VssServiceResponseException: The resource cannot be found.
   at GitHub.Services.WebApi.VssHttpClientBase.HandleResponseAsync(HttpResponseMessage response, CancellationToken cancellationToken)
   at GitHub.Services.WebApi.VssHttpClientBase.SendAsync(HttpRequestMessage message, HttpCompletionOption completionOption, Object userState, CancellationToken cancellationToken)
   at GitHub.Services.WebApi.VssHttpClientBase.SendAsync[T](HttpRequestMessage message, Object userState, CancellationToken cancellationToken)
   at GitHub.Services.Location.Client.LocationHttpClient.GetConnectionDataAsync(ConnectOptions connectOptions, Int64 lastChangeId, CancellationToken cancellationToken, Object userState)
   at GitHub.Services.WebApi.Location.VssServerDataProvider.GetConnectionDataAsync(ConnectOptions connectOptions, Int32 lastChangeId, CancellationToken cancellationToken)
   at GitHub.Services.WebApi.Location.VssServerDataProvider.ConnectAsync(ConnectOptions connectOptions, CancellationToken cancellationToken)
   at GitHub.Runner.Common.RunnerService.EstablishVssConnection(Uri serverUrl, VssCredentials credentials, TimeSpan timeout)
[2025-10-10 02:39:24Z INFO GitHubActionsService] Starting operation Location.GetConnectionData
[2025-10-10 02:39:24Z INFO GitHubActionsService] Starting operation Location.GetConnectionData
[2025-10-10 02:39:24Z INFO GitHubActionsService] Starting operation Location.GetConnectionData
[2025-10-10 02:39:25Z ERR  GitHubActionsService] GET request to https://pipelinesghubeus6.actions.githubusercontent.com/hKyNd5hzQTjPqVOxuFp9CyJ2tMUr8ytJJ9FfsFju3bqhBGI0lq/_apis/connectionData?connectOptions=1&lastChangeId=258625537&lastChangeId64=258625537 failed. HTTP Status: NotFound
[2025-10-10 02:39:25Z INFO GitHubActionsService] Finished operation Location.GetConnectionData
[2025-10-10 02:39:25Z ERR  GitHubActionsService] GET request to https://pipelinesghubeus6.actions.githubusercontent.com/hKyNd5hzQTjPqVOxuFp9CyJ2tMUr8ytJJ9FfsFju3bqhBGI0lq/_apis/connectionData?connectOptions=1&lastChangeId=258625537&lastChangeId64=258625537 failed. HTTP Status: NotFound
[2025-10-10 02:39:25Z INFO GitHubActionsService] Finished operation Location.GetConnectionData
[2025-10-10 02:39:25Z ERR  GitHubActionsService] GET request to https://pipelinesghubeus6.actions.githubusercontent.com/hKyNd5hzQTjPqVOxuFp9CyJ2tMUr8ytJJ9FfsFju3bqhBGI0lq/_apis/connectionData?connectOptions=1&lastChangeId=258625537&lastChangeId64=258625537 failed. HTTP Status: NotFound
[2025-10-10 02:39:25Z INFO GitHubActionsService] Finished operation Location.GetConnectionData
[2025-10-10 02:39:25Z ERR  BrokerMessageListener] Catch exception during create session.
[2025-10-10 02:39:25Z ERR  BrokerMessageListener] GitHub.Services.WebApi.VssServiceResponseException: The resource cannot be found.
   at GitHub.Services.WebApi.VssHttpClientBase.HandleResponseAsync(HttpResponseMessage response, CancellationToken cancellationToken)
   at GitHub.Services.WebApi.VssHttpClientBase.SendAsync(HttpRequestMessage message, HttpCompletionOption completionOption, Object userState, CancellationToken cancellationToken)
   at GitHub.Services.WebApi.VssHttpClientBase.SendAsync[T](HttpRequestMessage message, Object userState, CancellationToken cancellationToken)
   at GitHub.Services.Location.Client.LocationHttpClient.GetConnectionDataAsync(ConnectOptions connectOptions, Int64 lastChangeId, CancellationToken cancellationToken, Object userState)
   at GitHub.Services.WebApi.Location.VssServerDataProvider.GetConnectionDataAsync(ConnectOptions connectOptions, Int32 lastChangeId, CancellationToken cancellationToken)
   at GitHub.Services.WebApi.Location.VssServerDataProvider.ConnectAsync(ConnectOptions connectOptions, CancellationToken cancellationToken)
   at GitHub.Runner.Common.RunnerService.EstablishVssConnection(Uri serverUrl, VssCredentials credentials, TimeSpan timeout)
   at GitHub.Runner.Common.RunnerServer.ConnectAsync(Uri serverUrl, VssCredentials credentials)
   at GitHub.Runner.Listener.BrokerMessageListener.CreateSessionAsync(CancellationToken token)
[2025-10-10 02:39:25Z INFO BrokerMessageListener] Retriable exception: The resource cannot be found.
[2025-10-10 02:39:25Z INFO BrokerMessageListener] Sleeping for 30 seconds before retrying.
[2025-10-10 02:39:55Z INFO BrokerMessageListener] Attempt to create session.
[2025-10-10 02:39:55Z INFO BrokerMessageListener] Connecting to the Broker Server...
[2025-10-10 02:39:55Z INFO ConfigurationStore] HasCredentials()
[2025-10-10 02:39:55Z INFO ConfigurationStore] stored True
[2025-10-10 02:39:55Z INFO CredentialManager] GetCredentialProvider
[2025-10-10 02:39:55Z INFO CredentialManager] Creating type OAuth
[2025-10-10 02:39:55Z INFO CredentialManager] Creating credential type: OAuth
[2025-10-10 02:39:55Z INFO RSAEncryptedFileKeyManager] Loading RSA key parameters from file G:\Brunella\actions-runner\.credentials_rsaparams
[2025-10-10 02:39:55Z INFO BrokerMessageListener] VssConnection created
[2025-10-10 02:39:55Z INFO BrokerMessageListener] Connecting to the Runner server...
[2025-10-10 02:39:55Z INFO RunnerServer] EstablishVssConnection
[2025-10-10 02:39:55Z INFO RunnerServer] Establish connection with 100 seconds timeout.
[2025-10-10 02:39:55Z INFO GitHubActionsService] Starting operation Location.GetConnectionData
[2025-10-10 02:39:55Z INFO RunnerServer] EstablishVssConnection
[2025-10-10 02:39:55Z INFO RunnerServer] Establish connection with 60 seconds timeout.
[2025-10-10 02:39:55Z INFO GitHubActionsService] Starting operation Location.GetConnectionData
[2025-10-10 02:39:55Z INFO RunnerServer] EstablishVssConnection
[2025-10-10 02:39:55Z INFO RunnerServer] Establish connection with 60 seconds timeout.
[2025-10-10 02:39:55Z INFO GitHubActionsService] Starting operation Location.GetConnectionData
[2025-10-10 02:39:56Z ERR  GitHubActionsService] GET request to https://pipelinesghubeus6.actions.githubusercontent.com/hKyNd5hzQTjPqVOxuFp9CyJ2tMUr8ytJJ9FfsFju3bqhBGI0lq/_apis/connectionData?connectOptions=1&lastChangeId=258625537&lastChangeId64=258625537 failed. HTTP Status: NotFound
[2025-10-10 02:39:56Z INFO GitHubActionsService] Finished operation Location.GetConnectionData
[2025-10-10 02:39:56Z INFO RunnerServer] Catch exception during connect. 4 attempt left.
[2025-10-10 02:39:56Z ERR  RunnerServer] GitHub.Services.WebApi.VssServiceResponseException: The resource cannot be found.
   at GitHub.Services.WebApi.VssHttpClientBase.HandleResponseAsync(HttpResponseMessage response, CancellationToken cancellationToken)
   at GitHub.Services.WebApi.VssHttpClientBase.SendAsync(HttpRequestMessage message, HttpCompletionOption completionOption, Object userState, CancellationToken cancellationToken)
   at GitHub.Services.WebApi.VssHttpClientBase.SendAsync[T](HttpRequestMessage message, Object userState, CancellationToken cancellationToken)
   at GitHub.Services.Location.Client.LocationHttpClient.GetConnectionDataAsync(ConnectOptions connectOptions, Int64 lastChangeId, CancellationToken cancellationToken, Object userState)
   at GitHub.Services.WebApi.Location.VssServerDataProvider.GetConnectionDataAsync(ConnectOptions connectOptions, Int32 lastChangeId, CancellationToken cancellationToken)
   at GitHub.Services.WebApi.Location.VssServerDataProvider.ConnectAsync(ConnectOptions connectOptions, CancellationToken cancellationToken)
   at GitHub.Runner.Common.RunnerService.EstablishVssConnection(Uri serverUrl, VssCredentials credentials, TimeSpan timeout)
[2025-10-10 02:39:56Z ERR  GitHubActionsService] GET request to https://pipelinesghubeus6.actions.githubusercontent.com/hKyNd5hzQTjPqVOxuFp9CyJ2tMUr8ytJJ9FfsFju3bqhBGI0lq/_apis/connectionData?connectOptions=1&lastChangeId=258625537&lastChangeId64=258625537 failed. HTTP Status: NotFound
[2025-10-10 02:39:56Z INFO GitHubActionsService] Finished operation Location.GetConnectionData
[2025-10-10 02:39:56Z INFO RunnerServer] Catch exception during connect. 4 attempt left.
[2025-10-10 02:39:56Z ERR  RunnerServer] GitHub.Services.WebApi.VssServiceResponseException: The resource cannot be found.
   at GitHub.Services.WebApi.VssHttpClientBase.HandleResponseAsync(HttpResponseMessage response, CancellationToken cancellationToken)
   at GitHub.Services.WebApi.VssHttpClientBase.SendAsync(HttpRequestMessage message, HttpCompletionOption completionOption, Object userState, CancellationToken cancellationToken)
   at GitHub.Services.WebApi.VssHttpClientBase.SendAsync[T](HttpRequestMessage message, Object userState, CancellationToken cancellationToken)
   at GitHub.Services.Location.Client.LocationHttpClient.GetConnectionDataAsync(ConnectOptions connectOptions, Int64 lastChangeId, CancellationToken cancellationToken, Object userState)
   at GitHub.Services.WebApi.Location.VssServerDataProvider.GetConnectionDataAsync(ConnectOptions connectOptions, Int32 lastChangeId, CancellationToken cancellationToken)
   at GitHub.Services.WebApi.Location.VssServerDataProvider.ConnectAsync(ConnectOptions connectOptions, CancellationToken cancellationToken)
   at GitHub.Runner.Common.RunnerService.EstablishVssConnection(Uri serverUrl, VssCredentials credentials, TimeSpan timeout)
[2025-10-10 02:39:56Z ERR  GitHubActionsService] GET request to https://pipelinesghubeus6.actions.githubusercontent.com/hKyNd5hzQTjPqVOxuFp9CyJ2tMUr8ytJJ9FfsFju3bqhBGI0lq/_apis/connectionData?connectOptions=1&lastChangeId=258625537&lastChangeId64=258625537 failed. HTTP Status: NotFound
[2025-10-10 02:39:56Z INFO GitHubActionsService] Finished operation Location.GetConnectionData
[2025-10-10 02:39:56Z INFO RunnerServer] Catch exception during connect. 4 attempt left.
[2025-10-10 02:39:56Z ERR  RunnerServer] GitHub.Services.WebApi.VssServiceResponseException: The resource cannot be found.
   at GitHub.Services.WebApi.VssHttpClientBase.HandleResponseAsync(HttpResponseMessage response, CancellationToken cancellationToken)
   at GitHub.Services.WebApi.VssHttpClientBase.SendAsync(HttpRequestMessage message, HttpCompletionOption completionOption, Object userState, CancellationToken cancellationToken)
   at GitHub.Services.WebApi.VssHttpClientBase.SendAsync[T](HttpRequestMessage message, Object userState, CancellationToken cancellationToken)
   at GitHub.Services.Location.Client.LocationHttpClient.GetConnectionDataAsync(ConnectOptions connectOptions, Int64 lastChangeId, CancellationToken cancellationToken, Object userState)
   at GitHub.Services.WebApi.Location.VssServerDataProvider.GetConnectionDataAsync(ConnectOptions connectOptions, Int32 lastChangeId, CancellationToken cancellationToken)
   at GitHub.Services.WebApi.Location.VssServerDataProvider.ConnectAsync(ConnectOptions connectOptions, CancellationToken cancellationToken)
   at GitHub.Runner.Common.RunnerService.EstablishVssConnection(Uri serverUrl, VssCredentials credentials, TimeSpan timeout)
[2025-10-10 02:39:56Z INFO GitHubActionsService] Starting operation Location.GetConnectionData
[2025-10-10 02:39:56Z INFO GitHubActionsService] Starting operation Location.GetConnectionData
[2025-10-10 02:39:56Z INFO GitHubActionsService] Starting operation Location.GetConnectionData
[2025-10-10 02:39:56Z ERR  GitHubActionsService] GET request to https://pipelinesghubeus6.actions.githubusercontent.com/hKyNd5hzQTjPqVOxuFp9CyJ2tMUr8ytJJ9FfsFju3bqhBGI0lq/_apis/connectionData?connectOptions=1&lastChangeId=258625537&lastChangeId64=258625537 failed. HTTP Status: NotFound
[2025-10-10 02:39:56Z INFO GitHubActionsService] Finished operation Location.GetConnectionData
[2025-10-10 02:39:56Z INFO RunnerServer] Catch exception during connect. 3 attempt left.
[2025-10-10 02:39:56Z ERR  RunnerServer] GitHub.Services.WebApi.VssServiceResponseException: The resource cannot be found.
   at GitHub.Services.WebApi.VssHttpClientBase.HandleResponseAsync(HttpResponseMessage response, CancellationToken cancellationToken)
   at GitHub.Services.WebApi.VssHttpClientBase.SendAsync(HttpRequestMessage message, HttpCompletionOption completionOption, Object userState, CancellationToken cancellationToken)
   at GitHub.Services.WebApi.VssHttpClientBase.SendAsync[T](HttpRequestMessage message, Object userState, CancellationToken cancellationToken)
   at GitHub.Services.Location.Client.LocationHttpClient.GetConnectionDataAsync(ConnectOptions connectOptions, Int64 lastChangeId, CancellationToken cancellationToken, Object userState)
   at GitHub.Services.WebApi.Location.VssServerDataProvider.GetConnectionDataAsync(ConnectOptions connectOptions, Int32 lastChangeId, CancellationToken cancellationToken)
   at GitHub.Services.WebApi.Location.VssServerDataProvider.ConnectAsync(ConnectOptions connectOptions, CancellationToken cancellationToken)
   at GitHub.Runner.Common.RunnerService.EstablishVssConnection(Uri serverUrl, VssCredentials credentials, TimeSpan timeout)
[2025-10-10 02:39:56Z ERR  GitHubActionsService] GET request to https://pipelinesghubeus6.actions.githubusercontent.com/hKyNd5hzQTjPqVOxuFp9CyJ2tMUr8ytJJ9FfsFju3bqhBGI0lq/_apis/connectionData?connectOptions=1&lastChangeId=258625537&lastChangeId64=258625537 failed. HTTP Status: NotFound
[2025-10-10 02:39:56Z INFO GitHubActionsService] Finished operation Location.GetConnectionData
[2025-10-10 02:39:56Z INFO RunnerServer] Catch exception during connect. 3 attempt left.
[2025-10-10 02:39:56Z ERR  RunnerServer] GitHub.Services.WebApi.VssServiceResponseException: The resource cannot be found.
   at GitHub.Services.WebApi.VssHttpClientBase.HandleResponseAsync(HttpResponseMessage response, CancellationToken cancellationToken)
   at GitHub.Services.WebApi.VssHttpClientBase.SendAsync(HttpRequestMessage message, HttpCompletionOption completionOption, Object userState, CancellationToken cancellationToken)
   at GitHub.Services.WebApi.VssHttpClientBase.SendAsync[T](HttpRequestMessage message, Object userState, CancellationToken cancellationToken)
   at GitHub.Services.Location.Client.LocationHttpClient.GetConnectionDataAsync(ConnectOptions connectOptions, Int64 lastChangeId, CancellationToken cancellationToken, Object userState)
   at GitHub.Services.WebApi.Location.VssServerDataProvider.GetConnectionDataAsync(ConnectOptions connectOptions, Int32 lastChangeId, CancellationToken cancellationToken)
   at GitHub.Services.WebApi.Location.VssServerDataProvider.ConnectAsync(ConnectOptions connectOptions, CancellationToken cancellationToken)
   at GitHub.Runner.Common.RunnerService.EstablishVssConnection(Uri serverUrl, VssCredentials credentials, TimeSpan timeout)
[2025-10-10 02:39:56Z ERR  GitHubActionsService] GET request to https://pipelinesghubeus6.actions.githubusercontent.com/hKyNd5hzQTjPqVOxuFp9CyJ2tMUr8ytJJ9FfsFju3bqhBGI0lq/_apis/connectionData?connectOptions=1&lastChangeId=258625537&lastChangeId64=258625537 failed. HTTP Status: NotFound
[2025-10-10 02:39:56Z INFO GitHubActionsService] Finished operation Location.GetConnectionData
[2025-10-10 02:39:56Z INFO RunnerServer] Catch exception during connect. 3 attempt left.
[2025-10-10 02:39:56Z ERR  RunnerServer] GitHub.Services.WebApi.VssServiceResponseException: The resource cannot be found.
   at GitHub.Services.WebApi.VssHttpClientBase.HandleResponseAsync(HttpResponseMessage response, CancellationToken cancellationToken)
   at GitHub.Services.WebApi.VssHttpClientBase.SendAsync(HttpRequestMessage message, HttpCompletionOption completionOption, Object userState, CancellationToken cancellationToken)
   at GitHub.Services.WebApi.VssHttpClientBase.SendAsync[T](HttpRequestMessage message, Object userState, CancellationToken cancellationToken)
   at GitHub.Services.Location.Client.LocationHttpClient.GetConnectionDataAsync(ConnectOptions connectOptions, Int64 lastChangeId, CancellationToken cancellationToken, Object userState)
   at GitHub.Services.WebApi.Location.VssServerDataProvider.GetConnectionDataAsync(ConnectOptions connectOptions, Int32 lastChangeId, CancellationToken cancellationToken)
   at GitHub.Services.WebApi.Location.VssServerDataProvider.ConnectAsync(ConnectOptions connectOptions, CancellationToken cancellationToken)
   at GitHub.Runner.Common.RunnerService.EstablishVssConnection(Uri serverUrl, VssCredentials credentials, TimeSpan timeout)
[2025-10-10 02:39:56Z INFO GitHubActionsService] Starting operation Location.GetConnectionData
[2025-10-10 02:39:56Z INFO GitHubActionsService] Starting operation Location.GetConnectionData
[2025-10-10 02:39:56Z INFO GitHubActionsService] Starting operation Location.GetConnectionData
[2025-10-10 02:39:57Z ERR  GitHubActionsService] GET request to https://pipelinesghubeus6.actions.githubusercontent.com/hKyNd5hzQTjPqVOxuFp9CyJ2tMUr8ytJJ9FfsFju3bqhBGI0lq/_apis/connectionData?connectOptions=1&lastChangeId=258625537&lastChangeId64=258625537 failed. HTTP Status: NotFound
[2025-10-10 02:39:57Z INFO GitHubActionsService] Finished operation Location.GetConnectionData
[2025-10-10 02:39:57Z INFO RunnerServer] Catch exception during connect. 2 attempt left.
[2025-10-10 02:39:57Z ERR  RunnerServer] GitHub.Services.WebApi.VssServiceResponseException: The resource cannot be found.
   at GitHub.Services.WebApi.VssHttpClientBase.HandleResponseAsync(HttpResponseMessage response, CancellationToken cancellationToken)
   at GitHub.Services.WebApi.VssHttpClientBase.SendAsync(HttpRequestMessage message, HttpCompletionOption completionOption, Object userState, CancellationToken cancellationToken)
   at GitHub.Services.WebApi.VssHttpClientBase.SendAsync[T](HttpRequestMessage message, Object userState, CancellationToken cancellationToken)
   at GitHub.Services.Location.Client.LocationHttpClient.GetConnectionDataAsync(ConnectOptions connectOptions, Int64 lastChangeId, CancellationToken cancellationToken, Object userState)
   at GitHub.Services.WebApi.Location.VssServerDataProvider.GetConnectionDataAsync(ConnectOptions connectOptions, Int32 lastChangeId, CancellationToken cancellationToken)
   at GitHub.Services.WebApi.Location.VssServerDataProvider.ConnectAsync(ConnectOptions connectOptions, CancellationToken cancellationToken)
   at GitHub.Runner.Common.RunnerService.EstablishVssConnection(Uri serverUrl, VssCredentials credentials, TimeSpan timeout)
[2025-10-10 02:39:57Z ERR  GitHubActionsService] GET request to https://pipelinesghubeus6.actions.githubusercontent.com/hKyNd5hzQTjPqVOxuFp9CyJ2tMUr8ytJJ9FfsFju3bqhBGI0lq/_apis/connectionData?connectOptions=1&lastChangeId=258625537&lastChangeId64=258625537 failed. HTTP Status: NotFound
[2025-10-10 02:39:57Z INFO GitHubActionsService] Finished operation Location.GetConnectionData
[2025-10-10 02:39:57Z INFO RunnerServer] Catch exception during connect. 2 attempt left.
[2025-10-10 02:39:57Z ERR  RunnerServer] GitHub.Services.WebApi.VssServiceResponseException: The resource cannot be found.
   at GitHub.Services.WebApi.VssHttpClientBase.HandleResponseAsync(HttpResponseMessage response, CancellationToken cancellationToken)
   at GitHub.Services.WebApi.VssHttpClientBase.SendAsync(HttpRequestMessage message, HttpCompletionOption completionOption, Object userState, CancellationToken cancellationToken)
   at GitHub.Services.WebApi.VssHttpClientBase.SendAsync[T](HttpRequestMessage message, Object userState, CancellationToken cancellationToken)
   at GitHub.Services.Location.Client.LocationHttpClient.GetConnectionDataAsync(ConnectOptions connectOptions, Int64 lastChangeId, CancellationToken cancellationToken, Object userState)
   at GitHub.Services.WebApi.Location.VssServerDataProvider.GetConnectionDataAsync(ConnectOptions connectOptions, Int32 lastChangeId, CancellationToken cancellationToken)
   at GitHub.Services.WebApi.Location.VssServerDataProvider.ConnectAsync(ConnectOptions connectOptions, CancellationToken cancellationToken)
   at GitHub.Runner.Common.RunnerService.EstablishVssConnection(Uri serverUrl, VssCredentials credentials, TimeSpan timeout)
[2025-10-10 02:39:57Z ERR  GitHubActionsService] GET request to https://pipelinesghubeus6.actions.githubusercontent.com/hKyNd5hzQTjPqVOxuFp9CyJ2tMUr8ytJJ9FfsFju3bqhBGI0lq/_apis/connectionData?connectOptions=1&lastChangeId=258625537&lastChangeId64=258625537 failed. HTTP Status: NotFound
[2025-10-10 02:39:57Z INFO GitHubActionsService] Finished operation Location.GetConnectionData
[2025-10-10 02:39:57Z INFO RunnerServer] Catch exception during connect. 2 attempt left.
[2025-10-10 02:39:57Z ERR  RunnerServer] GitHub.Services.WebApi.VssServiceResponseException: The resource cannot be found.
   at GitHub.Services.WebApi.VssHttpClientBase.HandleResponseAsync(HttpResponseMessage response, CancellationToken cancellationToken)
   at GitHub.Services.WebApi.VssHttpClientBase.SendAsync(HttpRequestMessage message, HttpCompletionOption completionOption, Object userState, CancellationToken cancellationToken)
   at GitHub.Services.WebApi.VssHttpClientBase.SendAsync[T](HttpRequestMessage message, Object userState, CancellationToken cancellationToken)
   at GitHub.Services.Location.Client.LocationHttpClient.GetConnectionDataAsync(ConnectOptions connectOptions, Int64 lastChangeId, CancellationToken cancellationToken, Object userState)
   at GitHub.Services.WebApi.Location.VssServerDataProvider.GetConnectionDataAsync(ConnectOptions connectOptions, Int32 lastChangeId, CancellationToken cancellationToken)
   at GitHub.Services.WebApi.Location.VssServerDataProvider.ConnectAsync(ConnectOptions connectOptions, CancellationToken cancellationToken)
   at GitHub.Runner.Common.RunnerService.EstablishVssConnection(Uri serverUrl, VssCredentials credentials, TimeSpan timeout)
[2025-10-10 02:39:57Z INFO GitHubActionsService] Starting operation Location.GetConnectionData
[2025-10-10 02:39:57Z INFO GitHubActionsService] Starting operation Location.GetConnectionData
[2025-10-10 02:39:57Z INFO GitHubActionsService] Starting operation Location.GetConnectionData
[2025-10-10 02:39:58Z ERR  GitHubActionsService] GET request to https://pipelinesghubeus6.actions.githubusercontent.com/hKyNd5hzQTjPqVOxuFp9CyJ2tMUr8ytJJ9FfsFju3bqhBGI0lq/_apis/connectionData?connectOptions=1&lastChangeId=258625537&lastChangeId64=258625537 failed. HTTP Status: NotFound
[2025-10-10 02:39:58Z INFO GitHubActionsService] Finished operation Location.GetConnectionData
[2025-10-10 02:39:58Z INFO RunnerServer] Catch exception during connect. 1 attempt left.
[2025-10-10 02:39:58Z ERR  RunnerServer] GitHub.Services.WebApi.VssServiceResponseException: The resource cannot be found.
   at GitHub.Services.WebApi.VssHttpClientBase.HandleResponseAsync(HttpResponseMessage response, CancellationToken cancellationToken)
   at GitHub.Services.WebApi.VssHttpClientBase.SendAsync(HttpRequestMessage message, HttpCompletionOption completionOption, Object userState, CancellationToken cancellationToken)
   at GitHub.Services.WebApi.VssHttpClientBase.SendAsync[T](HttpRequestMessage message, Object userState, CancellationToken cancellationToken)
   at GitHub.Services.Location.Client.LocationHttpClient.GetConnectionDataAsync(ConnectOptions connectOptions, Int64 lastChangeId, CancellationToken cancellationToken, Object userState)
   at GitHub.Services.WebApi.Location.VssServerDataProvider.GetConnectionDataAsync(ConnectOptions connectOptions, Int32 lastChangeId, CancellationToken cancellationToken)
   at GitHub.Services.WebApi.Location.VssServerDataProvider.ConnectAsync(ConnectOptions connectOptions, CancellationToken cancellationToken)
   at GitHub.Runner.Common.RunnerService.EstablishVssConnection(Uri serverUrl, VssCredentials credentials, TimeSpan timeout)
[2025-10-10 02:39:58Z ERR  GitHubActionsService] GET request to https://pipelinesghubeus6.actions.githubusercontent.com/hKyNd5hzQTjPqVOxuFp9CyJ2tMUr8ytJJ9FfsFju3bqhBGI0lq/_apis/connectionData?connectOptions=1&lastChangeId=258625537&lastChangeId64=258625537 failed. HTTP Status: NotFound
[2025-10-10 02:39:58Z INFO GitHubActionsService] Finished operation Location.GetConnectionData
[2025-10-10 02:39:58Z INFO RunnerServer] Catch exception during connect. 1 attempt left.
[2025-10-10 02:39:58Z ERR  RunnerServer] GitHub.Services.WebApi.VssServiceResponseException: The resource cannot be found.
   at GitHub.Services.WebApi.VssHttpClientBase.HandleResponseAsync(HttpResponseMessage response, CancellationToken cancellationToken)
   at GitHub.Services.WebApi.VssHttpClientBase.SendAsync(HttpRequestMessage message, HttpCompletionOption completionOption, Object userState, CancellationToken cancellationToken)
   at GitHub.Services.WebApi.VssHttpClientBase.SendAsync[T](HttpRequestMessage message, Object userState, CancellationToken cancellationToken)
   at GitHub.Services.Location.Client.LocationHttpClient.GetConnectionDataAsync(ConnectOptions connectOptions, Int64 lastChangeId, CancellationToken cancellationToken, Object userState)
   at GitHub.Services.WebApi.Location.VssServerDataProvider.GetConnectionDataAsync(ConnectOptions connectOptions, Int32 lastChangeId, CancellationToken cancellationToken)
   at GitHub.Services.WebApi.Location.VssServerDataProvider.ConnectAsync(ConnectOptions connectOptions, CancellationToken cancellationToken)
   at GitHub.Runner.Common.RunnerService.EstablishVssConnection(Uri serverUrl, VssCredentials credentials, TimeSpan timeout)
[2025-10-10 02:39:58Z INFO GitHubActionsService] Starting operation Location.GetConnectionData
[2025-10-10 02:39:58Z ERR  GitHubActionsService] GET request to https://pipelinesghubeus6.actions.githubusercontent.com/hKyNd5hzQTjPqVOxuFp9CyJ2tMUr8ytJJ9FfsFju3bqhBGI0lq/_apis/connectionData?connectOptions=1&lastChangeId=258625537&lastChangeId64=258625537 failed. HTTP Status: NotFound
[2025-10-10 02:39:58Z INFO GitHubActionsService] Finished operation Location.GetConnectionData
[2025-10-10 02:39:58Z INFO RunnerServer] Catch exception during connect. 1 attempt left.
[2025-10-10 02:39:58Z ERR  RunnerServer] GitHub.Services.WebApi.VssServiceResponseException: The resource cannot be found.
   at GitHub.Services.WebApi.VssHttpClientBase.HandleResponseAsync(HttpResponseMessage response, CancellationToken cancellationToken)
   at GitHub.Services.WebApi.VssHttpClientBase.SendAsync(HttpRequestMessage message, HttpCompletionOption completionOption, Object userState, CancellationToken cancellationToken)
   at GitHub.Services.WebApi.VssHttpClientBase.SendAsync[T](HttpRequestMessage message, Object userState, CancellationToken cancellationToken)
   at GitHub.Services.Location.Client.LocationHttpClient.GetConnectionDataAsync(ConnectOptions connectOptions, Int64 lastChangeId, CancellationToken cancellationToken, Object userState)
   at GitHub.Services.WebApi.Location.VssServerDataProvider.GetConnectionDataAsync(ConnectOptions connectOptions, Int32 lastChangeId, CancellationToken cancellationToken)
   at GitHub.Services.WebApi.Location.VssServerDataProvider.ConnectAsync(ConnectOptions connectOptions, CancellationToken cancellationToken)
   at GitHub.Runner.Common.RunnerService.EstablishVssConnection(Uri serverUrl, VssCredentials credentials, TimeSpan timeout)
[2025-10-10 02:39:58Z INFO GitHubActionsService] Starting operation Location.GetConnectionData
[2025-10-10 02:39:58Z INFO GitHubActionsService] Starting operation Location.GetConnectionData
[2025-10-10 02:39:59Z ERR  GitHubActionsService] GET request to https://pipelinesghubeus6.actions.githubusercontent.com/hKyNd5hzQTjPqVOxuFp9CyJ2tMUr8ytJJ9FfsFju3bqhBGI0lq/_apis/connectionData?connectOptions=1&lastChangeId=258625537&lastChangeId64=258625537 failed. HTTP Status: NotFound
[2025-10-10 02:39:59Z INFO GitHubActionsService] Finished operation Location.GetConnectionData
[2025-10-10 02:39:59Z ERR  GitHubActionsService] GET request to https://pipelinesghubeus6.actions.githubusercontent.com/hKyNd5hzQTjPqVOxuFp9CyJ2tMUr8ytJJ9FfsFju3bqhBGI0lq/_apis/connectionData?connectOptions=1&lastChangeId=258625537&lastChangeId64=258625537 failed. HTTP Status: NotFound
[2025-10-10 02:39:59Z INFO GitHubActionsService] Finished operation Location.GetConnectionData
[2025-10-10 02:39:59Z ERR  GitHubActionsService] GET request to https://pipelinesghubeus6.actions.githubusercontent.com/hKyNd5hzQTjPqVOxuFp9CyJ2tMUr8ytJJ9FfsFju3bqhBGI0lq/_apis/connectionData?connectOptions=1&lastChangeId=258625537&lastChangeId64=258625537 failed. HTTP Status: NotFound
[2025-10-10 02:39:59Z INFO GitHubActionsService] Finished operation Location.GetConnectionData
[2025-10-10 02:39:59Z ERR  BrokerMessageListener] Catch exception during create session.
[2025-10-10 02:39:59Z ERR  BrokerMessageListener] GitHub.Services.WebApi.VssServiceResponseException: The resource cannot be found.
   at GitHub.Services.WebApi.VssHttpClientBase.HandleResponseAsync(HttpResponseMessage response, CancellationToken cancellationToken)
   at GitHub.Services.WebApi.VssHttpClientBase.SendAsync(HttpRequestMessage message, HttpCompletionOption completionOption, Object userState, CancellationToken cancellationToken)
   at GitHub.Services.WebApi.VssHttpClientBase.SendAsync[T](HttpRequestMessage message, Object userState, CancellationToken cancellationToken)
   at GitHub.Services.Location.Client.LocationHttpClient.GetConnectionDataAsync(ConnectOptions connectOptions, Int64 lastChangeId, CancellationToken cancellationToken, Object userState)
   at GitHub.Services.WebApi.Location.VssServerDataProvider.GetConnectionDataAsync(ConnectOptions connectOptions, Int32 lastChangeId, CancellationToken cancellationToken)
   at GitHub.Services.WebApi.Location.VssServerDataProvider.ConnectAsync(ConnectOptions connectOptions, CancellationToken cancellationToken)
   at GitHub.Runner.Common.RunnerService.EstablishVssConnection(Uri serverUrl, VssCredentials credentials, TimeSpan timeout)
   at GitHub.Runner.Common.RunnerServer.ConnectAsync(Uri serverUrl, VssCredentials credentials)
   at GitHub.Runner.Listener.BrokerMessageListener.CreateSessionAsync(CancellationToken token)
[2025-10-10 02:39:59Z INFO BrokerMessageListener] Retriable exception: The resource cannot be found.
[2025-10-10 02:39:59Z INFO BrokerMessageListener] Sleeping for 30 seconds before retrying.
[2025-10-10 02:40:29Z INFO BrokerMessageListener] Attempt to create session.
[2025-10-10 02:40:29Z INFO BrokerMessageListener] Connecting to the Broker Server...
[2025-10-10 02:40:29Z INFO ConfigurationStore] HasCredentials()
[2025-10-10 02:40:29Z INFO ConfigurationStore] stored True
[2025-10-10 02:40:29Z INFO CredentialManager] GetCredentialProvider
[2025-10-10 02:40:29Z INFO CredentialManager] Creating type OAuth
[2025-10-10 02:40:29Z INFO CredentialManager] Creating credential type: OAuth
[2025-10-10 02:40:29Z INFO RSAEncryptedFileKeyManager] Loading RSA key parameters from file G:\Brunella\actions-runner\.credentials_rsaparams
[2025-10-10 02:40:29Z INFO BrokerMessageListener] VssConnection created
[2025-10-10 02:40:29Z INFO BrokerMessageListener] Connecting to the Runner server...
[2025-10-10 02:40:29Z INFO RunnerServer] EstablishVssConnection
[2025-10-10 02:40:29Z INFO RunnerServer] Establish connection with 100 seconds timeout.
[2025-10-10 02:40:29Z INFO GitHubActionsService] Starting operation Location.GetConnectionData
[2025-10-10 02:40:29Z INFO RunnerServer] EstablishVssConnection
[2025-10-10 02:40:29Z INFO RunnerServer] Establish connection with 60 seconds timeout.
[2025-10-10 02:40:29Z INFO GitHubActionsService] Starting operation Location.GetConnectionData
[2025-10-10 02:40:29Z INFO RunnerServer] EstablishVssConnection
[2025-10-10 02:40:29Z INFO RunnerServer] Establish connection with 60 seconds timeout.
[2025-10-10 02:40:29Z INFO GitHubActionsService] Starting operation Location.GetConnectionData
[2025-10-10 02:40:29Z ERR  GitHubActionsService] GET request to https://pipelinesghubeus6.actions.githubusercontent.com/hKyNd5hzQTjPqVOxuFp9CyJ2tMUr8ytJJ9FfsFju3bqhBGI0lq/_apis/connectionData?connectOptions=1&lastChangeId=258625537&lastChangeId64=258625537 failed. HTTP Status: NotFound
[2025-10-10 02:40:29Z INFO GitHubActionsService] Finished operation Location.GetConnectionData
[2025-10-10 02:40:29Z INFO RunnerServer] Catch exception during connect. 4 attempt left.
[2025-10-10 02:40:29Z ERR  RunnerServer] GitHub.Services.WebApi.VssServiceResponseException: The resource cannot be found.
   at GitHub.Services.WebApi.VssHttpClientBase.HandleResponseAsync(HttpResponseMessage response, CancellationToken cancellationToken)
   at GitHub.Services.WebApi.VssHttpClientBase.SendAsync(HttpRequestMessage message, HttpCompletionOption completionOption, Object userState, CancellationToken cancellationToken)
   at GitHub.Services.WebApi.VssHttpClientBase.SendAsync[T](HttpRequestMessage message, Object userState, CancellationToken cancellationToken)
   at GitHub.Services.Location.Client.LocationHttpClient.GetConnectionDataAsync(ConnectOptions connectOptions, Int64 lastChangeId, CancellationToken cancellationToken, Object userState)
   at GitHub.Services.WebApi.Location.VssServerDataProvider.GetConnectionDataAsync(ConnectOptions connectOptions, Int32 lastChangeId, CancellationToken cancellationToken)
   at GitHub.Services.WebApi.Location.VssServerDataProvider.ConnectAsync(ConnectOptions connectOptions, CancellationToken cancellationToken)
   at GitHub.Runner.Common.RunnerService.EstablishVssConnection(Uri serverUrl, VssCredentials credentials, TimeSpan timeout)
[2025-10-10 02:40:29Z ERR  GitHubActionsService] GET request to https://pipelinesghubeus6.actions.githubusercontent.com/hKyNd5hzQTjPqVOxuFp9CyJ2tMUr8ytJJ9FfsFju3bqhBGI0lq/_apis/connectionData?connectOptions=1&lastChangeId=258625537&lastChangeId64=258625537 failed. HTTP Status: NotFound
[2025-10-10 02:40:29Z INFO GitHubActionsService] Finished operation Location.GetConnectionData
[2025-10-10 02:40:29Z INFO RunnerServer] Catch exception during connect. 4 attempt left.
[2025-10-10 02:40:29Z ERR  RunnerServer] GitHub.Services.WebApi.VssServiceResponseException: The resource cannot be found.
   at GitHub.Services.WebApi.VssHttpClientBase.HandleResponseAsync(HttpResponseMessage response, CancellationToken cancellationToken)
   at GitHub.Services.WebApi.VssHttpClientBase.SendAsync(HttpRequestMessage message, HttpCompletionOption completionOption, Object userState, CancellationToken cancellationToken)
   at GitHub.Services.WebApi.VssHttpClientBase.SendAsync[T](HttpRequestMessage message, Object userState, CancellationToken cancellationToken)
   at GitHub.Services.Location.Client.LocationHttpClient.GetConnectionDataAsync(ConnectOptions connectOptions, Int64 lastChangeId, CancellationToken cancellationToken, Object userState)
   at GitHub.Services.WebApi.Location.VssServerDataProvider.GetConnectionDataAsync(ConnectOptions connectOptions, Int32 lastChangeId, CancellationToken cancellationToken)
   at GitHub.Services.WebApi.Location.VssServerDataProvider.ConnectAsync(ConnectOptions connectOptions, CancellationToken cancellationToken)
   at GitHub.Runner.Common.RunnerService.EstablishVssConnection(Uri serverUrl, VssCredentials credentials, TimeSpan timeout)
[2025-10-10 02:40:29Z ERR  GitHubActionsService] GET request to https://pipelinesghubeus6.actions.githubusercontent.com/hKyNd5hzQTjPqVOxuFp9CyJ2tMUr8ytJJ9FfsFju3bqhBGI0lq/_apis/connectionData?connectOptions=1&lastChangeId=258625537&lastChangeId64=258625537 failed. HTTP Status: NotFound
[2025-10-10 02:40:29Z INFO GitHubActionsService] Finished operation Location.GetConnectionData
[2025-10-10 02:40:29Z INFO RunnerServer] Catch exception during connect. 4 attempt left.
[2025-10-10 02:40:29Z ERR  RunnerServer] GitHub.Services.WebApi.VssServiceResponseException: The resource cannot be found.
   at GitHub.Services.WebApi.VssHttpClientBase.HandleResponseAsync(HttpResponseMessage response, CancellationToken cancellationToken)
   at GitHub.Services.WebApi.VssHttpClientBase.SendAsync(HttpRequestMessage message, HttpCompletionOption completionOption, Object userState, CancellationToken cancellationToken)
   at GitHub.Services.WebApi.VssHttpClientBase.SendAsync[T](HttpRequestMessage message, Object userState, CancellationToken cancellationToken)
   at GitHub.Services.Location.Client.LocationHttpClient.GetConnectionDataAsync(ConnectOptions connectOptions, Int64 lastChangeId, CancellationToken cancellationToken, Object userState)
   at GitHub.Services.WebApi.Location.VssServerDataProvider.GetConnectionDataAsync(ConnectOptions connectOptions, Int32 lastChangeId, CancellationToken cancellationToken)
   at GitHub.Services.WebApi.Location.VssServerDataProvider.ConnectAsync(ConnectOptions connectOptions, CancellationToken cancellationToken)
   at GitHub.Runner.Common.RunnerService.EstablishVssConnection(Uri serverUrl, VssCredentials credentials, TimeSpan timeout)
[2025-10-10 02:40:29Z INFO GitHubActionsService] Starting operation Location.GetConnectionData
[2025-10-10 02:40:29Z INFO GitHubActionsService] Starting operation Location.GetConnectionData
[2025-10-10 02:40:29Z INFO GitHubActionsService] Starting operation Location.GetConnectionData
[2025-10-10 02:40:30Z ERR  GitHubActionsService] GET request to https://pipelinesghubeus6.actions.githubusercontent.com/hKyNd5hzQTjPqVOxuFp9CyJ2tMUr8ytJJ9FfsFju3bqhBGI0lq/_apis/connectionData?connectOptions=1&lastChangeId=258625537&lastChangeId64=258625537 failed. HTTP Status: NotFound
[2025-10-10 02:40:30Z ERR  GitHubActionsService] GET request to https://pipelinesghubeus6.actions.githubusercontent.com/hKyNd5hzQTjPqVOxuFp9CyJ2tMUr8ytJJ9FfsFju3bqhBGI0lq/_apis/connectionData?connectOptions=1&lastChangeId=258625537&lastChangeId64=258625537 failed. HTTP Status: NotFound
[2025-10-10 02:40:30Z INFO GitHubActionsService] Finished operation Location.GetConnectionData
[2025-10-10 02:40:30Z INFO GitHubActionsService] Finished operation Location.GetConnectionData
[2025-10-10 02:40:30Z INFO RunnerServer] Catch exception during connect. 3 attempt left.
[2025-10-10 02:40:30Z INFO RunnerServer] Catch exception during connect. 3 attempt left.
[2025-10-10 02:40:30Z ERR  RunnerServer] GitHub.Services.WebApi.VssServiceResponseException: The resource cannot be found.
   at GitHub.Services.WebApi.VssHttpClientBase.HandleResponseAsync(HttpResponseMessage response, CancellationToken cancellationToken)
   at GitHub.Services.WebApi.VssHttpClientBase.SendAsync(HttpRequestMessage message, HttpCompletionOption completionOption, Object userState, CancellationToken cancellationToken)
   at GitHub.Services.WebApi.VssHttpClientBase.SendAsync[T](HttpRequestMessage message, Object userState, CancellationToken cancellationToken)
   at GitHub.Services.Location.Client.LocationHttpClient.GetConnectionDataAsync(ConnectOptions connectOptions, Int64 lastChangeId, CancellationToken cancellationToken, Object userState)
   at GitHub.Services.WebApi.Location.VssServerDataProvider.GetConnectionDataAsync(ConnectOptions connectOptions, Int32 lastChangeId, CancellationToken cancellationToken)
   at GitHub.Services.WebApi.Location.VssServerDataProvider.ConnectAsync(ConnectOptions connectOptions, CancellationToken cancellationToken)
   at GitHub.Runner.Common.RunnerService.EstablishVssConnection(Uri serverUrl, VssCredentials credentials, TimeSpan timeout)
[2025-10-10 02:40:30Z ERR  RunnerServer] GitHub.Services.WebApi.VssServiceResponseException: The resource cannot be found.
   at GitHub.Services.WebApi.VssHttpClientBase.HandleResponseAsync(HttpResponseMessage response, CancellationToken cancellationToken)
   at GitHub.Services.WebApi.VssHttpClientBase.SendAsync(HttpRequestMessage message, HttpCompletionOption completionOption, Object userState, CancellationToken cancellationToken)
   at GitHub.Services.WebApi.VssHttpClientBase.SendAsync[T](HttpRequestMessage message, Object userState, CancellationToken cancellationToken)
   at GitHub.Services.Location.Client.LocationHttpClient.GetConnectionDataAsync(ConnectOptions connectOptions, Int64 lastChangeId, CancellationToken cancellationToken, Object userState)
   at GitHub.Services.WebApi.Location.VssServerDataProvider.GetConnectionDataAsync(ConnectOptions connectOptions, Int32 lastChangeId, CancellationToken cancellationToken)
   at GitHub.Services.WebApi.Location.VssServerDataProvider.ConnectAsync(ConnectOptions connectOptions, CancellationToken cancellationToken)
   at GitHub.Runner.Common.RunnerService.EstablishVssConnection(Uri serverUrl, VssCredentials credentials, TimeSpan timeout)
[2025-10-10 02:40:30Z ERR  GitHubActionsService] GET request to https://pipelinesghubeus6.actions.githubusercontent.com/hKyNd5hzQTjPqVOxuFp9CyJ2tMUr8ytJJ9FfsFju3bqhBGI0lq/_apis/connectionData?connectOptions=1&lastChangeId=258625537&lastChangeId64=258625537 failed. HTTP Status: NotFound
[2025-10-10 02:40:30Z INFO GitHubActionsService] Finished operation Location.GetConnectionData
[2025-10-10 02:40:30Z INFO RunnerServer] Catch exception during connect. 3 attempt left.
[2025-10-10 02:40:30Z ERR  RunnerServer] GitHub.Services.WebApi.VssServiceResponseException: The resource cannot be found.
   at GitHub.Services.WebApi.VssHttpClientBase.HandleResponseAsync(HttpResponseMessage response, CancellationToken cancellationToken)
   at GitHub.Services.WebApi.VssHttpClientBase.SendAsync(HttpRequestMessage message, HttpCompletionOption completionOption, Object userState, CancellationToken cancellationToken)
   at GitHub.Services.WebApi.VssHttpClientBase.SendAsync[T](HttpRequestMessage message, Object userState, CancellationToken cancellationToken)
   at GitHub.Services.Location.Client.LocationHttpClient.GetConnectionDataAsync(ConnectOptions connectOptions, Int64 lastChangeId, CancellationToken cancellationToken, Object userState)
   at GitHub.Services.WebApi.Location.VssServerDataProvider.GetConnectionDataAsync(ConnectOptions connectOptions, Int32 lastChangeId, CancellationToken cancellationToken)
   at GitHub.Services.WebApi.Location.VssServerDataProvider.ConnectAsync(ConnectOptions connectOptions, CancellationToken cancellationToken)
   at GitHub.Runner.Common.RunnerService.EstablishVssConnection(Uri serverUrl, VssCredentials credentials, TimeSpan timeout)
[2025-10-10 02:40:30Z INFO GitHubActionsService] Starting operation Location.GetConnectionData
[2025-10-10 02:40:30Z INFO GitHubActionsService] Starting operation Location.GetConnectionData
[2025-10-10 02:40:30Z INFO GitHubActionsService] Starting operation Location.GetConnectionData
[2025-10-10 02:40:31Z ERR  GitHubActionsService] GET request to https://pipelinesghubeus6.actions.githubusercontent.com/hKyNd5hzQTjPqVOxuFp9CyJ2tMUr8ytJJ9FfsFju3bqhBGI0lq/_apis/connectionData?connectOptions=1&lastChangeId=258625537&lastChangeId64=258625537 failed. HTTP Status: NotFound
[2025-10-10 02:40:31Z INFO GitHubActionsService] Finished operation Location.GetConnectionData
[2025-10-10 02:40:31Z INFO RunnerServer] Catch exception during connect. 2 attempt left.
[2025-10-10 02:40:31Z ERR  RunnerServer] GitHub.Services.WebApi.VssServiceResponseException: The resource cannot be found.
   at GitHub.Services.WebApi.VssHttpClientBase.HandleResponseAsync(HttpResponseMessage response, CancellationToken cancellationToken)
   at GitHub.Services.WebApi.VssHttpClientBase.SendAsync(HttpRequestMessage message, HttpCompletionOption completionOption, Object userState, CancellationToken cancellationToken)
   at GitHub.Services.WebApi.VssHttpClientBase.SendAsync[T](HttpRequestMessage message, Object userState, CancellationToken cancellationToken)
   at GitHub.Services.Location.Client.LocationHttpClient.GetConnectionDataAsync(ConnectOptions connectOptions, Int64 lastChangeId, CancellationToken cancellationToken, Object userState)
   at GitHub.Services.WebApi.Location.VssServerDataProvider.GetConnectionDataAsync(ConnectOptions connectOptions, Int32 lastChangeId, CancellationToken cancellationToken)
   at GitHub.Services.WebApi.Location.VssServerDataProvider.ConnectAsync(ConnectOptions connectOptions, CancellationToken cancellationToken)
   at GitHub.Runner.Common.RunnerService.EstablishVssConnection(Uri serverUrl, VssCredentials credentials, TimeSpan timeout)
[2025-10-10 02:40:31Z ERR  GitHubActionsService] GET request to https://pipelinesghubeus6.actions.githubusercontent.com/hKyNd5hzQTjPqVOxuFp9CyJ2tMUr8ytJJ9FfsFju3bqhBGI0lq/_apis/connectionData?connectOptions=1&lastChangeId=258625537&lastChangeId64=258625537 failed. HTTP Status: NotFound
[2025-10-10 02:40:31Z INFO GitHubActionsService] Finished operation Location.GetConnectionData
[2025-10-10 02:40:31Z INFO RunnerServer] Catch exception during connect. 2 attempt left.
[2025-10-10 02:40:31Z ERR  RunnerServer] GitHub.Services.WebApi.VssServiceResponseException: The resource cannot be found.
   at GitHub.Services.WebApi.VssHttpClientBase.HandleResponseAsync(HttpResponseMessage response, CancellationToken cancellationToken)
   at GitHub.Services.WebApi.VssHttpClientBase.SendAsync(HttpRequestMessage message, HttpCompletionOption completionOption, Object userState, CancellationToken cancellationToken)
   at GitHub.Services.WebApi.VssHttpClientBase.SendAsync[T](HttpRequestMessage message, Object userState, CancellationToken cancellationToken)
   at GitHub.Services.Location.Client.LocationHttpClient.GetConnectionDataAsync(ConnectOptions connectOptions, Int64 lastChangeId, CancellationToken cancellationToken, Object userState)
   at GitHub.Services.WebApi.Location.VssServerDataProvider.GetConnectionDataAsync(ConnectOptions connectOptions, Int32 lastChangeId, CancellationToken cancellationToken)
   at GitHub.Services.WebApi.Location.VssServerDataProvider.ConnectAsync(ConnectOptions connectOptions, CancellationToken cancellationToken)
   at GitHub.Runner.Common.RunnerService.EstablishVssConnection(Uri serverUrl, VssCredentials credentials, TimeSpan timeout)
[2025-10-10 02:40:31Z ERR  GitHubActionsService] GET request to https://pipelinesghubeus6.actions.githubusercontent.com/hKyNd5hzQTjPqVOxuFp9CyJ2tMUr8ytJJ9FfsFju3bqhBGI0lq/_apis/connectionData?connectOptions=1&lastChangeId=258625537&lastChangeId64=258625537 failed. HTTP Status: NotFound
[2025-10-10 02:40:31Z INFO GitHubActionsService] Finished operation Location.GetConnectionData
[2025-10-10 02:40:31Z INFO RunnerServer] Catch exception during connect. 2 attempt left.
[2025-10-10 02:40:31Z ERR  RunnerServer] GitHub.Services.WebApi.VssServiceResponseException: The resource cannot be found.
   at GitHub.Services.WebApi.VssHttpClientBase.HandleResponseAsync(HttpResponseMessage response, CancellationToken cancellationToken)
   at GitHub.Services.WebApi.VssHttpClientBase.SendAsync(HttpRequestMessage message, HttpCompletionOption completionOption, Object userState, CancellationToken cancellationToken)
   at GitHub.Services.WebApi.VssHttpClientBase.SendAsync[T](HttpRequestMessage message, Object userState, CancellationToken cancellationToken)
   at GitHub.Services.Location.Client.LocationHttpClient.GetConnectionDataAsync(ConnectOptions connectOptions, Int64 lastChangeId, CancellationToken cancellationToken, Object userState)
   at GitHub.Services.WebApi.Location.VssServerDataProvider.GetConnectionDataAsync(ConnectOptions connectOptions, Int32 lastChangeId, CancellationToken cancellationToken)
   at GitHub.Services.WebApi.Location.VssServerDataProvider.ConnectAsync(ConnectOptions connectOptions, CancellationToken cancellationToken)
   at GitHub.Runner.Common.RunnerService.EstablishVssConnection(Uri serverUrl, VssCredentials credentials, TimeSpan timeout)
[2025-10-10 02:40:31Z INFO GitHubActionsService] Starting operation Location.GetConnectionData
[2025-10-10 02:40:31Z INFO GitHubActionsService] Starting operation Location.GetConnectionData
[2025-10-10 02:40:31Z INFO GitHubActionsService] Starting operation Location.GetConnectionData
[2025-10-10 02:40:32Z ERR  GitHubActionsService] GET request to https://pipelinesghubeus6.actions.githubusercontent.com/hKyNd5hzQTjPqVOxuFp9CyJ2tMUr8ytJJ9FfsFju3bqhBGI0lq/_apis/connectionData?connectOptions=1&lastChangeId=258625537&lastChangeId64=258625537 failed. HTTP Status: NotFound
[2025-10-10 02:40:32Z INFO GitHubActionsService] Finished operation Location.GetConnectionData
[2025-10-10 02:40:32Z INFO RunnerServer] Catch exception during connect. 1 attempt left.
[2025-10-10 02:40:32Z ERR  RunnerServer] GitHub.Services.WebApi.VssServiceResponseException: The resource cannot be found.
   at GitHub.Services.WebApi.VssHttpClientBase.HandleResponseAsync(HttpResponseMessage response, CancellationToken cancellationToken)
   at GitHub.Services.WebApi.VssHttpClientBase.SendAsync(HttpRequestMessage message, HttpCompletionOption completionOption, Object userState, CancellationToken cancellationToken)
   at GitHub.Services.WebApi.VssHttpClientBase.SendAsync[T](HttpRequestMessage message, Object userState, CancellationToken cancellationToken)
   at GitHub.Services.Location.Client.LocationHttpClient.GetConnectionDataAsync(ConnectOptions connectOptions, Int64 lastChangeId, CancellationToken cancellationToken, Object userState)
   at GitHub.Services.WebApi.Location.VssServerDataProvider.GetConnectionDataAsync(ConnectOptions connectOptions, Int32 lastChangeId, CancellationToken cancellationToken)
   at GitHub.Services.WebApi.Location.VssServerDataProvider.ConnectAsync(ConnectOptions connectOptions, CancellationToken cancellationToken)
   at GitHub.Runner.Common.RunnerService.EstablishVssConnection(Uri serverUrl, VssCredentials credentials, TimeSpan timeout)
[2025-10-10 02:40:32Z INFO GitHubActionsService] Starting operation Location.GetConnectionData
[2025-10-10 02:40:32Z ERR  GitHubActionsService] GET request to https://pipelinesghubeus6.actions.githubusercontent.com/hKyNd5hzQTjPqVOxuFp9CyJ2tMUr8ytJJ9FfsFju3bqhBGI0lq/_apis/connectionData?connectOptions=1&lastChangeId=258625537&lastChangeId64=258625537 failed. HTTP Status: NotFound
[2025-10-10 02:40:32Z INFO GitHubActionsService] Finished operation Location.GetConnectionData
[2025-10-10 02:40:32Z INFO RunnerServer] Catch exception during connect. 1 attempt left.
[2025-10-10 02:40:32Z ERR  RunnerServer] GitHub.Services.WebApi.VssServiceResponseException: The resource cannot be found.
   at GitHub.Services.WebApi.VssHttpClientBase.HandleResponseAsync(HttpResponseMessage response, CancellationToken cancellationToken)
   at GitHub.Services.WebApi.VssHttpClientBase.SendAsync(HttpRequestMessage message, HttpCompletionOption completionOption, Object userState, CancellationToken cancellationToken)
   at GitHub.Services.WebApi.VssHttpClientBase.SendAsync[T](HttpRequestMessage message, Object userState, CancellationToken cancellationToken)
   at GitHub.Services.Location.Client.LocationHttpClient.GetConnectionDataAsync(ConnectOptions connectOptions, Int64 lastChangeId, CancellationToken cancellationToken, Object userState)
   at GitHub.Services.WebApi.Location.VssServerDataProvider.GetConnectionDataAsync(ConnectOptions connectOptions, Int32 lastChangeId, CancellationToken cancellationToken)
   at GitHub.Services.WebApi.Location.VssServerDataProvider.ConnectAsync(ConnectOptions connectOptions, CancellationToken cancellationToken)
   at GitHub.Runner.Common.RunnerService.EstablishVssConnection(Uri serverUrl, VssCredentials credentials, TimeSpan timeout)
[2025-10-10 02:40:32Z ERR  GitHubActionsService] GET request to https://pipelinesghubeus6.actions.githubusercontent.com/hKyNd5hzQTjPqVOxuFp9CyJ2tMUr8ytJJ9FfsFju3bqhBGI0lq/_apis/connectionData?connectOptions=1&lastChangeId=258625537&lastChangeId64=258625537 failed. HTTP Status: NotFound
[2025-10-10 02:40:32Z INFO GitHubActionsService] Finished operation Location.GetConnectionData
[2025-10-10 02:40:32Z INFO RunnerServer] Catch exception during connect. 1 attempt left.
[2025-10-10 02:40:32Z ERR  RunnerServer] GitHub.Services.WebApi.VssServiceResponseException: The resource cannot be found.
   at GitHub.Services.WebApi.VssHttpClientBase.HandleResponseAsync(HttpResponseMessage response, CancellationToken cancellationToken)
   at GitHub.Services.WebApi.VssHttpClientBase.SendAsync(HttpRequestMessage message, HttpCompletionOption completionOption, Object userState, CancellationToken cancellationToken)
   at GitHub.Services.WebApi.VssHttpClientBase.SendAsync[T](HttpRequestMessage message, Object userState, CancellationToken cancellationToken)
   at GitHub.Services.Location.Client.LocationHttpClient.GetConnectionDataAsync(ConnectOptions connectOptions, Int64 lastChangeId, CancellationToken cancellationToken, Object userState)
   at GitHub.Services.WebApi.Location.VssServerDataProvider.GetConnectionDataAsync(ConnectOptions connectOptions, Int32 lastChangeId, CancellationToken cancellationToken)
   at GitHub.Services.WebApi.Location.VssServerDataProvider.ConnectAsync(ConnectOptions connectOptions, CancellationToken cancellationToken)
   at GitHub.Runner.Common.RunnerService.EstablishVssConnection(Uri serverUrl, VssCredentials credentials, TimeSpan timeout)
[2025-10-10 02:40:32Z INFO GitHubActionsService] Starting operation Location.GetConnectionData
[2025-10-10 02:40:32Z INFO GitHubActionsService] Starting operation Location.GetConnectionData
[2025-10-10 02:40:32Z ERR  GitHubActionsService] GET request to https://pipelinesghubeus6.actions.githubusercontent.com/hKyNd5hzQTjPqVOxuFp9CyJ2tMUr8ytJJ9FfsFju3bqhBGI0lq/_apis/connectionData?connectOptions=1&lastChangeId=258625537&lastChangeId64=258625537 failed. HTTP Status: NotFound
[2025-10-10 02:40:32Z INFO GitHubActionsService] Finished operation Location.GetConnectionData
[2025-10-10 02:40:32Z ERR  GitHubActionsService] GET request to https://pipelinesghubeus6.actions.githubusercontent.com/hKyNd5hzQTjPqVOxuFp9CyJ2tMUr8ytJJ9FfsFju3bqhBGI0lq/_apis/connectionData?connectOptions=1&lastChangeId=258625537&lastChangeId64=258625537 failed. HTTP Status: NotFound
[2025-10-10 02:40:32Z INFO GitHubActionsService] Finished operation Location.GetConnectionData
[2025-10-10 02:40:32Z ERR  GitHubActionsService] GET request to https://pipelinesghubeus6.actions.githubusercontent.com/hKyNd5hzQTjPqVOxuFp9CyJ2tMUr8ytJJ9FfsFju3bqhBGI0lq/_apis/connectionData?connectOptions=1&lastChangeId=258625537&lastChangeId64=258625537 failed. HTTP Status: NotFound
[2025-10-10 02:40:32Z INFO GitHubActionsService] Finished operation Location.GetConnectionData
[2025-10-10 02:40:32Z ERR  BrokerMessageListener] Catch exception during create session.
[2025-10-10 02:40:32Z ERR  BrokerMessageListener] GitHub.Services.WebApi.VssServiceResponseException: The resource cannot be found.
   at GitHub.Services.WebApi.VssHttpClientBase.HandleResponseAsync(HttpResponseMessage response, CancellationToken cancellationToken)
   at GitHub.Services.WebApi.VssHttpClientBase.SendAsync(HttpRequestMessage message, HttpCompletionOption completionOption, Object userState, CancellationToken cancellationToken)
   at GitHub.Services.WebApi.VssHttpClientBase.SendAsync[T](HttpRequestMessage message, Object userState, CancellationToken cancellationToken)
   at GitHub.Services.Location.Client.LocationHttpClient.GetConnectionDataAsync(ConnectOptions connectOptions, Int64 lastChangeId, CancellationToken cancellationToken, Object userState)
   at GitHub.Services.WebApi.Location.VssServerDataProvider.GetConnectionDataAsync(ConnectOptions connectOptions, Int32 lastChangeId, CancellationToken cancellationToken)
   at GitHub.Services.WebApi.Location.VssServerDataProvider.ConnectAsync(ConnectOptions connectOptions, CancellationToken cancellationToken)
   at GitHub.Runner.Common.RunnerService.EstablishVssConnection(Uri serverUrl, VssCredentials credentials, TimeSpan timeout)
   at GitHub.Runner.Common.RunnerServer.ConnectAsync(Uri serverUrl, VssCredentials credentials)
   at GitHub.Runner.Listener.BrokerMessageListener.CreateSessionAsync(CancellationToken token)
[2025-10-10 02:40:32Z INFO BrokerMessageListener] Retriable exception: The resource cannot be found.
[2025-10-10 02:40:32Z INFO BrokerMessageListener] Sleeping for 30 seconds before retrying.
[2025-10-10 02:41:02Z INFO BrokerMessageListener] Attempt to create session.
[2025-10-10 02:41:02Z INFO BrokerMessageListener] Connecting to the Broker Server...
[2025-10-10 02:41:02Z INFO ConfigurationStore] HasCredentials()
[2025-10-10 02:41:02Z INFO ConfigurationStore] stored True
[2025-10-10 02:41:02Z INFO CredentialManager] GetCredentialProvider
[2025-10-10 02:41:02Z INFO CredentialManager] Creating type OAuth
[2025-10-10 02:41:02Z INFO CredentialManager] Creating credential type: OAuth
[2025-10-10 02:41:02Z INFO RSAEncryptedFileKeyManager] Loading RSA key parameters from file G:\Brunella\actions-runner\.credentials_rsaparams
[2025-10-10 02:41:02Z INFO BrokerMessageListener] VssConnection created
[2025-10-10 02:41:02Z INFO BrokerMessageListener] Connecting to the Runner server...
[2025-10-10 02:41:02Z INFO RunnerServer] EstablishVssConnection
[2025-10-10 02:41:02Z INFO RunnerServer] Establish connection with 100 seconds timeout.
[2025-10-10 02:41:02Z INFO GitHubActionsService] Starting operation Location.GetConnectionData
[2025-10-10 02:41:02Z INFO RunnerServer] EstablishVssConnection
[2025-10-10 02:41:02Z INFO RunnerServer] Establish connection with 60 seconds timeout.
[2025-10-10 02:41:02Z INFO GitHubActionsService] Starting operation Location.GetConnectionData
[2025-10-10 02:41:02Z INFO RunnerServer] EstablishVssConnection
[2025-10-10 02:41:02Z INFO RunnerServer] Establish connection with 60 seconds timeout.
[2025-10-10 02:41:02Z INFO GitHubActionsService] Starting operation Location.GetConnectionData
[2025-10-10 02:41:03Z ERR  GitHubActionsService] GET request to https://pipelinesghubeus6.actions.githubusercontent.com/hKyNd5hzQTjPqVOxuFp9CyJ2tMUr8ytJJ9FfsFju3bqhBGI0lq/_apis/connectionData?connectOptions=1&lastChangeId=258625537&lastChangeId64=258625537 failed. HTTP Status: NotFound
[2025-10-10 02:41:03Z INFO GitHubActionsService] Finished operation Location.GetConnectionData
[2025-10-10 02:41:03Z INFO RunnerServer] Catch exception during connect. 4 attempt left.
[2025-10-10 02:41:03Z ERR  RunnerServer] GitHub.Services.WebApi.VssServiceResponseException: The resource cannot be found.
   at GitHub.Services.WebApi.VssHttpClientBase.HandleResponseAsync(HttpResponseMessage response, CancellationToken cancellationToken)
   at GitHub.Services.WebApi.VssHttpClientBase.SendAsync(HttpRequestMessage message, HttpCompletionOption completionOption, Object userState, CancellationToken cancellationToken)
   at GitHub.Services.WebApi.VssHttpClientBase.SendAsync[T](HttpRequestMessage message, Object userState, CancellationToken cancellationToken)
   at GitHub.Services.Location.Client.LocationHttpClient.GetConnectionDataAsync(ConnectOptions connectOptions, Int64 lastChangeId, CancellationToken cancellationToken, Object userState)
   at GitHub.Services.WebApi.Location.VssServerDataProvider.GetConnectionDataAsync(ConnectOptions connectOptions, Int32 lastChangeId, CancellationToken cancellationToken)
   at GitHub.Services.WebApi.Location.VssServerDataProvider.ConnectAsync(ConnectOptions connectOptions, CancellationToken cancellationToken)
   at GitHub.Runner.Common.RunnerService.EstablishVssConnection(Uri serverUrl, VssCredentials credentials, TimeSpan timeout)
[2025-10-10 02:41:03Z ERR  GitHubActionsService] GET request to https://pipelinesghubeus6.actions.githubusercontent.com/hKyNd5hzQTjPqVOxuFp9CyJ2tMUr8ytJJ9FfsFju3bqhBGI0lq/_apis/connectionData?connectOptions=1&lastChangeId=258625537&lastChangeId64=258625537 failed. HTTP Status: NotFound
[2025-10-10 02:41:03Z INFO GitHubActionsService] Finished operation Location.GetConnectionData
[2025-10-10 02:41:03Z INFO RunnerServer] Catch exception during connect. 4 attempt left.
[2025-10-10 02:41:03Z ERR  RunnerServer] GitHub.Services.WebApi.VssServiceResponseException: The resource cannot be found.
   at GitHub.Services.WebApi.VssHttpClientBase.HandleResponseAsync(HttpResponseMessage response, CancellationToken cancellationToken)
   at GitHub.Services.WebApi.VssHttpClientBase.SendAsync(HttpRequestMessage message, HttpCompletionOption completionOption, Object userState, CancellationToken cancellationToken)
   at GitHub.Services.WebApi.VssHttpClientBase.SendAsync[T](HttpRequestMessage message, Object userState, CancellationToken cancellationToken)
   at GitHub.Services.Location.Client.LocationHttpClient.GetConnectionDataAsync(ConnectOptions connectOptions, Int64 lastChangeId, CancellationToken cancellationToken, Object userState)
   at GitHub.Services.WebApi.Location.VssServerDataProvider.GetConnectionDataAsync(ConnectOptions connectOptions, Int32 lastChangeId, CancellationToken cancellationToken)
   at GitHub.Services.WebApi.Location.VssServerDataProvider.ConnectAsync(ConnectOptions connectOptions, CancellationToken cancellationToken)
   at GitHub.Runner.Common.RunnerService.EstablishVssConnection(Uri serverUrl, VssCredentials credentials, TimeSpan timeout)
[2025-10-10 02:41:03Z INFO GitHubActionsService] Starting operation Location.GetConnectionData
[2025-10-10 02:41:03Z ERR  GitHubActionsService] GET request to https://pipelinesghubeus6.actions.githubusercontent.com/hKyNd5hzQTjPqVOxuFp9CyJ2tMUr8ytJJ9FfsFju3bqhBGI0lq/_apis/connectionData?connectOptions=1&lastChangeId=258625537&lastChangeId64=258625537 failed. HTTP Status: NotFound
[2025-10-10 02:41:03Z INFO GitHubActionsService] Finished operation Location.GetConnectionData
[2025-10-10 02:41:03Z INFO RunnerServer] Catch exception during connect. 4 attempt left.
[2025-10-10 02:41:03Z ERR  RunnerServer] GitHub.Services.WebApi.VssServiceResponseException: The resource cannot be found.
   at GitHub.Services.WebApi.VssHttpClientBase.HandleResponseAsync(HttpResponseMessage response, CancellationToken cancellationToken)
   at GitHub.Services.WebApi.VssHttpClientBase.SendAsync(HttpRequestMessage message, HttpCompletionOption completionOption, Object userState, CancellationToken cancellationToken)
   at GitHub.Services.WebApi.VssHttpClientBase.SendAsync[T](HttpRequestMessage message, Object userState, CancellationToken cancellationToken)
   at GitHub.Services.Location.Client.LocationHttpClient.GetConnectionDataAsync(ConnectOptions connectOptions, Int64 lastChangeId, CancellationToken cancellationToken, Object userState)
   at GitHub.Services.WebApi.Location.VssServerDataProvider.GetConnectionDataAsync(ConnectOptions connectOptions, Int32 lastChangeId, CancellationToken cancellationToken)
   at GitHub.Services.WebApi.Location.VssServerDataProvider.ConnectAsync(ConnectOptions connectOptions, CancellationToken cancellationToken)
   at GitHub.Runner.Common.RunnerService.EstablishVssConnection(Uri serverUrl, VssCredentials credentials, TimeSpan timeout)
[2025-10-10 02:41:03Z INFO GitHubActionsService] Starting operation Location.GetConnectionData
[2025-10-10 02:41:03Z INFO GitHubActionsService] Starting operation Location.GetConnectionData
[2025-10-10 02:41:04Z ERR  GitHubActionsService] GET request to https://pipelinesghubeus6.actions.githubusercontent.com/hKyNd5hzQTjPqVOxuFp9CyJ2tMUr8ytJJ9FfsFju3bqhBGI0lq/_apis/connectionData?connectOptions=1&lastChangeId=258625537&lastChangeId64=258625537 failed. HTTP Status: NotFound
[2025-10-10 02:41:04Z INFO GitHubActionsService] Finished operation Location.GetConnectionData
[2025-10-10 02:41:04Z INFO RunnerServer] Catch exception during connect. 3 attempt left.
[2025-10-10 02:41:04Z ERR  RunnerServer] GitHub.Services.WebApi.VssServiceResponseException: The resource cannot be found.
   at GitHub.Services.WebApi.VssHttpClientBase.HandleResponseAsync(HttpResponseMessage response, CancellationToken cancellationToken)
   at GitHub.Services.WebApi.VssHttpClientBase.SendAsync(HttpRequestMessage message, HttpCompletionOption completionOption, Object userState, CancellationToken cancellationToken)
   at GitHub.Services.WebApi.VssHttpClientBase.SendAsync[T](HttpRequestMessage message, Object userState, CancellationToken cancellationToken)
   at GitHub.Services.Location.Client.LocationHttpClient.GetConnectionDataAsync(ConnectOptions connectOptions, Int64 lastChangeId, CancellationToken cancellationToken, Object userState)
   at GitHub.Services.WebApi.Location.VssServerDataProvider.GetConnectionDataAsync(ConnectOptions connectOptions, Int32 lastChangeId, CancellationToken cancellationToken)
   at GitHub.Services.WebApi.Location.VssServerDataProvider.ConnectAsync(ConnectOptions connectOptions, CancellationToken cancellationToken)
   at GitHub.Runner.Common.RunnerService.EstablishVssConnection(Uri serverUrl, VssCredentials credentials, TimeSpan timeout)
[2025-10-10 02:41:04Z ERR  GitHubActionsService] GET request to https://pipelinesghubeus6.actions.githubusercontent.com/hKyNd5hzQTjPqVOxuFp9CyJ2tMUr8ytJJ9FfsFju3bqhBGI0lq/_apis/connectionData?connectOptions=1&lastChangeId=258625537&lastChangeId64=258625537 failed. HTTP Status: NotFound
[2025-10-10 02:41:04Z INFO GitHubActionsService] Finished operation Location.GetConnectionData
[2025-10-10 02:41:04Z INFO RunnerServer] Catch exception during connect. 3 attempt left.
[2025-10-10 02:41:04Z ERR  RunnerServer] GitHub.Services.WebApi.VssServiceResponseException: The resource cannot be found.
   at GitHub.Services.WebApi.VssHttpClientBase.HandleResponseAsync(HttpResponseMessage response, CancellationToken cancellationToken)
   at GitHub.Services.WebApi.VssHttpClientBase.SendAsync(HttpRequestMessage message, HttpCompletionOption completionOption, Object userState, CancellationToken cancellationToken)
   at GitHub.Services.WebApi.VssHttpClientBase.SendAsync[T](HttpRequestMessage message, Object userState, CancellationToken cancellationToken)
   at GitHub.Services.Location.Client.LocationHttpClient.GetConnectionDataAsync(ConnectOptions connectOptions, Int64 lastChangeId, CancellationToken cancellationToken, Object userState)
   at GitHub.Services.WebApi.Location.VssServerDataProvider.GetConnectionDataAsync(ConnectOptions connectOptions, Int32 lastChangeId, CancellationToken cancellationToken)
   at GitHub.Services.WebApi.Location.VssServerDataProvider.ConnectAsync(ConnectOptions connectOptions, CancellationToken cancellationToken)
   at GitHub.Runner.Common.RunnerService.EstablishVssConnection(Uri serverUrl, VssCredentials credentials, TimeSpan timeout)
[2025-10-10 02:41:04Z INFO GitHubActionsService] Starting operation Location.GetConnectionData
[2025-10-10 02:41:04Z ERR  GitHubActionsService] GET request to https://pipelinesghubeus6.actions.githubusercontent.com/hKyNd5hzQTjPqVOxuFp9CyJ2tMUr8ytJJ9FfsFju3bqhBGI0lq/_apis/connectionData?connectOptions=1&lastChangeId=258625537&lastChangeId64=258625537 failed. HTTP Status: NotFound
[2025-10-10 02:41:04Z INFO GitHubActionsService] Finished operation Location.GetConnectionData
[2025-10-10 02:41:04Z INFO RunnerServer] Catch exception during connect. 3 attempt left.
[2025-10-10 02:41:04Z ERR  RunnerServer] GitHub.Services.WebApi.VssServiceResponseException: The resource cannot be found.
   at GitHub.Services.WebApi.VssHttpClientBase.HandleResponseAsync(HttpResponseMessage response, CancellationToken cancellationToken)
   at GitHub.Services.WebApi.VssHttpClientBase.SendAsync(HttpRequestMessage message, HttpCompletionOption completionOption, Object userState, CancellationToken cancellationToken)
   at GitHub.Services.WebApi.VssHttpClientBase.SendAsync[T](HttpRequestMessage message, Object userState, CancellationToken cancellationToken)
   at GitHub.Services.Location.Client.LocationHttpClient.GetConnectionDataAsync(ConnectOptions connectOptions, Int64 lastChangeId, CancellationToken cancellationToken, Object userState)
   at GitHub.Services.WebApi.Location.VssServerDataProvider.GetConnectionDataAsync(ConnectOptions connectOptions, Int32 lastChangeId, CancellationToken cancellationToken)
   at GitHub.Services.WebApi.Location.VssServerDataProvider.ConnectAsync(ConnectOptions connectOptions, CancellationToken cancellationToken)
   at GitHub.Runner.Common.RunnerService.EstablishVssConnection(Uri serverUrl, VssCredentials credentials, TimeSpan timeout)
[2025-10-10 02:41:04Z INFO GitHubActionsService] Starting operation Location.GetConnectionData
[2025-10-10 02:41:04Z INFO GitHubActionsService] Starting operation Location.GetConnectionData
[2025-10-10 02:41:04Z ERR  GitHubActionsService] GET request to https://pipelinesghubeus6.actions.githubusercontent.com/hKyNd5hzQTjPqVOxuFp9CyJ2tMUr8ytJJ9FfsFju3bqhBGI0lq/_apis/connectionData?connectOptions=1&lastChangeId=258625537&lastChangeId64=258625537 failed. HTTP Status: NotFound
[2025-10-10 02:41:04Z INFO GitHubActionsService] Finished operation Location.GetConnectionData
[2025-10-10 02:41:04Z INFO RunnerServer] Catch exception during connect. 2 attempt left.
[2025-10-10 02:41:04Z ERR  RunnerServer] GitHub.Services.WebApi.VssServiceResponseException: The resource cannot be found.
   at GitHub.Services.WebApi.VssHttpClientBase.HandleResponseAsync(HttpResponseMessage response, CancellationToken cancellationToken)
   at GitHub.Services.WebApi.VssHttpClientBase.SendAsync(HttpRequestMessage message, HttpCompletionOption completionOption, Object userState, CancellationToken cancellationToken)
   at GitHub.Services.WebApi.VssHttpClientBase.SendAsync[T](HttpRequestMessage message, Object userState, CancellationToken cancellationToken)
   at GitHub.Services.Location.Client.LocationHttpClient.GetConnectionDataAsync(ConnectOptions connectOptions, Int64 lastChangeId, CancellationToken cancellationToken, Object userState)
   at GitHub.Services.WebApi.Location.VssServerDataProvider.GetConnectionDataAsync(ConnectOptions connectOptions, Int32 lastChangeId, CancellationToken cancellationToken)
   at GitHub.Services.WebApi.Location.VssServerDataProvider.ConnectAsync(ConnectOptions connectOptions, CancellationToken cancellationToken)
   at GitHub.Runner.Common.RunnerService.EstablishVssConnection(Uri serverUrl, VssCredentials credentials, TimeSpan timeout)
[2025-10-10 02:41:04Z ERR  GitHubActionsService] GET request to https://pipelinesghubeus6.actions.githubusercontent.com/hKyNd5hzQTjPqVOxuFp9CyJ2tMUr8ytJJ9FfsFju3bqhBGI0lq/_apis/connectionData?connectOptions=1&lastChangeId=258625537&lastChangeId64=258625537 failed. HTTP Status: NotFound
[2025-10-10 02:41:04Z INFO GitHubActionsService] Finished operation Location.GetConnectionData
[2025-10-10 02:41:04Z INFO RunnerServer] Catch exception during connect. 2 attempt left.
[2025-10-10 02:41:04Z ERR  RunnerServer] GitHub.Services.WebApi.VssServiceResponseException: The resource cannot be found.
   at GitHub.Services.WebApi.VssHttpClientBase.HandleResponseAsync(HttpResponseMessage response, CancellationToken cancellationToken)
   at GitHub.Services.WebApi.VssHttpClientBase.SendAsync(HttpRequestMessage message, HttpCompletionOption completionOption, Object userState, CancellationToken cancellationToken)
   at GitHub.Services.WebApi.VssHttpClientBase.SendAsync[T](HttpRequestMessage message, Object userState, CancellationToken cancellationToken)
   at GitHub.Services.Location.Client.LocationHttpClient.GetConnectionDataAsync(ConnectOptions connectOptions, Int64 lastChangeId, CancellationToken cancellationToken, Object userState)
   at GitHub.Services.WebApi.Location.VssServerDataProvider.GetConnectionDataAsync(ConnectOptions connectOptions, Int32 lastChangeId, CancellationToken cancellationToken)
   at GitHub.Services.WebApi.Location.VssServerDataProvider.ConnectAsync(ConnectOptions connectOptions, CancellationToken cancellationToken)
   at GitHub.Runner.Common.RunnerService.EstablishVssConnection(Uri serverUrl, VssCredentials credentials, TimeSpan timeout)
[2025-10-10 02:41:05Z INFO GitHubActionsService] Starting operation Location.GetConnectionData
[2025-10-10 02:41:05Z ERR  GitHubActionsService] GET request to https://pipelinesghubeus6.actions.githubusercontent.com/hKyNd5hzQTjPqVOxuFp9CyJ2tMUr8ytJJ9FfsFju3bqhBGI0lq/_apis/connectionData?connectOptions=1&lastChangeId=258625537&lastChangeId64=258625537 failed. HTTP Status: NotFound
[2025-10-10 02:41:05Z INFO GitHubActionsService] Finished operation Location.GetConnectionData
[2025-10-10 02:41:05Z INFO RunnerServer] Catch exception during connect. 2 attempt left.
[2025-10-10 02:41:05Z ERR  RunnerServer] GitHub.Services.WebApi.VssServiceResponseException: The resource cannot be found.
   at GitHub.Services.WebApi.VssHttpClientBase.HandleResponseAsync(HttpResponseMessage response, CancellationToken cancellationToken)
   at GitHub.Services.WebApi.VssHttpClientBase.SendAsync(HttpRequestMessage message, HttpCompletionOption completionOption, Object userState, CancellationToken cancellationToken)
   at GitHub.Services.WebApi.VssHttpClientBase.SendAsync[T](HttpRequestMessage message, Object userState, CancellationToken cancellationToken)
   at GitHub.Services.Location.Client.LocationHttpClient.GetConnectionDataAsync(ConnectOptions connectOptions, Int64 lastChangeId, CancellationToken cancellationToken, Object userState)
   at GitHub.Services.WebApi.Location.VssServerDataProvider.GetConnectionDataAsync(ConnectOptions connectOptions, Int32 lastChangeId, CancellationToken cancellationToken)
   at GitHub.Services.WebApi.Location.VssServerDataProvider.ConnectAsync(ConnectOptions connectOptions, CancellationToken cancellationToken)
   at GitHub.Runner.Common.RunnerService.EstablishVssConnection(Uri serverUrl, VssCredentials credentials, TimeSpan timeout)
[2025-10-10 02:41:05Z INFO GitHubActionsService] Starting operation Location.GetConnectionData
[2025-10-10 02:41:05Z INFO GitHubActionsService] Starting operation Location.GetConnectionData
[2025-10-10 02:41:05Z ERR  GitHubActionsService] GET request to https://pipelinesghubeus6.actions.githubusercontent.com/hKyNd5hzQTjPqVOxuFp9CyJ2tMUr8ytJJ9FfsFju3bqhBGI0lq/_apis/connectionData?connectOptions=1&lastChangeId=258625537&lastChangeId64=258625537 failed. HTTP Status: NotFound
[2025-10-10 02:41:05Z INFO GitHubActionsService] Finished operation Location.GetConnectionData
[2025-10-10 02:41:05Z INFO RunnerServer] Catch exception during connect. 1 attempt left.
[2025-10-10 02:41:05Z ERR  RunnerServer] GitHub.Services.WebApi.VssServiceResponseException: The resource cannot be found.
   at GitHub.Services.WebApi.VssHttpClientBase.HandleResponseAsync(HttpResponseMessage response, CancellationToken cancellationToken)
   at GitHub.Services.WebApi.VssHttpClientBase.SendAsync(HttpRequestMessage message, HttpCompletionOption completionOption, Object userState, CancellationToken cancellationToken)
   at GitHub.Services.WebApi.VssHttpClientBase.SendAsync[T](HttpRequestMessage message, Object userState, CancellationToken cancellationToken)
   at GitHub.Services.Location.Client.LocationHttpClient.GetConnectionDataAsync(ConnectOptions connectOptions, Int64 lastChangeId, CancellationToken cancellationToken, Object userState)
   at GitHub.Services.WebApi.Location.VssServerDataProvider.GetConnectionDataAsync(ConnectOptions connectOptions, Int32 lastChangeId, CancellationToken cancellationToken)
   at GitHub.Services.WebApi.Location.VssServerDataProvider.ConnectAsync(ConnectOptions connectOptions, CancellationToken cancellationToken)
   at GitHub.Runner.Common.RunnerService.EstablishVssConnection(Uri serverUrl, VssCredentials credentials, TimeSpan timeout)
[2025-10-10 02:41:05Z ERR  GitHubActionsService] GET request to https://pipelinesghubeus6.actions.githubusercontent.com/hKyNd5hzQTjPqVOxuFp9CyJ2tMUr8ytJJ9FfsFju3bqhBGI0lq/_apis/connectionData?connectOptions=1&lastChangeId=258625537&lastChangeId64=258625537 failed. HTTP Status: NotFound
[2025-10-10 02:41:05Z INFO GitHubActionsService] Finished operation Location.GetConnectionData
[2025-10-10 02:41:05Z INFO RunnerServer] Catch exception during connect. 1 attempt left.
[2025-10-10 02:41:05Z ERR  RunnerServer] GitHub.Services.WebApi.VssServiceResponseException: The resource cannot be found.
   at GitHub.Services.WebApi.VssHttpClientBase.HandleResponseAsync(HttpResponseMessage response, CancellationToken cancellationToken)
   at GitHub.Services.WebApi.VssHttpClientBase.SendAsync(HttpRequestMessage message, HttpCompletionOption completionOption, Object userState, CancellationToken cancellationToken)
   at GitHub.Services.WebApi.VssHttpClientBase.SendAsync[T](HttpRequestMessage message, Object userState, CancellationToken cancellationToken)
   at GitHub.Services.Location.Client.LocationHttpClient.GetConnectionDataAsync(ConnectOptions connectOptions, Int64 lastChangeId, CancellationToken cancellationToken, Object userState)
   at GitHub.Services.WebApi.Location.VssServerDataProvider.GetConnectionDataAsync(ConnectOptions connectOptions, Int32 lastChangeId, CancellationToken cancellationToken)
   at GitHub.Services.WebApi.Location.VssServerDataProvider.ConnectAsync(ConnectOptions connectOptions, CancellationToken cancellationToken)
   at GitHub.Runner.Common.RunnerService.EstablishVssConnection(Uri serverUrl, VssCredentials credentials, TimeSpan timeout)
[2025-10-10 02:41:05Z INFO GitHubActionsService] Starting operation Location.GetConnectionData
[2025-10-10 02:41:05Z ERR  GitHubActionsService] GET request to https://pipelinesghubeus6.actions.githubusercontent.com/hKyNd5hzQTjPqVOxuFp9CyJ2tMUr8ytJJ9FfsFju3bqhBGI0lq/_apis/connectionData?connectOptions=1&lastChangeId=258625537&lastChangeId64=258625537 failed. HTTP Status: NotFound
[2025-10-10 02:41:05Z INFO GitHubActionsService] Finished operation Location.GetConnectionData
[2025-10-10 02:41:05Z INFO RunnerServer] Catch exception during connect. 1 attempt left.
[2025-10-10 02:41:05Z INFO GitHubActionsService] Starting operation Location.GetConnectionData
[2025-10-10 02:41:05Z ERR  RunnerServer] GitHub.Services.WebApi.VssServiceResponseException: The resource cannot be found.
   at GitHub.Services.WebApi.VssHttpClientBase.HandleResponseAsync(HttpResponseMessage response, CancellationToken cancellationToken)
   at GitHub.Services.WebApi.VssHttpClientBase.SendAsync(HttpRequestMessage message, HttpCompletionOption completionOption, Object userState, CancellationToken cancellationToken)
   at GitHub.Services.WebApi.VssHttpClientBase.SendAsync[T](HttpRequestMessage message, Object userState, CancellationToken cancellationToken)
   at GitHub.Services.Location.Client.LocationHttpClient.GetConnectionDataAsync(ConnectOptions connectOptions, Int64 lastChangeId, CancellationToken cancellationToken, Object userState)
   at GitHub.Services.WebApi.Location.VssServerDataProvider.GetConnectionDataAsync(ConnectOptions connectOptions, Int32 lastChangeId, CancellationToken cancellationToken)
   at GitHub.Services.WebApi.Location.VssServerDataProvider.ConnectAsync(ConnectOptions connectOptions, CancellationToken cancellationToken)
   at GitHub.Runner.Common.RunnerService.EstablishVssConnection(Uri serverUrl, VssCredentials credentials, TimeSpan timeout)
[2025-10-10 02:41:05Z INFO GitHubActionsService] Starting operation Location.GetConnectionData
[2025-10-10 02:41:06Z ERR  GitHubActionsService] GET request to https://pipelinesghubeus6.actions.githubusercontent.com/hKyNd5hzQTjPqVOxuFp9CyJ2tMUr8ytJJ9FfsFju3bqhBGI0lq/_apis/connectionData?connectOptions=1&lastChangeId=258625537&lastChangeId64=258625537 failed. HTTP Status: NotFound
[2025-10-10 02:41:06Z INFO GitHubActionsService] Finished operation Location.GetConnectionData
[2025-10-10 02:41:06Z ERR  GitHubActionsService] GET request to https://pipelinesghubeus6.actions.githubusercontent.com/hKyNd5hzQTjPqVOxuFp9CyJ2tMUr8ytJJ9FfsFju3bqhBGI0lq/_apis/connectionData?connectOptions=1&lastChangeId=258625537&lastChangeId64=258625537 failed. HTTP Status: NotFound
[2025-10-10 02:41:06Z INFO GitHubActionsService] Finished operation Location.GetConnectionData
[2025-10-10 02:41:06Z ERR  GitHubActionsService] GET request to https://pipelinesghubeus6.actions.githubusercontent.com/hKyNd5hzQTjPqVOxuFp9CyJ2tMUr8ytJJ9FfsFju3bqhBGI0lq/_apis/connectionData?connectOptions=1&lastChangeId=258625537&lastChangeId64=258625537 failed. HTTP Status: NotFound
[2025-10-10 02:41:06Z INFO GitHubActionsService] Finished operation Location.GetConnectionData
[2025-10-10 02:41:06Z ERR  BrokerMessageListener] Catch exception during create session.
[2025-10-10 02:41:06Z ERR  BrokerMessageListener] GitHub.Services.WebApi.VssServiceResponseException: The resource cannot be found.
   at GitHub.Services.WebApi.VssHttpClientBase.HandleResponseAsync(HttpResponseMessage response, CancellationToken cancellationToken)
   at GitHub.Services.WebApi.VssHttpClientBase.SendAsync(HttpRequestMessage message, HttpCompletionOption completionOption, Object userState, CancellationToken cancellationToken)
   at GitHub.Services.WebApi.VssHttpClientBase.SendAsync[T](HttpRequestMessage message, Object userState, CancellationToken cancellationToken)
   at GitHub.Services.Location.Client.LocationHttpClient.GetConnectionDataAsync(ConnectOptions connectOptions, Int64 lastChangeId, CancellationToken cancellationToken, Object userState)
   at GitHub.Services.WebApi.Location.VssServerDataProvider.GetConnectionDataAsync(ConnectOptions connectOptions, Int32 lastChangeId, CancellationToken cancellationToken)
   at GitHub.Services.WebApi.Location.VssServerDataProvider.ConnectAsync(ConnectOptions connectOptions, CancellationToken cancellationToken)
   at GitHub.Runner.Common.RunnerService.EstablishVssConnection(Uri serverUrl, VssCredentials credentials, TimeSpan timeout)
   at GitHub.Runner.Common.RunnerServer.ConnectAsync(Uri serverUrl, VssCredentials credentials)
   at GitHub.Runner.Listener.BrokerMessageListener.CreateSessionAsync(CancellationToken token)
[2025-10-10 02:41:06Z INFO BrokerMessageListener] Retriable exception: The resource cannot be found.
[2025-10-10 02:41:06Z INFO BrokerMessageListener] Sleeping for 30 seconds before retrying.
[2025-10-10 02:41:36Z INFO BrokerMessageListener] Attempt to create session.
[2025-10-10 02:41:36Z INFO BrokerMessageListener] Connecting to the Broker Server...
[2025-10-10 02:41:36Z INFO ConfigurationStore] HasCredentials()
[2025-10-10 02:41:36Z INFO ConfigurationStore] stored True
[2025-10-10 02:41:36Z INFO CredentialManager] GetCredentialProvider
[2025-10-10 02:41:36Z INFO CredentialManager] Creating type OAuth
[2025-10-10 02:41:36Z INFO CredentialManager] Creating credential type: OAuth
[2025-10-10 02:41:36Z INFO RSAEncryptedFileKeyManager] Loading RSA key parameters from file G:\Brunella\actions-runner\.credentials_rsaparams
[2025-10-10 02:41:36Z INFO BrokerMessageListener] VssConnection created
[2025-10-10 02:41:36Z INFO BrokerMessageListener] Connecting to the Runner server...
[2025-10-10 02:41:36Z INFO RunnerServer] EstablishVssConnection
[2025-10-10 02:41:36Z INFO RunnerServer] Establish connection with 100 seconds timeout.
[2025-10-10 02:41:36Z INFO GitHubActionsService] Starting operation Location.GetConnectionData
[2025-10-10 02:41:36Z INFO RunnerServer] EstablishVssConnection
[2025-10-10 02:41:36Z INFO RunnerServer] Establish connection with 60 seconds timeout.
[2025-10-10 02:41:36Z INFO GitHubActionsService] Starting operation Location.GetConnectionData
[2025-10-10 02:41:36Z INFO RunnerServer] EstablishVssConnection
[2025-10-10 02:41:36Z INFO RunnerServer] Establish connection with 60 seconds timeout.
[2025-10-10 02:41:36Z INFO GitHubActionsService] Starting operation Location.GetConnectionData
[2025-10-10 02:41:37Z ERR  GitHubActionsService] GET request to https://pipelinesghubeus6.actions.githubusercontent.com/hKyNd5hzQTjPqVOxuFp9CyJ2tMUr8ytJJ9FfsFju3bqhBGI0lq/_apis/connectionData?connectOptions=1&lastChangeId=258625537&lastChangeId64=258625537 failed. HTTP Status: NotFound
[2025-10-10 02:41:37Z INFO GitHubActionsService] Finished operation Location.GetConnectionData
[2025-10-10 02:41:37Z INFO RunnerServer] Catch exception during connect. 4 attempt left.
[2025-10-10 02:41:37Z ERR  RunnerServer] GitHub.Services.WebApi.VssServiceResponseException: The resource cannot be found.
   at GitHub.Services.WebApi.VssHttpClientBase.HandleResponseAsync(HttpResponseMessage response, CancellationToken cancellationToken)
   at GitHub.Services.WebApi.VssHttpClientBase.SendAsync(HttpRequestMessage message, HttpCompletionOption completionOption, Object userState, CancellationToken cancellationToken)
   at GitHub.Services.WebApi.VssHttpClientBase.SendAsync[T](HttpRequestMessage message, Object userState, CancellationToken cancellationToken)
   at GitHub.Services.Location.Client.LocationHttpClient.GetConnectionDataAsync(ConnectOptions connectOptions, Int64 lastChangeId, CancellationToken cancellationToken, Object userState)
   at GitHub.Services.WebApi.Location.VssServerDataProvider.GetConnectionDataAsync(ConnectOptions connectOptions, Int32 lastChangeId, CancellationToken cancellationToken)
   at GitHub.Services.WebApi.Location.VssServerDataProvider.ConnectAsync(ConnectOptions connectOptions, CancellationToken cancellationToken)
   at GitHub.Runner.Common.RunnerService.EstablishVssConnection(Uri serverUrl, VssCredentials credentials, TimeSpan timeout)
[2025-10-10 02:41:37Z ERR  GitHubActionsService] GET request to https://pipelinesghubeus6.actions.githubusercontent.com/hKyNd5hzQTjPqVOxuFp9CyJ2tMUr8ytJJ9FfsFju3bqhBGI0lq/_apis/connectionData?connectOptions=1&lastChangeId=258625537&lastChangeId64=258625537 failed. HTTP Status: NotFound
[2025-10-10 02:41:37Z INFO GitHubActionsService] Finished operation Location.GetConnectionData
[2025-10-10 02:41:37Z INFO RunnerServer] Catch exception during connect. 4 attempt left.
[2025-10-10 02:41:37Z ERR  RunnerServer] GitHub.Services.WebApi.VssServiceResponseException: The resource cannot be found.
   at GitHub.Services.WebApi.VssHttpClientBase.HandleResponseAsync(HttpResponseMessage response, CancellationToken cancellationToken)
   at GitHub.Services.WebApi.VssHttpClientBase.SendAsync(HttpRequestMessage message, HttpCompletionOption completionOption, Object userState, CancellationToken cancellationToken)
   at GitHub.Services.WebApi.VssHttpClientBase.SendAsync[T](HttpRequestMessage message, Object userState, CancellationToken cancellationToken)
   at GitHub.Services.Location.Client.LocationHttpClient.GetConnectionDataAsync(ConnectOptions connectOptions, Int64 lastChangeId, CancellationToken cancellationToken, Object userState)
   at GitHub.Services.WebApi.Location.VssServerDataProvider.GetConnectionDataAsync(ConnectOptions connectOptions, Int32 lastChangeId, CancellationToken cancellationToken)
   at GitHub.Services.WebApi.Location.VssServerDataProvider.ConnectAsync(ConnectOptions connectOptions, CancellationToken cancellationToken)
   at GitHub.Runner.Common.RunnerService.EstablishVssConnection(Uri serverUrl, VssCredentials credentials, TimeSpan timeout)
[2025-10-10 02:41:37Z INFO GitHubActionsService] Starting operation Location.GetConnectionData
[2025-10-10 02:41:37Z INFO GitHubActionsService] Starting operation Location.GetConnectionData
[2025-10-10 02:41:37Z ERR  GitHubActionsService] GET request to https://pipelinesghubeus6.actions.githubusercontent.com/hKyNd5hzQTjPqVOxuFp9CyJ2tMUr8ytJJ9FfsFju3bqhBGI0lq/_apis/connectionData?connectOptions=1&lastChangeId=258625537&lastChangeId64=258625537 failed. HTTP Status: NotFound
[2025-10-10 02:41:37Z INFO GitHubActionsService] Finished operation Location.GetConnectionData
[2025-10-10 02:41:37Z INFO RunnerServer] Catch exception during connect. 4 attempt left.
[2025-10-10 02:41:37Z ERR  RunnerServer] GitHub.Services.WebApi.VssServiceResponseException: The resource cannot be found.
   at GitHub.Services.WebApi.VssHttpClientBase.HandleResponseAsync(HttpResponseMessage response, CancellationToken cancellationToken)
   at GitHub.Services.WebApi.VssHttpClientBase.SendAsync(HttpRequestMessage message, HttpCompletionOption completionOption, Object userState, CancellationToken cancellationToken)
   at GitHub.Services.WebApi.VssHttpClientBase.SendAsync[T](HttpRequestMessage message, Object userState, CancellationToken cancellationToken)
   at GitHub.Services.Location.Client.LocationHttpClient.GetConnectionDataAsync(ConnectOptions connectOptions, Int64 lastChangeId, CancellationToken cancellationToken, Object userState)
   at GitHub.Services.WebApi.Location.VssServerDataProvider.GetConnectionDataAsync(ConnectOptions connectOptions, Int32 lastChangeId, CancellationToken cancellationToken)
   at GitHub.Services.WebApi.Location.VssServerDataProvider.ConnectAsync(ConnectOptions connectOptions, CancellationToken cancellationToken)
   at GitHub.Runner.Common.RunnerService.EstablishVssConnection(Uri serverUrl, VssCredentials credentials, TimeSpan timeout)
[2025-10-10 02:41:37Z INFO GitHubActionsService] Starting operation Location.GetConnectionData
[2025-10-10 02:41:37Z ERR  GitHubActionsService] GET request to https://pipelinesghubeus6.actions.githubusercontent.com/hKyNd5hzQTjPqVOxuFp9CyJ2tMUr8ytJJ9FfsFju3bqhBGI0lq/_apis/connectionData?connectOptions=1&lastChangeId=258625537&lastChangeId64=258625537 failed. HTTP Status: NotFound
[2025-10-10 02:41:37Z INFO GitHubActionsService] Finished operation Location.GetConnectionData
[2025-10-10 02:41:37Z INFO RunnerServer] Catch exception during connect. 3 attempt left.
[2025-10-10 02:41:37Z ERR  RunnerServer] GitHub.Services.WebApi.VssServiceResponseException: The resource cannot be found.
   at GitHub.Services.WebApi.VssHttpClientBase.HandleResponseAsync(HttpResponseMessage response, CancellationToken cancellationToken)
   at GitHub.Services.WebApi.VssHttpClientBase.SendAsync(HttpRequestMessage message, HttpCompletionOption completionOption, Object userState, CancellationToken cancellationToken)
   at GitHub.Services.WebApi.VssHttpClientBase.SendAsync[T](HttpRequestMessage message, Object userState, CancellationToken cancellationToken)
   at GitHub.Services.Location.Client.LocationHttpClient.GetConnectionDataAsync(ConnectOptions connectOptions, Int64 lastChangeId, CancellationToken cancellationToken, Object userState)
   at GitHub.Services.WebApi.Location.VssServerDataProvider.GetConnectionDataAsync(ConnectOptions connectOptions, Int32 lastChangeId, CancellationToken cancellationToken)
   at GitHub.Services.WebApi.Location.VssServerDataProvider.ConnectAsync(ConnectOptions connectOptions, CancellationToken cancellationToken)
   at GitHub.Runner.Common.RunnerService.EstablishVssConnection(Uri serverUrl, VssCredentials credentials, TimeSpan timeout)
[2025-10-10 02:41:37Z INFO GitHubActionsService] Starting operation Location.GetConnectionData
[2025-10-10 02:41:37Z ERR  GitHubActionsService] GET request to https://pipelinesghubeus6.actions.githubusercontent.com/hKyNd5hzQTjPqVOxuFp9CyJ2tMUr8ytJJ9FfsFju3bqhBGI0lq/_apis/connectionData?connectOptions=1&lastChangeId=258625537&lastChangeId64=258625537 failed. HTTP Status: NotFound
[2025-10-10 02:41:37Z INFO GitHubActionsService] Finished operation Location.GetConnectionData
[2025-10-10 02:41:37Z INFO RunnerServer] Catch exception during connect. 3 attempt left.
[2025-10-10 02:41:37Z ERR  RunnerServer] GitHub.Services.WebApi.VssServiceResponseException: The resource cannot be found.
   at GitHub.Services.WebApi.VssHttpClientBase.HandleResponseAsync(HttpResponseMessage response, CancellationToken cancellationToken)
   at GitHub.Services.WebApi.VssHttpClientBase.SendAsync(HttpRequestMessage message, HttpCompletionOption completionOption, Object userState, CancellationToken cancellationToken)
   at GitHub.Services.WebApi.VssHttpClientBase.SendAsync[T](HttpRequestMessage message, Object userState, CancellationToken cancellationToken)
   at GitHub.Services.Location.Client.LocationHttpClient.GetConnectionDataAsync(ConnectOptions connectOptions, Int64 lastChangeId, CancellationToken cancellationToken, Object userState)
   at GitHub.Services.WebApi.Location.VssServerDataProvider.GetConnectionDataAsync(ConnectOptions connectOptions, Int32 lastChangeId, CancellationToken cancellationToken)
   at GitHub.Services.WebApi.Location.VssServerDataProvider.ConnectAsync(ConnectOptions connectOptions, CancellationToken cancellationToken)
   at GitHub.Runner.Common.RunnerService.EstablishVssConnection(Uri serverUrl, VssCredentials credentials, TimeSpan timeout)
[2025-10-10 02:41:38Z ERR  GitHubActionsService] GET request to https://pipelinesghubeus6.actions.githubusercontent.com/hKyNd5hzQTjPqVOxuFp9CyJ2tMUr8ytJJ9FfsFju3bqhBGI0lq/_apis/connectionData?connectOptions=1&lastChangeId=258625537&lastChangeId64=258625537 failed. HTTP Status: NotFound
[2025-10-10 02:41:38Z INFO GitHubActionsService] Finished operation Location.GetConnectionData
[2025-10-10 02:41:38Z INFO RunnerServer] Catch exception during connect. 3 attempt left.
[2025-10-10 02:41:38Z ERR  RunnerServer] GitHub.Services.WebApi.VssServiceResponseException: The resource cannot be found.
   at GitHub.Services.WebApi.VssHttpClientBase.HandleResponseAsync(HttpResponseMessage response, CancellationToken cancellationToken)
   at GitHub.Services.WebApi.VssHttpClientBase.SendAsync(HttpRequestMessage message, HttpCompletionOption completionOption, Object userState, CancellationToken cancellationToken)
   at GitHub.Services.WebApi.VssHttpClientBase.SendAsync[T](HttpRequestMessage message, Object userState, CancellationToken cancellationToken)
   at GitHub.Services.Location.Client.LocationHttpClient.GetConnectionDataAsync(ConnectOptions connectOptions, Int64 lastChangeId, CancellationToken cancellationToken, Object userState)
   at GitHub.Services.WebApi.Location.VssServerDataProvider.GetConnectionDataAsync(ConnectOptions connectOptions, Int32 lastChangeId, CancellationToken cancellationToken)
   at GitHub.Services.WebApi.Location.VssServerDataProvider.ConnectAsync(ConnectOptions connectOptions, CancellationToken cancellationToken)
   at GitHub.Runner.Common.RunnerService.EstablishVssConnection(Uri serverUrl, VssCredentials credentials, TimeSpan timeout)
[2025-10-10 02:41:38Z INFO GitHubActionsService] Starting operation Location.GetConnectionData
[2025-10-10 02:41:38Z INFO GitHubActionsService] Starting operation Location.GetConnectionData
[2025-10-10 02:41:38Z ERR  GitHubActionsService] GET request to https://pipelinesghubeus6.actions.githubusercontent.com/hKyNd5hzQTjPqVOxuFp9CyJ2tMUr8ytJJ9FfsFju3bqhBGI0lq/_apis/connectionData?connectOptions=1&lastChangeId=258625537&lastChangeId64=258625537 failed. HTTP Status: NotFound
[2025-10-10 02:41:38Z INFO GitHubActionsService] Finished operation Location.GetConnectionData
[2025-10-10 02:41:38Z INFO RunnerServer] Catch exception during connect. 2 attempt left.
[2025-10-10 02:41:38Z ERR  RunnerServer] GitHub.Services.WebApi.VssServiceResponseException: The resource cannot be found.
   at GitHub.Services.WebApi.VssHttpClientBase.HandleResponseAsync(HttpResponseMessage response, CancellationToken cancellationToken)
   at GitHub.Services.WebApi.VssHttpClientBase.SendAsync(HttpRequestMessage message, HttpCompletionOption completionOption, Object userState, CancellationToken cancellationToken)
   at GitHub.Services.WebApi.VssHttpClientBase.SendAsync[T](HttpRequestMessage message, Object userState, CancellationToken cancellationToken)
   at GitHub.Services.Location.Client.LocationHttpClient.GetConnectionDataAsync(ConnectOptions connectOptions, Int64 lastChangeId, CancellationToken cancellationToken, Object userState)
   at GitHub.Services.WebApi.Location.VssServerDataProvider.GetConnectionDataAsync(ConnectOptions connectOptions, Int32 lastChangeId, CancellationToken cancellationToken)
   at GitHub.Services.WebApi.Location.VssServerDataProvider.ConnectAsync(ConnectOptions connectOptions, CancellationToken cancellationToken)
   at GitHub.Runner.Common.RunnerService.EstablishVssConnection(Uri serverUrl, VssCredentials credentials, TimeSpan timeout)
[2025-10-10 02:41:38Z INFO GitHubActionsService] Starting operation Location.GetConnectionData
[2025-10-10 02:41:38Z ERR  GitHubActionsService] GET request to https://pipelinesghubeus6.actions.githubusercontent.com/hKyNd5hzQTjPqVOxuFp9CyJ2tMUr8ytJJ9FfsFju3bqhBGI0lq/_apis/connectionData?connectOptions=1&lastChangeId=258625537&lastChangeId64=258625537 failed. HTTP Status: NotFound
[2025-10-10 02:41:38Z INFO GitHubActionsService] Finished operation Location.GetConnectionData
[2025-10-10 02:41:38Z INFO RunnerServer] Catch exception during connect. 2 attempt left.
[2025-10-10 02:41:38Z ERR  RunnerServer] GitHub.Services.WebApi.VssServiceResponseException: The resource cannot be found.
   at GitHub.Services.WebApi.VssHttpClientBase.HandleResponseAsync(HttpResponseMessage response, CancellationToken cancellationToken)
   at GitHub.Services.WebApi.VssHttpClientBase.SendAsync(HttpRequestMessage message, HttpCompletionOption completionOption, Object userState, CancellationToken cancellationToken)
   at GitHub.Services.WebApi.VssHttpClientBase.SendAsync[T](HttpRequestMessage message, Object userState, CancellationToken cancellationToken)
   at GitHub.Services.Location.Client.LocationHttpClient.GetConnectionDataAsync(ConnectOptions connectOptions, Int64 lastChangeId, CancellationToken cancellationToken, Object userState)
   at GitHub.Services.WebApi.Location.VssServerDataProvider.GetConnectionDataAsync(ConnectOptions connectOptions, Int32 lastChangeId, CancellationToken cancellationToken)
   at GitHub.Services.WebApi.Location.VssServerDataProvider.ConnectAsync(ConnectOptions connectOptions, CancellationToken cancellationToken)
   at GitHub.Runner.Common.RunnerService.EstablishVssConnection(Uri serverUrl, VssCredentials credentials, TimeSpan timeout)
[2025-10-10 02:41:38Z ERR  GitHubActionsService] GET request to https://pipelinesghubeus6.actions.githubusercontent.com/hKyNd5hzQTjPqVOxuFp9CyJ2tMUr8ytJJ9FfsFju3bqhBGI0lq/_apis/connectionData?connectOptions=1&lastChangeId=258625537&lastChangeId64=258625537 failed. HTTP Status: NotFound
[2025-10-10 02:41:38Z INFO GitHubActionsService] Finished operation Location.GetConnectionData
[2025-10-10 02:41:38Z INFO RunnerServer] Catch exception during connect. 2 attempt left.
[2025-10-10 02:41:38Z ERR  RunnerServer] GitHub.Services.WebApi.VssServiceResponseException: The resource cannot be found.
   at GitHub.Services.WebApi.VssHttpClientBase.HandleResponseAsync(HttpResponseMessage response, CancellationToken cancellationToken)
   at GitHub.Services.WebApi.VssHttpClientBase.SendAsync(HttpRequestMessage message, HttpCompletionOption completionOption, Object userState, CancellationToken cancellationToken)
   at GitHub.Services.WebApi.VssHttpClientBase.SendAsync[T](HttpRequestMessage message, Object userState, CancellationToken cancellationToken)
   at GitHub.Services.Location.Client.LocationHttpClient.GetConnectionDataAsync(ConnectOptions connectOptions, Int64 lastChangeId, CancellationToken cancellationToken, Object userState)
   at GitHub.Services.WebApi.Location.VssServerDataProvider.GetConnectionDataAsync(ConnectOptions connectOptions, Int32 lastChangeId, CancellationToken cancellationToken)
   at GitHub.Services.WebApi.Location.VssServerDataProvider.ConnectAsync(ConnectOptions connectOptions, CancellationToken cancellationToken)
   at GitHub.Runner.Common.RunnerService.EstablishVssConnection(Uri serverUrl, VssCredentials credentials, TimeSpan timeout)
[2025-10-10 02:41:38Z INFO GitHubActionsService] Starting operation Location.GetConnectionData
[2025-10-10 02:41:38Z INFO GitHubActionsService] Starting operation Location.GetConnectionData
[2025-10-10 02:41:39Z ERR  GitHubActionsService] GET request to https://pipelinesghubeus6.actions.githubusercontent.com/hKyNd5hzQTjPqVOxuFp9CyJ2tMUr8ytJJ9FfsFju3bqhBGI0lq/_apis/connectionData?connectOptions=1&lastChangeId=258625537&lastChangeId64=258625537 failed. HTTP Status: NotFound
[2025-10-10 02:41:39Z INFO GitHubActionsService] Finished operation Location.GetConnectionData
[2025-10-10 02:41:39Z INFO RunnerServer] Catch exception during connect. 1 attempt left.
[2025-10-10 02:41:39Z ERR  RunnerServer] GitHub.Services.WebApi.VssServiceResponseException: The resource cannot be found.
   at GitHub.Services.WebApi.VssHttpClientBase.HandleResponseAsync(HttpResponseMessage response, CancellationToken cancellationToken)
   at GitHub.Services.WebApi.VssHttpClientBase.SendAsync(HttpRequestMessage message, HttpCompletionOption completionOption, Object userState, CancellationToken cancellationToken)
   at GitHub.Services.WebApi.VssHttpClientBase.SendAsync[T](HttpRequestMessage message, Object userState, CancellationToken cancellationToken)
   at GitHub.Services.Location.Client.LocationHttpClient.GetConnectionDataAsync(ConnectOptions connectOptions, Int64 lastChangeId, CancellationToken cancellationToken, Object userState)
   at GitHub.Services.WebApi.Location.VssServerDataProvider.GetConnectionDataAsync(ConnectOptions connectOptions, Int32 lastChangeId, CancellationToken cancellationToken)
   at GitHub.Services.WebApi.Location.VssServerDataProvider.ConnectAsync(ConnectOptions connectOptions, CancellationToken cancellationToken)
   at GitHub.Runner.Common.RunnerService.EstablishVssConnection(Uri serverUrl, VssCredentials credentials, TimeSpan timeout)
[2025-10-10 02:41:39Z ERR  GitHubActionsService] GET request to https://pipelinesghubeus6.actions.githubusercontent.com/hKyNd5hzQTjPqVOxuFp9CyJ2tMUr8ytJJ9FfsFju3bqhBGI0lq/_apis/connectionData?connectOptions=1&lastChangeId=258625537&lastChangeId64=258625537 failed. HTTP Status: NotFound
[2025-10-10 02:41:39Z INFO GitHubActionsService] Finished operation Location.GetConnectionData
[2025-10-10 02:41:39Z INFO RunnerServer] Catch exception during connect. 1 attempt left.
[2025-10-10 02:41:39Z ERR  RunnerServer] GitHub.Services.WebApi.VssServiceResponseException: The resource cannot be found.
   at GitHub.Services.WebApi.VssHttpClientBase.HandleResponseAsync(HttpResponseMessage response, CancellationToken cancellationToken)
   at GitHub.Services.WebApi.VssHttpClientBase.SendAsync(HttpRequestMessage message, HttpCompletionOption completionOption, Object userState, CancellationToken cancellationToken)
   at GitHub.Services.WebApi.VssHttpClientBase.SendAsync[T](HttpRequestMessage message, Object userState, CancellationToken cancellationToken)
   at GitHub.Services.Location.Client.LocationHttpClient.GetConnectionDataAsync(ConnectOptions connectOptions, Int64 lastChangeId, CancellationToken cancellationToken, Object userState)
   at GitHub.Services.WebApi.Location.VssServerDataProvider.GetConnectionDataAsync(ConnectOptions connectOptions, Int32 lastChangeId, CancellationToken cancellationToken)
   at GitHub.Services.WebApi.Location.VssServerDataProvider.ConnectAsync(ConnectOptions connectOptions, CancellationToken cancellationToken)
   at GitHub.Runner.Common.RunnerService.EstablishVssConnection(Uri serverUrl, VssCredentials credentials, TimeSpan timeout)
[2025-10-10 02:41:39Z INFO GitHubActionsService] Starting operation Location.GetConnectionData
[2025-10-10 02:41:39Z ERR  GitHubActionsService] GET request to https://pipelinesghubeus6.actions.githubusercontent.com/hKyNd5hzQTjPqVOxuFp9CyJ2tMUr8ytJJ9FfsFju3bqhBGI0lq/_apis/connectionData?connectOptions=1&lastChangeId=258625537&lastChangeId64=258625537 failed. HTTP Status: NotFound
[2025-10-10 02:41:39Z INFO GitHubActionsService] Finished operation Location.GetConnectionData
[2025-10-10 02:41:39Z INFO RunnerServer] Catch exception during connect. 1 attempt left.
[2025-10-10 02:41:39Z ERR  RunnerServer] GitHub.Services.WebApi.VssServiceResponseException: The resource cannot be found.
   at GitHub.Services.WebApi.VssHttpClientBase.HandleResponseAsync(HttpResponseMessage response, CancellationToken cancellationToken)
   at GitHub.Services.WebApi.VssHttpClientBase.SendAsync(HttpRequestMessage message, HttpCompletionOption completionOption, Object userState, CancellationToken cancellationToken)
   at GitHub.Services.WebApi.VssHttpClientBase.SendAsync[T](HttpRequestMessage message, Object userState, CancellationToken cancellationToken)
   at GitHub.Services.Location.Client.LocationHttpClient.GetConnectionDataAsync(ConnectOptions connectOptions, Int64 lastChangeId, CancellationToken cancellationToken, Object userState)
   at GitHub.Services.WebApi.Location.VssServerDataProvider.GetConnectionDataAsync(ConnectOptions connectOptions, Int32 lastChangeId, CancellationToken cancellationToken)
   at GitHub.Services.WebApi.Location.VssServerDataProvider.ConnectAsync(ConnectOptions connectOptions, CancellationToken cancellationToken)
   at GitHub.Runner.Common.RunnerService.EstablishVssConnection(Uri serverUrl, VssCredentials credentials, TimeSpan timeout)
[2025-10-10 02:41:39Z INFO GitHubActionsService] Starting operation Location.GetConnectionData
[2025-10-10 02:41:39Z INFO GitHubActionsService] Starting operation Location.GetConnectionData
[2025-10-10 02:41:40Z ERR  GitHubActionsService] GET request to https://pipelinesghubeus6.actions.githubusercontent.com/hKyNd5hzQTjPqVOxuFp9CyJ2tMUr8ytJJ9FfsFju3bqhBGI0lq/_apis/connectionData?connectOptions=1&lastChangeId=258625537&lastChangeId64=258625537 failed. HTTP Status: NotFound
[2025-10-10 02:41:40Z INFO GitHubActionsService] Finished operation Location.GetConnectionData
[2025-10-10 02:41:40Z ERR  GitHubActionsService] GET request to https://pipelinesghubeus6.actions.githubusercontent.com/hKyNd5hzQTjPqVOxuFp9CyJ2tMUr8ytJJ9FfsFju3bqhBGI0lq/_apis/connectionData?connectOptions=1&lastChangeId=258625537&lastChangeId64=258625537 failed. HTTP Status: NotFound
[2025-10-10 02:41:40Z INFO GitHubActionsService] Finished operation Location.GetConnectionData
[2025-10-10 02:41:40Z ERR  GitHubActionsService] GET request to https://pipelinesghubeus6.actions.githubusercontent.com/hKyNd5hzQTjPqVOxuFp9CyJ2tMUr8ytJJ9FfsFju3bqhBGI0lq/_apis/connectionData?connectOptions=1&lastChangeId=258625537&lastChangeId64=258625537 failed. HTTP Status: NotFound
[2025-10-10 02:41:40Z INFO GitHubActionsService] Finished operation Location.GetConnectionData
[2025-10-10 02:41:40Z ERR  BrokerMessageListener] Catch exception during create session.
[2025-10-10 02:41:40Z ERR  BrokerMessageListener] GitHub.Services.WebApi.VssServiceResponseException: The resource cannot be found.
   at GitHub.Services.WebApi.VssHttpClientBase.HandleResponseAsync(HttpResponseMessage response, CancellationToken cancellationToken)
   at GitHub.Services.WebApi.VssHttpClientBase.SendAsync(HttpRequestMessage message, HttpCompletionOption completionOption, Object userState, CancellationToken cancellationToken)
   at GitHub.Services.WebApi.VssHttpClientBase.SendAsync[T](HttpRequestMessage message, Object userState, CancellationToken cancellationToken)
   at GitHub.Services.Location.Client.LocationHttpClient.GetConnectionDataAsync(ConnectOptions connectOptions, Int64 lastChangeId, CancellationToken cancellationToken, Object userState)
   at GitHub.Services.WebApi.Location.VssServerDataProvider.GetConnectionDataAsync(ConnectOptions connectOptions, Int32 lastChangeId, CancellationToken cancellationToken)
   at GitHub.Services.WebApi.Location.VssServerDataProvider.ConnectAsync(ConnectOptions connectOptions, CancellationToken cancellationToken)
   at GitHub.Runner.Common.RunnerService.EstablishVssConnection(Uri serverUrl, VssCredentials credentials, TimeSpan timeout)
   at GitHub.Runner.Common.RunnerServer.ConnectAsync(Uri serverUrl, VssCredentials credentials)
   at GitHub.Runner.Listener.BrokerMessageListener.CreateSessionAsync(CancellationToken token)
[2025-10-10 02:41:40Z INFO BrokerMessageListener] Retriable exception: The resource cannot be found.
[2025-10-10 02:41:40Z INFO BrokerMessageListener] Sleeping for 30 seconds before retrying.
[2025-10-10 02:42:10Z INFO BrokerMessageListener] Attempt to create session.
[2025-10-10 02:42:10Z INFO BrokerMessageListener] Connecting to the Broker Server...
[2025-10-10 02:42:10Z INFO ConfigurationStore] HasCredentials()
[2025-10-10 02:42:10Z INFO ConfigurationStore] stored True
[2025-10-10 02:42:10Z INFO CredentialManager] GetCredentialProvider
[2025-10-10 02:42:10Z INFO CredentialManager] Creating type OAuth
[2025-10-10 02:42:10Z INFO CredentialManager] Creating credential type: OAuth
[2025-10-10 02:42:10Z INFO RSAEncryptedFileKeyManager] Loading RSA key parameters from file G:\Brunella\actions-runner\.credentials_rsaparams
[2025-10-10 02:42:10Z INFO BrokerMessageListener] VssConnection created
[2025-10-10 02:42:10Z INFO BrokerMessageListener] Connecting to the Runner server...
[2025-10-10 02:42:10Z INFO RunnerServer] EstablishVssConnection
[2025-10-10 02:42:10Z INFO RunnerServer] Establish connection with 100 seconds timeout.
[2025-10-10 02:42:10Z INFO GitHubActionsService] Starting operation Location.GetConnectionData
[2025-10-10 02:42:10Z INFO RunnerServer] EstablishVssConnection
[2025-10-10 02:42:10Z INFO RunnerServer] Establish connection with 60 seconds timeout.
[2025-10-10 02:42:10Z INFO GitHubActionsService] Starting operation Location.GetConnectionData
[2025-10-10 02:42:10Z INFO RunnerServer] EstablishVssConnection
[2025-10-10 02:42:10Z INFO RunnerServer] Establish connection with 60 seconds timeout.
[2025-10-10 02:42:10Z INFO GitHubActionsService] Starting operation Location.GetConnectionData
[2025-10-10 02:42:10Z ERR  GitHubActionsService] GET request to https://pipelinesghubeus6.actions.githubusercontent.com/hKyNd5hzQTjPqVOxuFp9CyJ2tMUr8ytJJ9FfsFju3bqhBGI0lq/_apis/connectionData?connectOptions=1&lastChangeId=258625537&lastChangeId64=258625537 failed. HTTP Status: NotFound
[2025-10-10 02:42:10Z INFO GitHubActionsService] Finished operation Location.GetConnectionData
[2025-10-10 02:42:10Z INFO RunnerServer] Catch exception during connect. 4 attempt left.
[2025-10-10 02:42:10Z ERR  RunnerServer] GitHub.Services.WebApi.VssServiceResponseException: The resource cannot be found.
   at GitHub.Services.WebApi.VssHttpClientBase.HandleResponseAsync(HttpResponseMessage response, CancellationToken cancellationToken)
   at GitHub.Services.WebApi.VssHttpClientBase.SendAsync(HttpRequestMessage message, HttpCompletionOption completionOption, Object userState, CancellationToken cancellationToken)
   at GitHub.Services.WebApi.VssHttpClientBase.SendAsync[T](HttpRequestMessage message, Object userState, CancellationToken cancellationToken)
   at GitHub.Services.Location.Client.LocationHttpClient.GetConnectionDataAsync(ConnectOptions connectOptions, Int64 lastChangeId, CancellationToken cancellationToken, Object userState)
   at GitHub.Services.WebApi.Location.VssServerDataProvider.GetConnectionDataAsync(ConnectOptions connectOptions, Int32 lastChangeId, CancellationToken cancellationToken)
   at GitHub.Services.WebApi.Location.VssServerDataProvider.ConnectAsync(ConnectOptions connectOptions, CancellationToken cancellationToken)
   at GitHub.Runner.Common.RunnerService.EstablishVssConnection(Uri serverUrl, VssCredentials credentials, TimeSpan timeout)
[2025-10-10 02:42:10Z INFO GitHubActionsService] Starting operation Location.GetConnectionData
[2025-10-10 02:42:10Z ERR  GitHubActionsService] GET request to https://pipelinesghubeus6.actions.githubusercontent.com/hKyNd5hzQTjPqVOxuFp9CyJ2tMUr8ytJJ9FfsFju3bqhBGI0lq/_apis/connectionData?connectOptions=1&lastChangeId=258625537&lastChangeId64=258625537 failed. HTTP Status: NotFound
[2025-10-10 02:42:10Z INFO GitHubActionsService] Finished operation Location.GetConnectionData
[2025-10-10 02:42:10Z INFO RunnerServer] Catch exception during connect. 4 attempt left.
[2025-10-10 02:42:10Z ERR  RunnerServer] GitHub.Services.WebApi.VssServiceResponseException: The resource cannot be found.
   at GitHub.Services.WebApi.VssHttpClientBase.HandleResponseAsync(HttpResponseMessage response, CancellationToken cancellationToken)
   at GitHub.Services.WebApi.VssHttpClientBase.SendAsync(HttpRequestMessage message, HttpCompletionOption completionOption, Object userState, CancellationToken cancellationToken)
   at GitHub.Services.WebApi.VssHttpClientBase.SendAsync[T](HttpRequestMessage message, Object userState, CancellationToken cancellationToken)
   at GitHub.Services.Location.Client.LocationHttpClient.GetConnectionDataAsync(ConnectOptions connectOptions, Int64 lastChangeId, CancellationToken cancellationToken, Object userState)
   at GitHub.Services.WebApi.Location.VssServerDataProvider.GetConnectionDataAsync(ConnectOptions connectOptions, Int32 lastChangeId, CancellationToken cancellationToken)
   at GitHub.Services.WebApi.Location.VssServerDataProvider.ConnectAsync(ConnectOptions connectOptions, CancellationToken cancellationToken)
   at GitHub.Runner.Common.RunnerService.EstablishVssConnection(Uri serverUrl, VssCredentials credentials, TimeSpan timeout)
[2025-10-10 02:42:10Z ERR  GitHubActionsService] GET request to https://pipelinesghubeus6.actions.githubusercontent.com/hKyNd5hzQTjPqVOxuFp9CyJ2tMUr8ytJJ9FfsFju3bqhBGI0lq/_apis/connectionData?connectOptions=1&lastChangeId=258625537&lastChangeId64=258625537 failed. HTTP Status: NotFound
[2025-10-10 02:42:10Z INFO GitHubActionsService] Finished operation Location.GetConnectionData
[2025-10-10 02:42:10Z INFO RunnerServer] Catch exception during connect. 4 attempt left.
[2025-10-10 02:42:10Z ERR  RunnerServer] GitHub.Services.WebApi.VssServiceResponseException: The resource cannot be found.
   at GitHub.Services.WebApi.VssHttpClientBase.HandleResponseAsync(HttpResponseMessage response, CancellationToken cancellationToken)
   at GitHub.Services.WebApi.VssHttpClientBase.SendAsync(HttpRequestMessage message, HttpCompletionOption completionOption, Object userState, CancellationToken cancellationToken)
   at GitHub.Services.WebApi.VssHttpClientBase.SendAsync[T](HttpRequestMessage message, Object userState, CancellationToken cancellationToken)
   at GitHub.Services.Location.Client.LocationHttpClient.GetConnectionDataAsync(ConnectOptions connectOptions, Int64 lastChangeId, CancellationToken cancellationToken, Object userState)
   at GitHub.Services.WebApi.Location.VssServerDataProvider.GetConnectionDataAsync(ConnectOptions connectOptions, Int32 lastChangeId, CancellationToken cancellationToken)
   at GitHub.Services.WebApi.Location.VssServerDataProvider.ConnectAsync(ConnectOptions connectOptions, CancellationToken cancellationToken)
   at GitHub.Runner.Common.RunnerService.EstablishVssConnection(Uri serverUrl, VssCredentials credentials, TimeSpan timeout)
[2025-10-10 02:42:11Z INFO GitHubActionsService] Starting operation Location.GetConnectionData
[2025-10-10 02:42:11Z INFO GitHubActionsService] Starting operation Location.GetConnectionData
[2025-10-10 02:42:11Z ERR  GitHubActionsService] GET request to https://pipelinesghubeus6.actions.githubusercontent.com/hKyNd5hzQTjPqVOxuFp9CyJ2tMUr8ytJJ9FfsFju3bqhBGI0lq/_apis/connectionData?connectOptions=1&lastChangeId=258625537&lastChangeId64=258625537 failed. HTTP Status: NotFound
[2025-10-10 02:42:11Z INFO GitHubActionsService] Finished operation Location.GetConnectionData
[2025-10-10 02:42:11Z INFO RunnerServer] Catch exception during connect. 3 attempt left.
[2025-10-10 02:42:11Z ERR  RunnerServer] GitHub.Services.WebApi.VssServiceResponseException: The resource cannot be found.
   at GitHub.Services.WebApi.VssHttpClientBase.HandleResponseAsync(HttpResponseMessage response, CancellationToken cancellationToken)
   at GitHub.Services.WebApi.VssHttpClientBase.SendAsync(HttpRequestMessage message, HttpCompletionOption completionOption, Object userState, CancellationToken cancellationToken)
   at GitHub.Services.WebApi.VssHttpClientBase.SendAsync[T](HttpRequestMessage message, Object userState, CancellationToken cancellationToken)
   at GitHub.Services.Location.Client.LocationHttpClient.GetConnectionDataAsync(ConnectOptions connectOptions, Int64 lastChangeId, CancellationToken cancellationToken, Object userState)
   at GitHub.Services.WebApi.Location.VssServerDataProvider.GetConnectionDataAsync(ConnectOptions connectOptions, Int32 lastChangeId, CancellationToken cancellationToken)
   at GitHub.Services.WebApi.Location.VssServerDataProvider.ConnectAsync(ConnectOptions connectOptions, CancellationToken cancellationToken)
   at GitHub.Runner.Common.RunnerService.EstablishVssConnection(Uri serverUrl, VssCredentials credentials, TimeSpan timeout)
[2025-10-10 02:42:11Z INFO GitHubActionsService] Starting operation Location.GetConnectionData
[2025-10-10 02:42:11Z ERR  GitHubActionsService] GET request to https://pipelinesghubeus6.actions.githubusercontent.com/hKyNd5hzQTjPqVOxuFp9CyJ2tMUr8ytJJ9FfsFju3bqhBGI0lq/_apis/connectionData?connectOptions=1&lastChangeId=258625537&lastChangeId64=258625537 failed. HTTP Status: NotFound
[2025-10-10 02:42:11Z INFO GitHubActionsService] Finished operation Location.GetConnectionData
[2025-10-10 02:42:11Z INFO RunnerServer] Catch exception during connect. 3 attempt left.
[2025-10-10 02:42:11Z ERR  RunnerServer] GitHub.Services.WebApi.VssServiceResponseException: The resource cannot be found.
   at GitHub.Services.WebApi.VssHttpClientBase.HandleResponseAsync(HttpResponseMessage response, CancellationToken cancellationToken)
   at GitHub.Services.WebApi.VssHttpClientBase.SendAsync(HttpRequestMessage message, HttpCompletionOption completionOption, Object userState, CancellationToken cancellationToken)
   at GitHub.Services.WebApi.VssHttpClientBase.SendAsync[T](HttpRequestMessage message, Object userState, CancellationToken cancellationToken)
   at GitHub.Services.Location.Client.LocationHttpClient.GetConnectionDataAsync(ConnectOptions connectOptions, Int64 lastChangeId, CancellationToken cancellationToken, Object userState)
   at GitHub.Services.WebApi.Location.VssServerDataProvider.GetConnectionDataAsync(ConnectOptions connectOptions, Int32 lastChangeId, CancellationToken cancellationToken)
   at GitHub.Services.WebApi.Location.VssServerDataProvider.ConnectAsync(ConnectOptions connectOptions, CancellationToken cancellationToken)
   at GitHub.Runner.Common.RunnerService.EstablishVssConnection(Uri serverUrl, VssCredentials credentials, TimeSpan timeout)
[2025-10-10 02:42:11Z ERR  GitHubActionsService] GET request to https://pipelinesghubeus6.actions.githubusercontent.com/hKyNd5hzQTjPqVOxuFp9CyJ2tMUr8ytJJ9FfsFju3bqhBGI0lq/_apis/connectionData?connectOptions=1&lastChangeId=258625537&lastChangeId64=258625537 failed. HTTP Status: NotFound
[2025-10-10 02:42:11Z INFO GitHubActionsService] Finished operation Location.GetConnectionData
[2025-10-10 02:42:11Z INFO RunnerServer] Catch exception during connect. 3 attempt left.
[2025-10-10 02:42:11Z ERR  RunnerServer] GitHub.Services.WebApi.VssServiceResponseException: The resource cannot be found.
   at GitHub.Services.WebApi.VssHttpClientBase.HandleResponseAsync(HttpResponseMessage response, CancellationToken cancellationToken)
   at GitHub.Services.WebApi.VssHttpClientBase.SendAsync(HttpRequestMessage message, HttpCompletionOption completionOption, Object userState, CancellationToken cancellationToken)
   at GitHub.Services.WebApi.VssHttpClientBase.SendAsync[T](HttpRequestMessage message, Object userState, CancellationToken cancellationToken)
   at GitHub.Services.Location.Client.LocationHttpClient.GetConnectionDataAsync(ConnectOptions connectOptions, Int64 lastChangeId, CancellationToken cancellationToken, Object userState)
   at GitHub.Services.WebApi.Location.VssServerDataProvider.GetConnectionDataAsync(ConnectOptions connectOptions, Int32 lastChangeId, CancellationToken cancellationToken)
   at GitHub.Services.WebApi.Location.VssServerDataProvider.ConnectAsync(ConnectOptions connectOptions, CancellationToken cancellationToken)
   at GitHub.Runner.Common.RunnerService.EstablishVssConnection(Uri serverUrl, VssCredentials credentials, TimeSpan timeout)
[2025-10-10 02:42:11Z INFO GitHubActionsService] Starting operation Location.GetConnectionData
[2025-10-10 02:42:11Z INFO GitHubActionsService] Starting operation Location.GetConnectionData
[2025-10-10 02:42:12Z ERR  GitHubActionsService] GET request to https://pipelinesghubeus6.actions.githubusercontent.com/hKyNd5hzQTjPqVOxuFp9CyJ2tMUr8ytJJ9FfsFju3bqhBGI0lq/_apis/connectionData?connectOptions=1&lastChangeId=258625537&lastChangeId64=258625537 failed. HTTP Status: NotFound
[2025-10-10 02:42:12Z INFO GitHubActionsService] Finished operation Location.GetConnectionData
[2025-10-10 02:42:12Z INFO RunnerServer] Catch exception during connect. 2 attempt left.
[2025-10-10 02:42:12Z ERR  RunnerServer] GitHub.Services.WebApi.VssServiceResponseException: The resource cannot be found.
   at GitHub.Services.WebApi.VssHttpClientBase.HandleResponseAsync(HttpResponseMessage response, CancellationToken cancellationToken)
   at GitHub.Services.WebApi.VssHttpClientBase.SendAsync(HttpRequestMessage message, HttpCompletionOption completionOption, Object userState, CancellationToken cancellationToken)
   at GitHub.Services.WebApi.VssHttpClientBase.SendAsync[T](HttpRequestMessage message, Object userState, CancellationToken cancellationToken)
   at GitHub.Services.Location.Client.LocationHttpClient.GetConnectionDataAsync(ConnectOptions connectOptions, Int64 lastChangeId, CancellationToken cancellationToken, Object userState)
   at GitHub.Services.WebApi.Location.VssServerDataProvider.GetConnectionDataAsync(ConnectOptions connectOptions, Int32 lastChangeId, CancellationToken cancellationToken)
   at GitHub.Services.WebApi.Location.VssServerDataProvider.ConnectAsync(ConnectOptions connectOptions, CancellationToken cancellationToken)
   at GitHub.Runner.Common.RunnerService.EstablishVssConnection(Uri serverUrl, VssCredentials credentials, TimeSpan timeout)
[2025-10-10 02:42:12Z ERR  GitHubActionsService] GET request to https://pipelinesghubeus6.actions.githubusercontent.com/hKyNd5hzQTjPqVOxuFp9CyJ2tMUr8ytJJ9FfsFju3bqhBGI0lq/_apis/connectionData?connectOptions=1&lastChangeId=258625537&lastChangeId64=258625537 failed. HTTP Status: NotFound
[2025-10-10 02:42:12Z INFO GitHubActionsService] Finished operation Location.GetConnectionData
[2025-10-10 02:42:12Z INFO RunnerServer] Catch exception during connect. 2 attempt left.
[2025-10-10 02:42:12Z ERR  RunnerServer] GitHub.Services.WebApi.VssServiceResponseException: The resource cannot be found.
   at GitHub.Services.WebApi.VssHttpClientBase.HandleResponseAsync(HttpResponseMessage response, CancellationToken cancellationToken)
   at GitHub.Services.WebApi.VssHttpClientBase.SendAsync(HttpRequestMessage message, HttpCompletionOption completionOption, Object userState, CancellationToken cancellationToken)
   at GitHub.Services.WebApi.VssHttpClientBase.SendAsync[T](HttpRequestMessage message, Object userState, CancellationToken cancellationToken)
   at GitHub.Services.Location.Client.LocationHttpClient.GetConnectionDataAsync(ConnectOptions connectOptions, Int64 lastChangeId, CancellationToken cancellationToken, Object userState)
   at GitHub.Services.WebApi.Location.VssServerDataProvider.GetConnectionDataAsync(ConnectOptions connectOptions, Int32 lastChangeId, CancellationToken cancellationToken)
   at GitHub.Services.WebApi.Location.VssServerDataProvider.ConnectAsync(ConnectOptions connectOptions, CancellationToken cancellationToken)
   at GitHub.Runner.Common.RunnerService.EstablishVssConnection(Uri serverUrl, VssCredentials credentials, TimeSpan timeout)
[2025-10-10 02:42:12Z INFO GitHubActionsService] Starting operation Location.GetConnectionData
[2025-10-10 02:42:12Z INFO GitHubActionsService] Starting operation Location.GetConnectionData
[2025-10-10 02:42:12Z ERR  GitHubActionsService] GET request to https://pipelinesghubeus6.actions.githubusercontent.com/hKyNd5hzQTjPqVOxuFp9CyJ2tMUr8ytJJ9FfsFju3bqhBGI0lq/_apis/connectionData?connectOptions=1&lastChangeId=258625537&lastChangeId64=258625537 failed. HTTP Status: NotFound
[2025-10-10 02:42:12Z INFO GitHubActionsService] Finished operation Location.GetConnectionData
[2025-10-10 02:42:12Z INFO RunnerServer] Catch exception during connect. 2 attempt left.
[2025-10-10 02:42:12Z ERR  RunnerServer] GitHub.Services.WebApi.VssServiceResponseException: The resource cannot be found.
   at GitHub.Services.WebApi.VssHttpClientBase.HandleResponseAsync(HttpResponseMessage response, CancellationToken cancellationToken)
   at GitHub.Services.WebApi.VssHttpClientBase.SendAsync(HttpRequestMessage message, HttpCompletionOption completionOption, Object userState, CancellationToken cancellationToken)
   at GitHub.Services.WebApi.VssHttpClientBase.SendAsync[T](HttpRequestMessage message, Object userState, CancellationToken cancellationToken)
   at GitHub.Services.Location.Client.LocationHttpClient.GetConnectionDataAsync(ConnectOptions connectOptions, Int64 lastChangeId, CancellationToken cancellationToken, Object userState)
   at GitHub.Services.WebApi.Location.VssServerDataProvider.GetConnectionDataAsync(ConnectOptions connectOptions, Int32 lastChangeId, CancellationToken cancellationToken)
   at GitHub.Services.WebApi.Location.VssServerDataProvider.ConnectAsync(ConnectOptions connectOptions, CancellationToken cancellationToken)
   at GitHub.Runner.Common.RunnerService.EstablishVssConnection(Uri serverUrl, VssCredentials credentials, TimeSpan timeout)
[2025-10-10 02:42:12Z INFO GitHubActionsService] Starting operation Location.GetConnectionData
[2025-10-10 02:42:13Z ERR  GitHubActionsService] GET request to https://pipelinesghubeus6.actions.githubusercontent.com/hKyNd5hzQTjPqVOxuFp9CyJ2tMUr8ytJJ9FfsFju3bqhBGI0lq/_apis/connectionData?connectOptions=1&lastChangeId=258625537&lastChangeId64=258625537 failed. HTTP Status: NotFound
[2025-10-10 02:42:13Z INFO GitHubActionsService] Finished operation Location.GetConnectionData
[2025-10-10 02:42:13Z INFO RunnerServer] Catch exception during connect. 1 attempt left.
[2025-10-10 02:42:13Z ERR  RunnerServer] GitHub.Services.WebApi.VssServiceResponseException: The resource cannot be found.
   at GitHub.Services.WebApi.VssHttpClientBase.HandleResponseAsync(HttpResponseMessage response, CancellationToken cancellationToken)
   at GitHub.Services.WebApi.VssHttpClientBase.SendAsync(HttpRequestMessage message, HttpCompletionOption completionOption, Object userState, CancellationToken cancellationToken)
   at GitHub.Services.WebApi.VssHttpClientBase.SendAsync[T](HttpRequestMessage message, Object userState, CancellationToken cancellationToken)
   at GitHub.Services.Location.Client.LocationHttpClient.GetConnectionDataAsync(ConnectOptions connectOptions, Int64 lastChangeId, CancellationToken cancellationToken, Object userState)
   at GitHub.Services.WebApi.Location.VssServerDataProvider.GetConnectionDataAsync(ConnectOptions connectOptions, Int32 lastChangeId, CancellationToken cancellationToken)
   at GitHub.Services.WebApi.Location.VssServerDataProvider.ConnectAsync(ConnectOptions connectOptions, CancellationToken cancellationToken)
   at GitHub.Runner.Common.RunnerService.EstablishVssConnection(Uri serverUrl, VssCredentials credentials, TimeSpan timeout)
[2025-10-10 02:42:13Z ERR  GitHubActionsService] GET request to https://pipelinesghubeus6.actions.githubusercontent.com/hKyNd5hzQTjPqVOxuFp9CyJ2tMUr8ytJJ9FfsFju3bqhBGI0lq/_apis/connectionData?connectOptions=1&lastChangeId=258625537&lastChangeId64=258625537 failed. HTTP Status: NotFound
[2025-10-10 02:42:13Z INFO GitHubActionsService] Finished operation Location.GetConnectionData
[2025-10-10 02:42:13Z INFO RunnerServer] Catch exception during connect. 1 attempt left.
[2025-10-10 02:42:13Z ERR  RunnerServer] GitHub.Services.WebApi.VssServiceResponseException: The resource cannot be found.
   at GitHub.Services.WebApi.VssHttpClientBase.HandleResponseAsync(HttpResponseMessage response, CancellationToken cancellationToken)
   at GitHub.Services.WebApi.VssHttpClientBase.SendAsync(HttpRequestMessage message, HttpCompletionOption completionOption, Object userState, CancellationToken cancellationToken)
   at GitHub.Services.WebApi.VssHttpClientBase.SendAsync[T](HttpRequestMessage message, Object userState, CancellationToken cancellationToken)
   at GitHub.Services.Location.Client.LocationHttpClient.GetConnectionDataAsync(ConnectOptions connectOptions, Int64 lastChangeId, CancellationToken cancellationToken, Object userState)
   at GitHub.Services.WebApi.Location.VssServerDataProvider.GetConnectionDataAsync(ConnectOptions connectOptions, Int32 lastChangeId, CancellationToken cancellationToken)
   at GitHub.Services.WebApi.Location.VssServerDataProvider.ConnectAsync(ConnectOptions connectOptions, CancellationToken cancellationToken)
   at GitHub.Runner.Common.RunnerService.EstablishVssConnection(Uri serverUrl, VssCredentials credentials, TimeSpan timeout)
[2025-10-10 02:42:13Z INFO GitHubActionsService] Starting operation Location.GetConnectionData
[2025-10-10 02:42:13Z INFO GitHubActionsService] Starting operation Location.GetConnectionData
[2025-10-10 02:42:13Z ERR  GitHubActionsService] GET request to https://pipelinesghubeus6.actions.githubusercontent.com/hKyNd5hzQTjPqVOxuFp9CyJ2tMUr8ytJJ9FfsFju3bqhBGI0lq/_apis/connectionData?connectOptions=1&lastChangeId=258625537&lastChangeId64=258625537 failed. HTTP Status: NotFound
[2025-10-10 02:42:13Z INFO GitHubActionsService] Finished operation Location.GetConnectionData
[2025-10-10 02:42:13Z INFO RunnerServer] Catch exception during connect. 1 attempt left.
[2025-10-10 02:42:13Z ERR  RunnerServer] GitHub.Services.WebApi.VssServiceResponseException: The resource cannot be found.
   at GitHub.Services.WebApi.VssHttpClientBase.HandleResponseAsync(HttpResponseMessage response, CancellationToken cancellationToken)
   at GitHub.Services.WebApi.VssHttpClientBase.SendAsync(HttpRequestMessage message, HttpCompletionOption completionOption, Object userState, CancellationToken cancellationToken)
   at GitHub.Services.WebApi.VssHttpClientBase.SendAsync[T](HttpRequestMessage message, Object userState, CancellationToken cancellationToken)
   at GitHub.Services.Location.Client.LocationHttpClient.GetConnectionDataAsync(ConnectOptions connectOptions, Int64 lastChangeId, CancellationToken cancellationToken, Object userState)
   at GitHub.Services.WebApi.Location.VssServerDataProvider.GetConnectionDataAsync(ConnectOptions connectOptions, Int32 lastChangeId, CancellationToken cancellationToken)
   at GitHub.Services.WebApi.Location.VssServerDataProvider.ConnectAsync(ConnectOptions connectOptions, CancellationToken cancellationToken)
   at GitHub.Runner.Common.RunnerService.EstablishVssConnection(Uri serverUrl, VssCredentials credentials, TimeSpan timeout)
[2025-10-10 02:42:13Z INFO GitHubActionsService] Starting operation Location.GetConnectionData
[2025-10-10 02:42:13Z ERR  GitHubActionsService] GET request to https://pipelinesghubeus6.actions.githubusercontent.com/hKyNd5hzQTjPqVOxuFp9CyJ2tMUr8ytJJ9FfsFju3bqhBGI0lq/_apis/connectionData?connectOptions=1&lastChangeId=258625537&lastChangeId64=258625537 failed. HTTP Status: NotFound
[2025-10-10 02:42:13Z INFO GitHubActionsService] Finished operation Location.GetConnectionData
[2025-10-10 02:42:13Z ERR  GitHubActionsService] GET request to https://pipelinesghubeus6.actions.githubusercontent.com/hKyNd5hzQTjPqVOxuFp9CyJ2tMUr8ytJJ9FfsFju3bqhBGI0lq/_apis/connectionData?connectOptions=1&lastChangeId=258625537&lastChangeId64=258625537 failed. HTTP Status: NotFound
[2025-10-10 02:42:13Z INFO GitHubActionsService] Finished operation Location.GetConnectionData
[2025-10-10 02:42:14Z ERR  GitHubActionsService] GET request to https://pipelinesghubeus6.actions.githubusercontent.com/hKyNd5hzQTjPqVOxuFp9CyJ2tMUr8ytJJ9FfsFju3bqhBGI0lq/_apis/connectionData?connectOptions=1&lastChangeId=258625537&lastChangeId64=258625537 failed. HTTP Status: NotFound
[2025-10-10 02:42:14Z INFO GitHubActionsService] Finished operation Location.GetConnectionData
[2025-10-10 02:42:14Z ERR  BrokerMessageListener] Catch exception during create session.
[2025-10-10 02:42:14Z ERR  BrokerMessageListener] GitHub.Services.WebApi.VssServiceResponseException: The resource cannot be found.
   at GitHub.Services.WebApi.VssHttpClientBase.HandleResponseAsync(HttpResponseMessage response, CancellationToken cancellationToken)
   at GitHub.Services.WebApi.VssHttpClientBase.SendAsync(HttpRequestMessage message, HttpCompletionOption completionOption, Object userState, CancellationToken cancellationToken)
   at GitHub.Services.WebApi.VssHttpClientBase.SendAsync[T](HttpRequestMessage message, Object userState, CancellationToken cancellationToken)
   at GitHub.Services.Location.Client.LocationHttpClient.GetConnectionDataAsync(ConnectOptions connectOptions, Int64 lastChangeId, CancellationToken cancellationToken, Object userState)
   at GitHub.Services.WebApi.Location.VssServerDataProvider.GetConnectionDataAsync(ConnectOptions connectOptions, Int32 lastChangeId, CancellationToken cancellationToken)
   at GitHub.Services.WebApi.Location.VssServerDataProvider.ConnectAsync(ConnectOptions connectOptions, CancellationToken cancellationToken)
   at GitHub.Runner.Common.RunnerService.EstablishVssConnection(Uri serverUrl, VssCredentials credentials, TimeSpan timeout)
   at GitHub.Runner.Common.RunnerServer.ConnectAsync(Uri serverUrl, VssCredentials credentials)
   at GitHub.Runner.Listener.BrokerMessageListener.CreateSessionAsync(CancellationToken token)
[2025-10-10 02:42:14Z INFO BrokerMessageListener] Retriable exception: The resource cannot be found.
[2025-10-10 02:42:14Z INFO BrokerMessageListener] Sleeping for 30 seconds before retrying.
[2025-10-10 02:42:44Z INFO BrokerMessageListener] Attempt to create session.
[2025-10-10 02:42:44Z INFO BrokerMessageListener] Connecting to the Broker Server...
[2025-10-10 02:42:44Z INFO ConfigurationStore] HasCredentials()
[2025-10-10 02:42:44Z INFO ConfigurationStore] stored True
[2025-10-10 02:42:44Z INFO CredentialManager] GetCredentialProvider
[2025-10-10 02:42:44Z INFO CredentialManager] Creating type OAuth
[2025-10-10 02:42:44Z INFO CredentialManager] Creating credential type: OAuth
[2025-10-10 02:42:44Z INFO RSAEncryptedFileKeyManager] Loading RSA key parameters from file G:\Brunella\actions-runner\.credentials_rsaparams
[2025-10-10 02:42:44Z INFO BrokerMessageListener] VssConnection created
[2025-10-10 02:42:44Z INFO BrokerMessageListener] Connecting to the Runner server...
[2025-10-10 02:42:44Z INFO RunnerServer] EstablishVssConnection
[2025-10-10 02:42:44Z INFO RunnerServer] Establish connection with 100 seconds timeout.
[2025-10-10 02:42:44Z INFO GitHubActionsService] Starting operation Location.GetConnectionData
[2025-10-10 02:42:44Z INFO RunnerServer] EstablishVssConnection
[2025-10-10 02:42:44Z INFO RunnerServer] Establish connection with 60 seconds timeout.
[2025-10-10 02:42:44Z INFO GitHubActionsService] Starting operation Location.GetConnectionData
[2025-10-10 02:42:44Z INFO RunnerServer] EstablishVssConnection
[2025-10-10 02:42:44Z INFO RunnerServer] Establish connection with 60 seconds timeout.
[2025-10-10 02:42:44Z INFO GitHubActionsService] Starting operation Location.GetConnectionData
[2025-10-10 02:42:44Z ERR  GitHubActionsService] GET request to https://pipelinesghubeus6.actions.githubusercontent.com/hKyNd5hzQTjPqVOxuFp9CyJ2tMUr8ytJJ9FfsFju3bqhBGI0lq/_apis/connectionData?connectOptions=1&lastChangeId=258625537&lastChangeId64=258625537 failed. HTTP Status: NotFound
[2025-10-10 02:42:44Z INFO GitHubActionsService] Finished operation Location.GetConnectionData
[2025-10-10 02:42:44Z INFO RunnerServer] Catch exception during connect. 4 attempt left.
[2025-10-10 02:42:44Z ERR  RunnerServer] GitHub.Services.WebApi.VssServiceResponseException: The resource cannot be found.
   at GitHub.Services.WebApi.VssHttpClientBase.HandleResponseAsync(HttpResponseMessage response, CancellationToken cancellationToken)
   at GitHub.Services.WebApi.VssHttpClientBase.SendAsync(HttpRequestMessage message, HttpCompletionOption completionOption, Object userState, CancellationToken cancellationToken)
   at GitHub.Services.WebApi.VssHttpClientBase.SendAsync[T](HttpRequestMessage message, Object userState, CancellationToken cancellationToken)
   at GitHub.Services.Location.Client.LocationHttpClient.GetConnectionDataAsync(ConnectOptions connectOptions, Int64 lastChangeId, CancellationToken cancellationToken, Object userState)
   at GitHub.Services.WebApi.Location.VssServerDataProvider.GetConnectionDataAsync(ConnectOptions connectOptions, Int32 lastChangeId, CancellationToken cancellationToken)
   at GitHub.Services.WebApi.Location.VssServerDataProvider.ConnectAsync(ConnectOptions connectOptions, CancellationToken cancellationToken)
   at GitHub.Runner.Common.RunnerService.EstablishVssConnection(Uri serverUrl, VssCredentials credentials, TimeSpan timeout)
[2025-10-10 02:42:44Z ERR  GitHubActionsService] GET request to https://pipelinesghubeus6.actions.githubusercontent.com/hKyNd5hzQTjPqVOxuFp9CyJ2tMUr8ytJJ9FfsFju3bqhBGI0lq/_apis/connectionData?connectOptions=1&lastChangeId=258625537&lastChangeId64=258625537 failed. HTTP Status: NotFound
[2025-10-10 02:42:44Z INFO GitHubActionsService] Finished operation Location.GetConnectionData
[2025-10-10 02:42:44Z INFO RunnerServer] Catch exception during connect. 4 attempt left.
[2025-10-10 02:42:44Z ERR  RunnerServer] GitHub.Services.WebApi.VssServiceResponseException: The resource cannot be found.
   at GitHub.Services.WebApi.VssHttpClientBase.HandleResponseAsync(HttpResponseMessage response, CancellationToken cancellationToken)
   at GitHub.Services.WebApi.VssHttpClientBase.SendAsync(HttpRequestMessage message, HttpCompletionOption completionOption, Object userState, CancellationToken cancellationToken)
   at GitHub.Services.WebApi.VssHttpClientBase.SendAsync[T](HttpRequestMessage message, Object userState, CancellationToken cancellationToken)
   at GitHub.Services.Location.Client.LocationHttpClient.GetConnectionDataAsync(ConnectOptions connectOptions, Int64 lastChangeId, CancellationToken cancellationToken, Object userState)
   at GitHub.Services.WebApi.Location.VssServerDataProvider.GetConnectionDataAsync(ConnectOptions connectOptions, Int32 lastChangeId, CancellationToken cancellationToken)
   at GitHub.Services.WebApi.Location.VssServerDataProvider.ConnectAsync(ConnectOptions connectOptions, CancellationToken cancellationToken)
   at GitHub.Runner.Common.RunnerService.EstablishVssConnection(Uri serverUrl, VssCredentials credentials, TimeSpan timeout)
[2025-10-10 02:42:44Z ERR  GitHubActionsService] GET request to https://pipelinesghubeus6.actions.githubusercontent.com/hKyNd5hzQTjPqVOxuFp9CyJ2tMUr8ytJJ9FfsFju3bqhBGI0lq/_apis/connectionData?connectOptions=1&lastChangeId=258625537&lastChangeId64=258625537 failed. HTTP Status: NotFound
[2025-10-10 02:42:44Z INFO GitHubActionsService] Finished operation Location.GetConnectionData
[2025-10-10 02:42:44Z INFO RunnerServer] Catch exception during connect. 4 attempt left.
[2025-10-10 02:42:44Z ERR  RunnerServer] GitHub.Services.WebApi.VssServiceResponseException: The resource cannot be found.
   at GitHub.Services.WebApi.VssHttpClientBase.HandleResponseAsync(HttpResponseMessage response, CancellationToken cancellationToken)
   at GitHub.Services.WebApi.VssHttpClientBase.SendAsync(HttpRequestMessage message, HttpCompletionOption completionOption, Object userState, CancellationToken cancellationToken)
   at GitHub.Services.WebApi.VssHttpClientBase.SendAsync[T](HttpRequestMessage message, Object userState, CancellationToken cancellationToken)
   at GitHub.Services.Location.Client.LocationHttpClient.GetConnectionDataAsync(ConnectOptions connectOptions, Int64 lastChangeId, CancellationToken cancellationToken, Object userState)
   at GitHub.Services.WebApi.Location.VssServerDataProvider.GetConnectionDataAsync(ConnectOptions connectOptions, Int32 lastChangeId, CancellationToken cancellationToken)
   at GitHub.Services.WebApi.Location.VssServerDataProvider.ConnectAsync(ConnectOptions connectOptions, CancellationToken cancellationToken)
   at GitHub.Runner.Common.RunnerService.EstablishVssConnection(Uri serverUrl, VssCredentials credentials, TimeSpan timeout)
[2025-10-10 02:42:44Z INFO GitHubActionsService] Starting operation Location.GetConnectionData
[2025-10-10 02:42:44Z INFO GitHubActionsService] Starting operation Location.GetConnectionData
[2025-10-10 02:42:44Z INFO GitHubActionsService] Starting operation Location.GetConnectionData
[2025-10-10 02:42:45Z ERR  GitHubActionsService] GET request to https://pipelinesghubeus6.actions.githubusercontent.com/hKyNd5hzQTjPqVOxuFp9CyJ2tMUr8ytJJ9FfsFju3bqhBGI0lq/_apis/connectionData?connectOptions=1&lastChangeId=258625537&lastChangeId64=258625537 failed. HTTP Status: NotFound
[2025-10-10 02:42:45Z INFO GitHubActionsService] Finished operation Location.GetConnectionData
[2025-10-10 02:42:45Z INFO RunnerServer] Catch exception during connect. 3 attempt left.
[2025-10-10 02:42:45Z ERR  RunnerServer] GitHub.Services.WebApi.VssServiceResponseException: The resource cannot be found.
   at GitHub.Services.WebApi.VssHttpClientBase.HandleResponseAsync(HttpResponseMessage response, CancellationToken cancellationToken)
   at GitHub.Services.WebApi.VssHttpClientBase.SendAsync(HttpRequestMessage message, HttpCompletionOption completionOption, Object userState, CancellationToken cancellationToken)
   at GitHub.Services.WebApi.VssHttpClientBase.SendAsync[T](HttpRequestMessage message, Object userState, CancellationToken cancellationToken)
   at GitHub.Services.Location.Client.LocationHttpClient.GetConnectionDataAsync(ConnectOptions connectOptions, Int64 lastChangeId, CancellationToken cancellationToken, Object userState)
   at GitHub.Services.WebApi.Location.VssServerDataProvider.GetConnectionDataAsync(ConnectOptions connectOptions, Int32 lastChangeId, CancellationToken cancellationToken)
   at GitHub.Services.WebApi.Location.VssServerDataProvider.ConnectAsync(ConnectOptions connectOptions, CancellationToken cancellationToken)
   at GitHub.Runner.Common.RunnerService.EstablishVssConnection(Uri serverUrl, VssCredentials credentials, TimeSpan timeout)
[2025-10-10 02:42:45Z ERR  GitHubActionsService] GET request to https://pipelinesghubeus6.actions.githubusercontent.com/hKyNd5hzQTjPqVOxuFp9CyJ2tMUr8ytJJ9FfsFju3bqhBGI0lq/_apis/connectionData?connectOptions=1&lastChangeId=258625537&lastChangeId64=258625537 failed. HTTP Status: NotFound
[2025-10-10 02:42:45Z INFO GitHubActionsService] Finished operation Location.GetConnectionData
[2025-10-10 02:42:45Z INFO RunnerServer] Catch exception during connect. 3 attempt left.
[2025-10-10 02:42:45Z ERR  RunnerServer] GitHub.Services.WebApi.VssServiceResponseException: The resource cannot be found.
   at GitHub.Services.WebApi.VssHttpClientBase.HandleResponseAsync(HttpResponseMessage response, CancellationToken cancellationToken)
   at GitHub.Services.WebApi.VssHttpClientBase.SendAsync(HttpRequestMessage message, HttpCompletionOption completionOption, Object userState, CancellationToken cancellationToken)
   at GitHub.Services.WebApi.VssHttpClientBase.SendAsync[T](HttpRequestMessage message, Object userState, CancellationToken cancellationToken)
   at GitHub.Services.Location.Client.LocationHttpClient.GetConnectionDataAsync(ConnectOptions connectOptions, Int64 lastChangeId, CancellationToken cancellationToken, Object userState)
   at GitHub.Services.WebApi.Location.VssServerDataProvider.GetConnectionDataAsync(ConnectOptions connectOptions, Int32 lastChangeId, CancellationToken cancellationToken)
   at GitHub.Services.WebApi.Location.VssServerDataProvider.ConnectAsync(ConnectOptions connectOptions, CancellationToken cancellationToken)
   at GitHub.Runner.Common.RunnerService.EstablishVssConnection(Uri serverUrl, VssCredentials credentials, TimeSpan timeout)
[2025-10-10 02:42:45Z ERR  GitHubActionsService] GET request to https://pipelinesghubeus6.actions.githubusercontent.com/hKyNd5hzQTjPqVOxuFp9CyJ2tMUr8ytJJ9FfsFju3bqhBGI0lq/_apis/connectionData?connectOptions=1&lastChangeId=258625537&lastChangeId64=258625537 failed. HTTP Status: NotFound
[2025-10-10 02:42:45Z INFO GitHubActionsService] Finished operation Location.GetConnectionData
[2025-10-10 02:42:45Z INFO RunnerServer] Catch exception during connect. 3 attempt left.
[2025-10-10 02:42:45Z ERR  RunnerServer] GitHub.Services.WebApi.VssServiceResponseException: The resource cannot be found.
   at GitHub.Services.WebApi.VssHttpClientBase.HandleResponseAsync(HttpResponseMessage response, CancellationToken cancellationToken)
   at GitHub.Services.WebApi.VssHttpClientBase.SendAsync(HttpRequestMessage message, HttpCompletionOption completionOption, Object userState, CancellationToken cancellationToken)
   at GitHub.Services.WebApi.VssHttpClientBase.SendAsync[T](HttpRequestMessage message, Object userState, CancellationToken cancellationToken)
   at GitHub.Services.Location.Client.LocationHttpClient.GetConnectionDataAsync(ConnectOptions connectOptions, Int64 lastChangeId, CancellationToken cancellationToken, Object userState)
   at GitHub.Services.WebApi.Location.VssServerDataProvider.GetConnectionDataAsync(ConnectOptions connectOptions, Int32 lastChangeId, CancellationToken cancellationToken)
   at GitHub.Services.WebApi.Location.VssServerDataProvider.ConnectAsync(ConnectOptions connectOptions, CancellationToken cancellationToken)
   at GitHub.Runner.Common.RunnerService.EstablishVssConnection(Uri serverUrl, VssCredentials credentials, TimeSpan timeout)
[2025-10-10 02:42:45Z INFO GitHubActionsService] Starting operation Location.GetConnectionData
[2025-10-10 02:42:45Z INFO GitHubActionsService] Starting operation Location.GetConnectionData
[2025-10-10 02:42:45Z INFO GitHubActionsService] Starting operation Location.GetConnectionData
[2025-10-10 02:42:46Z ERR  GitHubActionsService] GET request to https://pipelinesghubeus6.actions.githubusercontent.com/hKyNd5hzQTjPqVOxuFp9CyJ2tMUr8ytJJ9FfsFju3bqhBGI0lq/_apis/connectionData?connectOptions=1&lastChangeId=258625537&lastChangeId64=258625537 failed. HTTP Status: NotFound
[2025-10-10 02:42:46Z INFO GitHubActionsService] Finished operation Location.GetConnectionData
[2025-10-10 02:42:46Z INFO RunnerServer] Catch exception during connect. 2 attempt left.
[2025-10-10 02:42:46Z ERR  RunnerServer] GitHub.Services.WebApi.VssServiceResponseException: The resource cannot be found.
   at GitHub.Services.WebApi.VssHttpClientBase.HandleResponseAsync(HttpResponseMessage response, CancellationToken cancellationToken)
   at GitHub.Services.WebApi.VssHttpClientBase.SendAsync(HttpRequestMessage message, HttpCompletionOption completionOption, Object userState, CancellationToken cancellationToken)
   at GitHub.Services.WebApi.VssHttpClientBase.SendAsync[T](HttpRequestMessage message, Object userState, CancellationToken cancellationToken)
   at GitHub.Services.Location.Client.LocationHttpClient.GetConnectionDataAsync(ConnectOptions connectOptions, Int64 lastChangeId, CancellationToken cancellationToken, Object userState)
   at GitHub.Services.WebApi.Location.VssServerDataProvider.GetConnectionDataAsync(ConnectOptions connectOptions, Int32 lastChangeId, CancellationToken cancellationToken)
   at GitHub.Services.WebApi.Location.VssServerDataProvider.ConnectAsync(ConnectOptions connectOptions, CancellationToken cancellationToken)
   at GitHub.Runner.Common.RunnerService.EstablishVssConnection(Uri serverUrl, VssCredentials credentials, TimeSpan timeout)
[2025-10-10 02:42:46Z ERR  GitHubActionsService] GET request to https://pipelinesghubeus6.actions.githubusercontent.com/hKyNd5hzQTjPqVOxuFp9CyJ2tMUr8ytJJ9FfsFju3bqhBGI0lq/_apis/connectionData?connectOptions=1&lastChangeId=258625537&lastChangeId64=258625537 failed. HTTP Status: NotFound
[2025-10-10 02:42:46Z INFO GitHubActionsService] Finished operation Location.GetConnectionData
[2025-10-10 02:42:46Z INFO RunnerServer] Catch exception during connect. 2 attempt left.
[2025-10-10 02:42:46Z ERR  RunnerServer] GitHub.Services.WebApi.VssServiceResponseException: The resource cannot be found.
   at GitHub.Services.WebApi.VssHttpClientBase.HandleResponseAsync(HttpResponseMessage response, CancellationToken cancellationToken)
   at GitHub.Services.WebApi.VssHttpClientBase.SendAsync(HttpRequestMessage message, HttpCompletionOption completionOption, Object userState, CancellationToken cancellationToken)
   at GitHub.Services.WebApi.VssHttpClientBase.SendAsync[T](HttpRequestMessage message, Object userState, CancellationToken cancellationToken)
   at GitHub.Services.Location.Client.LocationHttpClient.GetConnectionDataAsync(ConnectOptions connectOptions, Int64 lastChangeId, CancellationToken cancellationToken, Object userState)
   at GitHub.Services.WebApi.Location.VssServerDataProvider.GetConnectionDataAsync(ConnectOptions connectOptions, Int32 lastChangeId, CancellationToken cancellationToken)
   at GitHub.Services.WebApi.Location.VssServerDataProvider.ConnectAsync(ConnectOptions connectOptions, CancellationToken cancellationToken)
   at GitHub.Runner.Common.RunnerService.EstablishVssConnection(Uri serverUrl, VssCredentials credentials, TimeSpan timeout)
[2025-10-10 02:42:46Z ERR  GitHubActionsService] GET request to https://pipelinesghubeus6.actions.githubusercontent.com/hKyNd5hzQTjPqVOxuFp9CyJ2tMUr8ytJJ9FfsFju3bqhBGI0lq/_apis/connectionData?connectOptions=1&lastChangeId=258625537&lastChangeId64=258625537 failed. HTTP Status: NotFound
[2025-10-10 02:42:46Z INFO GitHubActionsService] Finished operation Location.GetConnectionData
[2025-10-10 02:42:46Z INFO RunnerServer] Catch exception during connect. 2 attempt left.
[2025-10-10 02:42:46Z ERR  RunnerServer] GitHub.Services.WebApi.VssServiceResponseException: The resource cannot be found.
   at GitHub.Services.WebApi.VssHttpClientBase.HandleResponseAsync(HttpResponseMessage response, CancellationToken cancellationToken)
   at GitHub.Services.WebApi.VssHttpClientBase.SendAsync(HttpRequestMessage message, HttpCompletionOption completionOption, Object userState, CancellationToken cancellationToken)
   at GitHub.Services.WebApi.VssHttpClientBase.SendAsync[T](HttpRequestMessage message, Object userState, CancellationToken cancellationToken)
   at GitHub.Services.Location.Client.LocationHttpClient.GetConnectionDataAsync(ConnectOptions connectOptions, Int64 lastChangeId, CancellationToken cancellationToken, Object userState)
   at GitHub.Services.WebApi.Location.VssServerDataProvider.GetConnectionDataAsync(ConnectOptions connectOptions, Int32 lastChangeId, CancellationToken cancellationToken)
   at GitHub.Services.WebApi.Location.VssServerDataProvider.ConnectAsync(ConnectOptions connectOptions, CancellationToken cancellationToken)
   at GitHub.Runner.Common.RunnerService.EstablishVssConnection(Uri serverUrl, VssCredentials credentials, TimeSpan timeout)
[2025-10-10 02:42:46Z INFO GitHubActionsService] Starting operation Location.GetConnectionData
[2025-10-10 02:42:46Z INFO GitHubActionsService] Starting operation Location.GetConnectionData
[2025-10-10 02:42:46Z INFO GitHubActionsService] Starting operation Location.GetConnectionData
[2025-10-10 02:42:46Z ERR  GitHubActionsService] GET request to https://pipelinesghubeus6.actions.githubusercontent.com/hKyNd5hzQTjPqVOxuFp9CyJ2tMUr8ytJJ9FfsFju3bqhBGI0lq/_apis/connectionData?connectOptions=1&lastChangeId=258625537&lastChangeId64=258625537 failed. HTTP Status: NotFound
[2025-10-10 02:42:46Z INFO GitHubActionsService] Finished operation Location.GetConnectionData
[2025-10-10 02:42:46Z INFO RunnerServer] Catch exception during connect. 1 attempt left.
[2025-10-10 02:42:46Z ERR  RunnerServer] GitHub.Services.WebApi.VssServiceResponseException: The resource cannot be found.
   at GitHub.Services.WebApi.VssHttpClientBase.HandleResponseAsync(HttpResponseMessage response, CancellationToken cancellationToken)
   at GitHub.Services.WebApi.VssHttpClientBase.SendAsync(HttpRequestMessage message, HttpCompletionOption completionOption, Object userState, CancellationToken cancellationToken)
   at GitHub.Services.WebApi.VssHttpClientBase.SendAsync[T](HttpRequestMessage message, Object userState, CancellationToken cancellationToken)
   at GitHub.Services.Location.Client.LocationHttpClient.GetConnectionDataAsync(ConnectOptions connectOptions, Int64 lastChangeId, CancellationToken cancellationToken, Object userState)
   at GitHub.Services.WebApi.Location.VssServerDataProvider.GetConnectionDataAsync(ConnectOptions connectOptions, Int32 lastChangeId, CancellationToken cancellationToken)
   at GitHub.Services.WebApi.Location.VssServerDataProvider.ConnectAsync(ConnectOptions connectOptions, CancellationToken cancellationToken)
   at GitHub.Runner.Common.RunnerService.EstablishVssConnection(Uri serverUrl, VssCredentials credentials, TimeSpan timeout)
[2025-10-10 02:42:47Z ERR  GitHubActionsService] GET request to https://pipelinesghubeus6.actions.githubusercontent.com/hKyNd5hzQTjPqVOxuFp9CyJ2tMUr8ytJJ9FfsFju3bqhBGI0lq/_apis/connectionData?connectOptions=1&lastChangeId=258625537&lastChangeId64=258625537 failed. HTTP Status: NotFound
[2025-10-10 02:42:47Z INFO GitHubActionsService] Finished operation Location.GetConnectionData
[2025-10-10 02:42:47Z INFO RunnerServer] Catch exception during connect. 1 attempt left.
[2025-10-10 02:42:47Z ERR  RunnerServer] GitHub.Services.WebApi.VssServiceResponseException: The resource cannot be found.
   at GitHub.Services.WebApi.VssHttpClientBase.HandleResponseAsync(HttpResponseMessage response, CancellationToken cancellationToken)
   at GitHub.Services.WebApi.VssHttpClientBase.SendAsync(HttpRequestMessage message, HttpCompletionOption completionOption, Object userState, CancellationToken cancellationToken)
   at GitHub.Services.WebApi.VssHttpClientBase.SendAsync[T](HttpRequestMessage message, Object userState, CancellationToken cancellationToken)
   at GitHub.Services.Location.Client.LocationHttpClient.GetConnectionDataAsync(ConnectOptions connectOptions, Int64 lastChangeId, CancellationToken cancellationToken, Object userState)
   at GitHub.Services.WebApi.Location.VssServerDataProvider.GetConnectionDataAsync(ConnectOptions connectOptions, Int32 lastChangeId, CancellationToken cancellationToken)
   at GitHub.Services.WebApi.Location.VssServerDataProvider.ConnectAsync(ConnectOptions connectOptions, CancellationToken cancellationToken)
   at GitHub.Runner.Common.RunnerService.EstablishVssConnection(Uri serverUrl, VssCredentials credentials, TimeSpan timeout)
[2025-10-10 02:42:47Z ERR  GitHubActionsService] GET request to https://pipelinesghubeus6.actions.githubusercontent.com/hKyNd5hzQTjPqVOxuFp9CyJ2tMUr8ytJJ9FfsFju3bqhBGI0lq/_apis/connectionData?connectOptions=1&lastChangeId=258625537&lastChangeId64=258625537 failed. HTTP Status: NotFound
[2025-10-10 02:42:47Z INFO GitHubActionsService] Finished operation Location.GetConnectionData
[2025-10-10 02:42:47Z INFO RunnerServer] Catch exception during connect. 1 attempt left.
[2025-10-10 02:42:47Z ERR  RunnerServer] GitHub.Services.WebApi.VssServiceResponseException: The resource cannot be found.
   at GitHub.Services.WebApi.VssHttpClientBase.HandleResponseAsync(HttpResponseMessage response, CancellationToken cancellationToken)
   at GitHub.Services.WebApi.VssHttpClientBase.SendAsync(HttpRequestMessage message, HttpCompletionOption completionOption, Object userState, CancellationToken cancellationToken)
   at GitHub.Services.WebApi.VssHttpClientBase.SendAsync[T](HttpRequestMessage message, Object userState, CancellationToken cancellationToken)
   at GitHub.Services.Location.Client.LocationHttpClient.GetConnectionDataAsync(ConnectOptions connectOptions, Int64 lastChangeId, CancellationToken cancellationToken, Object userState)
   at GitHub.Services.WebApi.Location.VssServerDataProvider.GetConnectionDataAsync(ConnectOptions connectOptions, Int32 lastChangeId, CancellationToken cancellationToken)
   at GitHub.Services.WebApi.Location.VssServerDataProvider.ConnectAsync(ConnectOptions connectOptions, CancellationToken cancellationToken)
   at GitHub.Runner.Common.RunnerService.EstablishVssConnection(Uri serverUrl, VssCredentials credentials, TimeSpan timeout)
[2025-10-10 02:42:47Z INFO GitHubActionsService] Starting operation Location.GetConnectionData
[2025-10-10 02:42:47Z INFO GitHubActionsService] Starting operation Location.GetConnectionData
[2025-10-10 02:42:47Z INFO GitHubActionsService] Starting operation Location.GetConnectionData
[2025-10-10 02:42:47Z ERR  GitHubActionsService] GET request to https://pipelinesghubeus6.actions.githubusercontent.com/hKyNd5hzQTjPqVOxuFp9CyJ2tMUr8ytJJ9FfsFju3bqhBGI0lq/_apis/connectionData?connectOptions=1&lastChangeId=258625537&lastChangeId64=258625537 failed. HTTP Status: NotFound
[2025-10-10 02:42:47Z INFO GitHubActionsService] Finished operation Location.GetConnectionData
[2025-10-10 02:42:47Z ERR  GitHubActionsService] GET request to https://pipelinesghubeus6.actions.githubusercontent.com/hKyNd5hzQTjPqVOxuFp9CyJ2tMUr8ytJJ9FfsFju3bqhBGI0lq/_apis/connectionData?connectOptions=1&lastChangeId=258625537&lastChangeId64=258625537 failed. HTTP Status: NotFound
[2025-10-10 02:42:47Z ERR  GitHubActionsService] GET request to https://pipelinesghubeus6.actions.githubusercontent.com/hKyNd5hzQTjPqVOxuFp9CyJ2tMUr8ytJJ9FfsFju3bqhBGI0lq/_apis/connectionData?connectOptions=1&lastChangeId=258625537&lastChangeId64=258625537 failed. HTTP Status: NotFound
[2025-10-10 02:42:47Z INFO GitHubActionsService] Finished operation Location.GetConnectionData
[2025-10-10 02:42:47Z INFO GitHubActionsService] Finished operation Location.GetConnectionData
[2025-10-10 02:42:47Z ERR  BrokerMessageListener] Catch exception during create session.
[2025-10-10 02:42:47Z ERR  BrokerMessageListener] GitHub.Services.WebApi.VssServiceResponseException: The resource cannot be found.
   at GitHub.Services.WebApi.VssHttpClientBase.HandleResponseAsync(HttpResponseMessage response, CancellationToken cancellationToken)
   at GitHub.Services.WebApi.VssHttpClientBase.SendAsync(HttpRequestMessage message, HttpCompletionOption completionOption, Object userState, CancellationToken cancellationToken)
   at GitHub.Services.WebApi.VssHttpClientBase.SendAsync[T](HttpRequestMessage message, Object userState, CancellationToken cancellationToken)
   at GitHub.Services.Location.Client.LocationHttpClient.GetConnectionDataAsync(ConnectOptions connectOptions, Int64 lastChangeId, CancellationToken cancellationToken, Object userState)
   at GitHub.Services.WebApi.Location.VssServerDataProvider.GetConnectionDataAsync(ConnectOptions connectOptions, Int32 lastChangeId, CancellationToken cancellationToken)
   at GitHub.Services.WebApi.Location.VssServerDataProvider.ConnectAsync(ConnectOptions connectOptions, CancellationToken cancellationToken)
   at GitHub.Runner.Common.RunnerService.EstablishVssConnection(Uri serverUrl, VssCredentials credentials, TimeSpan timeout)
   at GitHub.Runner.Common.RunnerServer.ConnectAsync(Uri serverUrl, VssCredentials credentials)
   at GitHub.Runner.Listener.BrokerMessageListener.CreateSessionAsync(CancellationToken token)
[2025-10-10 02:42:47Z INFO BrokerMessageListener] Retriable exception: The resource cannot be found.
[2025-10-10 02:42:47Z INFO BrokerMessageListener] Sleeping for 30 seconds before retrying.
[2025-10-10 02:43:17Z INFO BrokerMessageListener] Attempt to create session.
[2025-10-10 02:43:17Z INFO BrokerMessageListener] Connecting to the Broker Server...
[2025-10-10 02:43:17Z INFO ConfigurationStore] HasCredentials()
[2025-10-10 02:43:17Z INFO ConfigurationStore] stored True
[2025-10-10 02:43:17Z INFO CredentialManager] GetCredentialProvider
[2025-10-10 02:43:17Z INFO CredentialManager] Creating type OAuth
[2025-10-10 02:43:17Z INFO CredentialManager] Creating credential type: OAuth
[2025-10-10 02:43:17Z INFO RSAEncryptedFileKeyManager] Loading RSA key parameters from file G:\Brunella\actions-runner\.credentials_rsaparams
[2025-10-10 02:43:17Z INFO BrokerMessageListener] VssConnection created
[2025-10-10 02:43:17Z INFO BrokerMessageListener] Connecting to the Runner server...
[2025-10-10 02:43:17Z INFO RunnerServer] EstablishVssConnection
[2025-10-10 02:43:17Z INFO RunnerServer] Establish connection with 100 seconds timeout.
[2025-10-10 02:43:17Z INFO GitHubActionsService] Starting operation Location.GetConnectionData
[2025-10-10 02:43:17Z INFO RunnerServer] EstablishVssConnection
[2025-10-10 02:43:17Z INFO RunnerServer] Establish connection with 60 seconds timeout.
[2025-10-10 02:43:17Z INFO GitHubActionsService] Starting operation Location.GetConnectionData
[2025-10-10 02:43:17Z INFO RunnerServer] EstablishVssConnection
[2025-10-10 02:43:17Z INFO RunnerServer] Establish connection with 60 seconds timeout.
[2025-10-10 02:43:17Z INFO GitHubActionsService] Starting operation Location.GetConnectionData
[2025-10-10 02:43:18Z ERR  GitHubActionsService] GET request to https://pipelinesghubeus6.actions.githubusercontent.com/hKyNd5hzQTjPqVOxuFp9CyJ2tMUr8ytJJ9FfsFju3bqhBGI0lq/_apis/connectionData?connectOptions=1&lastChangeId=258625537&lastChangeId64=258625537 failed. HTTP Status: NotFound
[2025-10-10 02:43:18Z INFO GitHubActionsService] Finished operation Location.GetConnectionData
[2025-10-10 02:43:18Z INFO RunnerServer] Catch exception during connect. 4 attempt left.
[2025-10-10 02:43:18Z ERR  GitHubActionsService] GET request to https://pipelinesghubeus6.actions.githubusercontent.com/hKyNd5hzQTjPqVOxuFp9CyJ2tMUr8ytJJ9FfsFju3bqhBGI0lq/_apis/connectionData?connectOptions=1&lastChangeId=258625537&lastChangeId64=258625537 failed. HTTP Status: NotFound
[2025-10-10 02:43:18Z INFO GitHubActionsService] Finished operation Location.GetConnectionData
[2025-10-10 02:43:18Z ERR  RunnerServer] GitHub.Services.WebApi.VssServiceResponseException: The resource cannot be found.
   at GitHub.Services.WebApi.VssHttpClientBase.HandleResponseAsync(HttpResponseMessage response, CancellationToken cancellationToken)
   at GitHub.Services.WebApi.VssHttpClientBase.SendAsync(HttpRequestMessage message, HttpCompletionOption completionOption, Object userState, CancellationToken cancellationToken)
   at GitHub.Services.WebApi.VssHttpClientBase.SendAsync[T](HttpRequestMessage message, Object userState, CancellationToken cancellationToken)
   at GitHub.Services.Location.Client.LocationHttpClient.GetConnectionDataAsync(ConnectOptions connectOptions, Int64 lastChangeId, CancellationToken cancellationToken, Object userState)
   at GitHub.Services.WebApi.Location.VssServerDataProvider.GetConnectionDataAsync(ConnectOptions connectOptions, Int32 lastChangeId, CancellationToken cancellationToken)
   at GitHub.Services.WebApi.Location.VssServerDataProvider.ConnectAsync(ConnectOptions connectOptions, CancellationToken cancellationToken)
   at GitHub.Runner.Common.RunnerService.EstablishVssConnection(Uri serverUrl, VssCredentials credentials, TimeSpan timeout)
[2025-10-10 02:43:18Z INFO RunnerServer] Catch exception during connect. 4 attempt left.
[2025-10-10 02:43:18Z ERR  RunnerServer] GitHub.Services.WebApi.VssServiceResponseException: The resource cannot be found.
   at GitHub.Services.WebApi.VssHttpClientBase.HandleResponseAsync(HttpResponseMessage response, CancellationToken cancellationToken)
   at GitHub.Services.WebApi.VssHttpClientBase.SendAsync(HttpRequestMessage message, HttpCompletionOption completionOption, Object userState, CancellationToken cancellationToken)
   at GitHub.Services.WebApi.VssHttpClientBase.SendAsync[T](HttpRequestMessage message, Object userState, CancellationToken cancellationToken)
   at GitHub.Services.Location.Client.LocationHttpClient.GetConnectionDataAsync(ConnectOptions connectOptions, Int64 lastChangeId, CancellationToken cancellationToken, Object userState)
   at GitHub.Services.WebApi.Location.VssServerDataProvider.GetConnectionDataAsync(ConnectOptions connectOptions, Int32 lastChangeId, CancellationToken cancellationToken)
   at GitHub.Services.WebApi.Location.VssServerDataProvider.ConnectAsync(ConnectOptions connectOptions, CancellationToken cancellationToken)
   at GitHub.Runner.Common.RunnerService.EstablishVssConnection(Uri serverUrl, VssCredentials credentials, TimeSpan timeout)
[2025-10-10 02:43:18Z ERR  GitHubActionsService] GET request to https://pipelinesghubeus6.actions.githubusercontent.com/hKyNd5hzQTjPqVOxuFp9CyJ2tMUr8ytJJ9FfsFju3bqhBGI0lq/_apis/connectionData?connectOptions=1&lastChangeId=258625537&lastChangeId64=258625537 failed. HTTP Status: NotFound
[2025-10-10 02:43:18Z INFO GitHubActionsService] Finished operation Location.GetConnectionData
[2025-10-10 02:43:18Z INFO RunnerServer] Catch exception during connect. 4 attempt left.
[2025-10-10 02:43:18Z ERR  RunnerServer] GitHub.Services.WebApi.VssServiceResponseException: The resource cannot be found.
   at GitHub.Services.WebApi.VssHttpClientBase.HandleResponseAsync(HttpResponseMessage response, CancellationToken cancellationToken)
   at GitHub.Services.WebApi.VssHttpClientBase.SendAsync(HttpRequestMessage message, HttpCompletionOption completionOption, Object userState, CancellationToken cancellationToken)
   at GitHub.Services.WebApi.VssHttpClientBase.SendAsync[T](HttpRequestMessage message, Object userState, CancellationToken cancellationToken)
   at GitHub.Services.Location.Client.LocationHttpClient.GetConnectionDataAsync(ConnectOptions connectOptions, Int64 lastChangeId, CancellationToken cancellationToken, Object userState)
   at GitHub.Services.WebApi.Location.VssServerDataProvider.GetConnectionDataAsync(ConnectOptions connectOptions, Int32 lastChangeId, CancellationToken cancellationToken)
   at GitHub.Services.WebApi.Location.VssServerDataProvider.ConnectAsync(ConnectOptions connectOptions, CancellationToken cancellationToken)
   at GitHub.Runner.Common.RunnerService.EstablishVssConnection(Uri serverUrl, VssCredentials credentials, TimeSpan timeout)
[2025-10-10 02:43:18Z INFO GitHubActionsService] Starting operation Location.GetConnectionData
[2025-10-10 02:43:18Z INFO GitHubActionsService] Starting operation Location.GetConnectionData
[2025-10-10 02:43:18Z INFO GitHubActionsService] Starting operation Location.GetConnectionData
[2025-10-10 02:43:19Z ERR  GitHubActionsService] GET request to https://pipelinesghubeus6.actions.githubusercontent.com/hKyNd5hzQTjPqVOxuFp9CyJ2tMUr8ytJJ9FfsFju3bqhBGI0lq/_apis/connectionData?connectOptions=1&lastChangeId=258625537&lastChangeId64=258625537 failed. HTTP Status: NotFound
[2025-10-10 02:43:19Z INFO GitHubActionsService] Finished operation Location.GetConnectionData
[2025-10-10 02:43:19Z INFO RunnerServer] Catch exception during connect. 3 attempt left.
[2025-10-10 02:43:19Z ERR  RunnerServer] GitHub.Services.WebApi.VssServiceResponseException: The resource cannot be found.
   at GitHub.Services.WebApi.VssHttpClientBase.HandleResponseAsync(HttpResponseMessage response, CancellationToken cancellationToken)
   at GitHub.Services.WebApi.VssHttpClientBase.SendAsync(HttpRequestMessage message, HttpCompletionOption completionOption, Object userState, CancellationToken cancellationToken)
   at GitHub.Services.WebApi.VssHttpClientBase.SendAsync[T](HttpRequestMessage message, Object userState, CancellationToken cancellationToken)
   at GitHub.Services.Location.Client.LocationHttpClient.GetConnectionDataAsync(ConnectOptions connectOptions, Int64 lastChangeId, CancellationToken cancellationToken, Object userState)
   at GitHub.Services.WebApi.Location.VssServerDataProvider.GetConnectionDataAsync(ConnectOptions connectOptions, Int32 lastChangeId, CancellationToken cancellationToken)
   at GitHub.Services.WebApi.Location.VssServerDataProvider.ConnectAsync(ConnectOptions connectOptions, CancellationToken cancellationToken)
   at GitHub.Runner.Common.RunnerService.EstablishVssConnection(Uri serverUrl, VssCredentials credentials, TimeSpan timeout)
[2025-10-10 02:43:19Z ERR  GitHubActionsService] GET request to https://pipelinesghubeus6.actions.githubusercontent.com/hKyNd5hzQTjPqVOxuFp9CyJ2tMUr8ytJJ9FfsFju3bqhBGI0lq/_apis/connectionData?connectOptions=1&lastChangeId=258625537&lastChangeId64=258625537 failed. HTTP Status: NotFound
[2025-10-10 02:43:19Z INFO GitHubActionsService] Finished operation Location.GetConnectionData
[2025-10-10 02:43:19Z INFO RunnerServer] Catch exception during connect. 3 attempt left.
[2025-10-10 02:43:19Z ERR  RunnerServer] GitHub.Services.WebApi.VssServiceResponseException: The resource cannot be found.
   at GitHub.Services.WebApi.VssHttpClientBase.HandleResponseAsync(HttpResponseMessage response, CancellationToken cancellationToken)
   at GitHub.Services.WebApi.VssHttpClientBase.SendAsync(HttpRequestMessage message, HttpCompletionOption completionOption, Object userState, CancellationToken cancellationToken)
   at GitHub.Services.WebApi.VssHttpClientBase.SendAsync[T](HttpRequestMessage message, Object userState, CancellationToken cancellationToken)
   at GitHub.Services.Location.Client.LocationHttpClient.GetConnectionDataAsync(ConnectOptions connectOptions, Int64 lastChangeId, CancellationToken cancellationToken, Object userState)
   at GitHub.Services.WebApi.Location.VssServerDataProvider.GetConnectionDataAsync(ConnectOptions connectOptions, Int32 lastChangeId, CancellationToken cancellationToken)
   at GitHub.Services.WebApi.Location.VssServerDataProvider.ConnectAsync(ConnectOptions connectOptions, CancellationToken cancellationToken)
   at GitHub.Runner.Common.RunnerService.EstablishVssConnection(Uri serverUrl, VssCredentials credentials, TimeSpan timeout)
[2025-10-10 02:43:19Z ERR  GitHubActionsService] GET request to https://pipelinesghubeus6.actions.githubusercontent.com/hKyNd5hzQTjPqVOxuFp9CyJ2tMUr8ytJJ9FfsFju3bqhBGI0lq/_apis/connectionData?connectOptions=1&lastChangeId=258625537&lastChangeId64=258625537 failed. HTTP Status: NotFound
[2025-10-10 02:43:19Z INFO GitHubActionsService] Finished operation Location.GetConnectionData
[2025-10-10 02:43:19Z INFO RunnerServer] Catch exception during connect. 3 attempt left.
[2025-10-10 02:43:19Z ERR  RunnerServer] GitHub.Services.WebApi.VssServiceResponseException: The resource cannot be found.
   at GitHub.Services.WebApi.VssHttpClientBase.HandleResponseAsync(HttpResponseMessage response, CancellationToken cancellationToken)
   at GitHub.Services.WebApi.VssHttpClientBase.SendAsync(HttpRequestMessage message, HttpCompletionOption completionOption, Object userState, CancellationToken cancellationToken)
   at GitHub.Services.WebApi.VssHttpClientBase.SendAsync[T](HttpRequestMessage message, Object userState, CancellationToken cancellationToken)
   at GitHub.Services.Location.Client.LocationHttpClient.GetConnectionDataAsync(ConnectOptions connectOptions, Int64 lastChangeId, CancellationToken cancellationToken, Object userState)
   at GitHub.Services.WebApi.Location.VssServerDataProvider.GetConnectionDataAsync(ConnectOptions connectOptions, Int32 lastChangeId, CancellationToken cancellationToken)
   at GitHub.Services.WebApi.Location.VssServerDataProvider.ConnectAsync(ConnectOptions connectOptions, CancellationToken cancellationToken)
   at GitHub.Runner.Common.RunnerService.EstablishVssConnection(Uri serverUrl, VssCredentials credentials, TimeSpan timeout)
[2025-10-10 02:43:19Z INFO GitHubActionsService] Starting operation Location.GetConnectionData
[2025-10-10 02:43:19Z INFO GitHubActionsService] Starting operation Location.GetConnectionData
[2025-10-10 02:43:19Z INFO GitHubActionsService] Starting operation Location.GetConnectionData
[2025-10-10 02:43:19Z ERR  GitHubActionsService] GET request to https://pipelinesghubeus6.actions.githubusercontent.com/hKyNd5hzQTjPqVOxuFp9CyJ2tMUr8ytJJ9FfsFju3bqhBGI0lq/_apis/connectionData?connectOptions=1&lastChangeId=258625537&lastChangeId64=258625537 failed. HTTP Status: NotFound
[2025-10-10 02:43:19Z INFO GitHubActionsService] Finished operation Location.GetConnectionData
[2025-10-10 02:43:19Z INFO RunnerServer] Catch exception during connect. 2 attempt left.
[2025-10-10 02:43:19Z ERR  RunnerServer] GitHub.Services.WebApi.VssServiceResponseException: The resource cannot be found.
   at GitHub.Services.WebApi.VssHttpClientBase.HandleResponseAsync(HttpResponseMessage response, CancellationToken cancellationToken)
   at GitHub.Services.WebApi.VssHttpClientBase.SendAsync(HttpRequestMessage message, HttpCompletionOption completionOption, Object userState, CancellationToken cancellationToken)
   at GitHub.Services.WebApi.VssHttpClientBase.SendAsync[T](HttpRequestMessage message, Object userState, CancellationToken cancellationToken)
   at GitHub.Services.Location.Client.LocationHttpClient.GetConnectionDataAsync(ConnectOptions connectOptions, Int64 lastChangeId, CancellationToken cancellationToken, Object userState)
   at GitHub.Services.WebApi.Location.VssServerDataProvider.GetConnectionDataAsync(ConnectOptions connectOptions, Int32 lastChangeId, CancellationToken cancellationToken)
   at GitHub.Services.WebApi.Location.VssServerDataProvider.ConnectAsync(ConnectOptions connectOptions, CancellationToken cancellationToken)
   at GitHub.Runner.Common.RunnerService.EstablishVssConnection(Uri serverUrl, VssCredentials credentials, TimeSpan timeout)
[2025-10-10 02:43:19Z ERR  GitHubActionsService] GET request to https://pipelinesghubeus6.actions.githubusercontent.com/hKyNd5hzQTjPqVOxuFp9CyJ2tMUr8ytJJ9FfsFju3bqhBGI0lq/_apis/connectionData?connectOptions=1&lastChangeId=258625537&lastChangeId64=258625537 failed. HTTP Status: NotFound
[2025-10-10 02:43:19Z INFO GitHubActionsService] Finished operation Location.GetConnectionData
[2025-10-10 02:43:19Z INFO RunnerServer] Catch exception during connect. 2 attempt left.
[2025-10-10 02:43:19Z ERR  RunnerServer] GitHub.Services.WebApi.VssServiceResponseException: The resource cannot be found.
   at GitHub.Services.WebApi.VssHttpClientBase.HandleResponseAsync(HttpResponseMessage response, CancellationToken cancellationToken)
   at GitHub.Services.WebApi.VssHttpClientBase.SendAsync(HttpRequestMessage message, HttpCompletionOption completionOption, Object userState, CancellationToken cancellationToken)
   at GitHub.Services.WebApi.VssHttpClientBase.SendAsync[T](HttpRequestMessage message, Object userState, CancellationToken cancellationToken)
   at GitHub.Services.Location.Client.LocationHttpClient.GetConnectionDataAsync(ConnectOptions connectOptions, Int64 lastChangeId, CancellationToken cancellationToken, Object userState)
   at GitHub.Services.WebApi.Location.VssServerDataProvider.GetConnectionDataAsync(ConnectOptions connectOptions, Int32 lastChangeId, CancellationToken cancellationToken)
   at GitHub.Services.WebApi.Location.VssServerDataProvider.ConnectAsync(ConnectOptions connectOptions, CancellationToken cancellationToken)
   at GitHub.Runner.Common.RunnerService.EstablishVssConnection(Uri serverUrl, VssCredentials credentials, TimeSpan timeout)
[2025-10-10 02:43:20Z INFO GitHubActionsService] Starting operation Location.GetConnectionData
[2025-10-10 02:43:20Z ERR  GitHubActionsService] GET request to https://pipelinesghubeus6.actions.githubusercontent.com/hKyNd5hzQTjPqVOxuFp9CyJ2tMUr8ytJJ9FfsFju3bqhBGI0lq/_apis/connectionData?connectOptions=1&lastChangeId=258625537&lastChangeId64=258625537 failed. HTTP Status: NotFound
[2025-10-10 02:43:20Z INFO GitHubActionsService] Finished operation Location.GetConnectionData
[2025-10-10 02:43:20Z INFO RunnerServer] Catch exception during connect. 2 attempt left.
[2025-10-10 02:43:20Z INFO GitHubActionsService] Starting operation Location.GetConnectionData
[2025-10-10 02:43:20Z ERR  RunnerServer] GitHub.Services.WebApi.VssServiceResponseException: The resource cannot be found.
   at GitHub.Services.WebApi.VssHttpClientBase.HandleResponseAsync(HttpResponseMessage response, CancellationToken cancellationToken)
   at GitHub.Services.WebApi.VssHttpClientBase.SendAsync(HttpRequestMessage message, HttpCompletionOption completionOption, Object userState, CancellationToken cancellationToken)
   at GitHub.Services.WebApi.VssHttpClientBase.SendAsync[T](HttpRequestMessage message, Object userState, CancellationToken cancellationToken)
   at GitHub.Services.Location.Client.LocationHttpClient.GetConnectionDataAsync(ConnectOptions connectOptions, Int64 lastChangeId, CancellationToken cancellationToken, Object userState)
   at GitHub.Services.WebApi.Location.VssServerDataProvider.GetConnectionDataAsync(ConnectOptions connectOptions, Int32 lastChangeId, CancellationToken cancellationToken)
   at GitHub.Services.WebApi.Location.VssServerDataProvider.ConnectAsync(ConnectOptions connectOptions, CancellationToken cancellationToken)
   at GitHub.Runner.Common.RunnerService.EstablishVssConnection(Uri serverUrl, VssCredentials credentials, TimeSpan timeout)
[2025-10-10 02:43:20Z INFO GitHubActionsService] Starting operation Location.GetConnectionData
[2025-10-10 02:43:20Z ERR  GitHubActionsService] GET request to https://pipelinesghubeus6.actions.githubusercontent.com/hKyNd5hzQTjPqVOxuFp9CyJ2tMUr8ytJJ9FfsFju3bqhBGI0lq/_apis/connectionData?connectOptions=1&lastChangeId=258625537&lastChangeId64=258625537 failed. HTTP Status: NotFound
[2025-10-10 02:43:20Z INFO GitHubActionsService] Finished operation Location.GetConnectionData
[2025-10-10 02:43:20Z INFO RunnerServer] Catch exception during connect. 1 attempt left.
[2025-10-10 02:43:20Z ERR  RunnerServer] GitHub.Services.WebApi.VssServiceResponseException: The resource cannot be found.
   at GitHub.Services.WebApi.VssHttpClientBase.HandleResponseAsync(HttpResponseMessage response, CancellationToken cancellationToken)
   at GitHub.Services.WebApi.VssHttpClientBase.SendAsync(HttpRequestMessage message, HttpCompletionOption completionOption, Object userState, CancellationToken cancellationToken)
   at GitHub.Services.WebApi.VssHttpClientBase.SendAsync[T](HttpRequestMessage message, Object userState, CancellationToken cancellationToken)
   at GitHub.Services.Location.Client.LocationHttpClient.GetConnectionDataAsync(ConnectOptions connectOptions, Int64 lastChangeId, CancellationToken cancellationToken, Object userState)
   at GitHub.Services.WebApi.Location.VssServerDataProvider.GetConnectionDataAsync(ConnectOptions connectOptions, Int32 lastChangeId, CancellationToken cancellationToken)
   at GitHub.Services.WebApi.Location.VssServerDataProvider.ConnectAsync(ConnectOptions connectOptions, CancellationToken cancellationToken)
   at GitHub.Runner.Common.RunnerService.EstablishVssConnection(Uri serverUrl, VssCredentials credentials, TimeSpan timeout)
[2025-10-10 02:43:20Z INFO GitHubActionsService] Starting operation Location.GetConnectionData
[2025-10-10 02:43:20Z ERR  GitHubActionsService] GET request to https://pipelinesghubeus6.actions.githubusercontent.com/hKyNd5hzQTjPqVOxuFp9CyJ2tMUr8ytJJ9FfsFju3bqhBGI0lq/_apis/connectionData?connectOptions=1&lastChangeId=258625537&lastChangeId64=258625537 failed. HTTP Status: NotFound
[2025-10-10 02:43:20Z INFO GitHubActionsService] Finished operation Location.GetConnectionData
[2025-10-10 02:43:20Z INFO RunnerServer] Catch exception during connect. 1 attempt left.
[2025-10-10 02:43:20Z ERR  RunnerServer] GitHub.Services.WebApi.VssServiceResponseException: The resource cannot be found.
   at GitHub.Services.WebApi.VssHttpClientBase.HandleResponseAsync(HttpResponseMessage response, CancellationToken cancellationToken)
   at GitHub.Services.WebApi.VssHttpClientBase.SendAsync(HttpRequestMessage message, HttpCompletionOption completionOption, Object userState, CancellationToken cancellationToken)
   at GitHub.Services.WebApi.VssHttpClientBase.SendAsync[T](HttpRequestMessage message, Object userState, CancellationToken cancellationToken)
   at GitHub.Services.Location.Client.LocationHttpClient.GetConnectionDataAsync(ConnectOptions connectOptions, Int64 lastChangeId, CancellationToken cancellationToken, Object userState)
   at GitHub.Services.WebApi.Location.VssServerDataProvider.GetConnectionDataAsync(ConnectOptions connectOptions, Int32 lastChangeId, CancellationToken cancellationToken)
   at GitHub.Services.WebApi.Location.VssServerDataProvider.ConnectAsync(ConnectOptions connectOptions, CancellationToken cancellationToken)
   at GitHub.Runner.Common.RunnerService.EstablishVssConnection(Uri serverUrl, VssCredentials credentials, TimeSpan timeout)
[2025-10-10 02:43:20Z ERR  GitHubActionsService] GET request to https://pipelinesghubeus6.actions.githubusercontent.com/hKyNd5hzQTjPqVOxuFp9CyJ2tMUr8ytJJ9FfsFju3bqhBGI0lq/_apis/connectionData?connectOptions=1&lastChangeId=258625537&lastChangeId64=258625537 failed. HTTP Status: NotFound
[2025-10-10 02:43:20Z INFO GitHubActionsService] Finished operation Location.GetConnectionData
[2025-10-10 02:43:20Z INFO RunnerServer] Catch exception during connect. 1 attempt left.
[2025-10-10 02:43:20Z ERR  RunnerServer] GitHub.Services.WebApi.VssServiceResponseException: The resource cannot be found.
   at GitHub.Services.WebApi.VssHttpClientBase.HandleResponseAsync(HttpResponseMessage response, CancellationToken cancellationToken)
   at GitHub.Services.WebApi.VssHttpClientBase.SendAsync(HttpRequestMessage message, HttpCompletionOption completionOption, Object userState, CancellationToken cancellationToken)
   at GitHub.Services.WebApi.VssHttpClientBase.SendAsync[T](HttpRequestMessage message, Object userState, CancellationToken cancellationToken)
   at GitHub.Services.Location.Client.LocationHttpClient.GetConnectionDataAsync(ConnectOptions connectOptions, Int64 lastChangeId, CancellationToken cancellationToken, Object userState)
   at GitHub.Services.WebApi.Location.VssServerDataProvider.GetConnectionDataAsync(ConnectOptions connectOptions, Int32 lastChangeId, CancellationToken cancellationToken)
   at GitHub.Services.WebApi.Location.VssServerDataProvider.ConnectAsync(ConnectOptions connectOptions, CancellationToken cancellationToken)
   at GitHub.Runner.Common.RunnerService.EstablishVssConnection(Uri serverUrl, VssCredentials credentials, TimeSpan timeout)
[2025-10-10 02:43:20Z INFO GitHubActionsService] Starting operation Location.GetConnectionData
[2025-10-10 02:43:20Z INFO GitHubActionsService] Starting operation Location.GetConnectionData
[2025-10-10 02:43:21Z ERR  GitHubActionsService] GET request to https://pipelinesghubeus6.actions.githubusercontent.com/hKyNd5hzQTjPqVOxuFp9CyJ2tMUr8ytJJ9FfsFju3bqhBGI0lq/_apis/connectionData?connectOptions=1&lastChangeId=258625537&lastChangeId64=258625537 failed. HTTP Status: NotFound
[2025-10-10 02:43:21Z INFO GitHubActionsService] Finished operation Location.GetConnectionData
[2025-10-10 02:43:21Z ERR  GitHubActionsService] GET request to https://pipelinesghubeus6.actions.githubusercontent.com/hKyNd5hzQTjPqVOxuFp9CyJ2tMUr8ytJJ9FfsFju3bqhBGI0lq/_apis/connectionData?connectOptions=1&lastChangeId=258625537&lastChangeId64=258625537 failed. HTTP Status: NotFound
[2025-10-10 02:43:21Z INFO GitHubActionsService] Finished operation Location.GetConnectionData
[2025-10-10 02:43:21Z ERR  GitHubActionsService] GET request to https://pipelinesghubeus6.actions.githubusercontent.com/hKyNd5hzQTjPqVOxuFp9CyJ2tMUr8ytJJ9FfsFju3bqhBGI0lq/_apis/connectionData?connectOptions=1&lastChangeId=258625537&lastChangeId64=258625537 failed. HTTP Status: NotFound
[2025-10-10 02:43:30Z INFO GitHubActionsService] Finished operation Location.GetConnectionData
[2025-10-10 02:43:30Z ERR  BrokerMessageListener] Catch exception during create session.
[2025-10-10 02:43:30Z ERR  BrokerMessageListener] GitHub.Services.WebApi.VssServiceResponseException: The resource cannot be found.
   at GitHub.Services.WebApi.VssHttpClientBase.HandleResponseAsync(HttpResponseMessage response, CancellationToken cancellationToken)
   at GitHub.Services.WebApi.VssHttpClientBase.SendAsync(HttpRequestMessage message, HttpCompletionOption completionOption, Object userState, CancellationToken cancellationToken)
   at GitHub.Services.WebApi.VssHttpClientBase.SendAsync[T](HttpRequestMessage message, Object userState, CancellationToken cancellationToken)
   at GitHub.Services.Location.Client.LocationHttpClient.GetConnectionDataAsync(ConnectOptions connectOptions, Int64 lastChangeId, CancellationToken cancellationToken, Object userState)
   at GitHub.Services.WebApi.Location.VssServerDataProvider.GetConnectionDataAsync(ConnectOptions connectOptions, Int32 lastChangeId, CancellationToken cancellationToken)
   at GitHub.Services.WebApi.Location.VssServerDataProvider.ConnectAsync(ConnectOptions connectOptions, CancellationToken cancellationToken)
   at GitHub.Runner.Common.RunnerService.EstablishVssConnection(Uri serverUrl, VssCredentials credentials, TimeSpan timeout)
   at GitHub.Runner.Common.RunnerServer.ConnectAsync(Uri serverUrl, VssCredentials credentials)
   at GitHub.Runner.Listener.BrokerMessageListener.CreateSessionAsync(CancellationToken token)
[2025-10-10 02:43:30Z INFO BrokerMessageListener] Retriable exception: The resource cannot be found.
[2025-10-10 02:43:30Z INFO BrokerMessageListener] Sleeping for 30 seconds before retrying.
[2025-10-10 02:44:00Z INFO BrokerMessageListener] Attempt to create session.
[2025-10-10 02:44:00Z INFO BrokerMessageListener] Connecting to the Broker Server...
[2025-10-10 02:44:00Z INFO ConfigurationStore] HasCredentials()
[2025-10-10 02:44:00Z INFO ConfigurationStore] stored True
[2025-10-10 02:44:00Z INFO CredentialManager] GetCredentialProvider
[2025-10-10 02:44:00Z INFO CredentialManager] Creating type OAuth
[2025-10-10 02:44:00Z INFO CredentialManager] Creating credential type: OAuth
[2025-10-10 02:44:00Z INFO RSAEncryptedFileKeyManager] Loading RSA key parameters from file G:\Brunella\actions-runner\.credentials_rsaparams
[2025-10-10 02:44:00Z INFO BrokerMessageListener] VssConnection created
[2025-10-10 02:44:00Z INFO BrokerMessageListener] Connecting to the Runner server...
[2025-10-10 02:44:00Z INFO RunnerServer] EstablishVssConnection
[2025-10-10 02:44:00Z INFO RunnerServer] Establish connection with 100 seconds timeout.
[2025-10-10 02:44:00Z INFO GitHubActionsService] Starting operation Location.GetConnectionData
[2025-10-10 02:44:00Z INFO RunnerServer] EstablishVssConnection
[2025-10-10 02:44:00Z INFO RunnerServer] Establish connection with 60 seconds timeout.
[2025-10-10 02:44:00Z INFO GitHubActionsService] Starting operation Location.GetConnectionData
[2025-10-10 02:44:00Z INFO RunnerServer] EstablishVssConnection
[2025-10-10 02:44:00Z INFO RunnerServer] Establish connection with 60 seconds timeout.
[2025-10-10 02:44:00Z INFO GitHubActionsService] Starting operation Location.GetConnectionData
[2025-10-10 02:44:01Z ERR  GitHubActionsService] GET request to https://pipelinesghubeus6.actions.githubusercontent.com/hKyNd5hzQTjPqVOxuFp9CyJ2tMUr8ytJJ9FfsFju3bqhBGI0lq/_apis/connectionData?connectOptions=1&lastChangeId=258625537&lastChangeId64=258625537 failed. HTTP Status: NotFound
[2025-10-10 02:44:01Z ERR  GitHubActionsService] GET request to https://pipelinesghubeus6.actions.githubusercontent.com/hKyNd5hzQTjPqVOxuFp9CyJ2tMUr8ytJJ9FfsFju3bqhBGI0lq/_apis/connectionData?connectOptions=1&lastChangeId=258625537&lastChangeId64=258625537 failed. HTTP Status: NotFound
[2025-10-10 02:44:01Z INFO GitHubActionsService] Finished operation Location.GetConnectionData
[2025-10-10 02:44:01Z INFO RunnerServer] Catch exception during connect. 4 attempt left.
[2025-10-10 02:44:01Z INFO GitHubActionsService] Finished operation Location.GetConnectionData
[2025-10-10 02:44:01Z INFO RunnerServer] Catch exception during connect. 4 attempt left.
[2025-10-10 02:44:01Z ERR  RunnerServer] GitHub.Services.WebApi.VssServiceResponseException: The resource cannot be found.
   at GitHub.Services.WebApi.VssHttpClientBase.HandleResponseAsync(HttpResponseMessage response, CancellationToken cancellationToken)
   at GitHub.Services.WebApi.VssHttpClientBase.SendAsync(HttpRequestMessage message, HttpCompletionOption completionOption, Object userState, CancellationToken cancellationToken)
   at GitHub.Services.WebApi.VssHttpClientBase.SendAsync[T](HttpRequestMessage message, Object userState, CancellationToken cancellationToken)
   at GitHub.Services.Location.Client.LocationHttpClient.GetConnectionDataAsync(ConnectOptions connectOptions, Int64 lastChangeId, CancellationToken cancellationToken, Object userState)
   at GitHub.Services.WebApi.Location.VssServerDataProvider.GetConnectionDataAsync(ConnectOptions connectOptions, Int32 lastChangeId, CancellationToken cancellationToken)
   at GitHub.Services.WebApi.Location.VssServerDataProvider.ConnectAsync(ConnectOptions connectOptions, CancellationToken cancellationToken)
   at GitHub.Runner.Common.RunnerService.EstablishVssConnection(Uri serverUrl, VssCredentials credentials, TimeSpan timeout)
[2025-10-10 02:44:01Z ERR  RunnerServer] GitHub.Services.WebApi.VssServiceResponseException: The resource cannot be found.
   at GitHub.Services.WebApi.VssHttpClientBase.HandleResponseAsync(HttpResponseMessage response, CancellationToken cancellationToken)
   at GitHub.Services.WebApi.VssHttpClientBase.SendAsync(HttpRequestMessage message, HttpCompletionOption completionOption, Object userState, CancellationToken cancellationToken)
   at GitHub.Services.WebApi.VssHttpClientBase.SendAsync[T](HttpRequestMessage message, Object userState, CancellationToken cancellationToken)
   at GitHub.Services.Location.Client.LocationHttpClient.GetConnectionDataAsync(ConnectOptions connectOptions, Int64 lastChangeId, CancellationToken cancellationToken, Object userState)
   at GitHub.Services.WebApi.Location.VssServerDataProvider.GetConnectionDataAsync(ConnectOptions connectOptions, Int32 lastChangeId, CancellationToken cancellationToken)
   at GitHub.Services.WebApi.Location.VssServerDataProvider.ConnectAsync(ConnectOptions connectOptions, CancellationToken cancellationToken)
   at GitHub.Runner.Common.RunnerService.EstablishVssConnection(Uri serverUrl, VssCredentials credentials, TimeSpan timeout)
[2025-10-10 02:44:01Z ERR  GitHubActionsService] GET request to https://pipelinesghubeus6.actions.githubusercontent.com/hKyNd5hzQTjPqVOxuFp9CyJ2tMUr8ytJJ9FfsFju3bqhBGI0lq/_apis/connectionData?connectOptions=1&lastChangeId=258625537&lastChangeId64=258625537 failed. HTTP Status: NotFound
[2025-10-10 02:44:01Z INFO GitHubActionsService] Finished operation Location.GetConnectionData
[2025-10-10 02:44:01Z INFO RunnerServer] Catch exception during connect. 4 attempt left.
[2025-10-10 02:44:01Z ERR  RunnerServer] GitHub.Services.WebApi.VssServiceResponseException: The resource cannot be found.
   at GitHub.Services.WebApi.VssHttpClientBase.HandleResponseAsync(HttpResponseMessage response, CancellationToken cancellationToken)
   at GitHub.Services.WebApi.VssHttpClientBase.SendAsync(HttpRequestMessage message, HttpCompletionOption completionOption, Object userState, CancellationToken cancellationToken)
   at GitHub.Services.WebApi.VssHttpClientBase.SendAsync[T](HttpRequestMessage message, Object userState, CancellationToken cancellationToken)
   at GitHub.Services.Location.Client.LocationHttpClient.GetConnectionDataAsync(ConnectOptions connectOptions, Int64 lastChangeId, CancellationToken cancellationToken, Object userState)
   at GitHub.Services.WebApi.Location.VssServerDataProvider.GetConnectionDataAsync(ConnectOptions connectOptions, Int32 lastChangeId, CancellationToken cancellationToken)
   at GitHub.Services.WebApi.Location.VssServerDataProvider.ConnectAsync(ConnectOptions connectOptions, CancellationToken cancellationToken)
   at GitHub.Runner.Common.RunnerService.EstablishVssConnection(Uri serverUrl, VssCredentials credentials, TimeSpan timeout)
[2025-10-10 02:44:01Z INFO GitHubActionsService] Starting operation Location.GetConnectionData
[2025-10-10 02:44:01Z INFO GitHubActionsService] Starting operation Location.GetConnectionData
[2025-10-10 02:44:01Z INFO GitHubActionsService] Starting operation Location.GetConnectionData
[2025-10-10 02:44:02Z ERR  GitHubActionsService] GET request to https://pipelinesghubeus6.actions.githubusercontent.com/hKyNd5hzQTjPqVOxuFp9CyJ2tMUr8ytJJ9FfsFju3bqhBGI0lq/_apis/connectionData?connectOptions=1&lastChangeId=258625537&lastChangeId64=258625537 failed. HTTP Status: NotFound
[2025-10-10 02:44:02Z INFO GitHubActionsService] Finished operation Location.GetConnectionData
[2025-10-10 02:44:02Z INFO RunnerServer] Catch exception during connect. 3 attempt left.
[2025-10-10 02:44:02Z ERR  RunnerServer] GitHub.Services.WebApi.VssServiceResponseException: The resource cannot be found.
   at GitHub.Services.WebApi.VssHttpClientBase.HandleResponseAsync(HttpResponseMessage response, CancellationToken cancellationToken)
   at GitHub.Services.WebApi.VssHttpClientBase.SendAsync(HttpRequestMessage message, HttpCompletionOption completionOption, Object userState, CancellationToken cancellationToken)
   at GitHub.Services.WebApi.VssHttpClientBase.SendAsync[T](HttpRequestMessage message, Object userState, CancellationToken cancellationToken)
   at GitHub.Services.Location.Client.LocationHttpClient.GetConnectionDataAsync(ConnectOptions connectOptions, Int64 lastChangeId, CancellationToken cancellationToken, Object userState)
   at GitHub.Services.WebApi.Location.VssServerDataProvider.GetConnectionDataAsync(ConnectOptions connectOptions, Int32 lastChangeId, CancellationToken cancellationToken)
   at GitHub.Services.WebApi.Location.VssServerDataProvider.ConnectAsync(ConnectOptions connectOptions, CancellationToken cancellationToken)
   at GitHub.Runner.Common.RunnerService.EstablishVssConnection(Uri serverUrl, VssCredentials credentials, TimeSpan timeout)
[2025-10-10 02:44:02Z ERR  GitHubActionsService] GET request to https://pipelinesghubeus6.actions.githubusercontent.com/hKyNd5hzQTjPqVOxuFp9CyJ2tMUr8ytJJ9FfsFju3bqhBGI0lq/_apis/connectionData?connectOptions=1&lastChangeId=258625537&lastChangeId64=258625537 failed. HTTP Status: NotFound
[2025-10-10 02:44:02Z INFO GitHubActionsService] Finished operation Location.GetConnectionData
[2025-10-10 02:44:02Z INFO RunnerServer] Catch exception during connect. 3 attempt left.
[2025-10-10 02:44:02Z ERR  RunnerServer] GitHub.Services.WebApi.VssServiceResponseException: The resource cannot be found.
   at GitHub.Services.WebApi.VssHttpClientBase.HandleResponseAsync(HttpResponseMessage response, CancellationToken cancellationToken)
   at GitHub.Services.WebApi.VssHttpClientBase.SendAsync(HttpRequestMessage message, HttpCompletionOption completionOption, Object userState, CancellationToken cancellationToken)
   at GitHub.Services.WebApi.VssHttpClientBase.SendAsync[T](HttpRequestMessage message, Object userState, CancellationToken cancellationToken)
   at GitHub.Services.Location.Client.LocationHttpClient.GetConnectionDataAsync(ConnectOptions connectOptions, Int64 lastChangeId, CancellationToken cancellationToken, Object userState)
   at GitHub.Services.WebApi.Location.VssServerDataProvider.GetConnectionDataAsync(ConnectOptions connectOptions, Int32 lastChangeId, CancellationToken cancellationToken)
   at GitHub.Services.WebApi.Location.VssServerDataProvider.ConnectAsync(ConnectOptions connectOptions, CancellationToken cancellationToken)
   at GitHub.Runner.Common.RunnerService.EstablishVssConnection(Uri serverUrl, VssCredentials credentials, TimeSpan timeout)
[2025-10-10 02:44:02Z ERR  GitHubActionsService] GET request to https://pipelinesghubeus6.actions.githubusercontent.com/hKyNd5hzQTjPqVOxuFp9CyJ2tMUr8ytJJ9FfsFju3bqhBGI0lq/_apis/connectionData?connectOptions=1&lastChangeId=258625537&lastChangeId64=258625537 failed. HTTP Status: NotFound
[2025-10-10 02:44:02Z INFO GitHubActionsService] Finished operation Location.GetConnectionData
[2025-10-10 02:44:02Z INFO RunnerServer] Catch exception during connect. 3 attempt left.
[2025-10-10 02:44:02Z ERR  RunnerServer] GitHub.Services.WebApi.VssServiceResponseException: The resource cannot be found.
   at GitHub.Services.WebApi.VssHttpClientBase.HandleResponseAsync(HttpResponseMessage response, CancellationToken cancellationToken)
   at GitHub.Services.WebApi.VssHttpClientBase.SendAsync(HttpRequestMessage message, HttpCompletionOption completionOption, Object userState, CancellationToken cancellationToken)
   at GitHub.Services.WebApi.VssHttpClientBase.SendAsync[T](HttpRequestMessage message, Object userState, CancellationToken cancellationToken)
   at GitHub.Services.Location.Client.LocationHttpClient.GetConnectionDataAsync(ConnectOptions connectOptions, Int64 lastChangeId, CancellationToken cancellationToken, Object userState)
   at GitHub.Services.WebApi.Location.VssServerDataProvider.GetConnectionDataAsync(ConnectOptions connectOptions, Int32 lastChangeId, CancellationToken cancellationToken)
   at GitHub.Services.WebApi.Location.VssServerDataProvider.ConnectAsync(ConnectOptions connectOptions, CancellationToken cancellationToken)
   at GitHub.Runner.Common.RunnerService.EstablishVssConnection(Uri serverUrl, VssCredentials credentials, TimeSpan timeout)
[2025-10-10 02:44:02Z INFO GitHubActionsService] Starting operation Location.GetConnectionData
[2025-10-10 02:44:02Z INFO GitHubActionsService] Starting operation Location.GetConnectionData
[2025-10-10 02:44:02Z INFO GitHubActionsService] Starting operation Location.GetConnectionData
[2025-10-10 02:44:03Z ERR  GitHubActionsService] GET request to https://pipelinesghubeus6.actions.githubusercontent.com/hKyNd5hzQTjPqVOxuFp9CyJ2tMUr8ytJJ9FfsFju3bqhBGI0lq/_apis/connectionData?connectOptions=1&lastChangeId=258625537&lastChangeId64=258625537 failed. HTTP Status: NotFound
[2025-10-10 02:44:03Z INFO GitHubActionsService] Finished operation Location.GetConnectionData
[2025-10-10 02:44:03Z INFO RunnerServer] Catch exception during connect. 2 attempt left.
[2025-10-10 02:44:03Z ERR  RunnerServer] GitHub.Services.WebApi.VssServiceResponseException: The resource cannot be found.
   at GitHub.Services.WebApi.VssHttpClientBase.HandleResponseAsync(HttpResponseMessage response, CancellationToken cancellationToken)
   at GitHub.Services.WebApi.VssHttpClientBase.SendAsync(HttpRequestMessage message, HttpCompletionOption completionOption, Object userState, CancellationToken cancellationToken)
   at GitHub.Services.WebApi.VssHttpClientBase.SendAsync[T](HttpRequestMessage message, Object userState, CancellationToken cancellationToken)
   at GitHub.Services.Location.Client.LocationHttpClient.GetConnectionDataAsync(ConnectOptions connectOptions, Int64 lastChangeId, CancellationToken cancellationToken, Object userState)
   at GitHub.Services.WebApi.Location.VssServerDataProvider.GetConnectionDataAsync(ConnectOptions connectOptions, Int32 lastChangeId, CancellationToken cancellationToken)
   at GitHub.Services.WebApi.Location.VssServerDataProvider.ConnectAsync(ConnectOptions connectOptions, CancellationToken cancellationToken)
   at GitHub.Runner.Common.RunnerService.EstablishVssConnection(Uri serverUrl, VssCredentials credentials, TimeSpan timeout)
[2025-10-10 02:44:03Z ERR  GitHubActionsService] GET request to https://pipelinesghubeus6.actions.githubusercontent.com/hKyNd5hzQTjPqVOxuFp9CyJ2tMUr8ytJJ9FfsFju3bqhBGI0lq/_apis/connectionData?connectOptions=1&lastChangeId=258625537&lastChangeId64=258625537 failed. HTTP Status: NotFound
[2025-10-10 02:44:03Z INFO GitHubActionsService] Finished operation Location.GetConnectionData
[2025-10-10 02:44:03Z INFO RunnerServer] Catch exception during connect. 2 attempt left.
[2025-10-10 02:44:03Z ERR  RunnerServer] GitHub.Services.WebApi.VssServiceResponseException: The resource cannot be found.
   at GitHub.Services.WebApi.VssHttpClientBase.HandleResponseAsync(HttpResponseMessage response, CancellationToken cancellationToken)
   at GitHub.Services.WebApi.VssHttpClientBase.SendAsync(HttpRequestMessage message, HttpCompletionOption completionOption, Object userState, CancellationToken cancellationToken)
   at GitHub.Services.WebApi.VssHttpClientBase.SendAsync[T](HttpRequestMessage message, Object userState, CancellationToken cancellationToken)
   at GitHub.Services.Location.Client.LocationHttpClient.GetConnectionDataAsync(ConnectOptions connectOptions, Int64 lastChangeId, CancellationToken cancellationToken, Object userState)
   at GitHub.Services.WebApi.Location.VssServerDataProvider.GetConnectionDataAsync(ConnectOptions connectOptions, Int32 lastChangeId, CancellationToken cancellationToken)
   at GitHub.Services.WebApi.Location.VssServerDataProvider.ConnectAsync(ConnectOptions connectOptions, CancellationToken cancellationToken)
   at GitHub.Runner.Common.RunnerService.EstablishVssConnection(Uri serverUrl, VssCredentials credentials, TimeSpan timeout)
[2025-10-10 02:44:03Z INFO GitHubActionsService] Starting operation Location.GetConnectionData
[2025-10-10 02:44:03Z INFO GitHubActionsService] Starting operation Location.GetConnectionData
[2025-10-10 02:44:03Z ERR  GitHubActionsService] GET request to https://pipelinesghubeus6.actions.githubusercontent.com/hKyNd5hzQTjPqVOxuFp9CyJ2tMUr8ytJJ9FfsFju3bqhBGI0lq/_apis/connectionData?connectOptions=1&lastChangeId=258625537&lastChangeId64=258625537 failed. HTTP Status: NotFound
[2025-10-10 02:44:03Z INFO GitHubActionsService] Finished operation Location.GetConnectionData
[2025-10-10 02:44:03Z INFO RunnerServer] Catch exception during connect. 2 attempt left.
[2025-10-10 02:44:03Z ERR  RunnerServer] GitHub.Services.WebApi.VssServiceResponseException: The resource cannot be found.
   at GitHub.Services.WebApi.VssHttpClientBase.HandleResponseAsync(HttpResponseMessage response, CancellationToken cancellationToken)
   at GitHub.Services.WebApi.VssHttpClientBase.SendAsync(HttpRequestMessage message, HttpCompletionOption completionOption, Object userState, CancellationToken cancellationToken)
   at GitHub.Services.WebApi.VssHttpClientBase.SendAsync[T](HttpRequestMessage message, Object userState, CancellationToken cancellationToken)
   at GitHub.Services.Location.Client.LocationHttpClient.GetConnectionDataAsync(ConnectOptions connectOptions, Int64 lastChangeId, CancellationToken cancellationToken, Object userState)
   at GitHub.Services.WebApi.Location.VssServerDataProvider.GetConnectionDataAsync(ConnectOptions connectOptions, Int32 lastChangeId, CancellationToken cancellationToken)
   at GitHub.Services.WebApi.Location.VssServerDataProvider.ConnectAsync(ConnectOptions connectOptions, CancellationToken cancellationToken)
   at GitHub.Runner.Common.RunnerService.EstablishVssConnection(Uri serverUrl, VssCredentials credentials, TimeSpan timeout)
[2025-10-10 02:44:03Z INFO GitHubActionsService] Starting operation Location.GetConnectionData
[2025-10-10 02:44:03Z ERR  GitHubActionsService] GET request to https://pipelinesghubeus6.actions.githubusercontent.com/hKyNd5hzQTjPqVOxuFp9CyJ2tMUr8ytJJ9FfsFju3bqhBGI0lq/_apis/connectionData?connectOptions=1&lastChangeId=258625537&lastChangeId64=258625537 failed. HTTP Status: NotFound
[2025-10-10 02:44:03Z INFO GitHubActionsService] Finished operation Location.GetConnectionData
[2025-10-10 02:44:03Z INFO RunnerServer] Catch exception during connect. 1 attempt left.
[2025-10-10 02:44:03Z ERR  RunnerServer] GitHub.Services.WebApi.VssServiceResponseException: The resource cannot be found.
   at GitHub.Services.WebApi.VssHttpClientBase.HandleResponseAsync(HttpResponseMessage response, CancellationToken cancellationToken)
   at GitHub.Services.WebApi.VssHttpClientBase.SendAsync(HttpRequestMessage message, HttpCompletionOption completionOption, Object userState, CancellationToken cancellationToken)
   at GitHub.Services.WebApi.VssHttpClientBase.SendAsync[T](HttpRequestMessage message, Object userState, CancellationToken cancellationToken)
   at GitHub.Services.Location.Client.LocationHttpClient.GetConnectionDataAsync(ConnectOptions connectOptions, Int64 lastChangeId, CancellationToken cancellationToken, Object userState)
   at GitHub.Services.WebApi.Location.VssServerDataProvider.GetConnectionDataAsync(ConnectOptions connectOptions, Int32 lastChangeId, CancellationToken cancellationToken)
   at GitHub.Services.WebApi.Location.VssServerDataProvider.ConnectAsync(ConnectOptions connectOptions, CancellationToken cancellationToken)
   at GitHub.Runner.Common.RunnerService.EstablishVssConnection(Uri serverUrl, VssCredentials credentials, TimeSpan timeout)
[2025-10-10 02:44:03Z ERR  GitHubActionsService] GET request to https://pipelinesghubeus6.actions.githubusercontent.com/hKyNd5hzQTjPqVOxuFp9CyJ2tMUr8ytJJ9FfsFju3bqhBGI0lq/_apis/connectionData?connectOptions=1&lastChangeId=258625537&lastChangeId64=258625537 failed. HTTP Status: NotFound
[2025-10-10 02:44:03Z INFO GitHubActionsService] Finished operation Location.GetConnectionData
[2025-10-10 02:44:03Z INFO RunnerServer] Catch exception during connect. 1 attempt left.
[2025-10-10 02:44:03Z ERR  RunnerServer] GitHub.Services.WebApi.VssServiceResponseException: The resource cannot be found.
   at GitHub.Services.WebApi.VssHttpClientBase.HandleResponseAsync(HttpResponseMessage response, CancellationToken cancellationToken)
   at GitHub.Services.WebApi.VssHttpClientBase.SendAsync(HttpRequestMessage message, HttpCompletionOption completionOption, Object userState, CancellationToken cancellationToken)
   at GitHub.Services.WebApi.VssHttpClientBase.SendAsync[T](HttpRequestMessage message, Object userState, CancellationToken cancellationToken)
   at GitHub.Services.Location.Client.LocationHttpClient.GetConnectionDataAsync(ConnectOptions connectOptions, Int64 lastChangeId, CancellationToken cancellationToken, Object userState)
   at GitHub.Services.WebApi.Location.VssServerDataProvider.GetConnectionDataAsync(ConnectOptions connectOptions, Int32 lastChangeId, CancellationToken cancellationToken)
   at GitHub.Services.WebApi.Location.VssServerDataProvider.ConnectAsync(ConnectOptions connectOptions, CancellationToken cancellationToken)
   at GitHub.Runner.Common.RunnerService.EstablishVssConnection(Uri serverUrl, VssCredentials credentials, TimeSpan timeout)
[2025-10-10 02:44:03Z INFO GitHubActionsService] Starting operation Location.GetConnectionData
[2025-10-10 02:44:03Z INFO GitHubActionsService] Starting operation Location.GetConnectionData
[2025-10-10 02:44:03Z ERR  GitHubActionsService] GET request to https://pipelinesghubeus6.actions.githubusercontent.com/hKyNd5hzQTjPqVOxuFp9CyJ2tMUr8ytJJ9FfsFju3bqhBGI0lq/_apis/connectionData?connectOptions=1&lastChangeId=258625537&lastChangeId64=258625537 failed. HTTP Status: NotFound
[2025-10-10 02:44:03Z INFO GitHubActionsService] Finished operation Location.GetConnectionData
[2025-10-10 02:44:03Z INFO RunnerServer] Catch exception during connect. 1 attempt left.
[2025-10-10 02:44:03Z ERR  RunnerServer] GitHub.Services.WebApi.VssServiceResponseException: The resource cannot be found.
   at GitHub.Services.WebApi.VssHttpClientBase.HandleResponseAsync(HttpResponseMessage response, CancellationToken cancellationToken)
   at GitHub.Services.WebApi.VssHttpClientBase.SendAsync(HttpRequestMessage message, HttpCompletionOption completionOption, Object userState, CancellationToken cancellationToken)
   at GitHub.Services.WebApi.VssHttpClientBase.SendAsync[T](HttpRequestMessage message, Object userState, CancellationToken cancellationToken)
   at GitHub.Services.Location.Client.LocationHttpClient.GetConnectionDataAsync(ConnectOptions connectOptions, Int64 lastChangeId, CancellationToken cancellationToken, Object userState)
   at GitHub.Services.WebApi.Location.VssServerDataProvider.GetConnectionDataAsync(ConnectOptions connectOptions, Int32 lastChangeId, CancellationToken cancellationToken)
   at GitHub.Services.WebApi.Location.VssServerDataProvider.ConnectAsync(ConnectOptions connectOptions, CancellationToken cancellationToken)
   at GitHub.Runner.Common.RunnerService.EstablishVssConnection(Uri serverUrl, VssCredentials credentials, TimeSpan timeout)
[2025-10-10 02:44:04Z INFO GitHubActionsService] Starting operation Location.GetConnectionData
[2025-10-10 02:44:04Z ERR  GitHubActionsService] GET request to https://pipelinesghubeus6.actions.githubusercontent.com/hKyNd5hzQTjPqVOxuFp9CyJ2tMUr8ytJJ9FfsFju3bqhBGI0lq/_apis/connectionData?connectOptions=1&lastChangeId=258625537&lastChangeId64=258625537 failed. HTTP Status: NotFound
[2025-10-10 02:44:04Z INFO GitHubActionsService] Finished operation Location.GetConnectionData
[2025-10-10 02:44:04Z ERR  GitHubActionsService] GET request to https://pipelinesghubeus6.actions.githubusercontent.com/hKyNd5hzQTjPqVOxuFp9CyJ2tMUr8ytJJ9FfsFju3bqhBGI0lq/_apis/connectionData?connectOptions=1&lastChangeId=258625537&lastChangeId64=258625537 failed. HTTP Status: NotFound
[2025-10-10 02:44:04Z INFO GitHubActionsService] Finished operation Location.GetConnectionData
[2025-10-10 02:44:04Z ERR  GitHubActionsService] GET request to https://pipelinesghubeus6.actions.githubusercontent.com/hKyNd5hzQTjPqVOxuFp9CyJ2tMUr8ytJJ9FfsFju3bqhBGI0lq/_apis/connectionData?connectOptions=1&lastChangeId=258625537&lastChangeId64=258625537 failed. HTTP Status: NotFound
[2025-10-10 02:44:04Z INFO GitHubActionsService] Finished operation Location.GetConnectionData
[2025-10-10 02:44:04Z ERR  BrokerMessageListener] Catch exception during create session.
[2025-10-10 02:44:04Z ERR  BrokerMessageListener] GitHub.Services.WebApi.VssServiceResponseException: The resource cannot be found.
   at GitHub.Services.WebApi.VssHttpClientBase.HandleResponseAsync(HttpResponseMessage response, CancellationToken cancellationToken)
   at GitHub.Services.WebApi.VssHttpClientBase.SendAsync(HttpRequestMessage message, HttpCompletionOption completionOption, Object userState, CancellationToken cancellationToken)
   at GitHub.Services.WebApi.VssHttpClientBase.SendAsync[T](HttpRequestMessage message, Object userState, CancellationToken cancellationToken)
   at GitHub.Services.Location.Client.LocationHttpClient.GetConnectionDataAsync(ConnectOptions connectOptions, Int64 lastChangeId, CancellationToken cancellationToken, Object userState)
   at GitHub.Services.WebApi.Location.VssServerDataProvider.GetConnectionDataAsync(ConnectOptions connectOptions, Int32 lastChangeId, CancellationToken cancellationToken)
   at GitHub.Services.WebApi.Location.VssServerDataProvider.ConnectAsync(ConnectOptions connectOptions, CancellationToken cancellationToken)
   at GitHub.Runner.Common.RunnerService.EstablishVssConnection(Uri serverUrl, VssCredentials credentials, TimeSpan timeout)
   at GitHub.Runner.Common.RunnerServer.ConnectAsync(Uri serverUrl, VssCredentials credentials)
   at GitHub.Runner.Listener.BrokerMessageListener.CreateSessionAsync(CancellationToken token)
[2025-10-10 02:44:04Z INFO BrokerMessageListener] Retriable exception: The resource cannot be found.
[2025-10-10 02:44:04Z INFO BrokerMessageListener] Sleeping for 30 seconds before retrying.
[2025-10-10 02:44:34Z INFO BrokerMessageListener] Attempt to create session.
[2025-10-10 02:44:34Z INFO BrokerMessageListener] Connecting to the Broker Server...
[2025-10-10 02:44:34Z INFO ConfigurationStore] HasCredentials()
[2025-10-10 02:44:34Z INFO ConfigurationStore] stored True
[2025-10-10 02:44:34Z INFO CredentialManager] GetCredentialProvider
[2025-10-10 02:44:34Z INFO CredentialManager] Creating type OAuth
[2025-10-10 02:44:34Z INFO CredentialManager] Creating credential type: OAuth
[2025-10-10 02:44:34Z INFO RSAEncryptedFileKeyManager] Loading RSA key parameters from file G:\Brunella\actions-runner\.credentials_rsaparams
[2025-10-10 02:44:34Z INFO BrokerMessageListener] VssConnection created
[2025-10-10 02:44:34Z INFO BrokerMessageListener] Connecting to the Runner server...
[2025-10-10 02:44:34Z INFO RunnerServer] EstablishVssConnection
[2025-10-10 02:44:34Z INFO RunnerServer] Establish connection with 100 seconds timeout.
[2025-10-10 02:44:34Z INFO GitHubActionsService] Starting operation Location.GetConnectionData
[2025-10-10 02:44:34Z INFO RunnerServer] EstablishVssConnection
[2025-10-10 02:44:34Z INFO RunnerServer] Establish connection with 60 seconds timeout.
[2025-10-10 02:44:34Z INFO GitHubActionsService] Starting operation Location.GetConnectionData
[2025-10-10 02:44:34Z INFO RunnerServer] EstablishVssConnection
[2025-10-10 02:44:34Z INFO RunnerServer] Establish connection with 60 seconds timeout.
[2025-10-10 02:44:34Z INFO GitHubActionsService] Starting operation Location.GetConnectionData
[2025-10-10 02:44:35Z ERR  GitHubActionsService] GET request to https://pipelinesghubeus6.actions.githubusercontent.com/hKyNd5hzQTjPqVOxuFp9CyJ2tMUr8ytJJ9FfsFju3bqhBGI0lq/_apis/connectionData?connectOptions=1&lastChangeId=258625537&lastChangeId64=258625537 failed. HTTP Status: NotFound
[2025-10-10 02:44:35Z INFO GitHubActionsService] Finished operation Location.GetConnectionData
[2025-10-10 02:44:35Z INFO RunnerServer] Catch exception during connect. 4 attempt left.
[2025-10-10 02:44:35Z ERR  RunnerServer] GitHub.Services.WebApi.VssServiceResponseException: The resource cannot be found.
   at GitHub.Services.WebApi.VssHttpClientBase.HandleResponseAsync(HttpResponseMessage response, CancellationToken cancellationToken)
   at GitHub.Services.WebApi.VssHttpClientBase.SendAsync(HttpRequestMessage message, HttpCompletionOption completionOption, Object userState, CancellationToken cancellationToken)
   at GitHub.Services.WebApi.VssHttpClientBase.SendAsync[T](HttpRequestMessage message, Object userState, CancellationToken cancellationToken)
   at GitHub.Services.Location.Client.LocationHttpClient.GetConnectionDataAsync(ConnectOptions connectOptions, Int64 lastChangeId, CancellationToken cancellationToken, Object userState)
   at GitHub.Services.WebApi.Location.VssServerDataProvider.GetConnectionDataAsync(ConnectOptions connectOptions, Int32 lastChangeId, CancellationToken cancellationToken)
   at GitHub.Services.WebApi.Location.VssServerDataProvider.ConnectAsync(ConnectOptions connectOptions, CancellationToken cancellationToken)
   at GitHub.Runner.Common.RunnerService.EstablishVssConnection(Uri serverUrl, VssCredentials credentials, TimeSpan timeout)
[2025-10-10 02:44:35Z ERR  GitHubActionsService] GET request to https://pipelinesghubeus6.actions.githubusercontent.com/hKyNd5hzQTjPqVOxuFp9CyJ2tMUr8ytJJ9FfsFju3bqhBGI0lq/_apis/connectionData?connectOptions=1&lastChangeId=258625537&lastChangeId64=258625537 failed. HTTP Status: NotFound
[2025-10-10 02:44:35Z INFO GitHubActionsService] Finished operation Location.GetConnectionData
[2025-10-10 02:44:35Z INFO RunnerServer] Catch exception during connect. 4 attempt left.
[2025-10-10 02:44:35Z ERR  RunnerServer] GitHub.Services.WebApi.VssServiceResponseException: The resource cannot be found.
   at GitHub.Services.WebApi.VssHttpClientBase.HandleResponseAsync(HttpResponseMessage response, CancellationToken cancellationToken)
   at GitHub.Services.WebApi.VssHttpClientBase.SendAsync(HttpRequestMessage message, HttpCompletionOption completionOption, Object userState, CancellationToken cancellationToken)
   at GitHub.Services.WebApi.VssHttpClientBase.SendAsync[T](HttpRequestMessage message, Object userState, CancellationToken cancellationToken)
   at GitHub.Services.Location.Client.LocationHttpClient.GetConnectionDataAsync(ConnectOptions connectOptions, Int64 lastChangeId, CancellationToken cancellationToken, Object userState)
   at GitHub.Services.WebApi.Location.VssServerDataProvider.GetConnectionDataAsync(ConnectOptions connectOptions, Int32 lastChangeId, CancellationToken cancellationToken)
   at GitHub.Services.WebApi.Location.VssServerDataProvider.ConnectAsync(ConnectOptions connectOptions, CancellationToken cancellationToken)
   at GitHub.Runner.Common.RunnerService.EstablishVssConnection(Uri serverUrl, VssCredentials credentials, TimeSpan timeout)
[2025-10-10 02:44:35Z ERR  GitHubActionsService] GET request to https://pipelinesghubeus6.actions.githubusercontent.com/hKyNd5hzQTjPqVOxuFp9CyJ2tMUr8ytJJ9FfsFju3bqhBGI0lq/_apis/connectionData?connectOptions=1&lastChangeId=258625537&lastChangeId64=258625537 failed. HTTP Status: NotFound
[2025-10-10 02:44:35Z INFO GitHubActionsService] Finished operation Location.GetConnectionData
[2025-10-10 02:44:35Z INFO RunnerServer] Catch exception during connect. 4 attempt left.
[2025-10-10 02:44:35Z ERR  RunnerServer] GitHub.Services.WebApi.VssServiceResponseException: The resource cannot be found.
   at GitHub.Services.WebApi.VssHttpClientBase.HandleResponseAsync(HttpResponseMessage response, CancellationToken cancellationToken)
   at GitHub.Services.WebApi.VssHttpClientBase.SendAsync(HttpRequestMessage message, HttpCompletionOption completionOption, Object userState, CancellationToken cancellationToken)
   at GitHub.Services.WebApi.VssHttpClientBase.SendAsync[T](HttpRequestMessage message, Object userState, CancellationToken cancellationToken)
   at GitHub.Services.Location.Client.LocationHttpClient.GetConnectionDataAsync(ConnectOptions connectOptions, Int64 lastChangeId, CancellationToken cancellationToken, Object userState)
   at GitHub.Services.WebApi.Location.VssServerDataProvider.GetConnectionDataAsync(ConnectOptions connectOptions, Int32 lastChangeId, CancellationToken cancellationToken)
   at GitHub.Services.WebApi.Location.VssServerDataProvider.ConnectAsync(ConnectOptions connectOptions, CancellationToken cancellationToken)
   at GitHub.Runner.Common.RunnerService.EstablishVssConnection(Uri serverUrl, VssCredentials credentials, TimeSpan timeout)
[2025-10-10 02:44:35Z INFO GitHubActionsService] Starting operation Location.GetConnectionData
[2025-10-10 02:44:35Z INFO GitHubActionsService] Starting operation Location.GetConnectionData
[2025-10-10 02:44:35Z INFO GitHubActionsService] Starting operation Location.GetConnectionData
[2025-10-10 02:44:36Z ERR  GitHubActionsService] GET request to https://pipelinesghubeus6.actions.githubusercontent.com/hKyNd5hzQTjPqVOxuFp9CyJ2tMUr8ytJJ9FfsFju3bqhBGI0lq/_apis/connectionData?connectOptions=1&lastChangeId=258625537&lastChangeId64=258625537 failed. HTTP Status: NotFound
[2025-10-10 02:44:36Z INFO GitHubActionsService] Finished operation Location.GetConnectionData
[2025-10-10 02:44:36Z INFO RunnerServer] Catch exception during connect. 3 attempt left.
[2025-10-10 02:44:36Z ERR  RunnerServer] GitHub.Services.WebApi.VssServiceResponseException: The resource cannot be found.
   at GitHub.Services.WebApi.VssHttpClientBase.HandleResponseAsync(HttpResponseMessage response, CancellationToken cancellationToken)
   at GitHub.Services.WebApi.VssHttpClientBase.SendAsync(HttpRequestMessage message, HttpCompletionOption completionOption, Object userState, CancellationToken cancellationToken)
   at GitHub.Services.WebApi.VssHttpClientBase.SendAsync[T](HttpRequestMessage message, Object userState, CancellationToken cancellationToken)
   at GitHub.Services.Location.Client.LocationHttpClient.GetConnectionDataAsync(ConnectOptions connectOptions, Int64 lastChangeId, CancellationToken cancellationToken, Object userState)
   at GitHub.Services.WebApi.Location.VssServerDataProvider.GetConnectionDataAsync(ConnectOptions connectOptions, Int32 lastChangeId, CancellationToken cancellationToken)
   at GitHub.Services.WebApi.Location.VssServerDataProvider.ConnectAsync(ConnectOptions connectOptions, CancellationToken cancellationToken)
   at GitHub.Runner.Common.RunnerService.EstablishVssConnection(Uri serverUrl, VssCredentials credentials, TimeSpan timeout)
[2025-10-10 02:44:36Z ERR  GitHubActionsService] GET request to https://pipelinesghubeus6.actions.githubusercontent.com/hKyNd5hzQTjPqVOxuFp9CyJ2tMUr8ytJJ9FfsFju3bqhBGI0lq/_apis/connectionData?connectOptions=1&lastChangeId=258625537&lastChangeId64=258625537 failed. HTTP Status: NotFound
[2025-10-10 02:44:36Z ERR  GitHubActionsService] GET request to https://pipelinesghubeus6.actions.githubusercontent.com/hKyNd5hzQTjPqVOxuFp9CyJ2tMUr8ytJJ9FfsFju3bqhBGI0lq/_apis/connectionData?connectOptions=1&lastChangeId=258625537&lastChangeId64=258625537 failed. HTTP Status: NotFound
[2025-10-10 02:44:36Z INFO GitHubActionsService] Finished operation Location.GetConnectionData
[2025-10-10 02:44:36Z INFO RunnerServer] Catch exception during connect. 3 attempt left.
[2025-10-10 02:44:36Z INFO GitHubActionsService] Finished operation Location.GetConnectionData
[2025-10-10 02:44:36Z INFO RunnerServer] Catch exception during connect. 3 attempt left.
[2025-10-10 02:44:36Z ERR  RunnerServer] GitHub.Services.WebApi.VssServiceResponseException: The resource cannot be found.
   at GitHub.Services.WebApi.VssHttpClientBase.HandleResponseAsync(HttpResponseMessage response, CancellationToken cancellationToken)
   at GitHub.Services.WebApi.VssHttpClientBase.SendAsync(HttpRequestMessage message, HttpCompletionOption completionOption, Object userState, CancellationToken cancellationToken)
   at GitHub.Services.WebApi.VssHttpClientBase.SendAsync[T](HttpRequestMessage message, Object userState, CancellationToken cancellationToken)
   at GitHub.Services.Location.Client.LocationHttpClient.GetConnectionDataAsync(ConnectOptions connectOptions, Int64 lastChangeId, CancellationToken cancellationToken, Object userState)
   at GitHub.Services.WebApi.Location.VssServerDataProvider.GetConnectionDataAsync(ConnectOptions connectOptions, Int32 lastChangeId, CancellationToken cancellationToken)
   at GitHub.Services.WebApi.Location.VssServerDataProvider.ConnectAsync(ConnectOptions connectOptions, CancellationToken cancellationToken)
   at GitHub.Runner.Common.RunnerService.EstablishVssConnection(Uri serverUrl, VssCredentials credentials, TimeSpan timeout)
[2025-10-10 02:44:36Z ERR  RunnerServer] GitHub.Services.WebApi.VssServiceResponseException: The resource cannot be found.
   at GitHub.Services.WebApi.VssHttpClientBase.HandleResponseAsync(HttpResponseMessage response, CancellationToken cancellationToken)
   at GitHub.Services.WebApi.VssHttpClientBase.SendAsync(HttpRequestMessage message, HttpCompletionOption completionOption, Object userState, CancellationToken cancellationToken)
   at GitHub.Services.WebApi.VssHttpClientBase.SendAsync[T](HttpRequestMessage message, Object userState, CancellationToken cancellationToken)
   at GitHub.Services.Location.Client.LocationHttpClient.GetConnectionDataAsync(ConnectOptions connectOptions, Int64 lastChangeId, CancellationToken cancellationToken, Object userState)
   at GitHub.Services.WebApi.Location.VssServerDataProvider.GetConnectionDataAsync(ConnectOptions connectOptions, Int32 lastChangeId, CancellationToken cancellationToken)
   at GitHub.Services.WebApi.Location.VssServerDataProvider.ConnectAsync(ConnectOptions connectOptions, CancellationToken cancellationToken)
   at GitHub.Runner.Common.RunnerService.EstablishVssConnection(Uri serverUrl, VssCredentials credentials, TimeSpan timeout)
[2025-10-10 02:44:36Z INFO GitHubActionsService] Starting operation Location.GetConnectionData
[2025-10-10 02:44:36Z INFO GitHubActionsService] Starting operation Location.GetConnectionData
[2025-10-10 02:44:36Z INFO GitHubActionsService] Starting operation Location.GetConnectionData
[2025-10-10 02:44:36Z ERR  GitHubActionsService] GET request to https://pipelinesghubeus6.actions.githubusercontent.com/hKyNd5hzQTjPqVOxuFp9CyJ2tMUr8ytJJ9FfsFju3bqhBGI0lq/_apis/connectionData?connectOptions=1&lastChangeId=258625537&lastChangeId64=258625537 failed. HTTP Status: NotFound
[2025-10-10 02:44:36Z INFO GitHubActionsService] Finished operation Location.GetConnectionData
[2025-10-10 02:44:36Z INFO RunnerServer] Catch exception during connect. 2 attempt left.
[2025-10-10 02:44:36Z ERR  RunnerServer] GitHub.Services.WebApi.VssServiceResponseException: The resource cannot be found.
   at GitHub.Services.WebApi.VssHttpClientBase.HandleResponseAsync(HttpResponseMessage response, CancellationToken cancellationToken)
   at GitHub.Services.WebApi.VssHttpClientBase.SendAsync(HttpRequestMessage message, HttpCompletionOption completionOption, Object userState, CancellationToken cancellationToken)
   at GitHub.Services.WebApi.VssHttpClientBase.SendAsync[T](HttpRequestMessage message, Object userState, CancellationToken cancellationToken)
   at GitHub.Services.Location.Client.LocationHttpClient.GetConnectionDataAsync(ConnectOptions connectOptions, Int64 lastChangeId, CancellationToken cancellationToken, Object userState)
   at GitHub.Services.WebApi.Location.VssServerDataProvider.GetConnectionDataAsync(ConnectOptions connectOptions, Int32 lastChangeId, CancellationToken cancellationToken)
   at GitHub.Services.WebApi.Location.VssServerDataProvider.ConnectAsync(ConnectOptions connectOptions, CancellationToken cancellationToken)
   at GitHub.Runner.Common.RunnerService.EstablishVssConnection(Uri serverUrl, VssCredentials credentials, TimeSpan timeout)
[2025-10-10 02:44:36Z INFO GitHubActionsService] Starting operation Location.GetConnectionData
[2025-10-10 02:44:36Z ERR  GitHubActionsService] GET request to https://pipelinesghubeus6.actions.githubusercontent.com/hKyNd5hzQTjPqVOxuFp9CyJ2tMUr8ytJJ9FfsFju3bqhBGI0lq/_apis/connectionData?connectOptions=1&lastChangeId=258625537&lastChangeId64=258625537 failed. HTTP Status: NotFound
[2025-10-10 02:44:36Z INFO GitHubActionsService] Finished operation Location.GetConnectionData
[2025-10-10 02:44:36Z INFO RunnerServer] Catch exception during connect. 2 attempt left.
[2025-10-10 02:44:36Z ERR  RunnerServer] GitHub.Services.WebApi.VssServiceResponseException: The resource cannot be found.
   at GitHub.Services.WebApi.VssHttpClientBase.HandleResponseAsync(HttpResponseMessage response, CancellationToken cancellationToken)
   at GitHub.Services.WebApi.VssHttpClientBase.SendAsync(HttpRequestMessage message, HttpCompletionOption completionOption, Object userState, CancellationToken cancellationToken)
   at GitHub.Services.WebApi.VssHttpClientBase.SendAsync[T](HttpRequestMessage message, Object userState, CancellationToken cancellationToken)
   at GitHub.Services.Location.Client.LocationHttpClient.GetConnectionDataAsync(ConnectOptions connectOptions, Int64 lastChangeId, CancellationToken cancellationToken, Object userState)
   at GitHub.Services.WebApi.Location.VssServerDataProvider.GetConnectionDataAsync(ConnectOptions connectOptions, Int32 lastChangeId, CancellationToken cancellationToken)
   at GitHub.Services.WebApi.Location.VssServerDataProvider.ConnectAsync(ConnectOptions connectOptions, CancellationToken cancellationToken)
   at GitHub.Runner.Common.RunnerService.EstablishVssConnection(Uri serverUrl, VssCredentials credentials, TimeSpan timeout)
[2025-10-10 02:44:36Z ERR  GitHubActionsService] GET request to https://pipelinesghubeus6.actions.githubusercontent.com/hKyNd5hzQTjPqVOxuFp9CyJ2tMUr8ytJJ9FfsFju3bqhBGI0lq/_apis/connectionData?connectOptions=1&lastChangeId=258625537&lastChangeId64=258625537 failed. HTTP Status: NotFound
[2025-10-10 02:44:36Z INFO GitHubActionsService] Finished operation Location.GetConnectionData
[2025-10-10 02:44:36Z INFO RunnerServer] Catch exception during connect. 2 attempt left.
[2025-10-10 02:44:36Z ERR  RunnerServer] GitHub.Services.WebApi.VssServiceResponseException: The resource cannot be found.
   at GitHub.Services.WebApi.VssHttpClientBase.HandleResponseAsync(HttpResponseMessage response, CancellationToken cancellationToken)
   at GitHub.Services.WebApi.VssHttpClientBase.SendAsync(HttpRequestMessage message, HttpCompletionOption completionOption, Object userState, CancellationToken cancellationToken)
   at GitHub.Services.WebApi.VssHttpClientBase.SendAsync[T](HttpRequestMessage message, Object userState, CancellationToken cancellationToken)
   at GitHub.Services.Location.Client.LocationHttpClient.GetConnectionDataAsync(ConnectOptions connectOptions, Int64 lastChangeId, CancellationToken cancellationToken, Object userState)
   at GitHub.Services.WebApi.Location.VssServerDataProvider.GetConnectionDataAsync(ConnectOptions connectOptions, Int32 lastChangeId, CancellationToken cancellationToken)
   at GitHub.Services.WebApi.Location.VssServerDataProvider.ConnectAsync(ConnectOptions connectOptions, CancellationToken cancellationToken)
   at GitHub.Runner.Common.RunnerService.EstablishVssConnection(Uri serverUrl, VssCredentials credentials, TimeSpan timeout)
[2025-10-10 02:44:37Z INFO GitHubActionsService] Starting operation Location.GetConnectionData
[2025-10-10 02:44:37Z INFO GitHubActionsService] Starting operation Location.GetConnectionData
[2025-10-10 02:44:37Z ERR  GitHubActionsService] GET request to https://pipelinesghubeus6.actions.githubusercontent.com/hKyNd5hzQTjPqVOxuFp9CyJ2tMUr8ytJJ9FfsFju3bqhBGI0lq/_apis/connectionData?connectOptions=1&lastChangeId=258625537&lastChangeId64=258625537 failed. HTTP Status: NotFound
[2025-10-10 02:44:37Z INFO GitHubActionsService] Finished operation Location.GetConnectionData
[2025-10-10 02:44:37Z INFO RunnerServer] Catch exception during connect. 1 attempt left.
[2025-10-10 02:44:37Z ERR  RunnerServer] GitHub.Services.WebApi.VssServiceResponseException: The resource cannot be found.
   at GitHub.Services.WebApi.VssHttpClientBase.HandleResponseAsync(HttpResponseMessage response, CancellationToken cancellationToken)
   at GitHub.Services.WebApi.VssHttpClientBase.SendAsync(HttpRequestMessage message, HttpCompletionOption completionOption, Object userState, CancellationToken cancellationToken)
   at GitHub.Services.WebApi.VssHttpClientBase.SendAsync[T](HttpRequestMessage message, Object userState, CancellationToken cancellationToken)
   at GitHub.Services.Location.Client.LocationHttpClient.GetConnectionDataAsync(ConnectOptions connectOptions, Int64 lastChangeId, CancellationToken cancellationToken, Object userState)
   at GitHub.Services.WebApi.Location.VssServerDataProvider.GetConnectionDataAsync(ConnectOptions connectOptions, Int32 lastChangeId, CancellationToken cancellationToken)
   at GitHub.Services.WebApi.Location.VssServerDataProvider.ConnectAsync(ConnectOptions connectOptions, CancellationToken cancellationToken)
   at GitHub.Runner.Common.RunnerService.EstablishVssConnection(Uri serverUrl, VssCredentials credentials, TimeSpan timeout)
[2025-10-10 02:44:37Z INFO GitHubActionsService] Starting operation Location.GetConnectionData
[2025-10-10 02:44:37Z ERR  GitHubActionsService] GET request to https://pipelinesghubeus6.actions.githubusercontent.com/hKyNd5hzQTjPqVOxuFp9CyJ2tMUr8ytJJ9FfsFju3bqhBGI0lq/_apis/connectionData?connectOptions=1&lastChangeId=258625537&lastChangeId64=258625537 failed. HTTP Status: NotFound
[2025-10-10 02:44:37Z INFO GitHubActionsService] Finished operation Location.GetConnectionData
[2025-10-10 02:44:37Z INFO RunnerServer] Catch exception during connect. 1 attempt left.
[2025-10-10 02:44:37Z ERR  RunnerServer] GitHub.Services.WebApi.VssServiceResponseException: The resource cannot be found.
   at GitHub.Services.WebApi.VssHttpClientBase.HandleResponseAsync(HttpResponseMessage response, CancellationToken cancellationToken)
   at GitHub.Services.WebApi.VssHttpClientBase.SendAsync(HttpRequestMessage message, HttpCompletionOption completionOption, Object userState, CancellationToken cancellationToken)
   at GitHub.Services.WebApi.VssHttpClientBase.SendAsync[T](HttpRequestMessage message, Object userState, CancellationToken cancellationToken)
   at GitHub.Services.Location.Client.LocationHttpClient.GetConnectionDataAsync(ConnectOptions connectOptions, Int64 lastChangeId, CancellationToken cancellationToken, Object userState)
   at GitHub.Services.WebApi.Location.VssServerDataProvider.GetConnectionDataAsync(ConnectOptions connectOptions, Int32 lastChangeId, CancellationToken cancellationToken)
   at GitHub.Services.WebApi.Location.VssServerDataProvider.ConnectAsync(ConnectOptions connectOptions, CancellationToken cancellationToken)
   at GitHub.Runner.Common.RunnerService.EstablishVssConnection(Uri serverUrl, VssCredentials credentials, TimeSpan timeout)
[2025-10-10 02:44:37Z ERR  GitHubActionsService] GET request to https://pipelinesghubeus6.actions.githubusercontent.com/hKyNd5hzQTjPqVOxuFp9CyJ2tMUr8ytJJ9FfsFju3bqhBGI0lq/_apis/connectionData?connectOptions=1&lastChangeId=258625537&lastChangeId64=258625537 failed. HTTP Status: NotFound
[2025-10-10 02:44:37Z INFO GitHubActionsService] Finished operation Location.GetConnectionData
[2025-10-10 02:44:37Z INFO RunnerServer] Catch exception during connect. 1 attempt left.
[2025-10-10 02:44:37Z ERR  RunnerServer] GitHub.Services.WebApi.VssServiceResponseException: The resource cannot be found.
   at GitHub.Services.WebApi.VssHttpClientBase.HandleResponseAsync(HttpResponseMessage response, CancellationToken cancellationToken)
   at GitHub.Services.WebApi.VssHttpClientBase.SendAsync(HttpRequestMessage message, HttpCompletionOption completionOption, Object userState, CancellationToken cancellationToken)
   at GitHub.Services.WebApi.VssHttpClientBase.SendAsync[T](HttpRequestMessage message, Object userState, CancellationToken cancellationToken)
   at GitHub.Services.Location.Client.LocationHttpClient.GetConnectionDataAsync(ConnectOptions connectOptions, Int64 lastChangeId, CancellationToken cancellationToken, Object userState)
   at GitHub.Services.WebApi.Location.VssServerDataProvider.GetConnectionDataAsync(ConnectOptions connectOptions, Int32 lastChangeId, CancellationToken cancellationToken)
   at GitHub.Services.WebApi.Location.VssServerDataProvider.ConnectAsync(ConnectOptions connectOptions, CancellationToken cancellationToken)
   at GitHub.Runner.Common.RunnerService.EstablishVssConnection(Uri serverUrl, VssCredentials credentials, TimeSpan timeout)
[2025-10-10 02:44:37Z INFO GitHubActionsService] Starting operation Location.GetConnectionData
[2025-10-10 02:44:37Z INFO GitHubActionsService] Starting operation Location.GetConnectionData
[2025-10-10 02:44:38Z ERR  GitHubActionsService] GET request to https://pipelinesghubeus6.actions.githubusercontent.com/hKyNd5hzQTjPqVOxuFp9CyJ2tMUr8ytJJ9FfsFju3bqhBGI0lq/_apis/connectionData?connectOptions=1&lastChangeId=258625537&lastChangeId64=258625537 failed. HTTP Status: NotFound
[2025-10-10 02:44:38Z INFO GitHubActionsService] Finished operation Location.GetConnectionData
[2025-10-10 02:44:38Z ERR  GitHubActionsService] GET request to https://pipelinesghubeus6.actions.githubusercontent.com/hKyNd5hzQTjPqVOxuFp9CyJ2tMUr8ytJJ9FfsFju3bqhBGI0lq/_apis/connectionData?connectOptions=1&lastChangeId=258625537&lastChangeId64=258625537 failed. HTTP Status: NotFound
[2025-10-10 02:44:38Z INFO GitHubActionsService] Finished operation Location.GetConnectionData
[2025-10-10 02:44:38Z ERR  GitHubActionsService] GET request to https://pipelinesghubeus6.actions.githubusercontent.com/hKyNd5hzQTjPqVOxuFp9CyJ2tMUr8ytJJ9FfsFju3bqhBGI0lq/_apis/connectionData?connectOptions=1&lastChangeId=258625537&lastChangeId64=258625537 failed. HTTP Status: NotFound
[2025-10-10 02:44:38Z INFO GitHubActionsService] Finished operation Location.GetConnectionData
[2025-10-10 02:44:38Z ERR  BrokerMessageListener] Catch exception during create session.
[2025-10-10 02:44:38Z ERR  BrokerMessageListener] GitHub.Services.WebApi.VssServiceResponseException: The resource cannot be found.
   at GitHub.Services.WebApi.VssHttpClientBase.HandleResponseAsync(HttpResponseMessage response, CancellationToken cancellationToken)
   at GitHub.Services.WebApi.VssHttpClientBase.SendAsync(HttpRequestMessage message, HttpCompletionOption completionOption, Object userState, CancellationToken cancellationToken)
   at GitHub.Services.WebApi.VssHttpClientBase.SendAsync[T](HttpRequestMessage message, Object userState, CancellationToken cancellationToken)
   at GitHub.Services.Location.Client.LocationHttpClient.GetConnectionDataAsync(ConnectOptions connectOptions, Int64 lastChangeId, CancellationToken cancellationToken, Object userState)
   at GitHub.Services.WebApi.Location.VssServerDataProvider.GetConnectionDataAsync(ConnectOptions connectOptions, Int32 lastChangeId, CancellationToken cancellationToken)
   at GitHub.Services.WebApi.Location.VssServerDataProvider.ConnectAsync(ConnectOptions connectOptions, CancellationToken cancellationToken)
   at GitHub.Runner.Common.RunnerService.EstablishVssConnection(Uri serverUrl, VssCredentials credentials, TimeSpan timeout)
   at GitHub.Runner.Common.RunnerServer.ConnectAsync(Uri serverUrl, VssCredentials credentials)
   at GitHub.Runner.Listener.BrokerMessageListener.CreateSessionAsync(CancellationToken token)
[2025-10-10 02:44:38Z INFO BrokerMessageListener] Retriable exception: The resource cannot be found.
[2025-10-10 02:44:38Z INFO BrokerMessageListener] Sleeping for 30 seconds before retrying.
[2025-10-10 02:45:08Z INFO BrokerMessageListener] Attempt to create session.
[2025-10-10 02:45:08Z INFO BrokerMessageListener] Connecting to the Broker Server...
[2025-10-10 02:45:08Z INFO ConfigurationStore] HasCredentials()
[2025-10-10 02:45:08Z INFO ConfigurationStore] stored True
[2025-10-10 02:45:08Z INFO CredentialManager] GetCredentialProvider
[2025-10-10 02:45:08Z INFO CredentialManager] Creating type OAuth
[2025-10-10 02:45:08Z INFO CredentialManager] Creating credential type: OAuth
[2025-10-10 02:45:08Z INFO RSAEncryptedFileKeyManager] Loading RSA key parameters from file G:\Brunella\actions-runner\.credentials_rsaparams
[2025-10-10 02:45:08Z INFO BrokerMessageListener] VssConnection created
[2025-10-10 02:45:08Z INFO BrokerMessageListener] Connecting to the Runner server...
[2025-10-10 02:45:08Z INFO RunnerServer] EstablishVssConnection
[2025-10-10 02:45:08Z INFO RunnerServer] Establish connection with 100 seconds timeout.
[2025-10-10 02:45:08Z INFO GitHubActionsService] Starting operation Location.GetConnectionData
[2025-10-10 02:45:08Z INFO RunnerServer] EstablishVssConnection
[2025-10-10 02:45:08Z INFO RunnerServer] Establish connection with 60 seconds timeout.
[2025-10-10 02:45:08Z INFO GitHubActionsService] Starting operation Location.GetConnectionData
[2025-10-10 02:45:08Z INFO RunnerServer] EstablishVssConnection
[2025-10-10 02:45:08Z INFO RunnerServer] Establish connection with 60 seconds timeout.
[2025-10-10 02:45:08Z INFO GitHubActionsService] Starting operation Location.GetConnectionData
[2025-10-10 02:45:09Z ERR  GitHubActionsService] GET request to https://pipelinesghubeus6.actions.githubusercontent.com/hKyNd5hzQTjPqVOxuFp9CyJ2tMUr8ytJJ9FfsFju3bqhBGI0lq/_apis/connectionData?connectOptions=1&lastChangeId=258625537&lastChangeId64=258625537 failed. HTTP Status: NotFound
[2025-10-10 02:45:09Z INFO GitHubActionsService] Finished operation Location.GetConnectionData
[2025-10-10 02:45:09Z ERR  GitHubActionsService] GET request to https://pipelinesghubeus6.actions.githubusercontent.com/hKyNd5hzQTjPqVOxuFp9CyJ2tMUr8ytJJ9FfsFju3bqhBGI0lq/_apis/connectionData?connectOptions=1&lastChangeId=258625537&lastChangeId64=258625537 failed. HTTP Status: NotFound
[2025-10-10 02:45:09Z INFO RunnerServer] Catch exception during connect. 4 attempt left.
[2025-10-10 02:45:09Z INFO GitHubActionsService] Finished operation Location.GetConnectionData
[2025-10-10 02:45:09Z INFO RunnerServer] Catch exception during connect. 4 attempt left.
[2025-10-10 02:45:09Z ERR  RunnerServer] GitHub.Services.WebApi.VssServiceResponseException: The resource cannot be found.
   at GitHub.Services.WebApi.VssHttpClientBase.HandleResponseAsync(HttpResponseMessage response, CancellationToken cancellationToken)
   at GitHub.Services.WebApi.VssHttpClientBase.SendAsync(HttpRequestMessage message, HttpCompletionOption completionOption, Object userState, CancellationToken cancellationToken)
   at GitHub.Services.WebApi.VssHttpClientBase.SendAsync[T](HttpRequestMessage message, Object userState, CancellationToken cancellationToken)
   at GitHub.Services.Location.Client.LocationHttpClient.GetConnectionDataAsync(ConnectOptions connectOptions, Int64 lastChangeId, CancellationToken cancellationToken, Object userState)
   at GitHub.Services.WebApi.Location.VssServerDataProvider.GetConnectionDataAsync(ConnectOptions connectOptions, Int32 lastChangeId, CancellationToken cancellationToken)
   at GitHub.Services.WebApi.Location.VssServerDataProvider.ConnectAsync(ConnectOptions connectOptions, CancellationToken cancellationToken)
   at GitHub.Runner.Common.RunnerService.EstablishVssConnection(Uri serverUrl, VssCredentials credentials, TimeSpan timeout)
[2025-10-10 02:45:09Z ERR  RunnerServer] GitHub.Services.WebApi.VssServiceResponseException: The resource cannot be found.
   at GitHub.Services.WebApi.VssHttpClientBase.HandleResponseAsync(HttpResponseMessage response, CancellationToken cancellationToken)
   at GitHub.Services.WebApi.VssHttpClientBase.SendAsync(HttpRequestMessage message, HttpCompletionOption completionOption, Object userState, CancellationToken cancellationToken)
   at GitHub.Services.WebApi.VssHttpClientBase.SendAsync[T](HttpRequestMessage message, Object userState, CancellationToken cancellationToken)
   at GitHub.Services.Location.Client.LocationHttpClient.GetConnectionDataAsync(ConnectOptions connectOptions, Int64 lastChangeId, CancellationToken cancellationToken, Object userState)
   at GitHub.Services.WebApi.Location.VssServerDataProvider.GetConnectionDataAsync(ConnectOptions connectOptions, Int32 lastChangeId, CancellationToken cancellationToken)
   at GitHub.Services.WebApi.Location.VssServerDataProvider.ConnectAsync(ConnectOptions connectOptions, CancellationToken cancellationToken)
   at GitHub.Runner.Common.RunnerService.EstablishVssConnection(Uri serverUrl, VssCredentials credentials, TimeSpan timeout)
[2025-10-10 02:45:09Z ERR  GitHubActionsService] GET request to https://pipelinesghubeus6.actions.githubusercontent.com/hKyNd5hzQTjPqVOxuFp9CyJ2tMUr8ytJJ9FfsFju3bqhBGI0lq/_apis/connectionData?connectOptions=1&lastChangeId=258625537&lastChangeId64=258625537 failed. HTTP Status: NotFound
[2025-10-10 02:45:09Z INFO GitHubActionsService] Finished operation Location.GetConnectionData
[2025-10-10 02:45:09Z INFO RunnerServer] Catch exception during connect. 4 attempt left.
[2025-10-10 02:45:09Z ERR  RunnerServer] GitHub.Services.WebApi.VssServiceResponseException: The resource cannot be found.
   at GitHub.Services.WebApi.VssHttpClientBase.HandleResponseAsync(HttpResponseMessage response, CancellationToken cancellationToken)
   at GitHub.Services.WebApi.VssHttpClientBase.SendAsync(HttpRequestMessage message, HttpCompletionOption completionOption, Object userState, CancellationToken cancellationToken)
   at GitHub.Services.WebApi.VssHttpClientBase.SendAsync[T](HttpRequestMessage message, Object userState, CancellationToken cancellationToken)
   at GitHub.Services.Location.Client.LocationHttpClient.GetConnectionDataAsync(ConnectOptions connectOptions, Int64 lastChangeId, CancellationToken cancellationToken, Object userState)
   at GitHub.Services.WebApi.Location.VssServerDataProvider.GetConnectionDataAsync(ConnectOptions connectOptions, Int32 lastChangeId, CancellationToken cancellationToken)
   at GitHub.Services.WebApi.Location.VssServerDataProvider.ConnectAsync(ConnectOptions connectOptions, CancellationToken cancellationToken)
   at GitHub.Runner.Common.RunnerService.EstablishVssConnection(Uri serverUrl, VssCredentials credentials, TimeSpan timeout)
[2025-10-10 02:45:09Z INFO GitHubActionsService] Starting operation Location.GetConnectionData
[2025-10-10 02:45:09Z INFO GitHubActionsService] Starting operation Location.GetConnectionData
[2025-10-10 02:45:09Z INFO GitHubActionsService] Starting operation Location.GetConnectionData
[2025-10-10 02:45:10Z ERR  GitHubActionsService] GET request to https://pipelinesghubeus6.actions.githubusercontent.com/hKyNd5hzQTjPqVOxuFp9CyJ2tMUr8ytJJ9FfsFju3bqhBGI0lq/_apis/connectionData?connectOptions=1&lastChangeId=258625537&lastChangeId64=258625537 failed. HTTP Status: NotFound
[2025-10-10 02:45:10Z INFO GitHubActionsService] Finished operation Location.GetConnectionData
[2025-10-10 02:45:10Z INFO RunnerServer] Catch exception during connect. 3 attempt left.
[2025-10-10 02:45:10Z ERR  RunnerServer] GitHub.Services.WebApi.VssServiceResponseException: The resource cannot be found.
   at GitHub.Services.WebApi.VssHttpClientBase.HandleResponseAsync(HttpResponseMessage response, CancellationToken cancellationToken)
   at GitHub.Services.WebApi.VssHttpClientBase.SendAsync(HttpRequestMessage message, HttpCompletionOption completionOption, Object userState, CancellationToken cancellationToken)
   at GitHub.Services.WebApi.VssHttpClientBase.SendAsync[T](HttpRequestMessage message, Object userState, CancellationToken cancellationToken)
   at GitHub.Services.Location.Client.LocationHttpClient.GetConnectionDataAsync(ConnectOptions connectOptions, Int64 lastChangeId, CancellationToken cancellationToken, Object userState)
   at GitHub.Services.WebApi.Location.VssServerDataProvider.GetConnectionDataAsync(ConnectOptions connectOptions, Int32 lastChangeId, CancellationToken cancellationToken)
   at GitHub.Services.WebApi.Location.VssServerDataProvider.ConnectAsync(ConnectOptions connectOptions, CancellationToken cancellationToken)
   at GitHub.Runner.Common.RunnerService.EstablishVssConnection(Uri serverUrl, VssCredentials credentials, TimeSpan timeout)
[2025-10-10 02:45:10Z ERR  GitHubActionsService] GET request to https://pipelinesghubeus6.actions.githubusercontent.com/hKyNd5hzQTjPqVOxuFp9CyJ2tMUr8ytJJ9FfsFju3bqhBGI0lq/_apis/connectionData?connectOptions=1&lastChangeId=258625537&lastChangeId64=258625537 failed. HTTP Status: NotFound
[2025-10-10 02:45:10Z INFO GitHubActionsService] Finished operation Location.GetConnectionData
[2025-10-10 02:45:10Z INFO RunnerServer] Catch exception during connect. 3 attempt left.
[2025-10-10 02:45:10Z ERR  RunnerServer] GitHub.Services.WebApi.VssServiceResponseException: The resource cannot be found.
   at GitHub.Services.WebApi.VssHttpClientBase.HandleResponseAsync(HttpResponseMessage response, CancellationToken cancellationToken)
   at GitHub.Services.WebApi.VssHttpClientBase.SendAsync(HttpRequestMessage message, HttpCompletionOption completionOption, Object userState, CancellationToken cancellationToken)
   at GitHub.Services.WebApi.VssHttpClientBase.SendAsync[T](HttpRequestMessage message, Object userState, CancellationToken cancellationToken)
   at GitHub.Services.Location.Client.LocationHttpClient.GetConnectionDataAsync(ConnectOptions connectOptions, Int64 lastChangeId, CancellationToken cancellationToken, Object userState)
   at GitHub.Services.WebApi.Location.VssServerDataProvider.GetConnectionDataAsync(ConnectOptions connectOptions, Int32 lastChangeId, CancellationToken cancellationToken)
   at GitHub.Services.WebApi.Location.VssServerDataProvider.ConnectAsync(ConnectOptions connectOptions, CancellationToken cancellationToken)
   at GitHub.Runner.Common.RunnerService.EstablishVssConnection(Uri serverUrl, VssCredentials credentials, TimeSpan timeout)
[2025-10-10 02:45:10Z ERR  GitHubActionsService] GET request to https://pipelinesghubeus6.actions.githubusercontent.com/hKyNd5hzQTjPqVOxuFp9CyJ2tMUr8ytJJ9FfsFju3bqhBGI0lq/_apis/connectionData?connectOptions=1&lastChangeId=258625537&lastChangeId64=258625537 failed. HTTP Status: NotFound
[2025-10-10 02:45:10Z INFO GitHubActionsService] Finished operation Location.GetConnectionData
[2025-10-10 02:45:10Z INFO RunnerServer] Catch exception during connect. 3 attempt left.
[2025-10-10 02:45:10Z ERR  RunnerServer] GitHub.Services.WebApi.VssServiceResponseException: The resource cannot be found.
   at GitHub.Services.WebApi.VssHttpClientBase.HandleResponseAsync(HttpResponseMessage response, CancellationToken cancellationToken)
   at GitHub.Services.WebApi.VssHttpClientBase.SendAsync(HttpRequestMessage message, HttpCompletionOption completionOption, Object userState, CancellationToken cancellationToken)
   at GitHub.Services.WebApi.VssHttpClientBase.SendAsync[T](HttpRequestMessage message, Object userState, CancellationToken cancellationToken)
   at GitHub.Services.Location.Client.LocationHttpClient.GetConnectionDataAsync(ConnectOptions connectOptions, Int64 lastChangeId, CancellationToken cancellationToken, Object userState)
   at GitHub.Services.WebApi.Location.VssServerDataProvider.GetConnectionDataAsync(ConnectOptions connectOptions, Int32 lastChangeId, CancellationToken cancellationToken)
   at GitHub.Services.WebApi.Location.VssServerDataProvider.ConnectAsync(ConnectOptions connectOptions, CancellationToken cancellationToken)
   at GitHub.Runner.Common.RunnerService.EstablishVssConnection(Uri serverUrl, VssCredentials credentials, TimeSpan timeout)
[2025-10-10 02:45:10Z INFO GitHubActionsService] Starting operation Location.GetConnectionData
[2025-10-10 02:45:10Z INFO GitHubActionsService] Starting operation Location.GetConnectionData
[2025-10-10 02:45:10Z INFO GitHubActionsService] Starting operation Location.GetConnectionData
[2025-10-10 02:45:10Z ERR  GitHubActionsService] GET request to https://pipelinesghubeus6.actions.githubusercontent.com/hKyNd5hzQTjPqVOxuFp9CyJ2tMUr8ytJJ9FfsFju3bqhBGI0lq/_apis/connectionData?connectOptions=1&lastChangeId=258625537&lastChangeId64=258625537 failed. HTTP Status: NotFound
[2025-10-10 02:45:10Z INFO GitHubActionsService] Finished operation Location.GetConnectionData
[2025-10-10 02:45:10Z INFO RunnerServer] Catch exception during connect. 2 attempt left.
[2025-10-10 02:45:10Z ERR  RunnerServer] GitHub.Services.WebApi.VssServiceResponseException: The resource cannot be found.
   at GitHub.Services.WebApi.VssHttpClientBase.HandleResponseAsync(HttpResponseMessage response, CancellationToken cancellationToken)
   at GitHub.Services.WebApi.VssHttpClientBase.SendAsync(HttpRequestMessage message, HttpCompletionOption completionOption, Object userState, CancellationToken cancellationToken)
   at GitHub.Services.WebApi.VssHttpClientBase.SendAsync[T](HttpRequestMessage message, Object userState, CancellationToken cancellationToken)
   at GitHub.Services.Location.Client.LocationHttpClient.GetConnectionDataAsync(ConnectOptions connectOptions, Int64 lastChangeId, CancellationToken cancellationToken, Object userState)
   at GitHub.Services.WebApi.Location.VssServerDataProvider.GetConnectionDataAsync(ConnectOptions connectOptions, Int32 lastChangeId, CancellationToken cancellationToken)
   at GitHub.Services.WebApi.Location.VssServerDataProvider.ConnectAsync(ConnectOptions connectOptions, CancellationToken cancellationToken)
   at GitHub.Runner.Common.RunnerService.EstablishVssConnection(Uri serverUrl, VssCredentials credentials, TimeSpan timeout)
[2025-10-10 02:45:10Z ERR  GitHubActionsService] GET request to https://pipelinesghubeus6.actions.githubusercontent.com/hKyNd5hzQTjPqVOxuFp9CyJ2tMUr8ytJJ9FfsFju3bqhBGI0lq/_apis/connectionData?connectOptions=1&lastChangeId=258625537&lastChangeId64=258625537 failed. HTTP Status: NotFound
[2025-10-10 02:45:10Z INFO GitHubActionsService] Finished operation Location.GetConnectionData
[2025-10-10 02:45:10Z INFO RunnerServer] Catch exception during connect. 2 attempt left.
[2025-10-10 02:45:10Z ERR  RunnerServer] GitHub.Services.WebApi.VssServiceResponseException: The resource cannot be found.
   at GitHub.Services.WebApi.VssHttpClientBase.HandleResponseAsync(HttpResponseMessage response, CancellationToken cancellationToken)
   at GitHub.Services.WebApi.VssHttpClientBase.SendAsync(HttpRequestMessage message, HttpCompletionOption completionOption, Object userState, CancellationToken cancellationToken)
   at GitHub.Services.WebApi.VssHttpClientBase.SendAsync[T](HttpRequestMessage message, Object userState, CancellationToken cancellationToken)
   at GitHub.Services.Location.Client.LocationHttpClient.GetConnectionDataAsync(ConnectOptions connectOptions, Int64 lastChangeId, CancellationToken cancellationToken, Object userState)
   at GitHub.Services.WebApi.Location.VssServerDataProvider.GetConnectionDataAsync(ConnectOptions connectOptions, Int32 lastChangeId, CancellationToken cancellationToken)
   at GitHub.Services.WebApi.Location.VssServerDataProvider.ConnectAsync(ConnectOptions connectOptions, CancellationToken cancellationToken)
   at GitHub.Runner.Common.RunnerService.EstablishVssConnection(Uri serverUrl, VssCredentials credentials, TimeSpan timeout)
[2025-10-10 02:45:10Z INFO GitHubActionsService] Starting operation Location.GetConnectionData
[2025-10-10 02:45:10Z ERR  GitHubActionsService] GET request to https://pipelinesghubeus6.actions.githubusercontent.com/hKyNd5hzQTjPqVOxuFp9CyJ2tMUr8ytJJ9FfsFju3bqhBGI0lq/_apis/connectionData?connectOptions=1&lastChangeId=258625537&lastChangeId64=258625537 failed. HTTP Status: NotFound
[2025-10-10 02:45:10Z INFO GitHubActionsService] Finished operation Location.GetConnectionData
[2025-10-10 02:45:10Z INFO RunnerServer] Catch exception during connect. 2 attempt left.
[2025-10-10 02:45:10Z ERR  RunnerServer] GitHub.Services.WebApi.VssServiceResponseException: The resource cannot be found.
   at GitHub.Services.WebApi.VssHttpClientBase.HandleResponseAsync(HttpResponseMessage response, CancellationToken cancellationToken)
   at GitHub.Services.WebApi.VssHttpClientBase.SendAsync(HttpRequestMessage message, HttpCompletionOption completionOption, Object userState, CancellationToken cancellationToken)
   at GitHub.Services.WebApi.VssHttpClientBase.SendAsync[T](HttpRequestMessage message, Object userState, CancellationToken cancellationToken)
   at GitHub.Services.Location.Client.LocationHttpClient.GetConnectionDataAsync(ConnectOptions connectOptions, Int64 lastChangeId, CancellationToken cancellationToken, Object userState)
   at GitHub.Services.WebApi.Location.VssServerDataProvider.GetConnectionDataAsync(ConnectOptions connectOptions, Int32 lastChangeId, CancellationToken cancellationToken)
   at GitHub.Services.WebApi.Location.VssServerDataProvider.ConnectAsync(ConnectOptions connectOptions, CancellationToken cancellationToken)
   at GitHub.Runner.Common.RunnerService.EstablishVssConnection(Uri serverUrl, VssCredentials credentials, TimeSpan timeout)
[2025-10-10 02:45:10Z INFO GitHubActionsService] Starting operation Location.GetConnectionData
[2025-10-10 02:45:10Z INFO GitHubActionsService] Starting operation Location.GetConnectionData
[2025-10-10 02:45:11Z ERR  GitHubActionsService] GET request to https://pipelinesghubeus6.actions.githubusercontent.com/hKyNd5hzQTjPqVOxuFp9CyJ2tMUr8ytJJ9FfsFju3bqhBGI0lq/_apis/connectionData?connectOptions=1&lastChangeId=258625537&lastChangeId64=258625537 failed. HTTP Status: NotFound
[2025-10-10 02:45:11Z INFO GitHubActionsService] Finished operation Location.GetConnectionData
[2025-10-10 02:45:11Z INFO RunnerServer] Catch exception during connect. 1 attempt left.
[2025-10-10 02:45:11Z ERR  RunnerServer] GitHub.Services.WebApi.VssServiceResponseException: The resource cannot be found.
   at GitHub.Services.WebApi.VssHttpClientBase.HandleResponseAsync(HttpResponseMessage response, CancellationToken cancellationToken)
   at GitHub.Services.WebApi.VssHttpClientBase.SendAsync(HttpRequestMessage message, HttpCompletionOption completionOption, Object userState, CancellationToken cancellationToken)
   at GitHub.Services.WebApi.VssHttpClientBase.SendAsync[T](HttpRequestMessage message, Object userState, CancellationToken cancellationToken)
   at GitHub.Services.Location.Client.LocationHttpClient.GetConnectionDataAsync(ConnectOptions connectOptions, Int64 lastChangeId, CancellationToken cancellationToken, Object userState)
   at GitHub.Services.WebApi.Location.VssServerDataProvider.GetConnectionDataAsync(ConnectOptions connectOptions, Int32 lastChangeId, CancellationToken cancellationToken)
   at GitHub.Services.WebApi.Location.VssServerDataProvider.ConnectAsync(ConnectOptions connectOptions, CancellationToken cancellationToken)
   at GitHub.Runner.Common.RunnerService.EstablishVssConnection(Uri serverUrl, VssCredentials credentials, TimeSpan timeout)
[2025-10-10 02:45:11Z ERR  GitHubActionsService] GET request to https://pipelinesghubeus6.actions.githubusercontent.com/hKyNd5hzQTjPqVOxuFp9CyJ2tMUr8ytJJ9FfsFju3bqhBGI0lq/_apis/connectionData?connectOptions=1&lastChangeId=258625537&lastChangeId64=258625537 failed. HTTP Status: NotFound
[2025-10-10 02:45:11Z INFO GitHubActionsService] Finished operation Location.GetConnectionData
[2025-10-10 02:45:11Z INFO RunnerServer] Catch exception during connect. 1 attempt left.
[2025-10-10 02:45:11Z ERR  RunnerServer] GitHub.Services.WebApi.VssServiceResponseException: The resource cannot be found.
   at GitHub.Services.WebApi.VssHttpClientBase.HandleResponseAsync(HttpResponseMessage response, CancellationToken cancellationToken)
   at GitHub.Services.WebApi.VssHttpClientBase.SendAsync(HttpRequestMessage message, HttpCompletionOption completionOption, Object userState, CancellationToken cancellationToken)
   at GitHub.Services.WebApi.VssHttpClientBase.SendAsync[T](HttpRequestMessage message, Object userState, CancellationToken cancellationToken)
   at GitHub.Services.Location.Client.LocationHttpClient.GetConnectionDataAsync(ConnectOptions connectOptions, Int64 lastChangeId, CancellationToken cancellationToken, Object userState)
   at GitHub.Services.WebApi.Location.VssServerDataProvider.GetConnectionDataAsync(ConnectOptions connectOptions, Int32 lastChangeId, CancellationToken cancellationToken)
   at GitHub.Services.WebApi.Location.VssServerDataProvider.ConnectAsync(ConnectOptions connectOptions, CancellationToken cancellationToken)
   at GitHub.Runner.Common.RunnerService.EstablishVssConnection(Uri serverUrl, VssCredentials credentials, TimeSpan timeout)
[2025-10-10 02:45:11Z INFO GitHubActionsService] Starting operation Location.GetConnectionData
[2025-10-10 02:45:11Z ERR  GitHubActionsService] GET request to https://pipelinesghubeus6.actions.githubusercontent.com/hKyNd5hzQTjPqVOxuFp9CyJ2tMUr8ytJJ9FfsFju3bqhBGI0lq/_apis/connectionData?connectOptions=1&lastChangeId=258625537&lastChangeId64=258625537 failed. HTTP Status: NotFound
[2025-10-10 02:45:11Z INFO GitHubActionsService] Finished operation Location.GetConnectionData
[2025-10-10 02:45:11Z INFO RunnerServer] Catch exception during connect. 1 attempt left.
[2025-10-10 02:45:11Z ERR  RunnerServer] GitHub.Services.WebApi.VssServiceResponseException: The resource cannot be found.
   at GitHub.Services.WebApi.VssHttpClientBase.HandleResponseAsync(HttpResponseMessage response, CancellationToken cancellationToken)
   at GitHub.Services.WebApi.VssHttpClientBase.SendAsync(HttpRequestMessage message, HttpCompletionOption completionOption, Object userState, CancellationToken cancellationToken)
   at GitHub.Services.WebApi.VssHttpClientBase.SendAsync[T](HttpRequestMessage message, Object userState, CancellationToken cancellationToken)
   at GitHub.Services.Location.Client.LocationHttpClient.GetConnectionDataAsync(ConnectOptions connectOptions, Int64 lastChangeId, CancellationToken cancellationToken, Object userState)
   at GitHub.Services.WebApi.Location.VssServerDataProvider.GetConnectionDataAsync(ConnectOptions connectOptions, Int32 lastChangeId, CancellationToken cancellationToken)
   at GitHub.Services.WebApi.Location.VssServerDataProvider.ConnectAsync(ConnectOptions connectOptions, CancellationToken cancellationToken)
   at GitHub.Runner.Common.RunnerService.EstablishVssConnection(Uri serverUrl, VssCredentials credentials, TimeSpan timeout)
[2025-10-10 02:45:11Z INFO GitHubActionsService] Starting operation Location.GetConnectionData
[2025-10-10 02:45:11Z INFO GitHubActionsService] Starting operation Location.GetConnectionData
[2025-10-10 02:45:12Z ERR  GitHubActionsService] GET request to https://pipelinesghubeus6.actions.githubusercontent.com/hKyNd5hzQTjPqVOxuFp9CyJ2tMUr8ytJJ9FfsFju3bqhBGI0lq/_apis/connectionData?connectOptions=1&lastChangeId=258625537&lastChangeId64=258625537 failed. HTTP Status: NotFound
[2025-10-10 02:45:12Z INFO GitHubActionsService] Finished operation Location.GetConnectionData
[2025-10-10 02:45:12Z ERR  GitHubActionsService] GET request to https://pipelinesghubeus6.actions.githubusercontent.com/hKyNd5hzQTjPqVOxuFp9CyJ2tMUr8ytJJ9FfsFju3bqhBGI0lq/_apis/connectionData?connectOptions=1&lastChangeId=258625537&lastChangeId64=258625537 failed. HTTP Status: NotFound
[2025-10-10 02:45:12Z INFO GitHubActionsService] Finished operation Location.GetConnectionData
[2025-10-10 02:45:12Z ERR  GitHubActionsService] GET request to https://pipelinesghubeus6.actions.githubusercontent.com/hKyNd5hzQTjPqVOxuFp9CyJ2tMUr8ytJJ9FfsFju3bqhBGI0lq/_apis/connectionData?connectOptions=1&lastChangeId=258625537&lastChangeId64=258625537 failed. HTTP Status: NotFound
[2025-10-10 02:45:12Z INFO GitHubActionsService] Finished operation Location.GetConnectionData
[2025-10-10 02:45:12Z ERR  BrokerMessageListener] Catch exception during create session.
[2025-10-10 02:45:12Z ERR  BrokerMessageListener] GitHub.Services.WebApi.VssServiceResponseException: The resource cannot be found.
   at GitHub.Services.WebApi.VssHttpClientBase.HandleResponseAsync(HttpResponseMessage response, CancellationToken cancellationToken)
   at GitHub.Services.WebApi.VssHttpClientBase.SendAsync(HttpRequestMessage message, HttpCompletionOption completionOption, Object userState, CancellationToken cancellationToken)
   at GitHub.Services.WebApi.VssHttpClientBase.SendAsync[T](HttpRequestMessage message, Object userState, CancellationToken cancellationToken)
   at GitHub.Services.Location.Client.LocationHttpClient.GetConnectionDataAsync(ConnectOptions connectOptions, Int64 lastChangeId, CancellationToken cancellationToken, Object userState)
   at GitHub.Services.WebApi.Location.VssServerDataProvider.GetConnectionDataAsync(ConnectOptions connectOptions, Int32 lastChangeId, CancellationToken cancellationToken)
   at GitHub.Services.WebApi.Location.VssServerDataProvider.ConnectAsync(ConnectOptions connectOptions, CancellationToken cancellationToken)
   at GitHub.Runner.Common.RunnerService.EstablishVssConnection(Uri serverUrl, VssCredentials credentials, TimeSpan timeout)
   at GitHub.Runner.Common.RunnerServer.ConnectAsync(Uri serverUrl, VssCredentials credentials)
   at GitHub.Runner.Listener.BrokerMessageListener.CreateSessionAsync(CancellationToken token)
[2025-10-10 02:45:12Z INFO BrokerMessageListener] Retriable exception: The resource cannot be found.
[2025-10-10 02:45:12Z INFO BrokerMessageListener] Sleeping for 30 seconds before retrying.
[2025-10-10 02:45:42Z INFO BrokerMessageListener] Attempt to create session.
[2025-10-10 02:45:42Z INFO BrokerMessageListener] Connecting to the Broker Server...
[2025-10-10 02:45:42Z INFO ConfigurationStore] HasCredentials()
[2025-10-10 02:45:42Z INFO ConfigurationStore] stored True
[2025-10-10 02:45:42Z INFO CredentialManager] GetCredentialProvider
[2025-10-10 02:45:42Z INFO CredentialManager] Creating type OAuth
[2025-10-10 02:45:42Z INFO CredentialManager] Creating credential type: OAuth
[2025-10-10 02:45:42Z INFO RSAEncryptedFileKeyManager] Loading RSA key parameters from file G:\Brunella\actions-runner\.credentials_rsaparams
[2025-10-10 02:45:42Z INFO BrokerMessageListener] VssConnection created
[2025-10-10 02:45:42Z INFO BrokerMessageListener] Connecting to the Runner server...
[2025-10-10 02:45:42Z INFO RunnerServer] EstablishVssConnection
[2025-10-10 02:45:42Z INFO RunnerServer] Establish connection with 100 seconds timeout.
[2025-10-10 02:45:42Z INFO GitHubActionsService] Starting operation Location.GetConnectionData
[2025-10-10 02:45:42Z INFO RunnerServer] EstablishVssConnection
[2025-10-10 02:45:42Z INFO RunnerServer] Establish connection with 60 seconds timeout.
[2025-10-10 02:45:42Z INFO GitHubActionsService] Starting operation Location.GetConnectionData
[2025-10-10 02:45:42Z INFO RunnerServer] EstablishVssConnection
[2025-10-10 02:45:42Z INFO RunnerServer] Establish connection with 60 seconds timeout.
[2025-10-10 02:45:42Z INFO GitHubActionsService] Starting operation Location.GetConnectionData
[2025-10-10 02:45:42Z ERR  GitHubActionsService] GET request to https://pipelinesghubeus6.actions.githubusercontent.com/hKyNd5hzQTjPqVOxuFp9CyJ2tMUr8ytJJ9FfsFju3bqhBGI0lq/_apis/connectionData?connectOptions=1&lastChangeId=258625537&lastChangeId64=258625537 failed. HTTP Status: NotFound
[2025-10-10 02:45:42Z ERR  GitHubActionsService] GET request to https://pipelinesghubeus6.actions.githubusercontent.com/hKyNd5hzQTjPqVOxuFp9CyJ2tMUr8ytJJ9FfsFju3bqhBGI0lq/_apis/connectionData?connectOptions=1&lastChangeId=258625537&lastChangeId64=258625537 failed. HTTP Status: NotFound
[2025-10-10 02:45:42Z INFO GitHubActionsService] Finished operation Location.GetConnectionData
[2025-10-10 02:45:42Z INFO GitHubActionsService] Finished operation Location.GetConnectionData
[2025-10-10 02:45:42Z INFO RunnerServer] Catch exception during connect. 4 attempt left.
[2025-10-10 02:45:42Z INFO RunnerServer] Catch exception during connect. 4 attempt left.
[2025-10-10 02:45:42Z ERR  GitHubActionsService] GET request to https://pipelinesghubeus6.actions.githubusercontent.com/hKyNd5hzQTjPqVOxuFp9CyJ2tMUr8ytJJ9FfsFju3bqhBGI0lq/_apis/connectionData?connectOptions=1&lastChangeId=258625537&lastChangeId64=258625537 failed. HTTP Status: NotFound
[2025-10-10 02:45:42Z INFO GitHubActionsService] Finished operation Location.GetConnectionData
[2025-10-10 02:45:42Z INFO RunnerServer] Catch exception during connect. 4 attempt left.
[2025-10-10 02:45:42Z ERR  RunnerServer] GitHub.Services.WebApi.VssServiceResponseException: The resource cannot be found.
   at GitHub.Services.WebApi.VssHttpClientBase.HandleResponseAsync(HttpResponseMessage response, CancellationToken cancellationToken)
   at GitHub.Services.WebApi.VssHttpClientBase.SendAsync(HttpRequestMessage message, HttpCompletionOption completionOption, Object userState, CancellationToken cancellationToken)
   at GitHub.Services.WebApi.VssHttpClientBase.SendAsync[T](HttpRequestMessage message, Object userState, CancellationToken cancellationToken)
   at GitHub.Services.Location.Client.LocationHttpClient.GetConnectionDataAsync(ConnectOptions connectOptions, Int64 lastChangeId, CancellationToken cancellationToken, Object userState)
   at GitHub.Services.WebApi.Location.VssServerDataProvider.GetConnectionDataAsync(ConnectOptions connectOptions, Int32 lastChangeId, CancellationToken cancellationToken)
   at GitHub.Services.WebApi.Location.VssServerDataProvider.ConnectAsync(ConnectOptions connectOptions, CancellationToken cancellationToken)
   at GitHub.Runner.Common.RunnerService.EstablishVssConnection(Uri serverUrl, VssCredentials credentials, TimeSpan timeout)
[2025-10-10 02:45:42Z ERR  RunnerServer] GitHub.Services.WebApi.VssServiceResponseException: The resource cannot be found.
   at GitHub.Services.WebApi.VssHttpClientBase.HandleResponseAsync(HttpResponseMessage response, CancellationToken cancellationToken)
   at GitHub.Services.WebApi.VssHttpClientBase.SendAsync(HttpRequestMessage message, HttpCompletionOption completionOption, Object userState, CancellationToken cancellationToken)
   at GitHub.Services.WebApi.VssHttpClientBase.SendAsync[T](HttpRequestMessage message, Object userState, CancellationToken cancellationToken)
   at GitHub.Services.Location.Client.LocationHttpClient.GetConnectionDataAsync(ConnectOptions connectOptions, Int64 lastChangeId, CancellationToken cancellationToken, Object userState)
   at GitHub.Services.WebApi.Location.VssServerDataProvider.GetConnectionDataAsync(ConnectOptions connectOptions, Int32 lastChangeId, CancellationToken cancellationToken)
   at GitHub.Services.WebApi.Location.VssServerDataProvider.ConnectAsync(ConnectOptions connectOptions, CancellationToken cancellationToken)
   at GitHub.Runner.Common.RunnerService.EstablishVssConnection(Uri serverUrl, VssCredentials credentials, TimeSpan timeout)
[2025-10-10 02:45:42Z ERR  RunnerServer] GitHub.Services.WebApi.VssServiceResponseException: The resource cannot be found.
   at GitHub.Services.WebApi.VssHttpClientBase.HandleResponseAsync(HttpResponseMessage response, CancellationToken cancellationToken)
   at GitHub.Services.WebApi.VssHttpClientBase.SendAsync(HttpRequestMessage message, HttpCompletionOption completionOption, Object userState, CancellationToken cancellationToken)
   at GitHub.Services.WebApi.VssHttpClientBase.SendAsync[T](HttpRequestMessage message, Object userState, CancellationToken cancellationToken)
   at GitHub.Services.Location.Client.LocationHttpClient.GetConnectionDataAsync(ConnectOptions connectOptions, Int64 lastChangeId, CancellationToken cancellationToken, Object userState)
   at GitHub.Services.WebApi.Location.VssServerDataProvider.GetConnectionDataAsync(ConnectOptions connectOptions, Int32 lastChangeId, CancellationToken cancellationToken)
   at GitHub.Services.WebApi.Location.VssServerDataProvider.ConnectAsync(ConnectOptions connectOptions, CancellationToken cancellationToken)
   at GitHub.Runner.Common.RunnerService.EstablishVssConnection(Uri serverUrl, VssCredentials credentials, TimeSpan timeout)
[2025-10-10 02:45:43Z INFO GitHubActionsService] Starting operation Location.GetConnectionData
[2025-10-10 02:45:43Z INFO GitHubActionsService] Starting operation Location.GetConnectionData
[2025-10-10 02:45:43Z INFO GitHubActionsService] Starting operation Location.GetConnectionData
[2025-10-10 02:45:43Z ERR  GitHubActionsService] GET request to https://pipelinesghubeus6.actions.githubusercontent.com/hKyNd5hzQTjPqVOxuFp9CyJ2tMUr8ytJJ9FfsFju3bqhBGI0lq/_apis/connectionData?connectOptions=1&lastChangeId=258625537&lastChangeId64=258625537 failed. HTTP Status: NotFound
[2025-10-10 02:45:43Z INFO GitHubActionsService] Finished operation Location.GetConnectionData
[2025-10-10 02:45:43Z INFO RunnerServer] Catch exception during connect. 3 attempt left.
[2025-10-10 02:45:43Z ERR  RunnerServer] GitHub.Services.WebApi.VssServiceResponseException: The resource cannot be found.
   at GitHub.Services.WebApi.VssHttpClientBase.HandleResponseAsync(HttpResponseMessage response, CancellationToken cancellationToken)
   at GitHub.Services.WebApi.VssHttpClientBase.SendAsync(HttpRequestMessage message, HttpCompletionOption completionOption, Object userState, CancellationToken cancellationToken)
   at GitHub.Services.WebApi.VssHttpClientBase.SendAsync[T](HttpRequestMessage message, Object userState, CancellationToken cancellationToken)
   at GitHub.Services.Location.Client.LocationHttpClient.GetConnectionDataAsync(ConnectOptions connectOptions, Int64 lastChangeId, CancellationToken cancellationToken, Object userState)
   at GitHub.Services.WebApi.Location.VssServerDataProvider.GetConnectionDataAsync(ConnectOptions connectOptions, Int32 lastChangeId, CancellationToken cancellationToken)
   at GitHub.Services.WebApi.Location.VssServerDataProvider.ConnectAsync(ConnectOptions connectOptions, CancellationToken cancellationToken)
   at GitHub.Runner.Common.RunnerService.EstablishVssConnection(Uri serverUrl, VssCredentials credentials, TimeSpan timeout)
[2025-10-10 02:45:43Z ERR  GitHubActionsService] GET request to https://pipelinesghubeus6.actions.githubusercontent.com/hKyNd5hzQTjPqVOxuFp9CyJ2tMUr8ytJJ9FfsFju3bqhBGI0lq/_apis/connectionData?connectOptions=1&lastChangeId=258625537&lastChangeId64=258625537 failed. HTTP Status: NotFound
[2025-10-10 02:45:43Z INFO GitHubActionsService] Finished operation Location.GetConnectionData
[2025-10-10 02:45:43Z INFO RunnerServer] Catch exception during connect. 3 attempt left.
[2025-10-10 02:45:43Z ERR  RunnerServer] GitHub.Services.WebApi.VssServiceResponseException: The resource cannot be found.
   at GitHub.Services.WebApi.VssHttpClientBase.HandleResponseAsync(HttpResponseMessage response, CancellationToken cancellationToken)
   at GitHub.Services.WebApi.VssHttpClientBase.SendAsync(HttpRequestMessage message, HttpCompletionOption completionOption, Object userState, CancellationToken cancellationToken)
   at GitHub.Services.WebApi.VssHttpClientBase.SendAsync[T](HttpRequestMessage message, Object userState, CancellationToken cancellationToken)
   at GitHub.Services.Location.Client.LocationHttpClient.GetConnectionDataAsync(ConnectOptions connectOptions, Int64 lastChangeId, CancellationToken cancellationToken, Object userState)
   at GitHub.Services.WebApi.Location.VssServerDataProvider.GetConnectionDataAsync(ConnectOptions connectOptions, Int32 lastChangeId, CancellationToken cancellationToken)
   at GitHub.Services.WebApi.Location.VssServerDataProvider.ConnectAsync(ConnectOptions connectOptions, CancellationToken cancellationToken)
   at GitHub.Runner.Common.RunnerService.EstablishVssConnection(Uri serverUrl, VssCredentials credentials, TimeSpan timeout)
[2025-10-10 02:45:43Z ERR  GitHubActionsService] GET request to https://pipelinesghubeus6.actions.githubusercontent.com/hKyNd5hzQTjPqVOxuFp9CyJ2tMUr8ytJJ9FfsFju3bqhBGI0lq/_apis/connectionData?connectOptions=1&lastChangeId=258625537&lastChangeId64=258625537 failed. HTTP Status: NotFound
[2025-10-10 02:45:43Z INFO GitHubActionsService] Finished operation Location.GetConnectionData
[2025-10-10 02:45:43Z INFO RunnerServer] Catch exception during connect. 3 attempt left.
[2025-10-10 02:45:43Z ERR  RunnerServer] GitHub.Services.WebApi.VssServiceResponseException: The resource cannot be found.
   at GitHub.Services.WebApi.VssHttpClientBase.HandleResponseAsync(HttpResponseMessage response, CancellationToken cancellationToken)
   at GitHub.Services.WebApi.VssHttpClientBase.SendAsync(HttpRequestMessage message, HttpCompletionOption completionOption, Object userState, CancellationToken cancellationToken)
   at GitHub.Services.WebApi.VssHttpClientBase.SendAsync[T](HttpRequestMessage message, Object userState, CancellationToken cancellationToken)
   at GitHub.Services.Location.Client.LocationHttpClient.GetConnectionDataAsync(ConnectOptions connectOptions, Int64 lastChangeId, CancellationToken cancellationToken, Object userState)
   at GitHub.Services.WebApi.Location.VssServerDataProvider.GetConnectionDataAsync(ConnectOptions connectOptions, Int32 lastChangeId, CancellationToken cancellationToken)
   at GitHub.Services.WebApi.Location.VssServerDataProvider.ConnectAsync(ConnectOptions connectOptions, CancellationToken cancellationToken)
   at GitHub.Runner.Common.RunnerService.EstablishVssConnection(Uri serverUrl, VssCredentials credentials, TimeSpan timeout)
[2025-10-10 02:45:43Z INFO GitHubActionsService] Starting operation Location.GetConnectionData
[2025-10-10 02:45:43Z INFO GitHubActionsService] Starting operation Location.GetConnectionData
[2025-10-10 02:45:43Z INFO GitHubActionsService] Starting operation Location.GetConnectionData
[2025-10-10 02:45:44Z ERR  GitHubActionsService] GET request to https://pipelinesghubeus6.actions.githubusercontent.com/hKyNd5hzQTjPqVOxuFp9CyJ2tMUr8ytJJ9FfsFju3bqhBGI0lq/_apis/connectionData?connectOptions=1&lastChangeId=258625537&lastChangeId64=258625537 failed. HTTP Status: NotFound
[2025-10-10 02:45:44Z INFO GitHubActionsService] Finished operation Location.GetConnectionData
[2025-10-10 02:45:44Z INFO RunnerServer] Catch exception during connect. 2 attempt left.
[2025-10-10 02:45:44Z ERR  RunnerServer] GitHub.Services.WebApi.VssServiceResponseException: The resource cannot be found.
   at GitHub.Services.WebApi.VssHttpClientBase.HandleResponseAsync(HttpResponseMessage response, CancellationToken cancellationToken)
   at GitHub.Services.WebApi.VssHttpClientBase.SendAsync(HttpRequestMessage message, HttpCompletionOption completionOption, Object userState, CancellationToken cancellationToken)
   at GitHub.Services.WebApi.VssHttpClientBase.SendAsync[T](HttpRequestMessage message, Object userState, CancellationToken cancellationToken)
   at GitHub.Services.Location.Client.LocationHttpClient.GetConnectionDataAsync(ConnectOptions connectOptions, Int64 lastChangeId, CancellationToken cancellationToken, Object userState)
   at GitHub.Services.WebApi.Location.VssServerDataProvider.GetConnectionDataAsync(ConnectOptions connectOptions, Int32 lastChangeId, CancellationToken cancellationToken)
   at GitHub.Services.WebApi.Location.VssServerDataProvider.ConnectAsync(ConnectOptions connectOptions, CancellationToken cancellationToken)
   at GitHub.Runner.Common.RunnerService.EstablishVssConnection(Uri serverUrl, VssCredentials credentials, TimeSpan timeout)
[2025-10-10 02:45:44Z INFO GitHubActionsService] Starting operation Location.GetConnectionData
[2025-10-10 02:45:44Z ERR  GitHubActionsService] GET request to https://pipelinesghubeus6.actions.githubusercontent.com/hKyNd5hzQTjPqVOxuFp9CyJ2tMUr8ytJJ9FfsFju3bqhBGI0lq/_apis/connectionData?connectOptions=1&lastChangeId=258625537&lastChangeId64=258625537 failed. HTTP Status: NotFound
[2025-10-10 02:45:44Z ERR  GitHubActionsService] GET request to https://pipelinesghubeus6.actions.githubusercontent.com/hKyNd5hzQTjPqVOxuFp9CyJ2tMUr8ytJJ9FfsFju3bqhBGI0lq/_apis/connectionData?connectOptions=1&lastChangeId=258625537&lastChangeId64=258625537 failed. HTTP Status: NotFound
[2025-10-10 02:45:44Z INFO GitHubActionsService] Finished operation Location.GetConnectionData
[2025-10-10 02:45:44Z INFO GitHubActionsService] Finished operation Location.GetConnectionData
[2025-10-10 02:45:44Z INFO RunnerServer] Catch exception during connect. 2 attempt left.
[2025-10-10 02:45:44Z INFO RunnerServer] Catch exception during connect. 2 attempt left.
[2025-10-10 02:45:44Z ERR  RunnerServer] GitHub.Services.WebApi.VssServiceResponseException: The resource cannot be found.
   at GitHub.Services.WebApi.VssHttpClientBase.HandleResponseAsync(HttpResponseMessage response, CancellationToken cancellationToken)
   at GitHub.Services.WebApi.VssHttpClientBase.SendAsync(HttpRequestMessage message, HttpCompletionOption completionOption, Object userState, CancellationToken cancellationToken)
   at GitHub.Services.WebApi.VssHttpClientBase.SendAsync[T](HttpRequestMessage message, Object userState, CancellationToken cancellationToken)
   at GitHub.Services.Location.Client.LocationHttpClient.GetConnectionDataAsync(ConnectOptions connectOptions, Int64 lastChangeId, CancellationToken cancellationToken, Object userState)
   at GitHub.Services.WebApi.Location.VssServerDataProvider.GetConnectionDataAsync(ConnectOptions connectOptions, Int32 lastChangeId, CancellationToken cancellationToken)
   at GitHub.Services.WebApi.Location.VssServerDataProvider.ConnectAsync(ConnectOptions connectOptions, CancellationToken cancellationToken)
   at GitHub.Runner.Common.RunnerService.EstablishVssConnection(Uri serverUrl, VssCredentials credentials, TimeSpan timeout)
[2025-10-10 02:45:44Z ERR  RunnerServer] GitHub.Services.WebApi.VssServiceResponseException: The resource cannot be found.
   at GitHub.Services.WebApi.VssHttpClientBase.HandleResponseAsync(HttpResponseMessage response, CancellationToken cancellationToken)
   at GitHub.Services.WebApi.VssHttpClientBase.SendAsync(HttpRequestMessage message, HttpCompletionOption completionOption, Object userState, CancellationToken cancellationToken)
   at GitHub.Services.WebApi.VssHttpClientBase.SendAsync[T](HttpRequestMessage message, Object userState, CancellationToken cancellationToken)
   at GitHub.Services.Location.Client.LocationHttpClient.GetConnectionDataAsync(ConnectOptions connectOptions, Int64 lastChangeId, CancellationToken cancellationToken, Object userState)
   at GitHub.Services.WebApi.Location.VssServerDataProvider.GetConnectionDataAsync(ConnectOptions connectOptions, Int32 lastChangeId, CancellationToken cancellationToken)
   at GitHub.Services.WebApi.Location.VssServerDataProvider.ConnectAsync(ConnectOptions connectOptions, CancellationToken cancellationToken)
   at GitHub.Runner.Common.RunnerService.EstablishVssConnection(Uri serverUrl, VssCredentials credentials, TimeSpan timeout)
[2025-10-10 02:45:44Z INFO GitHubActionsService] Starting operation Location.GetConnectionData
[2025-10-10 02:45:44Z INFO GitHubActionsService] Starting operation Location.GetConnectionData
[2025-10-10 02:45:45Z ERR  GitHubActionsService] GET request to https://pipelinesghubeus6.actions.githubusercontent.com/hKyNd5hzQTjPqVOxuFp9CyJ2tMUr8ytJJ9FfsFju3bqhBGI0lq/_apis/connectionData?connectOptions=1&lastChangeId=258625537&lastChangeId64=258625537 failed. HTTP Status: NotFound
[2025-10-10 02:45:45Z INFO GitHubActionsService] Finished operation Location.GetConnectionData
[2025-10-10 02:45:45Z INFO RunnerServer] Catch exception during connect. 1 attempt left.
[2025-10-10 02:45:45Z ERR  RunnerServer] GitHub.Services.WebApi.VssServiceResponseException: The resource cannot be found.
   at GitHub.Services.WebApi.VssHttpClientBase.HandleResponseAsync(HttpResponseMessage response, CancellationToken cancellationToken)
   at GitHub.Services.WebApi.VssHttpClientBase.SendAsync(HttpRequestMessage message, HttpCompletionOption completionOption, Object userState, CancellationToken cancellationToken)
   at GitHub.Services.WebApi.VssHttpClientBase.SendAsync[T](HttpRequestMessage message, Object userState, CancellationToken cancellationToken)
   at GitHub.Services.Location.Client.LocationHttpClient.GetConnectionDataAsync(ConnectOptions connectOptions, Int64 lastChangeId, CancellationToken cancellationToken, Object userState)
   at GitHub.Services.WebApi.Location.VssServerDataProvider.GetConnectionDataAsync(ConnectOptions connectOptions, Int32 lastChangeId, CancellationToken cancellationToken)
   at GitHub.Services.WebApi.Location.VssServerDataProvider.ConnectAsync(ConnectOptions connectOptions, CancellationToken cancellationToken)
   at GitHub.Runner.Common.RunnerService.EstablishVssConnection(Uri serverUrl, VssCredentials credentials, TimeSpan timeout)
[2025-10-10 02:45:45Z INFO GitHubActionsService] Starting operation Location.GetConnectionData
[2025-10-10 02:45:45Z ERR  GitHubActionsService] GET request to https://pipelinesghubeus6.actions.githubusercontent.com/hKyNd5hzQTjPqVOxuFp9CyJ2tMUr8ytJJ9FfsFju3bqhBGI0lq/_apis/connectionData?connectOptions=1&lastChangeId=258625537&lastChangeId64=258625537 failed. HTTP Status: NotFound
[2025-10-10 02:45:45Z INFO GitHubActionsService] Finished operation Location.GetConnectionData
[2025-10-10 02:45:45Z INFO RunnerServer] Catch exception during connect. 1 attempt left.
[2025-10-10 02:45:45Z ERR  RunnerServer] GitHub.Services.WebApi.VssServiceResponseException: The resource cannot be found.
   at GitHub.Services.WebApi.VssHttpClientBase.HandleResponseAsync(HttpResponseMessage response, CancellationToken cancellationToken)
   at GitHub.Services.WebApi.VssHttpClientBase.SendAsync(HttpRequestMessage message, HttpCompletionOption completionOption, Object userState, CancellationToken cancellationToken)
   at GitHub.Services.WebApi.VssHttpClientBase.SendAsync[T](HttpRequestMessage message, Object userState, CancellationToken cancellationToken)
   at GitHub.Services.Location.Client.LocationHttpClient.GetConnectionDataAsync(ConnectOptions connectOptions, Int64 lastChangeId, CancellationToken cancellationToken, Object userState)
   at GitHub.Services.WebApi.Location.VssServerDataProvider.GetConnectionDataAsync(ConnectOptions connectOptions, Int32 lastChangeId, CancellationToken cancellationToken)
   at GitHub.Services.WebApi.Location.VssServerDataProvider.ConnectAsync(ConnectOptions connectOptions, CancellationToken cancellationToken)
   at GitHub.Runner.Common.RunnerService.EstablishVssConnection(Uri serverUrl, VssCredentials credentials, TimeSpan timeout)
[2025-10-10 02:45:45Z INFO GitHubActionsService] Starting operation Location.GetConnectionData
[2025-10-10 02:45:45Z ERR  GitHubActionsService] GET request to https://pipelinesghubeus6.actions.githubusercontent.com/hKyNd5hzQTjPqVOxuFp9CyJ2tMUr8ytJJ9FfsFju3bqhBGI0lq/_apis/connectionData?connectOptions=1&lastChangeId=258625537&lastChangeId64=258625537 failed. HTTP Status: NotFound
[2025-10-10 02:45:45Z INFO GitHubActionsService] Finished operation Location.GetConnectionData
[2025-10-10 02:45:45Z INFO RunnerServer] Catch exception during connect. 1 attempt left.
[2025-10-10 02:45:45Z ERR  RunnerServer] GitHub.Services.WebApi.VssServiceResponseException: The resource cannot be found.
   at GitHub.Services.WebApi.VssHttpClientBase.HandleResponseAsync(HttpResponseMessage response, CancellationToken cancellationToken)
   at GitHub.Services.WebApi.VssHttpClientBase.SendAsync(HttpRequestMessage message, HttpCompletionOption completionOption, Object userState, CancellationToken cancellationToken)
   at GitHub.Services.WebApi.VssHttpClientBase.SendAsync[T](HttpRequestMessage message, Object userState, CancellationToken cancellationToken)
   at GitHub.Services.Location.Client.LocationHttpClient.GetConnectionDataAsync(ConnectOptions connectOptions, Int64 lastChangeId, CancellationToken cancellationToken, Object userState)
   at GitHub.Services.WebApi.Location.VssServerDataProvider.GetConnectionDataAsync(ConnectOptions connectOptions, Int32 lastChangeId, CancellationToken cancellationToken)
   at GitHub.Services.WebApi.Location.VssServerDataProvider.ConnectAsync(ConnectOptions connectOptions, CancellationToken cancellationToken)
   at GitHub.Runner.Common.RunnerService.EstablishVssConnection(Uri serverUrl, VssCredentials credentials, TimeSpan timeout)
[2025-10-10 02:45:45Z INFO GitHubActionsService] Starting operation Location.GetConnectionData
[2025-10-10 02:45:45Z ERR  GitHubActionsService] GET request to https://pipelinesghubeus6.actions.githubusercontent.com/hKyNd5hzQTjPqVOxuFp9CyJ2tMUr8ytJJ9FfsFju3bqhBGI0lq/_apis/connectionData?connectOptions=1&lastChangeId=258625537&lastChangeId64=258625537 failed. HTTP Status: NotFound
[2025-10-10 02:45:45Z INFO GitHubActionsService] Finished operation Location.GetConnectionData
[2025-10-10 02:45:45Z ERR  GitHubActionsService] GET request to https://pipelinesghubeus6.actions.githubusercontent.com/hKyNd5hzQTjPqVOxuFp9CyJ2tMUr8ytJJ9FfsFju3bqhBGI0lq/_apis/connectionData?connectOptions=1&lastChangeId=258625537&lastChangeId64=258625537 failed. HTTP Status: NotFound
[2025-10-10 02:45:45Z INFO GitHubActionsService] Finished operation Location.GetConnectionData
[2025-10-10 02:45:46Z ERR  GitHubActionsService] GET request to https://pipelinesghubeus6.actions.githubusercontent.com/hKyNd5hzQTjPqVOxuFp9CyJ2tMUr8ytJJ9FfsFju3bqhBGI0lq/_apis/connectionData?connectOptions=1&lastChangeId=258625537&lastChangeId64=258625537 failed. HTTP Status: NotFound
[2025-10-10 02:45:46Z INFO GitHubActionsService] Finished operation Location.GetConnectionData
[2025-10-10 02:45:46Z ERR  BrokerMessageListener] Catch exception during create session.
[2025-10-10 02:45:46Z ERR  BrokerMessageListener] GitHub.Services.WebApi.VssServiceResponseException: The resource cannot be found.
   at GitHub.Services.WebApi.VssHttpClientBase.HandleResponseAsync(HttpResponseMessage response, CancellationToken cancellationToken)
   at GitHub.Services.WebApi.VssHttpClientBase.SendAsync(HttpRequestMessage message, HttpCompletionOption completionOption, Object userState, CancellationToken cancellationToken)
   at GitHub.Services.WebApi.VssHttpClientBase.SendAsync[T](HttpRequestMessage message, Object userState, CancellationToken cancellationToken)
   at GitHub.Services.Location.Client.LocationHttpClient.GetConnectionDataAsync(ConnectOptions connectOptions, Int64 lastChangeId, CancellationToken cancellationToken, Object userState)
   at GitHub.Services.WebApi.Location.VssServerDataProvider.GetConnectionDataAsync(ConnectOptions connectOptions, Int32 lastChangeId, CancellationToken cancellationToken)
   at GitHub.Services.WebApi.Location.VssServerDataProvider.ConnectAsync(ConnectOptions connectOptions, CancellationToken cancellationToken)
   at GitHub.Runner.Common.RunnerService.EstablishVssConnection(Uri serverUrl, VssCredentials credentials, TimeSpan timeout)
   at GitHub.Runner.Common.RunnerServer.ConnectAsync(Uri serverUrl, VssCredentials credentials)
   at GitHub.Runner.Listener.BrokerMessageListener.CreateSessionAsync(CancellationToken token)
[2025-10-10 02:45:46Z INFO BrokerMessageListener] Retriable exception: The resource cannot be found.
[2025-10-10 02:45:46Z INFO BrokerMessageListener] Sleeping for 30 seconds before retrying.
[2025-10-10 02:46:16Z INFO BrokerMessageListener] Attempt to create session.
[2025-10-10 02:46:16Z INFO BrokerMessageListener] Connecting to the Broker Server...
[2025-10-10 02:46:16Z INFO ConfigurationStore] HasCredentials()
[2025-10-10 02:46:16Z INFO ConfigurationStore] stored True
[2025-10-10 02:46:16Z INFO CredentialManager] GetCredentialProvider
[2025-10-10 02:46:16Z INFO CredentialManager] Creating type OAuth
[2025-10-10 02:46:16Z INFO CredentialManager] Creating credential type: OAuth
[2025-10-10 02:46:16Z INFO RSAEncryptedFileKeyManager] Loading RSA key parameters from file G:\Brunella\actions-runner\.credentials_rsaparams
[2025-10-10 02:46:16Z INFO BrokerMessageListener] VssConnection created
[2025-10-10 02:46:16Z INFO BrokerMessageListener] Connecting to the Runner server...
[2025-10-10 02:46:16Z INFO RunnerServer] EstablishVssConnection
[2025-10-10 02:46:16Z INFO RunnerServer] Establish connection with 100 seconds timeout.
[2025-10-10 02:46:16Z INFO GitHubActionsService] Starting operation Location.GetConnectionData
[2025-10-10 02:46:16Z INFO RunnerServer] EstablishVssConnection
[2025-10-10 02:46:16Z INFO RunnerServer] Establish connection with 60 seconds timeout.
[2025-10-10 02:46:16Z INFO GitHubActionsService] Starting operation Location.GetConnectionData
[2025-10-10 02:46:16Z INFO RunnerServer] EstablishVssConnection
[2025-10-10 02:46:16Z INFO RunnerServer] Establish connection with 60 seconds timeout.
[2025-10-10 02:46:16Z INFO GitHubActionsService] Starting operation Location.GetConnectionData
[2025-10-10 02:46:16Z ERR  GitHubActionsService] GET request to https://pipelinesghubeus6.actions.githubusercontent.com/hKyNd5hzQTjPqVOxuFp9CyJ2tMUr8ytJJ9FfsFju3bqhBGI0lq/_apis/connectionData?connectOptions=1&lastChangeId=258625537&lastChangeId64=258625537 failed. HTTP Status: NotFound
[2025-10-10 02:46:16Z INFO GitHubActionsService] Finished operation Location.GetConnectionData
[2025-10-10 02:46:16Z INFO RunnerServer] Catch exception during connect. 4 attempt left.
[2025-10-10 02:46:16Z ERR  RunnerServer] GitHub.Services.WebApi.VssServiceResponseException: The resource cannot be found.
   at GitHub.Services.WebApi.VssHttpClientBase.HandleResponseAsync(HttpResponseMessage response, CancellationToken cancellationToken)
   at GitHub.Services.WebApi.VssHttpClientBase.SendAsync(HttpRequestMessage message, HttpCompletionOption completionOption, Object userState, CancellationToken cancellationToken)
   at GitHub.Services.WebApi.VssHttpClientBase.SendAsync[T](HttpRequestMessage message, Object userState, CancellationToken cancellationToken)
   at GitHub.Services.Location.Client.LocationHttpClient.GetConnectionDataAsync(ConnectOptions connectOptions, Int64 lastChangeId, CancellationToken cancellationToken, Object userState)
   at GitHub.Services.WebApi.Location.VssServerDataProvider.GetConnectionDataAsync(ConnectOptions connectOptions, Int32 lastChangeId, CancellationToken cancellationToken)
   at GitHub.Services.WebApi.Location.VssServerDataProvider.ConnectAsync(ConnectOptions connectOptions, CancellationToken cancellationToken)
   at GitHub.Runner.Common.RunnerService.EstablishVssConnection(Uri serverUrl, VssCredentials credentials, TimeSpan timeout)
[2025-10-10 02:46:16Z ERR  GitHubActionsService] GET request to https://pipelinesghubeus6.actions.githubusercontent.com/hKyNd5hzQTjPqVOxuFp9CyJ2tMUr8ytJJ9FfsFju3bqhBGI0lq/_apis/connectionData?connectOptions=1&lastChangeId=258625537&lastChangeId64=258625537 failed. HTTP Status: NotFound
[2025-10-10 02:46:16Z INFO GitHubActionsService] Finished operation Location.GetConnectionData
[2025-10-10 02:46:16Z INFO RunnerServer] Catch exception during connect. 4 attempt left.
[2025-10-10 02:46:16Z ERR  RunnerServer] GitHub.Services.WebApi.VssServiceResponseException: The resource cannot be found.
   at GitHub.Services.WebApi.VssHttpClientBase.HandleResponseAsync(HttpResponseMessage response, CancellationToken cancellationToken)
   at GitHub.Services.WebApi.VssHttpClientBase.SendAsync(HttpRequestMessage message, HttpCompletionOption completionOption, Object userState, CancellationToken cancellationToken)
   at GitHub.Services.WebApi.VssHttpClientBase.SendAsync[T](HttpRequestMessage message, Object userState, CancellationToken cancellationToken)
   at GitHub.Services.Location.Client.LocationHttpClient.GetConnectionDataAsync(ConnectOptions connectOptions, Int64 lastChangeId, CancellationToken cancellationToken, Object userState)
   at GitHub.Services.WebApi.Location.VssServerDataProvider.GetConnectionDataAsync(ConnectOptions connectOptions, Int32 lastChangeId, CancellationToken cancellationToken)
   at GitHub.Services.WebApi.Location.VssServerDataProvider.ConnectAsync(ConnectOptions connectOptions, CancellationToken cancellationToken)
   at GitHub.Runner.Common.RunnerService.EstablishVssConnection(Uri serverUrl, VssCredentials credentials, TimeSpan timeout)
[2025-10-10 02:46:16Z ERR  GitHubActionsService] GET request to https://pipelinesghubeus6.actions.githubusercontent.com/hKyNd5hzQTjPqVOxuFp9CyJ2tMUr8ytJJ9FfsFju3bqhBGI0lq/_apis/connectionData?connectOptions=1&lastChangeId=258625537&lastChangeId64=258625537 failed. HTTP Status: NotFound
[2025-10-10 02:46:16Z INFO GitHubActionsService] Finished operation Location.GetConnectionData
[2025-10-10 02:46:16Z INFO RunnerServer] Catch exception during connect. 4 attempt left.
[2025-10-10 02:46:16Z ERR  RunnerServer] GitHub.Services.WebApi.VssServiceResponseException: The resource cannot be found.
   at GitHub.Services.WebApi.VssHttpClientBase.HandleResponseAsync(HttpResponseMessage response, CancellationToken cancellationToken)
   at GitHub.Services.WebApi.VssHttpClientBase.SendAsync(HttpRequestMessage message, HttpCompletionOption completionOption, Object userState, CancellationToken cancellationToken)
   at GitHub.Services.WebApi.VssHttpClientBase.SendAsync[T](HttpRequestMessage message, Object userState, CancellationToken cancellationToken)
   at GitHub.Services.Location.Client.LocationHttpClient.GetConnectionDataAsync(ConnectOptions connectOptions, Int64 lastChangeId, CancellationToken cancellationToken, Object userState)
   at GitHub.Services.WebApi.Location.VssServerDataProvider.GetConnectionDataAsync(ConnectOptions connectOptions, Int32 lastChangeId, CancellationToken cancellationToken)
   at GitHub.Services.WebApi.Location.VssServerDataProvider.ConnectAsync(ConnectOptions connectOptions, CancellationToken cancellationToken)
   at GitHub.Runner.Common.RunnerService.EstablishVssConnection(Uri serverUrl, VssCredentials credentials, TimeSpan timeout)
[2025-10-10 02:46:16Z INFO GitHubActionsService] Starting operation Location.GetConnectionData
[2025-10-10 02:46:16Z INFO GitHubActionsService] Starting operation Location.GetConnectionData
[2025-10-10 02:46:16Z INFO GitHubActionsService] Starting operation Location.GetConnectionData
[2025-10-10 02:46:17Z ERR  GitHubActionsService] GET request to https://pipelinesghubeus6.actions.githubusercontent.com/hKyNd5hzQTjPqVOxuFp9CyJ2tMUr8ytJJ9FfsFju3bqhBGI0lq/_apis/connectionData?connectOptions=1&lastChangeId=258625537&lastChangeId64=258625537 failed. HTTP Status: NotFound
[2025-10-10 02:46:17Z INFO GitHubActionsService] Finished operation Location.GetConnectionData
[2025-10-10 02:46:17Z INFO RunnerServer] Catch exception during connect. 3 attempt left.
[2025-10-10 02:46:17Z ERR  RunnerServer] GitHub.Services.WebApi.VssServiceResponseException: The resource cannot be found.
   at GitHub.Services.WebApi.VssHttpClientBase.HandleResponseAsync(HttpResponseMessage response, CancellationToken cancellationToken)
   at GitHub.Services.WebApi.VssHttpClientBase.SendAsync(HttpRequestMessage message, HttpCompletionOption completionOption, Object userState, CancellationToken cancellationToken)
   at GitHub.Services.WebApi.VssHttpClientBase.SendAsync[T](HttpRequestMessage message, Object userState, CancellationToken cancellationToken)
   at GitHub.Services.Location.Client.LocationHttpClient.GetConnectionDataAsync(ConnectOptions connectOptions, Int64 lastChangeId, CancellationToken cancellationToken, Object userState)
   at GitHub.Services.WebApi.Location.VssServerDataProvider.GetConnectionDataAsync(ConnectOptions connectOptions, Int32 lastChangeId, CancellationToken cancellationToken)
   at GitHub.Services.WebApi.Location.VssServerDataProvider.ConnectAsync(ConnectOptions connectOptions, CancellationToken cancellationToken)
   at GitHub.Runner.Common.RunnerService.EstablishVssConnection(Uri serverUrl, VssCredentials credentials, TimeSpan timeout)
[2025-10-10 02:46:17Z ERR  GitHubActionsService] GET request to https://pipelinesghubeus6.actions.githubusercontent.com/hKyNd5hzQTjPqVOxuFp9CyJ2tMUr8ytJJ9FfsFju3bqhBGI0lq/_apis/connectionData?connectOptions=1&lastChangeId=258625537&lastChangeId64=258625537 failed. HTTP Status: NotFound
[2025-10-10 02:46:17Z ERR  GitHubActionsService] GET request to https://pipelinesghubeus6.actions.githubusercontent.com/hKyNd5hzQTjPqVOxuFp9CyJ2tMUr8ytJJ9FfsFju3bqhBGI0lq/_apis/connectionData?connectOptions=1&lastChangeId=258625537&lastChangeId64=258625537 failed. HTTP Status: NotFound
[2025-10-10 02:46:17Z INFO GitHubActionsService] Finished operation Location.GetConnectionData
[2025-10-10 02:46:17Z INFO GitHubActionsService] Finished operation Location.GetConnectionData
[2025-10-10 02:46:17Z INFO RunnerServer] Catch exception during connect. 3 attempt left.
[2025-10-10 02:46:17Z INFO RunnerServer] Catch exception during connect. 3 attempt left.
[2025-10-10 02:46:17Z ERR  RunnerServer] GitHub.Services.WebApi.VssServiceResponseException: The resource cannot be found.
   at GitHub.Services.WebApi.VssHttpClientBase.HandleResponseAsync(HttpResponseMessage response, CancellationToken cancellationToken)
   at GitHub.Services.WebApi.VssHttpClientBase.SendAsync(HttpRequestMessage message, HttpCompletionOption completionOption, Object userState, CancellationToken cancellationToken)
   at GitHub.Services.WebApi.VssHttpClientBase.SendAsync[T](HttpRequestMessage message, Object userState, CancellationToken cancellationToken)
   at GitHub.Services.Location.Client.LocationHttpClient.GetConnectionDataAsync(ConnectOptions connectOptions, Int64 lastChangeId, CancellationToken cancellationToken, Object userState)
   at GitHub.Services.WebApi.Location.VssServerDataProvider.GetConnectionDataAsync(ConnectOptions connectOptions, Int32 lastChangeId, CancellationToken cancellationToken)
   at GitHub.Services.WebApi.Location.VssServerDataProvider.ConnectAsync(ConnectOptions connectOptions, CancellationToken cancellationToken)
   at GitHub.Runner.Common.RunnerService.EstablishVssConnection(Uri serverUrl, VssCredentials credentials, TimeSpan timeout)
[2025-10-10 02:46:17Z ERR  RunnerServer] GitHub.Services.WebApi.VssServiceResponseException: The resource cannot be found.
   at GitHub.Services.WebApi.VssHttpClientBase.HandleResponseAsync(HttpResponseMessage response, CancellationToken cancellationToken)
   at GitHub.Services.WebApi.VssHttpClientBase.SendAsync(HttpRequestMessage message, HttpCompletionOption completionOption, Object userState, CancellationToken cancellationToken)
   at GitHub.Services.WebApi.VssHttpClientBase.SendAsync[T](HttpRequestMessage message, Object userState, CancellationToken cancellationToken)
   at GitHub.Services.Location.Client.LocationHttpClient.GetConnectionDataAsync(ConnectOptions connectOptions, Int64 lastChangeId, CancellationToken cancellationToken, Object userState)
   at GitHub.Services.WebApi.Location.VssServerDataProvider.GetConnectionDataAsync(ConnectOptions connectOptions, Int32 lastChangeId, CancellationToken cancellationToken)
   at GitHub.Services.WebApi.Location.VssServerDataProvider.ConnectAsync(ConnectOptions connectOptions, CancellationToken cancellationToken)
   at GitHub.Runner.Common.RunnerService.EstablishVssConnection(Uri serverUrl, VssCredentials credentials, TimeSpan timeout)
[2025-10-10 02:46:17Z INFO GitHubActionsService] Starting operation Location.GetConnectionData
[2025-10-10 02:46:17Z INFO GitHubActionsService] Starting operation Location.GetConnectionData
[2025-10-10 02:46:17Z INFO GitHubActionsService] Starting operation Location.GetConnectionData
[2025-10-10 02:46:18Z ERR  GitHubActionsService] GET request to https://pipelinesghubeus6.actions.githubusercontent.com/hKyNd5hzQTjPqVOxuFp9CyJ2tMUr8ytJJ9FfsFju3bqhBGI0lq/_apis/connectionData?connectOptions=1&lastChangeId=258625537&lastChangeId64=258625537 failed. HTTP Status: NotFound
[2025-10-10 02:46:18Z INFO GitHubActionsService] Finished operation Location.GetConnectionData
[2025-10-10 02:46:18Z INFO RunnerServer] Catch exception during connect. 2 attempt left.
[2025-10-10 02:46:18Z ERR  RunnerServer] GitHub.Services.WebApi.VssServiceResponseException: The resource cannot be found.
   at GitHub.Services.WebApi.VssHttpClientBase.HandleResponseAsync(HttpResponseMessage response, CancellationToken cancellationToken)
   at GitHub.Services.WebApi.VssHttpClientBase.SendAsync(HttpRequestMessage message, HttpCompletionOption completionOption, Object userState, CancellationToken cancellationToken)
   at GitHub.Services.WebApi.VssHttpClientBase.SendAsync[T](HttpRequestMessage message, Object userState, CancellationToken cancellationToken)
   at GitHub.Services.Location.Client.LocationHttpClient.GetConnectionDataAsync(ConnectOptions connectOptions, Int64 lastChangeId, CancellationToken cancellationToken, Object userState)
   at GitHub.Services.WebApi.Location.VssServerDataProvider.GetConnectionDataAsync(ConnectOptions connectOptions, Int32 lastChangeId, CancellationToken cancellationToken)
   at GitHub.Services.WebApi.Location.VssServerDataProvider.ConnectAsync(ConnectOptions connectOptions, CancellationToken cancellationToken)
   at GitHub.Runner.Common.RunnerService.EstablishVssConnection(Uri serverUrl, VssCredentials credentials, TimeSpan timeout)
[2025-10-10 02:46:18Z ERR  GitHubActionsService] GET request to https://pipelinesghubeus6.actions.githubusercontent.com/hKyNd5hzQTjPqVOxuFp9CyJ2tMUr8ytJJ9FfsFju3bqhBGI0lq/_apis/connectionData?connectOptions=1&lastChangeId=258625537&lastChangeId64=258625537 failed. HTTP Status: NotFound
[2025-10-10 02:46:18Z INFO GitHubActionsService] Finished operation Location.GetConnectionData
[2025-10-10 02:46:18Z INFO RunnerServer] Catch exception during connect. 2 attempt left.
[2025-10-10 02:46:18Z ERR  RunnerServer] GitHub.Services.WebApi.VssServiceResponseException: The resource cannot be found.
   at GitHub.Services.WebApi.VssHttpClientBase.HandleResponseAsync(HttpResponseMessage response, CancellationToken cancellationToken)
   at GitHub.Services.WebApi.VssHttpClientBase.SendAsync(HttpRequestMessage message, HttpCompletionOption completionOption, Object userState, CancellationToken cancellationToken)
   at GitHub.Services.WebApi.VssHttpClientBase.SendAsync[T](HttpRequestMessage message, Object userState, CancellationToken cancellationToken)
   at GitHub.Services.Location.Client.LocationHttpClient.GetConnectionDataAsync(ConnectOptions connectOptions, Int64 lastChangeId, CancellationToken cancellationToken, Object userState)
   at GitHub.Services.WebApi.Location.VssServerDataProvider.GetConnectionDataAsync(ConnectOptions connectOptions, Int32 lastChangeId, CancellationToken cancellationToken)
   at GitHub.Services.WebApi.Location.VssServerDataProvider.ConnectAsync(ConnectOptions connectOptions, CancellationToken cancellationToken)
   at GitHub.Runner.Common.RunnerService.EstablishVssConnection(Uri serverUrl, VssCredentials credentials, TimeSpan timeout)
[2025-10-10 02:46:18Z ERR  GitHubActionsService] GET request to https://pipelinesghubeus6.actions.githubusercontent.com/hKyNd5hzQTjPqVOxuFp9CyJ2tMUr8ytJJ9FfsFju3bqhBGI0lq/_apis/connectionData?connectOptions=1&lastChangeId=258625537&lastChangeId64=258625537 failed. HTTP Status: NotFound
[2025-10-10 02:46:18Z INFO GitHubActionsService] Finished operation Location.GetConnectionData
[2025-10-10 02:46:18Z INFO RunnerServer] Catch exception during connect. 2 attempt left.
[2025-10-10 02:46:18Z ERR  RunnerServer] GitHub.Services.WebApi.VssServiceResponseException: The resource cannot be found.
   at GitHub.Services.WebApi.VssHttpClientBase.HandleResponseAsync(HttpResponseMessage response, CancellationToken cancellationToken)
   at GitHub.Services.WebApi.VssHttpClientBase.SendAsync(HttpRequestMessage message, HttpCompletionOption completionOption, Object userState, CancellationToken cancellationToken)
   at GitHub.Services.WebApi.VssHttpClientBase.SendAsync[T](HttpRequestMessage message, Object userState, CancellationToken cancellationToken)
   at GitHub.Services.Location.Client.LocationHttpClient.GetConnectionDataAsync(ConnectOptions connectOptions, Int64 lastChangeId, CancellationToken cancellationToken, Object userState)
   at GitHub.Services.WebApi.Location.VssServerDataProvider.GetConnectionDataAsync(ConnectOptions connectOptions, Int32 lastChangeId, CancellationToken cancellationToken)
   at GitHub.Services.WebApi.Location.VssServerDataProvider.ConnectAsync(ConnectOptions connectOptions, CancellationToken cancellationToken)
   at GitHub.Runner.Common.RunnerService.EstablishVssConnection(Uri serverUrl, VssCredentials credentials, TimeSpan timeout)
[2025-10-10 02:46:18Z INFO GitHubActionsService] Starting operation Location.GetConnectionData
[2025-10-10 02:46:18Z INFO GitHubActionsService] Starting operation Location.GetConnectionData
[2025-10-10 02:46:18Z INFO GitHubActionsService] Starting operation Location.GetConnectionData
[2025-10-10 02:46:19Z ERR  GitHubActionsService] GET request to https://pipelinesghubeus6.actions.githubusercontent.com/hKyNd5hzQTjPqVOxuFp9CyJ2tMUr8ytJJ9FfsFju3bqhBGI0lq/_apis/connectionData?connectOptions=1&lastChangeId=258625537&lastChangeId64=258625537 failed. HTTP Status: NotFound
[2025-10-10 02:46:19Z INFO GitHubActionsService] Finished operation Location.GetConnectionData
[2025-10-10 02:46:19Z INFO RunnerServer] Catch exception during connect. 1 attempt left.
[2025-10-10 02:46:19Z ERR  RunnerServer] GitHub.Services.WebApi.VssServiceResponseException: The resource cannot be found.
   at GitHub.Services.WebApi.VssHttpClientBase.HandleResponseAsync(HttpResponseMessage response, CancellationToken cancellationToken)
   at GitHub.Services.WebApi.VssHttpClientBase.SendAsync(HttpRequestMessage message, HttpCompletionOption completionOption, Object userState, CancellationToken cancellationToken)
   at GitHub.Services.WebApi.VssHttpClientBase.SendAsync[T](HttpRequestMessage message, Object userState, CancellationToken cancellationToken)
   at GitHub.Services.Location.Client.LocationHttpClient.GetConnectionDataAsync(ConnectOptions connectOptions, Int64 lastChangeId, CancellationToken cancellationToken, Object userState)
   at GitHub.Services.WebApi.Location.VssServerDataProvider.GetConnectionDataAsync(ConnectOptions connectOptions, Int32 lastChangeId, CancellationToken cancellationToken)
   at GitHub.Services.WebApi.Location.VssServerDataProvider.ConnectAsync(ConnectOptions connectOptions, CancellationToken cancellationToken)
   at GitHub.Runner.Common.RunnerService.EstablishVssConnection(Uri serverUrl, VssCredentials credentials, TimeSpan timeout)
[2025-10-10 02:46:19Z ERR  GitHubActionsService] GET request to https://pipelinesghubeus6.actions.githubusercontent.com/hKyNd5hzQTjPqVOxuFp9CyJ2tMUr8ytJJ9FfsFju3bqhBGI0lq/_apis/connectionData?connectOptions=1&lastChangeId=258625537&lastChangeId64=258625537 failed. HTTP Status: NotFound
[2025-10-10 02:46:19Z INFO GitHubActionsService] Finished operation Location.GetConnectionData
[2025-10-10 02:46:19Z INFO RunnerServer] Catch exception during connect. 1 attempt left.
[2025-10-10 02:46:19Z ERR  RunnerServer] GitHub.Services.WebApi.VssServiceResponseException: The resource cannot be found.
   at GitHub.Services.WebApi.VssHttpClientBase.HandleResponseAsync(HttpResponseMessage response, CancellationToken cancellationToken)
   at GitHub.Services.WebApi.VssHttpClientBase.SendAsync(HttpRequestMessage message, HttpCompletionOption completionOption, Object userState, CancellationToken cancellationToken)
   at GitHub.Services.WebApi.VssHttpClientBase.SendAsync[T](HttpRequestMessage message, Object userState, CancellationToken cancellationToken)
   at GitHub.Services.Location.Client.LocationHttpClient.GetConnectionDataAsync(ConnectOptions connectOptions, Int64 lastChangeId, CancellationToken cancellationToken, Object userState)
   at GitHub.Services.WebApi.Location.VssServerDataProvider.GetConnectionDataAsync(ConnectOptions connectOptions, Int32 lastChangeId, CancellationToken cancellationToken)
   at GitHub.Services.WebApi.Location.VssServerDataProvider.ConnectAsync(ConnectOptions connectOptions, CancellationToken cancellationToken)
   at GitHub.Runner.Common.RunnerService.EstablishVssConnection(Uri serverUrl, VssCredentials credentials, TimeSpan timeout)
[2025-10-10 02:46:19Z ERR  GitHubActionsService] GET request to https://pipelinesghubeus6.actions.githubusercontent.com/hKyNd5hzQTjPqVOxuFp9CyJ2tMUr8ytJJ9FfsFju3bqhBGI0lq/_apis/connectionData?connectOptions=1&lastChangeId=258625537&lastChangeId64=258625537 failed. HTTP Status: NotFound
[2025-10-10 02:46:19Z INFO GitHubActionsService] Finished operation Location.GetConnectionData
[2025-10-10 02:46:19Z INFO RunnerServer] Catch exception during connect. 1 attempt left.
[2025-10-10 02:46:19Z ERR  RunnerServer] GitHub.Services.WebApi.VssServiceResponseException: The resource cannot be found.
   at GitHub.Services.WebApi.VssHttpClientBase.HandleResponseAsync(HttpResponseMessage response, CancellationToken cancellationToken)
   at GitHub.Services.WebApi.VssHttpClientBase.SendAsync(HttpRequestMessage message, HttpCompletionOption completionOption, Object userState, CancellationToken cancellationToken)
   at GitHub.Services.WebApi.VssHttpClientBase.SendAsync[T](HttpRequestMessage message, Object userState, CancellationToken cancellationToken)
   at GitHub.Services.Location.Client.LocationHttpClient.GetConnectionDataAsync(ConnectOptions connectOptions, Int64 lastChangeId, CancellationToken cancellationToken, Object userState)
   at GitHub.Services.WebApi.Location.VssServerDataProvider.GetConnectionDataAsync(ConnectOptions connectOptions, Int32 lastChangeId, CancellationToken cancellationToken)
   at GitHub.Services.WebApi.Location.VssServerDataProvider.ConnectAsync(ConnectOptions connectOptions, CancellationToken cancellationToken)
   at GitHub.Runner.Common.RunnerService.EstablishVssConnection(Uri serverUrl, VssCredentials credentials, TimeSpan timeout)
[2025-10-10 02:46:19Z INFO GitHubActionsService] Starting operation Location.GetConnectionData
[2025-10-10 02:46:19Z INFO GitHubActionsService] Starting operation Location.GetConnectionData
[2025-10-10 02:46:19Z INFO GitHubActionsService] Starting operation Location.GetConnectionData
[2025-10-10 02:46:19Z ERR  GitHubActionsService] GET request to https://pipelinesghubeus6.actions.githubusercontent.com/hKyNd5hzQTjPqVOxuFp9CyJ2tMUr8ytJJ9FfsFju3bqhBGI0lq/_apis/connectionData?connectOptions=1&lastChangeId=258625537&lastChangeId64=258625537 failed. HTTP Status: NotFound
[2025-10-10 02:46:19Z INFO GitHubActionsService] Finished operation Location.GetConnectionData
[2025-10-10 02:46:19Z ERR  GitHubActionsService] GET request to https://pipelinesghubeus6.actions.githubusercontent.com/hKyNd5hzQTjPqVOxuFp9CyJ2tMUr8ytJJ9FfsFju3bqhBGI0lq/_apis/connectionData?connectOptions=1&lastChangeId=258625537&lastChangeId64=258625537 failed. HTTP Status: NotFound
[2025-10-10 02:46:19Z INFO GitHubActionsService] Finished operation Location.GetConnectionData
[2025-10-10 02:46:19Z ERR  GitHubActionsService] GET request to https://pipelinesghubeus6.actions.githubusercontent.com/hKyNd5hzQTjPqVOxuFp9CyJ2tMUr8ytJJ9FfsFju3bqhBGI0lq/_apis/connectionData?connectOptions=1&lastChangeId=258625537&lastChangeId64=258625537 failed. HTTP Status: NotFound
[2025-10-10 02:46:19Z INFO GitHubActionsService] Finished operation Location.GetConnectionData
[2025-10-10 02:46:19Z ERR  BrokerMessageListener] Catch exception during create session.
[2025-10-10 02:46:19Z ERR  BrokerMessageListener] GitHub.Services.WebApi.VssServiceResponseException: The resource cannot be found.
   at GitHub.Services.WebApi.VssHttpClientBase.HandleResponseAsync(HttpResponseMessage response, CancellationToken cancellationToken)
   at GitHub.Services.WebApi.VssHttpClientBase.SendAsync(HttpRequestMessage message, HttpCompletionOption completionOption, Object userState, CancellationToken cancellationToken)
   at GitHub.Services.WebApi.VssHttpClientBase.SendAsync[T](HttpRequestMessage message, Object userState, CancellationToken cancellationToken)
   at GitHub.Services.Location.Client.LocationHttpClient.GetConnectionDataAsync(ConnectOptions connectOptions, Int64 lastChangeId, CancellationToken cancellationToken, Object userState)
   at GitHub.Services.WebApi.Location.VssServerDataProvider.GetConnectionDataAsync(ConnectOptions connectOptions, Int32 lastChangeId, CancellationToken cancellationToken)
   at GitHub.Services.WebApi.Location.VssServerDataProvider.ConnectAsync(ConnectOptions connectOptions, CancellationToken cancellationToken)
   at GitHub.Runner.Common.RunnerService.EstablishVssConnection(Uri serverUrl, VssCredentials credentials, TimeSpan timeout)
   at GitHub.Runner.Common.RunnerServer.ConnectAsync(Uri serverUrl, VssCredentials credentials)
   at GitHub.Runner.Listener.BrokerMessageListener.CreateSessionAsync(CancellationToken token)
[2025-10-10 02:46:19Z INFO BrokerMessageListener] Retriable exception: The resource cannot be found.
[2025-10-10 02:46:19Z INFO BrokerMessageListener] Sleeping for 30 seconds before retrying.
[2025-10-10 02:46:49Z INFO BrokerMessageListener] Attempt to create session.
[2025-10-10 02:46:49Z INFO BrokerMessageListener] Connecting to the Broker Server...
[2025-10-10 02:46:49Z INFO ConfigurationStore] HasCredentials()
[2025-10-10 02:46:49Z INFO ConfigurationStore] stored True
[2025-10-10 02:46:49Z INFO CredentialManager] GetCredentialProvider
[2025-10-10 02:46:49Z INFO CredentialManager] Creating type OAuth
[2025-10-10 02:46:49Z INFO CredentialManager] Creating credential type: OAuth
[2025-10-10 02:46:49Z INFO RSAEncryptedFileKeyManager] Loading RSA key parameters from file G:\Brunella\actions-runner\.credentials_rsaparams
[2025-10-10 02:46:49Z INFO BrokerMessageListener] VssConnection created
[2025-10-10 02:46:49Z INFO BrokerMessageListener] Connecting to the Runner server...
[2025-10-10 02:46:49Z INFO RunnerServer] EstablishVssConnection
[2025-10-10 02:46:49Z INFO RunnerServer] Establish connection with 100 seconds timeout.
[2025-10-10 02:46:49Z INFO GitHubActionsService] Starting operation Location.GetConnectionData
[2025-10-10 02:46:49Z INFO RunnerServer] EstablishVssConnection
[2025-10-10 02:46:49Z INFO RunnerServer] Establish connection with 60 seconds timeout.
[2025-10-10 02:46:49Z INFO GitHubActionsService] Starting operation Location.GetConnectionData
[2025-10-10 02:46:49Z INFO RunnerServer] EstablishVssConnection
[2025-10-10 02:46:49Z INFO RunnerServer] Establish connection with 60 seconds timeout.
[2025-10-10 02:46:49Z INFO GitHubActionsService] Starting operation Location.GetConnectionData
[2025-10-10 02:46:50Z ERR  GitHubActionsService] GET request to https://pipelinesghubeus6.actions.githubusercontent.com/hKyNd5hzQTjPqVOxuFp9CyJ2tMUr8ytJJ9FfsFju3bqhBGI0lq/_apis/connectionData?connectOptions=1&lastChangeId=258625537&lastChangeId64=258625537 failed. HTTP Status: NotFound
[2025-10-10 02:46:50Z INFO GitHubActionsService] Finished operation Location.GetConnectionData
[2025-10-10 02:46:50Z INFO RunnerServer] Catch exception during connect. 4 attempt left.
[2025-10-10 02:46:50Z ERR  RunnerServer] GitHub.Services.WebApi.VssServiceResponseException: The resource cannot be found.
   at GitHub.Services.WebApi.VssHttpClientBase.HandleResponseAsync(HttpResponseMessage response, CancellationToken cancellationToken)
   at GitHub.Services.WebApi.VssHttpClientBase.SendAsync(HttpRequestMessage message, HttpCompletionOption completionOption, Object userState, CancellationToken cancellationToken)
   at GitHub.Services.WebApi.VssHttpClientBase.SendAsync[T](HttpRequestMessage message, Object userState, CancellationToken cancellationToken)
   at GitHub.Services.Location.Client.LocationHttpClient.GetConnectionDataAsync(ConnectOptions connectOptions, Int64 lastChangeId, CancellationToken cancellationToken, Object userState)
   at GitHub.Services.WebApi.Location.VssServerDataProvider.GetConnectionDataAsync(ConnectOptions connectOptions, Int32 lastChangeId, CancellationToken cancellationToken)
   at GitHub.Services.WebApi.Location.VssServerDataProvider.ConnectAsync(ConnectOptions connectOptions, CancellationToken cancellationToken)
   at GitHub.Runner.Common.RunnerService.EstablishVssConnection(Uri serverUrl, VssCredentials credentials, TimeSpan timeout)
[2025-10-10 02:46:50Z INFO GitHubActionsService] Starting operation Location.GetConnectionData
[2025-10-10 02:46:50Z ERR  GitHubActionsService] GET request to https://pipelinesghubeus6.actions.githubusercontent.com/hKyNd5hzQTjPqVOxuFp9CyJ2tMUr8ytJJ9FfsFju3bqhBGI0lq/_apis/connectionData?connectOptions=1&lastChangeId=258625537&lastChangeId64=258625537 failed. HTTP Status: NotFound
[2025-10-10 02:46:50Z INFO GitHubActionsService] Finished operation Location.GetConnectionData
[2025-10-10 02:46:50Z INFO RunnerServer] Catch exception during connect. 4 attempt left.
[2025-10-10 02:46:50Z ERR  RunnerServer] GitHub.Services.WebApi.VssServiceResponseException: The resource cannot be found.
   at GitHub.Services.WebApi.VssHttpClientBase.HandleResponseAsync(HttpResponseMessage response, CancellationToken cancellationToken)
   at GitHub.Services.WebApi.VssHttpClientBase.SendAsync(HttpRequestMessage message, HttpCompletionOption completionOption, Object userState, CancellationToken cancellationToken)
   at GitHub.Services.WebApi.VssHttpClientBase.SendAsync[T](HttpRequestMessage message, Object userState, CancellationToken cancellationToken)
   at GitHub.Services.Location.Client.LocationHttpClient.GetConnectionDataAsync(ConnectOptions connectOptions, Int64 lastChangeId, CancellationToken cancellationToken, Object userState)
   at GitHub.Services.WebApi.Location.VssServerDataProvider.GetConnectionDataAsync(ConnectOptions connectOptions, Int32 lastChangeId, CancellationToken cancellationToken)
   at GitHub.Services.WebApi.Location.VssServerDataProvider.ConnectAsync(ConnectOptions connectOptions, CancellationToken cancellationToken)
   at GitHub.Runner.Common.RunnerService.EstablishVssConnection(Uri serverUrl, VssCredentials credentials, TimeSpan timeout)
[2025-10-10 02:46:50Z ERR  GitHubActionsService] GET request to https://pipelinesghubeus6.actions.githubusercontent.com/hKyNd5hzQTjPqVOxuFp9CyJ2tMUr8ytJJ9FfsFju3bqhBGI0lq/_apis/connectionData?connectOptions=1&lastChangeId=258625537&lastChangeId64=258625537 failed. HTTP Status: NotFound
[2025-10-10 02:46:50Z INFO GitHubActionsService] Finished operation Location.GetConnectionData
[2025-10-10 02:46:50Z INFO RunnerServer] Catch exception during connect. 4 attempt left.
[2025-10-10 02:46:50Z ERR  RunnerServer] GitHub.Services.WebApi.VssServiceResponseException: The resource cannot be found.
   at GitHub.Services.WebApi.VssHttpClientBase.HandleResponseAsync(HttpResponseMessage response, CancellationToken cancellationToken)
   at GitHub.Services.WebApi.VssHttpClientBase.SendAsync(HttpRequestMessage message, HttpCompletionOption completionOption, Object userState, CancellationToken cancellationToken)
   at GitHub.Services.WebApi.VssHttpClientBase.SendAsync[T](HttpRequestMessage message, Object userState, CancellationToken cancellationToken)
   at GitHub.Services.Location.Client.LocationHttpClient.GetConnectionDataAsync(ConnectOptions connectOptions, Int64 lastChangeId, CancellationToken cancellationToken, Object userState)
   at GitHub.Services.WebApi.Location.VssServerDataProvider.GetConnectionDataAsync(ConnectOptions connectOptions, Int32 lastChangeId, CancellationToken cancellationToken)
   at GitHub.Services.WebApi.Location.VssServerDataProvider.ConnectAsync(ConnectOptions connectOptions, CancellationToken cancellationToken)
   at GitHub.Runner.Common.RunnerService.EstablishVssConnection(Uri serverUrl, VssCredentials credentials, TimeSpan timeout)
[2025-10-10 02:46:50Z INFO GitHubActionsService] Starting operation Location.GetConnectionData
[2025-10-10 02:46:50Z INFO GitHubActionsService] Starting operation Location.GetConnectionData
[2025-10-10 02:46:51Z ERR  GitHubActionsService] GET request to https://pipelinesghubeus6.actions.githubusercontent.com/hKyNd5hzQTjPqVOxuFp9CyJ2tMUr8ytJJ9FfsFju3bqhBGI0lq/_apis/connectionData?connectOptions=1&lastChangeId=258625537&lastChangeId64=258625537 failed. HTTP Status: NotFound
[2025-10-10 02:46:51Z INFO GitHubActionsService] Finished operation Location.GetConnectionData
[2025-10-10 02:46:51Z INFO RunnerServer] Catch exception during connect. 3 attempt left.
[2025-10-10 02:46:51Z ERR  RunnerServer] GitHub.Services.WebApi.VssServiceResponseException: The resource cannot be found.
   at GitHub.Services.WebApi.VssHttpClientBase.HandleResponseAsync(HttpResponseMessage response, CancellationToken cancellationToken)
   at GitHub.Services.WebApi.VssHttpClientBase.SendAsync(HttpRequestMessage message, HttpCompletionOption completionOption, Object userState, CancellationToken cancellationToken)
   at GitHub.Services.WebApi.VssHttpClientBase.SendAsync[T](HttpRequestMessage message, Object userState, CancellationToken cancellationToken)
   at GitHub.Services.Location.Client.LocationHttpClient.GetConnectionDataAsync(ConnectOptions connectOptions, Int64 lastChangeId, CancellationToken cancellationToken, Object userState)
   at GitHub.Services.WebApi.Location.VssServerDataProvider.GetConnectionDataAsync(ConnectOptions connectOptions, Int32 lastChangeId, CancellationToken cancellationToken)
   at GitHub.Services.WebApi.Location.VssServerDataProvider.ConnectAsync(ConnectOptions connectOptions, CancellationToken cancellationToken)
   at GitHub.Runner.Common.RunnerService.EstablishVssConnection(Uri serverUrl, VssCredentials credentials, TimeSpan timeout)
[2025-10-10 02:46:51Z ERR  GitHubActionsService] GET request to https://pipelinesghubeus6.actions.githubusercontent.com/hKyNd5hzQTjPqVOxuFp9CyJ2tMUr8ytJJ9FfsFju3bqhBGI0lq/_apis/connectionData?connectOptions=1&lastChangeId=258625537&lastChangeId64=258625537 failed. HTTP Status: NotFound
[2025-10-10 02:46:51Z INFO GitHubActionsService] Finished operation Location.GetConnectionData
[2025-10-10 02:46:51Z INFO RunnerServer] Catch exception during connect. 3 attempt left.
[2025-10-10 02:46:51Z ERR  RunnerServer] GitHub.Services.WebApi.VssServiceResponseException: The resource cannot be found.
   at GitHub.Services.WebApi.VssHttpClientBase.HandleResponseAsync(HttpResponseMessage response, CancellationToken cancellationToken)
   at GitHub.Services.WebApi.VssHttpClientBase.SendAsync(HttpRequestMessage message, HttpCompletionOption completionOption, Object userState, CancellationToken cancellationToken)
   at GitHub.Services.WebApi.VssHttpClientBase.SendAsync[T](HttpRequestMessage message, Object userState, CancellationToken cancellationToken)
   at GitHub.Services.Location.Client.LocationHttpClient.GetConnectionDataAsync(ConnectOptions connectOptions, Int64 lastChangeId, CancellationToken cancellationToken, Object userState)
   at GitHub.Services.WebApi.Location.VssServerDataProvider.GetConnectionDataAsync(ConnectOptions connectOptions, Int32 lastChangeId, CancellationToken cancellationToken)
   at GitHub.Services.WebApi.Location.VssServerDataProvider.ConnectAsync(ConnectOptions connectOptions, CancellationToken cancellationToken)
   at GitHub.Runner.Common.RunnerService.EstablishVssConnection(Uri serverUrl, VssCredentials credentials, TimeSpan timeout)
[2025-10-10 02:46:51Z ERR  GitHubActionsService] GET request to https://pipelinesghubeus6.actions.githubusercontent.com/hKyNd5hzQTjPqVOxuFp9CyJ2tMUr8ytJJ9FfsFju3bqhBGI0lq/_apis/connectionData?connectOptions=1&lastChangeId=258625537&lastChangeId64=258625537 failed. HTTP Status: NotFound
[2025-10-10 02:46:51Z INFO GitHubActionsService] Finished operation Location.GetConnectionData
[2025-10-10 02:46:51Z INFO RunnerServer] Catch exception during connect. 3 attempt left.
[2025-10-10 02:46:51Z ERR  RunnerServer] GitHub.Services.WebApi.VssServiceResponseException: The resource cannot be found.
   at GitHub.Services.WebApi.VssHttpClientBase.HandleResponseAsync(HttpResponseMessage response, CancellationToken cancellationToken)
   at GitHub.Services.WebApi.VssHttpClientBase.SendAsync(HttpRequestMessage message, HttpCompletionOption completionOption, Object userState, CancellationToken cancellationToken)
   at GitHub.Services.WebApi.VssHttpClientBase.SendAsync[T](HttpRequestMessage message, Object userState, CancellationToken cancellationToken)
   at GitHub.Services.Location.Client.LocationHttpClient.GetConnectionDataAsync(ConnectOptions connectOptions, Int64 lastChangeId, CancellationToken cancellationToken, Object userState)
   at GitHub.Services.WebApi.Location.VssServerDataProvider.GetConnectionDataAsync(ConnectOptions connectOptions, Int32 lastChangeId, CancellationToken cancellationToken)
   at GitHub.Services.WebApi.Location.VssServerDataProvider.ConnectAsync(ConnectOptions connectOptions, CancellationToken cancellationToken)
   at GitHub.Runner.Common.RunnerService.EstablishVssConnection(Uri serverUrl, VssCredentials credentials, TimeSpan timeout)
[2025-10-10 02:46:51Z INFO GitHubActionsService] Starting operation Location.GetConnectionData
[2025-10-10 02:46:51Z INFO GitHubActionsService] Starting operation Location.GetConnectionData
[2025-10-10 02:46:51Z INFO GitHubActionsService] Starting operation Location.GetConnectionData
[2025-10-10 02:46:51Z ERR  GitHubActionsService] GET request to https://pipelinesghubeus6.actions.githubusercontent.com/hKyNd5hzQTjPqVOxuFp9CyJ2tMUr8ytJJ9FfsFju3bqhBGI0lq/_apis/connectionData?connectOptions=1&lastChangeId=258625537&lastChangeId64=258625537 failed. HTTP Status: NotFound
[2025-10-10 02:46:51Z INFO GitHubActionsService] Finished operation Location.GetConnectionData
[2025-10-10 02:46:51Z INFO RunnerServer] Catch exception during connect. 2 attempt left.
[2025-10-10 02:46:51Z ERR  RunnerServer] GitHub.Services.WebApi.VssServiceResponseException: The resource cannot be found.
   at GitHub.Services.WebApi.VssHttpClientBase.HandleResponseAsync(HttpResponseMessage response, CancellationToken cancellationToken)
   at GitHub.Services.WebApi.VssHttpClientBase.SendAsync(HttpRequestMessage message, HttpCompletionOption completionOption, Object userState, CancellationToken cancellationToken)
   at GitHub.Services.WebApi.VssHttpClientBase.SendAsync[T](HttpRequestMessage message, Object userState, CancellationToken cancellationToken)
   at GitHub.Services.Location.Client.LocationHttpClient.GetConnectionDataAsync(ConnectOptions connectOptions, Int64 lastChangeId, CancellationToken cancellationToken, Object userState)
   at GitHub.Services.WebApi.Location.VssServerDataProvider.GetConnectionDataAsync(ConnectOptions connectOptions, Int32 lastChangeId, CancellationToken cancellationToken)
   at GitHub.Services.WebApi.Location.VssServerDataProvider.ConnectAsync(ConnectOptions connectOptions, CancellationToken cancellationToken)
   at GitHub.Runner.Common.RunnerService.EstablishVssConnection(Uri serverUrl, VssCredentials credentials, TimeSpan timeout)
[2025-10-10 02:46:51Z ERR  GitHubActionsService] GET request to https://pipelinesghubeus6.actions.githubusercontent.com/hKyNd5hzQTjPqVOxuFp9CyJ2tMUr8ytJJ9FfsFju3bqhBGI0lq/_apis/connectionData?connectOptions=1&lastChangeId=258625537&lastChangeId64=258625537 failed. HTTP Status: NotFound
[2025-10-10 02:46:51Z INFO GitHubActionsService] Finished operation Location.GetConnectionData
[2025-10-10 02:46:51Z INFO RunnerServer] Catch exception during connect. 2 attempt left.
[2025-10-10 02:46:51Z ERR  RunnerServer] GitHub.Services.WebApi.VssServiceResponseException: The resource cannot be found.
   at GitHub.Services.WebApi.VssHttpClientBase.HandleResponseAsync(HttpResponseMessage response, CancellationToken cancellationToken)
   at GitHub.Services.WebApi.VssHttpClientBase.SendAsync(HttpRequestMessage message, HttpCompletionOption completionOption, Object userState, CancellationToken cancellationToken)
   at GitHub.Services.WebApi.VssHttpClientBase.SendAsync[T](HttpRequestMessage message, Object userState, CancellationToken cancellationToken)
   at GitHub.Services.Location.Client.LocationHttpClient.GetConnectionDataAsync(ConnectOptions connectOptions, Int64 lastChangeId, CancellationToken cancellationToken, Object userState)
   at GitHub.Services.WebApi.Location.VssServerDataProvider.GetConnectionDataAsync(ConnectOptions connectOptions, Int32 lastChangeId, CancellationToken cancellationToken)
   at GitHub.Services.WebApi.Location.VssServerDataProvider.ConnectAsync(ConnectOptions connectOptions, CancellationToken cancellationToken)
   at GitHub.Runner.Common.RunnerService.EstablishVssConnection(Uri serverUrl, VssCredentials credentials, TimeSpan timeout)
[2025-10-10 02:46:52Z ERR  GitHubActionsService] GET request to https://pipelinesghubeus6.actions.githubusercontent.com/hKyNd5hzQTjPqVOxuFp9CyJ2tMUr8ytJJ9FfsFju3bqhBGI0lq/_apis/connectionData?connectOptions=1&lastChangeId=258625537&lastChangeId64=258625537 failed. HTTP Status: NotFound
[2025-10-10 02:46:52Z INFO GitHubActionsService] Finished operation Location.GetConnectionData
[2025-10-10 02:46:52Z INFO RunnerServer] Catch exception during connect. 2 attempt left.
[2025-10-10 02:46:52Z ERR  RunnerServer] GitHub.Services.WebApi.VssServiceResponseException: The resource cannot be found.
   at GitHub.Services.WebApi.VssHttpClientBase.HandleResponseAsync(HttpResponseMessage response, CancellationToken cancellationToken)
   at GitHub.Services.WebApi.VssHttpClientBase.SendAsync(HttpRequestMessage message, HttpCompletionOption completionOption, Object userState, CancellationToken cancellationToken)
   at GitHub.Services.WebApi.VssHttpClientBase.SendAsync[T](HttpRequestMessage message, Object userState, CancellationToken cancellationToken)
   at GitHub.Services.Location.Client.LocationHttpClient.GetConnectionDataAsync(ConnectOptions connectOptions, Int64 lastChangeId, CancellationToken cancellationToken, Object userState)
   at GitHub.Services.WebApi.Location.VssServerDataProvider.GetConnectionDataAsync(ConnectOptions connectOptions, Int32 lastChangeId, CancellationToken cancellationToken)
   at GitHub.Services.WebApi.Location.VssServerDataProvider.ConnectAsync(ConnectOptions connectOptions, CancellationToken cancellationToken)
   at GitHub.Runner.Common.RunnerService.EstablishVssConnection(Uri serverUrl, VssCredentials credentials, TimeSpan timeout)
[2025-10-10 02:46:52Z INFO GitHubActionsService] Starting operation Location.GetConnectionData
[2025-10-10 02:46:52Z INFO GitHubActionsService] Starting operation Location.GetConnectionData
[2025-10-10 02:46:52Z INFO GitHubActionsService] Starting operation Location.GetConnectionData
[2025-10-10 02:46:52Z ERR  GitHubActionsService] GET request to https://pipelinesghubeus6.actions.githubusercontent.com/hKyNd5hzQTjPqVOxuFp9CyJ2tMUr8ytJJ9FfsFju3bqhBGI0lq/_apis/connectionData?connectOptions=1&lastChangeId=258625537&lastChangeId64=258625537 failed. HTTP Status: NotFound
[2025-10-10 02:46:52Z INFO GitHubActionsService] Finished operation Location.GetConnectionData
[2025-10-10 02:46:52Z INFO RunnerServer] Catch exception during connect. 1 attempt left.
[2025-10-10 02:46:52Z ERR  RunnerServer] GitHub.Services.WebApi.VssServiceResponseException: The resource cannot be found.
   at GitHub.Services.WebApi.VssHttpClientBase.HandleResponseAsync(HttpResponseMessage response, CancellationToken cancellationToken)
   at GitHub.Services.WebApi.VssHttpClientBase.SendAsync(HttpRequestMessage message, HttpCompletionOption completionOption, Object userState, CancellationToken cancellationToken)
   at GitHub.Services.WebApi.VssHttpClientBase.SendAsync[T](HttpRequestMessage message, Object userState, CancellationToken cancellationToken)
   at GitHub.Services.Location.Client.LocationHttpClient.GetConnectionDataAsync(ConnectOptions connectOptions, Int64 lastChangeId, CancellationToken cancellationToken, Object userState)
   at GitHub.Services.WebApi.Location.VssServerDataProvider.GetConnectionDataAsync(ConnectOptions connectOptions, Int32 lastChangeId, CancellationToken cancellationToken)
   at GitHub.Services.WebApi.Location.VssServerDataProvider.ConnectAsync(ConnectOptions connectOptions, CancellationToken cancellationToken)
   at GitHub.Runner.Common.RunnerService.EstablishVssConnection(Uri serverUrl, VssCredentials credentials, TimeSpan timeout)
[2025-10-10 02:46:52Z ERR  GitHubActionsService] GET request to https://pipelinesghubeus6.actions.githubusercontent.com/hKyNd5hzQTjPqVOxuFp9CyJ2tMUr8ytJJ9FfsFju3bqhBGI0lq/_apis/connectionData?connectOptions=1&lastChangeId=258625537&lastChangeId64=258625537 failed. HTTP Status: NotFound
[2025-10-10 02:46:52Z INFO GitHubActionsService] Finished operation Location.GetConnectionData
[2025-10-10 02:46:52Z INFO RunnerServer] Catch exception during connect. 1 attempt left.
[2025-10-10 02:46:52Z ERR  RunnerServer] GitHub.Services.WebApi.VssServiceResponseException: The resource cannot be found.
   at GitHub.Services.WebApi.VssHttpClientBase.HandleResponseAsync(HttpResponseMessage response, CancellationToken cancellationToken)
   at GitHub.Services.WebApi.VssHttpClientBase.SendAsync(HttpRequestMessage message, HttpCompletionOption completionOption, Object userState, CancellationToken cancellationToken)
   at GitHub.Services.WebApi.VssHttpClientBase.SendAsync[T](HttpRequestMessage message, Object userState, CancellationToken cancellationToken)
   at GitHub.Services.Location.Client.LocationHttpClient.GetConnectionDataAsync(ConnectOptions connectOptions, Int64 lastChangeId, CancellationToken cancellationToken, Object userState)
   at GitHub.Services.WebApi.Location.VssServerDataProvider.GetConnectionDataAsync(ConnectOptions connectOptions, Int32 lastChangeId, CancellationToken cancellationToken)
   at GitHub.Services.WebApi.Location.VssServerDataProvider.ConnectAsync(ConnectOptions connectOptions, CancellationToken cancellationToken)
   at GitHub.Runner.Common.RunnerService.EstablishVssConnection(Uri serverUrl, VssCredentials credentials, TimeSpan timeout)
[2025-10-10 02:46:52Z ERR  GitHubActionsService] GET request to https://pipelinesghubeus6.actions.githubusercontent.com/hKyNd5hzQTjPqVOxuFp9CyJ2tMUr8ytJJ9FfsFju3bqhBGI0lq/_apis/connectionData?connectOptions=1&lastChangeId=258625537&lastChangeId64=258625537 failed. HTTP Status: NotFound
[2025-10-10 02:46:52Z INFO GitHubActionsService] Finished operation Location.GetConnectionData
[2025-10-10 02:46:52Z INFO RunnerServer] Catch exception during connect. 1 attempt left.
[2025-10-10 02:46:52Z ERR  RunnerServer] GitHub.Services.WebApi.VssServiceResponseException: The resource cannot be found.
   at GitHub.Services.WebApi.VssHttpClientBase.HandleResponseAsync(HttpResponseMessage response, CancellationToken cancellationToken)
   at GitHub.Services.WebApi.VssHttpClientBase.SendAsync(HttpRequestMessage message, HttpCompletionOption completionOption, Object userState, CancellationToken cancellationToken)
   at GitHub.Services.WebApi.VssHttpClientBase.SendAsync[T](HttpRequestMessage message, Object userState, CancellationToken cancellationToken)
   at GitHub.Services.Location.Client.LocationHttpClient.GetConnectionDataAsync(ConnectOptions connectOptions, Int64 lastChangeId, CancellationToken cancellationToken, Object userState)
   at GitHub.Services.WebApi.Location.VssServerDataProvider.GetConnectionDataAsync(ConnectOptions connectOptions, Int32 lastChangeId, CancellationToken cancellationToken)
   at GitHub.Services.WebApi.Location.VssServerDataProvider.ConnectAsync(ConnectOptions connectOptions, CancellationToken cancellationToken)
   at GitHub.Runner.Common.RunnerService.EstablishVssConnection(Uri serverUrl, VssCredentials credentials, TimeSpan timeout)
[2025-10-10 02:46:52Z INFO GitHubActionsService] Starting operation Location.GetConnectionData
[2025-10-10 02:46:52Z INFO GitHubActionsService] Starting operation Location.GetConnectionData
[2025-10-10 02:46:52Z INFO GitHubActionsService] Starting operation Location.GetConnectionData
[2025-10-10 02:46:53Z ERR  GitHubActionsService] GET request to https://pipelinesghubeus6.actions.githubusercontent.com/hKyNd5hzQTjPqVOxuFp9CyJ2tMUr8ytJJ9FfsFju3bqhBGI0lq/_apis/connectionData?connectOptions=1&lastChangeId=258625537&lastChangeId64=258625537 failed. HTTP Status: NotFound
[2025-10-10 02:46:53Z INFO GitHubActionsService] Finished operation Location.GetConnectionData
[2025-10-10 02:46:53Z ERR  GitHubActionsService] GET request to https://pipelinesghubeus6.actions.githubusercontent.com/hKyNd5hzQTjPqVOxuFp9CyJ2tMUr8ytJJ9FfsFju3bqhBGI0lq/_apis/connectionData?connectOptions=1&lastChangeId=258625537&lastChangeId64=258625537 failed. HTTP Status: NotFound
[2025-10-10 02:46:53Z INFO GitHubActionsService] Finished operation Location.GetConnectionData
[2025-10-10 02:46:53Z ERR  GitHubActionsService] GET request to https://pipelinesghubeus6.actions.githubusercontent.com/hKyNd5hzQTjPqVOxuFp9CyJ2tMUr8ytJJ9FfsFju3bqhBGI0lq/_apis/connectionData?connectOptions=1&lastChangeId=258625537&lastChangeId64=258625537 failed. HTTP Status: NotFound
[2025-10-10 02:46:53Z INFO GitHubActionsService] Finished operation Location.GetConnectionData
[2025-10-10 02:46:53Z ERR  BrokerMessageListener] Catch exception during create session.
[2025-10-10 02:46:53Z ERR  BrokerMessageListener] GitHub.Services.WebApi.VssServiceResponseException: The resource cannot be found.
   at GitHub.Services.WebApi.VssHttpClientBase.HandleResponseAsync(HttpResponseMessage response, CancellationToken cancellationToken)
   at GitHub.Services.WebApi.VssHttpClientBase.SendAsync(HttpRequestMessage message, HttpCompletionOption completionOption, Object userState, CancellationToken cancellationToken)
   at GitHub.Services.WebApi.VssHttpClientBase.SendAsync[T](HttpRequestMessage message, Object userState, CancellationToken cancellationToken)
   at GitHub.Services.Location.Client.LocationHttpClient.GetConnectionDataAsync(ConnectOptions connectOptions, Int64 lastChangeId, CancellationToken cancellationToken, Object userState)
   at GitHub.Services.WebApi.Location.VssServerDataProvider.GetConnectionDataAsync(ConnectOptions connectOptions, Int32 lastChangeId, CancellationToken cancellationToken)
   at GitHub.Services.WebApi.Location.VssServerDataProvider.ConnectAsync(ConnectOptions connectOptions, CancellationToken cancellationToken)
   at GitHub.Runner.Common.RunnerService.EstablishVssConnection(Uri serverUrl, VssCredentials credentials, TimeSpan timeout)
   at GitHub.Runner.Common.RunnerServer.ConnectAsync(Uri serverUrl, VssCredentials credentials)
   at GitHub.Runner.Listener.BrokerMessageListener.CreateSessionAsync(CancellationToken token)
[2025-10-10 02:46:53Z INFO BrokerMessageListener] Retriable exception: The resource cannot be found.
[2025-10-10 02:46:53Z INFO BrokerMessageListener] Sleeping for 30 seconds before retrying.
[2025-10-10 02:47:23Z INFO BrokerMessageListener] Attempt to create session.
[2025-10-10 02:47:23Z INFO BrokerMessageListener] Connecting to the Broker Server...
[2025-10-10 02:47:23Z INFO ConfigurationStore] HasCredentials()
[2025-10-10 02:47:23Z INFO ConfigurationStore] stored True
[2025-10-10 02:47:23Z INFO CredentialManager] GetCredentialProvider
[2025-10-10 02:47:23Z INFO CredentialManager] Creating type OAuth
[2025-10-10 02:47:23Z INFO CredentialManager] Creating credential type: OAuth
[2025-10-10 02:47:23Z INFO RSAEncryptedFileKeyManager] Loading RSA key parameters from file G:\Brunella\actions-runner\.credentials_rsaparams
[2025-10-10 02:47:23Z INFO BrokerMessageListener] VssConnection created
[2025-10-10 02:47:23Z INFO BrokerMessageListener] Connecting to the Runner server...
[2025-10-10 02:47:23Z INFO RunnerServer] EstablishVssConnection
[2025-10-10 02:47:23Z INFO RunnerServer] Establish connection with 100 seconds timeout.
[2025-10-10 02:47:23Z INFO GitHubActionsService] Starting operation Location.GetConnectionData
[2025-10-10 02:47:23Z INFO RunnerServer] EstablishVssConnection
[2025-10-10 02:47:23Z INFO RunnerServer] Establish connection with 60 seconds timeout.
[2025-10-10 02:47:23Z INFO GitHubActionsService] Starting operation Location.GetConnectionData
[2025-10-10 02:47:23Z INFO RunnerServer] EstablishVssConnection
[2025-10-10 02:47:23Z INFO RunnerServer] Establish connection with 60 seconds timeout.
[2025-10-10 02:47:23Z INFO GitHubActionsService] Starting operation Location.GetConnectionData
[2025-10-10 02:47:24Z ERR  GitHubActionsService] GET request to https://pipelinesghubeus6.actions.githubusercontent.com/hKyNd5hzQTjPqVOxuFp9CyJ2tMUr8ytJJ9FfsFju3bqhBGI0lq/_apis/connectionData?connectOptions=1&lastChangeId=258625537&lastChangeId64=258625537 failed. HTTP Status: NotFound
[2025-10-10 02:47:24Z INFO GitHubActionsService] Finished operation Location.GetConnectionData
[2025-10-10 02:47:24Z INFO RunnerServer] Catch exception during connect. 4 attempt left.
[2025-10-10 02:47:24Z ERR  RunnerServer] GitHub.Services.WebApi.VssServiceResponseException: The resource cannot be found.
   at GitHub.Services.WebApi.VssHttpClientBase.HandleResponseAsync(HttpResponseMessage response, CancellationToken cancellationToken)
   at GitHub.Services.WebApi.VssHttpClientBase.SendAsync(HttpRequestMessage message, HttpCompletionOption completionOption, Object userState, CancellationToken cancellationToken)
   at GitHub.Services.WebApi.VssHttpClientBase.SendAsync[T](HttpRequestMessage message, Object userState, CancellationToken cancellationToken)
   at GitHub.Services.Location.Client.LocationHttpClient.GetConnectionDataAsync(ConnectOptions connectOptions, Int64 lastChangeId, CancellationToken cancellationToken, Object userState)
   at GitHub.Services.WebApi.Location.VssServerDataProvider.GetConnectionDataAsync(ConnectOptions connectOptions, Int32 lastChangeId, CancellationToken cancellationToken)
   at GitHub.Services.WebApi.Location.VssServerDataProvider.ConnectAsync(ConnectOptions connectOptions, CancellationToken cancellationToken)
   at GitHub.Runner.Common.RunnerService.EstablishVssConnection(Uri serverUrl, VssCredentials credentials, TimeSpan timeout)
[2025-10-10 02:47:24Z INFO GitHubActionsService] Starting operation Location.GetConnectionData
[2025-10-10 02:47:24Z ERR  GitHubActionsService] GET request to https://pipelinesghubeus6.actions.githubusercontent.com/hKyNd5hzQTjPqVOxuFp9CyJ2tMUr8ytJJ9FfsFju3bqhBGI0lq/_apis/connectionData?connectOptions=1&lastChangeId=258625537&lastChangeId64=258625537 failed. HTTP Status: NotFound
[2025-10-10 02:47:24Z INFO GitHubActionsService] Finished operation Location.GetConnectionData
[2025-10-10 02:47:24Z INFO RunnerServer] Catch exception during connect. 4 attempt left.
[2025-10-10 02:47:24Z ERR  RunnerServer] GitHub.Services.WebApi.VssServiceResponseException: The resource cannot be found.
   at GitHub.Services.WebApi.VssHttpClientBase.HandleResponseAsync(HttpResponseMessage response, CancellationToken cancellationToken)
   at GitHub.Services.WebApi.VssHttpClientBase.SendAsync(HttpRequestMessage message, HttpCompletionOption completionOption, Object userState, CancellationToken cancellationToken)
   at GitHub.Services.WebApi.VssHttpClientBase.SendAsync[T](HttpRequestMessage message, Object userState, CancellationToken cancellationToken)
   at GitHub.Services.Location.Client.LocationHttpClient.GetConnectionDataAsync(ConnectOptions connectOptions, Int64 lastChangeId, CancellationToken cancellationToken, Object userState)
   at GitHub.Services.WebApi.Location.VssServerDataProvider.GetConnectionDataAsync(ConnectOptions connectOptions, Int32 lastChangeId, CancellationToken cancellationToken)
   at GitHub.Services.WebApi.Location.VssServerDataProvider.ConnectAsync(ConnectOptions connectOptions, CancellationToken cancellationToken)
   at GitHub.Runner.Common.RunnerService.EstablishVssConnection(Uri serverUrl, VssCredentials credentials, TimeSpan timeout)
[2025-10-10 02:47:24Z ERR  GitHubActionsService] GET request to https://pipelinesghubeus6.actions.githubusercontent.com/hKyNd5hzQTjPqVOxuFp9CyJ2tMUr8ytJJ9FfsFju3bqhBGI0lq/_apis/connectionData?connectOptions=1&lastChangeId=258625537&lastChangeId64=258625537 failed. HTTP Status: NotFound
[2025-10-10 02:47:24Z INFO GitHubActionsService] Finished operation Location.GetConnectionData
[2025-10-10 02:47:24Z INFO RunnerServer] Catch exception during connect. 4 attempt left.
[2025-10-10 02:47:24Z ERR  RunnerServer] GitHub.Services.WebApi.VssServiceResponseException: The resource cannot be found.
   at GitHub.Services.WebApi.VssHttpClientBase.HandleResponseAsync(HttpResponseMessage response, CancellationToken cancellationToken)
   at GitHub.Services.WebApi.VssHttpClientBase.SendAsync(HttpRequestMessage message, HttpCompletionOption completionOption, Object userState, CancellationToken cancellationToken)
   at GitHub.Services.WebApi.VssHttpClientBase.SendAsync[T](HttpRequestMessage message, Object userState, CancellationToken cancellationToken)
   at GitHub.Services.Location.Client.LocationHttpClient.GetConnectionDataAsync(ConnectOptions connectOptions, Int64 lastChangeId, CancellationToken cancellationToken, Object userState)
   at GitHub.Services.WebApi.Location.VssServerDataProvider.GetConnectionDataAsync(ConnectOptions connectOptions, Int32 lastChangeId, CancellationToken cancellationToken)
   at GitHub.Services.WebApi.Location.VssServerDataProvider.ConnectAsync(ConnectOptions connectOptions, CancellationToken cancellationToken)
   at GitHub.Runner.Common.RunnerService.EstablishVssConnection(Uri serverUrl, VssCredentials credentials, TimeSpan timeout)
[2025-10-10 02:47:24Z INFO GitHubActionsService] Starting operation Location.GetConnectionData
[2025-10-10 02:47:24Z INFO GitHubActionsService] Starting operation Location.GetConnectionData
[2025-10-10 02:47:24Z ERR  GitHubActionsService] GET request to https://pipelinesghubeus6.actions.githubusercontent.com/hKyNd5hzQTjPqVOxuFp9CyJ2tMUr8ytJJ9FfsFju3bqhBGI0lq/_apis/connectionData?connectOptions=1&lastChangeId=258625537&lastChangeId64=258625537 failed. HTTP Status: NotFound
[2025-10-10 02:47:24Z INFO GitHubActionsService] Finished operation Location.GetConnectionData
[2025-10-10 02:47:24Z INFO RunnerServer] Catch exception during connect. 3 attempt left.
[2025-10-10 02:47:24Z ERR  RunnerServer] GitHub.Services.WebApi.VssServiceResponseException: The resource cannot be found.
   at GitHub.Services.WebApi.VssHttpClientBase.HandleResponseAsync(HttpResponseMessage response, CancellationToken cancellationToken)
   at GitHub.Services.WebApi.VssHttpClientBase.SendAsync(HttpRequestMessage message, HttpCompletionOption completionOption, Object userState, CancellationToken cancellationToken)
   at GitHub.Services.WebApi.VssHttpClientBase.SendAsync[T](HttpRequestMessage message, Object userState, CancellationToken cancellationToken)
   at GitHub.Services.Location.Client.LocationHttpClient.GetConnectionDataAsync(ConnectOptions connectOptions, Int64 lastChangeId, CancellationToken cancellationToken, Object userState)
   at GitHub.Services.WebApi.Location.VssServerDataProvider.GetConnectionDataAsync(ConnectOptions connectOptions, Int32 lastChangeId, CancellationToken cancellationToken)
   at GitHub.Services.WebApi.Location.VssServerDataProvider.ConnectAsync(ConnectOptions connectOptions, CancellationToken cancellationToken)
   at GitHub.Runner.Common.RunnerService.EstablishVssConnection(Uri serverUrl, VssCredentials credentials, TimeSpan timeout)
[2025-10-10 02:47:24Z INFO GitHubActionsService] Starting operation Location.GetConnectionData
[2025-10-10 02:47:24Z ERR  GitHubActionsService] GET request to https://pipelinesghubeus6.actions.githubusercontent.com/hKyNd5hzQTjPqVOxuFp9CyJ2tMUr8ytJJ9FfsFju3bqhBGI0lq/_apis/connectionData?connectOptions=1&lastChangeId=258625537&lastChangeId64=258625537 failed. HTTP Status: NotFound
[2025-10-10 02:47:24Z INFO GitHubActionsService] Finished operation Location.GetConnectionData
[2025-10-10 02:47:24Z INFO RunnerServer] Catch exception during connect. 3 attempt left.
[2025-10-10 02:47:24Z ERR  GitHubActionsService] GET request to https://pipelinesghubeus6.actions.githubusercontent.com/hKyNd5hzQTjPqVOxuFp9CyJ2tMUr8ytJJ9FfsFju3bqhBGI0lq/_apis/connectionData?connectOptions=1&lastChangeId=258625537&lastChangeId64=258625537 failed. HTTP Status: NotFound
[2025-10-10 02:47:24Z INFO GitHubActionsService] Finished operation Location.GetConnectionData
[2025-10-10 02:47:24Z ERR  RunnerServer] GitHub.Services.WebApi.VssServiceResponseException: The resource cannot be found.
   at GitHub.Services.WebApi.VssHttpClientBase.HandleResponseAsync(HttpResponseMessage response, CancellationToken cancellationToken)
   at GitHub.Services.WebApi.VssHttpClientBase.SendAsync(HttpRequestMessage message, HttpCompletionOption completionOption, Object userState, CancellationToken cancellationToken)
   at GitHub.Services.WebApi.VssHttpClientBase.SendAsync[T](HttpRequestMessage message, Object userState, CancellationToken cancellationToken)
   at GitHub.Services.Location.Client.LocationHttpClient.GetConnectionDataAsync(ConnectOptions connectOptions, Int64 lastChangeId, CancellationToken cancellationToken, Object userState)
   at GitHub.Services.WebApi.Location.VssServerDataProvider.GetConnectionDataAsync(ConnectOptions connectOptions, Int32 lastChangeId, CancellationToken cancellationToken)
   at GitHub.Services.WebApi.Location.VssServerDataProvider.ConnectAsync(ConnectOptions connectOptions, CancellationToken cancellationToken)
   at GitHub.Runner.Common.RunnerService.EstablishVssConnection(Uri serverUrl, VssCredentials credentials, TimeSpan timeout)
[2025-10-10 02:47:24Z INFO RunnerServer] Catch exception during connect. 3 attempt left.
[2025-10-10 02:47:24Z ERR  RunnerServer] GitHub.Services.WebApi.VssServiceResponseException: The resource cannot be found.
   at GitHub.Services.WebApi.VssHttpClientBase.HandleResponseAsync(HttpResponseMessage response, CancellationToken cancellationToken)
   at GitHub.Services.WebApi.VssHttpClientBase.SendAsync(HttpRequestMessage message, HttpCompletionOption completionOption, Object userState, CancellationToken cancellationToken)
   at GitHub.Services.WebApi.VssHttpClientBase.SendAsync[T](HttpRequestMessage message, Object userState, CancellationToken cancellationToken)
   at GitHub.Services.Location.Client.LocationHttpClient.GetConnectionDataAsync(ConnectOptions connectOptions, Int64 lastChangeId, CancellationToken cancellationToken, Object userState)
   at GitHub.Services.WebApi.Location.VssServerDataProvider.GetConnectionDataAsync(ConnectOptions connectOptions, Int32 lastChangeId, CancellationToken cancellationToken)
   at GitHub.Services.WebApi.Location.VssServerDataProvider.ConnectAsync(ConnectOptions connectOptions, CancellationToken cancellationToken)
   at GitHub.Runner.Common.RunnerService.EstablishVssConnection(Uri serverUrl, VssCredentials credentials, TimeSpan timeout)
[2025-10-10 02:47:25Z INFO GitHubActionsService] Starting operation Location.GetConnectionData
[2025-10-10 02:47:25Z INFO GitHubActionsService] Starting operation Location.GetConnectionData
[2025-10-10 02:47:25Z ERR  GitHubActionsService] GET request to https://pipelinesghubeus6.actions.githubusercontent.com/hKyNd5hzQTjPqVOxuFp9CyJ2tMUr8ytJJ9FfsFju3bqhBGI0lq/_apis/connectionData?connectOptions=1&lastChangeId=258625537&lastChangeId64=258625537 failed. HTTP Status: NotFound
[2025-10-10 02:47:25Z INFO GitHubActionsService] Finished operation Location.GetConnectionData
[2025-10-10 02:47:25Z INFO RunnerServer] Catch exception during connect. 2 attempt left.
[2025-10-10 02:47:25Z ERR  RunnerServer] GitHub.Services.WebApi.VssServiceResponseException: The resource cannot be found.
   at GitHub.Services.WebApi.VssHttpClientBase.HandleResponseAsync(HttpResponseMessage response, CancellationToken cancellationToken)
   at GitHub.Services.WebApi.VssHttpClientBase.SendAsync(HttpRequestMessage message, HttpCompletionOption completionOption, Object userState, CancellationToken cancellationToken)
   at GitHub.Services.WebApi.VssHttpClientBase.SendAsync[T](HttpRequestMessage message, Object userState, CancellationToken cancellationToken)
   at GitHub.Services.Location.Client.LocationHttpClient.GetConnectionDataAsync(ConnectOptions connectOptions, Int64 lastChangeId, CancellationToken cancellationToken, Object userState)
   at GitHub.Services.WebApi.Location.VssServerDataProvider.GetConnectionDataAsync(ConnectOptions connectOptions, Int32 lastChangeId, CancellationToken cancellationToken)
   at GitHub.Services.WebApi.Location.VssServerDataProvider.ConnectAsync(ConnectOptions connectOptions, CancellationToken cancellationToken)
   at GitHub.Runner.Common.RunnerService.EstablishVssConnection(Uri serverUrl, VssCredentials credentials, TimeSpan timeout)
[2025-10-10 02:47:25Z INFO GitHubActionsService] Starting operation Location.GetConnectionData
[2025-10-10 02:47:25Z ERR  GitHubActionsService] GET request to https://pipelinesghubeus6.actions.githubusercontent.com/hKyNd5hzQTjPqVOxuFp9CyJ2tMUr8ytJJ9FfsFju3bqhBGI0lq/_apis/connectionData?connectOptions=1&lastChangeId=258625537&lastChangeId64=258625537 failed. HTTP Status: NotFound
[2025-10-10 02:47:25Z INFO GitHubActionsService] Finished operation Location.GetConnectionData
[2025-10-10 02:47:25Z INFO RunnerServer] Catch exception during connect. 2 attempt left.
[2025-10-10 02:47:25Z ERR  RunnerServer] GitHub.Services.WebApi.VssServiceResponseException: The resource cannot be found.
   at GitHub.Services.WebApi.VssHttpClientBase.HandleResponseAsync(HttpResponseMessage response, CancellationToken cancellationToken)
   at GitHub.Services.WebApi.VssHttpClientBase.SendAsync(HttpRequestMessage message, HttpCompletionOption completionOption, Object userState, CancellationToken cancellationToken)
   at GitHub.Services.WebApi.VssHttpClientBase.SendAsync[T](HttpRequestMessage message, Object userState, CancellationToken cancellationToken)
   at GitHub.Services.Location.Client.LocationHttpClient.GetConnectionDataAsync(ConnectOptions connectOptions, Int64 lastChangeId, CancellationToken cancellationToken, Object userState)
   at GitHub.Services.WebApi.Location.VssServerDataProvider.GetConnectionDataAsync(ConnectOptions connectOptions, Int32 lastChangeId, CancellationToken cancellationToken)
   at GitHub.Services.WebApi.Location.VssServerDataProvider.ConnectAsync(ConnectOptions connectOptions, CancellationToken cancellationToken)
   at GitHub.Runner.Common.RunnerService.EstablishVssConnection(Uri serverUrl, VssCredentials credentials, TimeSpan timeout)
[2025-10-10 02:47:25Z ERR  GitHubActionsService] GET request to https://pipelinesghubeus6.actions.githubusercontent.com/hKyNd5hzQTjPqVOxuFp9CyJ2tMUr8ytJJ9FfsFju3bqhBGI0lq/_apis/connectionData?connectOptions=1&lastChangeId=258625537&lastChangeId64=258625537 failed. HTTP Status: NotFound
[2025-10-10 02:47:25Z INFO GitHubActionsService] Finished operation Location.GetConnectionData
[2025-10-10 02:47:25Z INFO RunnerServer] Catch exception during connect. 2 attempt left.
[2025-10-10 02:47:25Z ERR  RunnerServer] GitHub.Services.WebApi.VssServiceResponseException: The resource cannot be found.
   at GitHub.Services.WebApi.VssHttpClientBase.HandleResponseAsync(HttpResponseMessage response, CancellationToken cancellationToken)
   at GitHub.Services.WebApi.VssHttpClientBase.SendAsync(HttpRequestMessage message, HttpCompletionOption completionOption, Object userState, CancellationToken cancellationToken)
   at GitHub.Services.WebApi.VssHttpClientBase.SendAsync[T](HttpRequestMessage message, Object userState, CancellationToken cancellationToken)
   at GitHub.Services.Location.Client.LocationHttpClient.GetConnectionDataAsync(ConnectOptions connectOptions, Int64 lastChangeId, CancellationToken cancellationToken, Object userState)
   at GitHub.Services.WebApi.Location.VssServerDataProvider.GetConnectionDataAsync(ConnectOptions connectOptions, Int32 lastChangeId, CancellationToken cancellationToken)
   at GitHub.Services.WebApi.Location.VssServerDataProvider.ConnectAsync(ConnectOptions connectOptions, CancellationToken cancellationToken)
   at GitHub.Runner.Common.RunnerService.EstablishVssConnection(Uri serverUrl, VssCredentials credentials, TimeSpan timeout)
[2025-10-10 02:47:25Z INFO GitHubActionsService] Starting operation Location.GetConnectionData
[2025-10-10 02:47:25Z INFO GitHubActionsService] Starting operation Location.GetConnectionData
[2025-10-10 02:47:26Z ERR  GitHubActionsService] GET request to https://pipelinesghubeus6.actions.githubusercontent.com/hKyNd5hzQTjPqVOxuFp9CyJ2tMUr8ytJJ9FfsFju3bqhBGI0lq/_apis/connectionData?connectOptions=1&lastChangeId=258625537&lastChangeId64=258625537 failed. HTTP Status: NotFound
[2025-10-10 02:47:26Z INFO GitHubActionsService] Finished operation Location.GetConnectionData
[2025-10-10 02:47:26Z INFO RunnerServer] Catch exception during connect. 1 attempt left.
[2025-10-10 02:47:26Z ERR  RunnerServer] GitHub.Services.WebApi.VssServiceResponseException: The resource cannot be found.
   at GitHub.Services.WebApi.VssHttpClientBase.HandleResponseAsync(HttpResponseMessage response, CancellationToken cancellationToken)
   at GitHub.Services.WebApi.VssHttpClientBase.SendAsync(HttpRequestMessage message, HttpCompletionOption completionOption, Object userState, CancellationToken cancellationToken)
   at GitHub.Services.WebApi.VssHttpClientBase.SendAsync[T](HttpRequestMessage message, Object userState, CancellationToken cancellationToken)
   at GitHub.Services.Location.Client.LocationHttpClient.GetConnectionDataAsync(ConnectOptions connectOptions, Int64 lastChangeId, CancellationToken cancellationToken, Object userState)
   at GitHub.Services.WebApi.Location.VssServerDataProvider.GetConnectionDataAsync(ConnectOptions connectOptions, Int32 lastChangeId, CancellationToken cancellationToken)
   at GitHub.Services.WebApi.Location.VssServerDataProvider.ConnectAsync(ConnectOptions connectOptions, CancellationToken cancellationToken)
   at GitHub.Runner.Common.RunnerService.EstablishVssConnection(Uri serverUrl, VssCredentials credentials, TimeSpan timeout)
[2025-10-10 02:47:26Z INFO GitHubActionsService] Starting operation Location.GetConnectionData
[2025-10-10 02:47:26Z ERR  GitHubActionsService] GET request to https://pipelinesghubeus6.actions.githubusercontent.com/hKyNd5hzQTjPqVOxuFp9CyJ2tMUr8ytJJ9FfsFju3bqhBGI0lq/_apis/connectionData?connectOptions=1&lastChangeId=258625537&lastChangeId64=258625537 failed. HTTP Status: NotFound
[2025-10-10 02:47:26Z ERR  GitHubActionsService] GET request to https://pipelinesghubeus6.actions.githubusercontent.com/hKyNd5hzQTjPqVOxuFp9CyJ2tMUr8ytJJ9FfsFju3bqhBGI0lq/_apis/connectionData?connectOptions=1&lastChangeId=258625537&lastChangeId64=258625537 failed. HTTP Status: NotFound
[2025-10-10 02:47:26Z INFO GitHubActionsService] Finished operation Location.GetConnectionData
[2025-10-10 02:47:26Z INFO GitHubActionsService] Finished operation Location.GetConnectionData
[2025-10-10 02:47:26Z INFO RunnerServer] Catch exception during connect. 1 attempt left.
[2025-10-10 02:47:26Z INFO RunnerServer] Catch exception during connect. 1 attempt left.
[2025-10-10 02:47:26Z ERR  RunnerServer] GitHub.Services.WebApi.VssServiceResponseException: The resource cannot be found.
   at GitHub.Services.WebApi.VssHttpClientBase.HandleResponseAsync(HttpResponseMessage response, CancellationToken cancellationToken)
   at GitHub.Services.WebApi.VssHttpClientBase.SendAsync(HttpRequestMessage message, HttpCompletionOption completionOption, Object userState, CancellationToken cancellationToken)
   at GitHub.Services.WebApi.VssHttpClientBase.SendAsync[T](HttpRequestMessage message, Object userState, CancellationToken cancellationToken)
   at GitHub.Services.Location.Client.LocationHttpClient.GetConnectionDataAsync(ConnectOptions connectOptions, Int64 lastChangeId, CancellationToken cancellationToken, Object userState)
   at GitHub.Services.WebApi.Location.VssServerDataProvider.GetConnectionDataAsync(ConnectOptions connectOptions, Int32 lastChangeId, CancellationToken cancellationToken)
   at GitHub.Services.WebApi.Location.VssServerDataProvider.ConnectAsync(ConnectOptions connectOptions, CancellationToken cancellationToken)
   at GitHub.Runner.Common.RunnerService.EstablishVssConnection(Uri serverUrl, VssCredentials credentials, TimeSpan timeout)
[2025-10-10 02:47:26Z ERR  RunnerServer] GitHub.Services.WebApi.VssServiceResponseException: The resource cannot be found.
   at GitHub.Services.WebApi.VssHttpClientBase.HandleResponseAsync(HttpResponseMessage response, CancellationToken cancellationToken)
   at GitHub.Services.WebApi.VssHttpClientBase.SendAsync(HttpRequestMessage message, HttpCompletionOption completionOption, Object userState, CancellationToken cancellationToken)
   at GitHub.Services.WebApi.VssHttpClientBase.SendAsync[T](HttpRequestMessage message, Object userState, CancellationToken cancellationToken)
   at GitHub.Services.Location.Client.LocationHttpClient.GetConnectionDataAsync(ConnectOptions connectOptions, Int64 lastChangeId, CancellationToken cancellationToken, Object userState)
   at GitHub.Services.WebApi.Location.VssServerDataProvider.GetConnectionDataAsync(ConnectOptions connectOptions, Int32 lastChangeId, CancellationToken cancellationToken)
   at GitHub.Services.WebApi.Location.VssServerDataProvider.ConnectAsync(ConnectOptions connectOptions, CancellationToken cancellationToken)
   at GitHub.Runner.Common.RunnerService.EstablishVssConnection(Uri serverUrl, VssCredentials credentials, TimeSpan timeout)
[2025-10-10 02:47:26Z INFO GitHubActionsService] Starting operation Location.GetConnectionData
[2025-10-10 02:47:26Z INFO GitHubActionsService] Starting operation Location.GetConnectionData
[2025-10-10 02:47:26Z ERR  GitHubActionsService] GET request to https://pipelinesghubeus6.actions.githubusercontent.com/hKyNd5hzQTjPqVOxuFp9CyJ2tMUr8ytJJ9FfsFju3bqhBGI0lq/_apis/connectionData?connectOptions=1&lastChangeId=258625537&lastChangeId64=258625537 failed. HTTP Status: NotFound
[2025-10-10 02:47:26Z INFO GitHubActionsService] Finished operation Location.GetConnectionData
[2025-10-10 02:47:27Z ERR  GitHubActionsService] GET request to https://pipelinesghubeus6.actions.githubusercontent.com/hKyNd5hzQTjPqVOxuFp9CyJ2tMUr8ytJJ9FfsFju3bqhBGI0lq/_apis/connectionData?connectOptions=1&lastChangeId=258625537&lastChangeId64=258625537 failed. HTTP Status: NotFound
[2025-10-10 02:47:27Z INFO GitHubActionsService] Finished operation Location.GetConnectionData
[2025-10-10 02:47:27Z ERR  GitHubActionsService] GET request to https://pipelinesghubeus6.actions.githubusercontent.com/hKyNd5hzQTjPqVOxuFp9CyJ2tMUr8ytJJ9FfsFju3bqhBGI0lq/_apis/connectionData?connectOptions=1&lastChangeId=258625537&lastChangeId64=258625537 failed. HTTP Status: NotFound
[2025-10-10 02:47:27Z INFO GitHubActionsService] Finished operation Location.GetConnectionData
[2025-10-10 02:47:27Z ERR  BrokerMessageListener] Catch exception during create session.
[2025-10-10 02:47:27Z ERR  BrokerMessageListener] GitHub.Services.WebApi.VssServiceResponseException: The resource cannot be found.
   at GitHub.Services.WebApi.VssHttpClientBase.HandleResponseAsync(HttpResponseMessage response, CancellationToken cancellationToken)
   at GitHub.Services.WebApi.VssHttpClientBase.SendAsync(HttpRequestMessage message, HttpCompletionOption completionOption, Object userState, CancellationToken cancellationToken)
   at GitHub.Services.WebApi.VssHttpClientBase.SendAsync[T](HttpRequestMessage message, Object userState, CancellationToken cancellationToken)
   at GitHub.Services.Location.Client.LocationHttpClient.GetConnectionDataAsync(ConnectOptions connectOptions, Int64 lastChangeId, CancellationToken cancellationToken, Object userState)
   at GitHub.Services.WebApi.Location.VssServerDataProvider.GetConnectionDataAsync(ConnectOptions connectOptions, Int32 lastChangeId, CancellationToken cancellationToken)
   at GitHub.Services.WebApi.Location.VssServerDataProvider.ConnectAsync(ConnectOptions connectOptions, CancellationToken cancellationToken)
   at GitHub.Runner.Common.RunnerService.EstablishVssConnection(Uri serverUrl, VssCredentials credentials, TimeSpan timeout)
   at GitHub.Runner.Common.RunnerServer.ConnectAsync(Uri serverUrl, VssCredentials credentials)
   at GitHub.Runner.Listener.BrokerMessageListener.CreateSessionAsync(CancellationToken token)
[2025-10-10 02:47:27Z INFO BrokerMessageListener] Retriable exception: The resource cannot be found.
[2025-10-10 02:47:27Z INFO BrokerMessageListener] Sleeping for 30 seconds before retrying.
[2025-10-10 02:47:57Z INFO BrokerMessageListener] Attempt to create session.
[2025-10-10 02:47:57Z INFO BrokerMessageListener] Connecting to the Broker Server...
[2025-10-10 02:47:57Z INFO ConfigurationStore] HasCredentials()
[2025-10-10 02:47:57Z INFO ConfigurationStore] stored True
[2025-10-10 02:47:57Z INFO CredentialManager] GetCredentialProvider
[2025-10-10 02:47:57Z INFO CredentialManager] Creating type OAuth
[2025-10-10 02:47:57Z INFO CredentialManager] Creating credential type: OAuth
[2025-10-10 02:47:57Z INFO RSAEncryptedFileKeyManager] Loading RSA key parameters from file G:\Brunella\actions-runner\.credentials_rsaparams
[2025-10-10 02:47:57Z INFO BrokerMessageListener] VssConnection created
[2025-10-10 02:47:57Z INFO BrokerMessageListener] Connecting to the Runner server...
[2025-10-10 02:47:57Z INFO RunnerServer] EstablishVssConnection
[2025-10-10 02:47:57Z INFO RunnerServer] Establish connection with 100 seconds timeout.
[2025-10-10 02:47:57Z INFO GitHubActionsService] Starting operation Location.GetConnectionData
[2025-10-10 02:47:57Z INFO RunnerServer] EstablishVssConnection
[2025-10-10 02:47:57Z INFO RunnerServer] Establish connection with 60 seconds timeout.
[2025-10-10 02:47:57Z INFO GitHubActionsService] Starting operation Location.GetConnectionData
[2025-10-10 02:47:57Z INFO RunnerServer] EstablishVssConnection
[2025-10-10 02:47:57Z INFO RunnerServer] Establish connection with 60 seconds timeout.
[2025-10-10 02:47:57Z INFO GitHubActionsService] Starting operation Location.GetConnectionData
[2025-10-10 02:47:57Z ERR  GitHubActionsService] GET request to https://pipelinesghubeus6.actions.githubusercontent.com/hKyNd5hzQTjPqVOxuFp9CyJ2tMUr8ytJJ9FfsFju3bqhBGI0lq/_apis/connectionData?connectOptions=1&lastChangeId=258625537&lastChangeId64=258625537 failed. HTTP Status: NotFound
[2025-10-10 02:47:57Z INFO GitHubActionsService] Finished operation Location.GetConnectionData
[2025-10-10 02:47:57Z INFO RunnerServer] Catch exception during connect. 4 attempt left.
[2025-10-10 02:47:57Z ERR  RunnerServer] GitHub.Services.WebApi.VssServiceResponseException: The resource cannot be found.
   at GitHub.Services.WebApi.VssHttpClientBase.HandleResponseAsync(HttpResponseMessage response, CancellationToken cancellationToken)
   at GitHub.Services.WebApi.VssHttpClientBase.SendAsync(HttpRequestMessage message, HttpCompletionOption completionOption, Object userState, CancellationToken cancellationToken)
   at GitHub.Services.WebApi.VssHttpClientBase.SendAsync[T](HttpRequestMessage message, Object userState, CancellationToken cancellationToken)
   at GitHub.Services.Location.Client.LocationHttpClient.GetConnectionDataAsync(ConnectOptions connectOptions, Int64 lastChangeId, CancellationToken cancellationToken, Object userState)
   at GitHub.Services.WebApi.Location.VssServerDataProvider.GetConnectionDataAsync(ConnectOptions connectOptions, Int32 lastChangeId, CancellationToken cancellationToken)
   at GitHub.Services.WebApi.Location.VssServerDataProvider.ConnectAsync(ConnectOptions connectOptions, CancellationToken cancellationToken)
   at GitHub.Runner.Common.RunnerService.EstablishVssConnection(Uri serverUrl, VssCredentials credentials, TimeSpan timeout)
[2025-10-10 02:47:57Z ERR  GitHubActionsService] GET request to https://pipelinesghubeus6.actions.githubusercontent.com/hKyNd5hzQTjPqVOxuFp9CyJ2tMUr8ytJJ9FfsFju3bqhBGI0lq/_apis/connectionData?connectOptions=1&lastChangeId=258625537&lastChangeId64=258625537 failed. HTTP Status: NotFound
[2025-10-10 02:47:57Z INFO GitHubActionsService] Finished operation Location.GetConnectionData
[2025-10-10 02:47:57Z INFO RunnerServer] Catch exception during connect. 4 attempt left.
[2025-10-10 02:47:57Z ERR  RunnerServer] GitHub.Services.WebApi.VssServiceResponseException: The resource cannot be found.
   at GitHub.Services.WebApi.VssHttpClientBase.HandleResponseAsync(HttpResponseMessage response, CancellationToken cancellationToken)
   at GitHub.Services.WebApi.VssHttpClientBase.SendAsync(HttpRequestMessage message, HttpCompletionOption completionOption, Object userState, CancellationToken cancellationToken)
   at GitHub.Services.WebApi.VssHttpClientBase.SendAsync[T](HttpRequestMessage message, Object userState, CancellationToken cancellationToken)
   at GitHub.Services.Location.Client.LocationHttpClient.GetConnectionDataAsync(ConnectOptions connectOptions, Int64 lastChangeId, CancellationToken cancellationToken, Object userState)
   at GitHub.Services.WebApi.Location.VssServerDataProvider.GetConnectionDataAsync(ConnectOptions connectOptions, Int32 lastChangeId, CancellationToken cancellationToken)
   at GitHub.Services.WebApi.Location.VssServerDataProvider.ConnectAsync(ConnectOptions connectOptions, CancellationToken cancellationToken)
   at GitHub.Runner.Common.RunnerService.EstablishVssConnection(Uri serverUrl, VssCredentials credentials, TimeSpan timeout)
[2025-10-10 02:47:57Z ERR  GitHubActionsService] GET request to https://pipelinesghubeus6.actions.githubusercontent.com/hKyNd5hzQTjPqVOxuFp9CyJ2tMUr8ytJJ9FfsFju3bqhBGI0lq/_apis/connectionData?connectOptions=1&lastChangeId=258625537&lastChangeId64=258625537 failed. HTTP Status: NotFound
[2025-10-10 02:47:57Z INFO GitHubActionsService] Finished operation Location.GetConnectionData
[2025-10-10 02:47:57Z INFO RunnerServer] Catch exception during connect. 4 attempt left.
[2025-10-10 02:47:57Z ERR  RunnerServer] GitHub.Services.WebApi.VssServiceResponseException: The resource cannot be found.
   at GitHub.Services.WebApi.VssHttpClientBase.HandleResponseAsync(HttpResponseMessage response, CancellationToken cancellationToken)
   at GitHub.Services.WebApi.VssHttpClientBase.SendAsync(HttpRequestMessage message, HttpCompletionOption completionOption, Object userState, CancellationToken cancellationToken)
   at GitHub.Services.WebApi.VssHttpClientBase.SendAsync[T](HttpRequestMessage message, Object userState, CancellationToken cancellationToken)
   at GitHub.Services.Location.Client.LocationHttpClient.GetConnectionDataAsync(ConnectOptions connectOptions, Int64 lastChangeId, CancellationToken cancellationToken, Object userState)
   at GitHub.Services.WebApi.Location.VssServerDataProvider.GetConnectionDataAsync(ConnectOptions connectOptions, Int32 lastChangeId, CancellationToken cancellationToken)
   at GitHub.Services.WebApi.Location.VssServerDataProvider.ConnectAsync(ConnectOptions connectOptions, CancellationToken cancellationToken)
   at GitHub.Runner.Common.RunnerService.EstablishVssConnection(Uri serverUrl, VssCredentials credentials, TimeSpan timeout)
[2025-10-10 02:47:58Z INFO GitHubActionsService] Starting operation Location.GetConnectionData
[2025-10-10 02:47:58Z INFO GitHubActionsService] Starting operation Location.GetConnectionData
[2025-10-10 02:47:58Z INFO GitHubActionsService] Starting operation Location.GetConnectionData
[2025-10-10 02:47:58Z ERR  GitHubActionsService] GET request to https://pipelinesghubeus6.actions.githubusercontent.com/hKyNd5hzQTjPqVOxuFp9CyJ2tMUr8ytJJ9FfsFju3bqhBGI0lq/_apis/connectionData?connectOptions=1&lastChangeId=258625537&lastChangeId64=258625537 failed. HTTP Status: NotFound
[2025-10-10 02:47:58Z INFO GitHubActionsService] Finished operation Location.GetConnectionData
[2025-10-10 02:47:58Z INFO RunnerServer] Catch exception during connect. 3 attempt left.
[2025-10-10 02:47:58Z ERR  RunnerServer] GitHub.Services.WebApi.VssServiceResponseException: The resource cannot be found.
   at GitHub.Services.WebApi.VssHttpClientBase.HandleResponseAsync(HttpResponseMessage response, CancellationToken cancellationToken)
   at GitHub.Services.WebApi.VssHttpClientBase.SendAsync(HttpRequestMessage message, HttpCompletionOption completionOption, Object userState, CancellationToken cancellationToken)
   at GitHub.Services.WebApi.VssHttpClientBase.SendAsync[T](HttpRequestMessage message, Object userState, CancellationToken cancellationToken)
   at GitHub.Services.Location.Client.LocationHttpClient.GetConnectionDataAsync(ConnectOptions connectOptions, Int64 lastChangeId, CancellationToken cancellationToken, Object userState)
   at GitHub.Services.WebApi.Location.VssServerDataProvider.GetConnectionDataAsync(ConnectOptions connectOptions, Int32 lastChangeId, CancellationToken cancellationToken)
   at GitHub.Services.WebApi.Location.VssServerDataProvider.ConnectAsync(ConnectOptions connectOptions, CancellationToken cancellationToken)
   at GitHub.Runner.Common.RunnerService.EstablishVssConnection(Uri serverUrl, VssCredentials credentials, TimeSpan timeout)
[2025-10-10 02:47:58Z INFO GitHubActionsService] Starting operation Location.GetConnectionData
[2025-10-10 02:47:58Z ERR  GitHubActionsService] GET request to https://pipelinesghubeus6.actions.githubusercontent.com/hKyNd5hzQTjPqVOxuFp9CyJ2tMUr8ytJJ9FfsFju3bqhBGI0lq/_apis/connectionData?connectOptions=1&lastChangeId=258625537&lastChangeId64=258625537 failed. HTTP Status: NotFound
[2025-10-10 02:47:58Z INFO GitHubActionsService] Finished operation Location.GetConnectionData
[2025-10-10 02:47:58Z INFO RunnerServer] Catch exception during connect. 3 attempt left.
[2025-10-10 02:47:58Z ERR  RunnerServer] GitHub.Services.WebApi.VssServiceResponseException: The resource cannot be found.
   at GitHub.Services.WebApi.VssHttpClientBase.HandleResponseAsync(HttpResponseMessage response, CancellationToken cancellationToken)
   at GitHub.Services.WebApi.VssHttpClientBase.SendAsync(HttpRequestMessage message, HttpCompletionOption completionOption, Object userState, CancellationToken cancellationToken)
   at GitHub.Services.WebApi.VssHttpClientBase.SendAsync[T](HttpRequestMessage message, Object userState, CancellationToken cancellationToken)
   at GitHub.Services.Location.Client.LocationHttpClient.GetConnectionDataAsync(ConnectOptions connectOptions, Int64 lastChangeId, CancellationToken cancellationToken, Object userState)
   at GitHub.Services.WebApi.Location.VssServerDataProvider.GetConnectionDataAsync(ConnectOptions connectOptions, Int32 lastChangeId, CancellationToken cancellationToken)
   at GitHub.Services.WebApi.Location.VssServerDataProvider.ConnectAsync(ConnectOptions connectOptions, CancellationToken cancellationToken)
   at GitHub.Runner.Common.RunnerService.EstablishVssConnection(Uri serverUrl, VssCredentials credentials, TimeSpan timeout)
[2025-10-10 02:47:58Z ERR  GitHubActionsService] GET request to https://pipelinesghubeus6.actions.githubusercontent.com/hKyNd5hzQTjPqVOxuFp9CyJ2tMUr8ytJJ9FfsFju3bqhBGI0lq/_apis/connectionData?connectOptions=1&lastChangeId=258625537&lastChangeId64=258625537 failed. HTTP Status: NotFound
[2025-10-10 02:47:58Z INFO GitHubActionsService] Finished operation Location.GetConnectionData
[2025-10-10 02:47:58Z INFO RunnerServer] Catch exception during connect. 3 attempt left.
[2025-10-10 02:47:58Z ERR  RunnerServer] GitHub.Services.WebApi.VssServiceResponseException: The resource cannot be found.
   at GitHub.Services.WebApi.VssHttpClientBase.HandleResponseAsync(HttpResponseMessage response, CancellationToken cancellationToken)
   at GitHub.Services.WebApi.VssHttpClientBase.SendAsync(HttpRequestMessage message, HttpCompletionOption completionOption, Object userState, CancellationToken cancellationToken)
   at GitHub.Services.WebApi.VssHttpClientBase.SendAsync[T](HttpRequestMessage message, Object userState, CancellationToken cancellationToken)
   at GitHub.Services.Location.Client.LocationHttpClient.GetConnectionDataAsync(ConnectOptions connectOptions, Int64 lastChangeId, CancellationToken cancellationToken, Object userState)
   at GitHub.Services.WebApi.Location.VssServerDataProvider.GetConnectionDataAsync(ConnectOptions connectOptions, Int32 lastChangeId, CancellationToken cancellationToken)
   at GitHub.Services.WebApi.Location.VssServerDataProvider.ConnectAsync(ConnectOptions connectOptions, CancellationToken cancellationToken)
   at GitHub.Runner.Common.RunnerService.EstablishVssConnection(Uri serverUrl, VssCredentials credentials, TimeSpan timeout)
[2025-10-10 02:47:58Z INFO GitHubActionsService] Starting operation Location.GetConnectionData
[2025-10-10 02:47:58Z INFO GitHubActionsService] Starting operation Location.GetConnectionData
[2025-10-10 02:47:59Z ERR  GitHubActionsService] GET request to https://pipelinesghubeus6.actions.githubusercontent.com/hKyNd5hzQTjPqVOxuFp9CyJ2tMUr8ytJJ9FfsFju3bqhBGI0lq/_apis/connectionData?connectOptions=1&lastChangeId=258625537&lastChangeId64=258625537 failed. HTTP Status: NotFound
[2025-10-10 02:47:59Z INFO GitHubActionsService] Finished operation Location.GetConnectionData
[2025-10-10 02:47:59Z INFO RunnerServer] Catch exception during connect. 2 attempt left.
[2025-10-10 02:47:59Z ERR  RunnerServer] GitHub.Services.WebApi.VssServiceResponseException: The resource cannot be found.
   at GitHub.Services.WebApi.VssHttpClientBase.HandleResponseAsync(HttpResponseMessage response, CancellationToken cancellationToken)
   at GitHub.Services.WebApi.VssHttpClientBase.SendAsync(HttpRequestMessage message, HttpCompletionOption completionOption, Object userState, CancellationToken cancellationToken)
   at GitHub.Services.WebApi.VssHttpClientBase.SendAsync[T](HttpRequestMessage message, Object userState, CancellationToken cancellationToken)
   at GitHub.Services.Location.Client.LocationHttpClient.GetConnectionDataAsync(ConnectOptions connectOptions, Int64 lastChangeId, CancellationToken cancellationToken, Object userState)
   at GitHub.Services.WebApi.Location.VssServerDataProvider.GetConnectionDataAsync(ConnectOptions connectOptions, Int32 lastChangeId, CancellationToken cancellationToken)
   at GitHub.Services.WebApi.Location.VssServerDataProvider.ConnectAsync(ConnectOptions connectOptions, CancellationToken cancellationToken)
   at GitHub.Runner.Common.RunnerService.EstablishVssConnection(Uri serverUrl, VssCredentials credentials, TimeSpan timeout)
[2025-10-10 02:47:59Z ERR  GitHubActionsService] GET request to https://pipelinesghubeus6.actions.githubusercontent.com/hKyNd5hzQTjPqVOxuFp9CyJ2tMUr8ytJJ9FfsFju3bqhBGI0lq/_apis/connectionData?connectOptions=1&lastChangeId=258625537&lastChangeId64=258625537 failed. HTTP Status: NotFound
[2025-10-10 02:47:59Z INFO GitHubActionsService] Finished operation Location.GetConnectionData
[2025-10-10 02:47:59Z INFO RunnerServer] Catch exception during connect. 2 attempt left.
[2025-10-10 02:47:59Z ERR  RunnerServer] GitHub.Services.WebApi.VssServiceResponseException: The resource cannot be found.
   at GitHub.Services.WebApi.VssHttpClientBase.HandleResponseAsync(HttpResponseMessage response, CancellationToken cancellationToken)
   at GitHub.Services.WebApi.VssHttpClientBase.SendAsync(HttpRequestMessage message, HttpCompletionOption completionOption, Object userState, CancellationToken cancellationToken)
   at GitHub.Services.WebApi.VssHttpClientBase.SendAsync[T](HttpRequestMessage message, Object userState, CancellationToken cancellationToken)
   at GitHub.Services.Location.Client.LocationHttpClient.GetConnectionDataAsync(ConnectOptions connectOptions, Int64 lastChangeId, CancellationToken cancellationToken, Object userState)
   at GitHub.Services.WebApi.Location.VssServerDataProvider.GetConnectionDataAsync(ConnectOptions connectOptions, Int32 lastChangeId, CancellationToken cancellationToken)
   at GitHub.Services.WebApi.Location.VssServerDataProvider.ConnectAsync(ConnectOptions connectOptions, CancellationToken cancellationToken)
   at GitHub.Runner.Common.RunnerService.EstablishVssConnection(Uri serverUrl, VssCredentials credentials, TimeSpan timeout)
[2025-10-10 02:47:59Z INFO GitHubActionsService] Starting operation Location.GetConnectionData
[2025-10-10 02:47:59Z ERR  GitHubActionsService] GET request to https://pipelinesghubeus6.actions.githubusercontent.com/hKyNd5hzQTjPqVOxuFp9CyJ2tMUr8ytJJ9FfsFju3bqhBGI0lq/_apis/connectionData?connectOptions=1&lastChangeId=258625537&lastChangeId64=258625537 failed. HTTP Status: NotFound
[2025-10-10 02:47:59Z INFO GitHubActionsService] Finished operation Location.GetConnectionData
[2025-10-10 02:47:59Z INFO RunnerServer] Catch exception during connect. 2 attempt left.
[2025-10-10 02:47:59Z ERR  RunnerServer] GitHub.Services.WebApi.VssServiceResponseException: The resource cannot be found.
   at GitHub.Services.WebApi.VssHttpClientBase.HandleResponseAsync(HttpResponseMessage response, CancellationToken cancellationToken)
   at GitHub.Services.WebApi.VssHttpClientBase.SendAsync(HttpRequestMessage message, HttpCompletionOption completionOption, Object userState, CancellationToken cancellationToken)
   at GitHub.Services.WebApi.VssHttpClientBase.SendAsync[T](HttpRequestMessage message, Object userState, CancellationToken cancellationToken)
   at GitHub.Services.Location.Client.LocationHttpClient.GetConnectionDataAsync(ConnectOptions connectOptions, Int64 lastChangeId, CancellationToken cancellationToken, Object userState)
   at GitHub.Services.WebApi.Location.VssServerDataProvider.GetConnectionDataAsync(ConnectOptions connectOptions, Int32 lastChangeId, CancellationToken cancellationToken)
   at GitHub.Services.WebApi.Location.VssServerDataProvider.ConnectAsync(ConnectOptions connectOptions, CancellationToken cancellationToken)
   at GitHub.Runner.Common.RunnerService.EstablishVssConnection(Uri serverUrl, VssCredentials credentials, TimeSpan timeout)
[2025-10-10 02:47:59Z INFO GitHubActionsService] Starting operation Location.GetConnectionData
[2025-10-10 02:47:59Z INFO GitHubActionsService] Starting operation Location.GetConnectionData
[2025-10-10 02:48:00Z ERR  GitHubActionsService] GET request to https://pipelinesghubeus6.actions.githubusercontent.com/hKyNd5hzQTjPqVOxuFp9CyJ2tMUr8ytJJ9FfsFju3bqhBGI0lq/_apis/connectionData?connectOptions=1&lastChangeId=258625537&lastChangeId64=258625537 failed. HTTP Status: NotFound
[2025-10-10 02:48:00Z INFO GitHubActionsService] Finished operation Location.GetConnectionData
[2025-10-10 02:48:00Z INFO RunnerServer] Catch exception during connect. 1 attempt left.
[2025-10-10 02:48:00Z ERR  RunnerServer] GitHub.Services.WebApi.VssServiceResponseException: The resource cannot be found.
   at GitHub.Services.WebApi.VssHttpClientBase.HandleResponseAsync(HttpResponseMessage response, CancellationToken cancellationToken)
   at GitHub.Services.WebApi.VssHttpClientBase.SendAsync(HttpRequestMessage message, HttpCompletionOption completionOption, Object userState, CancellationToken cancellationToken)
   at GitHub.Services.WebApi.VssHttpClientBase.SendAsync[T](HttpRequestMessage message, Object userState, CancellationToken cancellationToken)
   at GitHub.Services.Location.Client.LocationHttpClient.GetConnectionDataAsync(ConnectOptions connectOptions, Int64 lastChangeId, CancellationToken cancellationToken, Object userState)
   at GitHub.Services.WebApi.Location.VssServerDataProvider.GetConnectionDataAsync(ConnectOptions connectOptions, Int32 lastChangeId, CancellationToken cancellationToken)
   at GitHub.Services.WebApi.Location.VssServerDataProvider.ConnectAsync(ConnectOptions connectOptions, CancellationToken cancellationToken)
   at GitHub.Runner.Common.RunnerService.EstablishVssConnection(Uri serverUrl, VssCredentials credentials, TimeSpan timeout)
[2025-10-10 02:48:00Z ERR  GitHubActionsService] GET request to https://pipelinesghubeus6.actions.githubusercontent.com/hKyNd5hzQTjPqVOxuFp9CyJ2tMUr8ytJJ9FfsFju3bqhBGI0lq/_apis/connectionData?connectOptions=1&lastChangeId=258625537&lastChangeId64=258625537 failed. HTTP Status: NotFound
[2025-10-10 02:48:00Z INFO GitHubActionsService] Finished operation Location.GetConnectionData
[2025-10-10 02:48:00Z INFO RunnerServer] Catch exception during connect. 1 attempt left.
[2025-10-10 02:48:00Z ERR  RunnerServer] GitHub.Services.WebApi.VssServiceResponseException: The resource cannot be found.
   at GitHub.Services.WebApi.VssHttpClientBase.HandleResponseAsync(HttpResponseMessage response, CancellationToken cancellationToken)
   at GitHub.Services.WebApi.VssHttpClientBase.SendAsync(HttpRequestMessage message, HttpCompletionOption completionOption, Object userState, CancellationToken cancellationToken)
   at GitHub.Services.WebApi.VssHttpClientBase.SendAsync[T](HttpRequestMessage message, Object userState, CancellationToken cancellationToken)
   at GitHub.Services.Location.Client.LocationHttpClient.GetConnectionDataAsync(ConnectOptions connectOptions, Int64 lastChangeId, CancellationToken cancellationToken, Object userState)
   at GitHub.Services.WebApi.Location.VssServerDataProvider.GetConnectionDataAsync(ConnectOptions connectOptions, Int32 lastChangeId, CancellationToken cancellationToken)
   at GitHub.Services.WebApi.Location.VssServerDataProvider.ConnectAsync(ConnectOptions connectOptions, CancellationToken cancellationToken)
   at GitHub.Runner.Common.RunnerService.EstablishVssConnection(Uri serverUrl, VssCredentials credentials, TimeSpan timeout)
[2025-10-10 02:48:00Z INFO GitHubActionsService] Starting operation Location.GetConnectionData
[2025-10-10 02:48:00Z ERR  GitHubActionsService] GET request to https://pipelinesghubeus6.actions.githubusercontent.com/hKyNd5hzQTjPqVOxuFp9CyJ2tMUr8ytJJ9FfsFju3bqhBGI0lq/_apis/connectionData?connectOptions=1&lastChangeId=258625537&lastChangeId64=258625537 failed. HTTP Status: NotFound
[2025-10-10 02:48:00Z INFO GitHubActionsService] Finished operation Location.GetConnectionData
[2025-10-10 02:48:00Z INFO RunnerServer] Catch exception during connect. 1 attempt left.
[2025-10-10 02:48:00Z ERR  RunnerServer] GitHub.Services.WebApi.VssServiceResponseException: The resource cannot be found.
   at GitHub.Services.WebApi.VssHttpClientBase.HandleResponseAsync(HttpResponseMessage response, CancellationToken cancellationToken)
   at GitHub.Services.WebApi.VssHttpClientBase.SendAsync(HttpRequestMessage message, HttpCompletionOption completionOption, Object userState, CancellationToken cancellationToken)
   at GitHub.Services.WebApi.VssHttpClientBase.SendAsync[T](HttpRequestMessage message, Object userState, CancellationToken cancellationToken)
   at GitHub.Services.Location.Client.LocationHttpClient.GetConnectionDataAsync(ConnectOptions connectOptions, Int64 lastChangeId, CancellationToken cancellationToken, Object userState)
   at GitHub.Services.WebApi.Location.VssServerDataProvider.GetConnectionDataAsync(ConnectOptions connectOptions, Int32 lastChangeId, CancellationToken cancellationToken)
   at GitHub.Services.WebApi.Location.VssServerDataProvider.ConnectAsync(ConnectOptions connectOptions, CancellationToken cancellationToken)
   at GitHub.Runner.Common.RunnerService.EstablishVssConnection(Uri serverUrl, VssCredentials credentials, TimeSpan timeout)
[2025-10-10 02:48:00Z INFO GitHubActionsService] Starting operation Location.GetConnectionData
[2025-10-10 02:48:00Z INFO GitHubActionsService] Starting operation Location.GetConnectionData
[2025-10-10 02:48:00Z ERR  GitHubActionsService] GET request to https://pipelinesghubeus6.actions.githubusercontent.com/hKyNd5hzQTjPqVOxuFp9CyJ2tMUr8ytJJ9FfsFju3bqhBGI0lq/_apis/connectionData?connectOptions=1&lastChangeId=258625537&lastChangeId64=258625537 failed. HTTP Status: NotFound
[2025-10-10 02:48:00Z INFO GitHubActionsService] Finished operation Location.GetConnectionData
[2025-10-10 02:48:00Z ERR  GitHubActionsService] GET request to https://pipelinesghubeus6.actions.githubusercontent.com/hKyNd5hzQTjPqVOxuFp9CyJ2tMUr8ytJJ9FfsFju3bqhBGI0lq/_apis/connectionData?connectOptions=1&lastChangeId=258625537&lastChangeId64=258625537 failed. HTTP Status: NotFound
[2025-10-10 02:48:00Z INFO GitHubActionsService] Finished operation Location.GetConnectionData
[2025-10-10 02:48:00Z ERR  GitHubActionsService] GET request to https://pipelinesghubeus6.actions.githubusercontent.com/hKyNd5hzQTjPqVOxuFp9CyJ2tMUr8ytJJ9FfsFju3bqhBGI0lq/_apis/connectionData?connectOptions=1&lastChangeId=258625537&lastChangeId64=258625537 failed. HTTP Status: NotFound
[2025-10-10 02:48:00Z INFO GitHubActionsService] Finished operation Location.GetConnectionData
[2025-10-10 02:48:00Z ERR  BrokerMessageListener] Catch exception during create session.
[2025-10-10 02:48:00Z ERR  BrokerMessageListener] GitHub.Services.WebApi.VssServiceResponseException: The resource cannot be found.
   at GitHub.Services.WebApi.VssHttpClientBase.HandleResponseAsync(HttpResponseMessage response, CancellationToken cancellationToken)
   at GitHub.Services.WebApi.VssHttpClientBase.SendAsync(HttpRequestMessage message, HttpCompletionOption completionOption, Object userState, CancellationToken cancellationToken)
   at GitHub.Services.WebApi.VssHttpClientBase.SendAsync[T](HttpRequestMessage message, Object userState, CancellationToken cancellationToken)
   at GitHub.Services.Location.Client.LocationHttpClient.GetConnectionDataAsync(ConnectOptions connectOptions, Int64 lastChangeId, CancellationToken cancellationToken, Object userState)
   at GitHub.Services.WebApi.Location.VssServerDataProvider.GetConnectionDataAsync(ConnectOptions connectOptions, Int32 lastChangeId, CancellationToken cancellationToken)
   at GitHub.Services.WebApi.Location.VssServerDataProvider.ConnectAsync(ConnectOptions connectOptions, CancellationToken cancellationToken)
   at GitHub.Runner.Common.RunnerService.EstablishVssConnection(Uri serverUrl, VssCredentials credentials, TimeSpan timeout)
   at GitHub.Runner.Common.RunnerServer.ConnectAsync(Uri serverUrl, VssCredentials credentials)
   at GitHub.Runner.Listener.BrokerMessageListener.CreateSessionAsync(CancellationToken token)
[2025-10-10 02:48:00Z INFO BrokerMessageListener] Retriable exception: The resource cannot be found.
[2025-10-10 02:48:00Z INFO BrokerMessageListener] Sleeping for 30 seconds before retrying.
[2025-10-10 02:48:30Z INFO BrokerMessageListener] Attempt to create session.
[2025-10-10 02:48:30Z INFO BrokerMessageListener] Connecting to the Broker Server...
[2025-10-10 02:48:30Z INFO ConfigurationStore] HasCredentials()
[2025-10-10 02:48:30Z INFO ConfigurationStore] stored False
[2025-10-10 02:48:30Z ERR  BrokerMessageListener] Catch exception during create session.
[2025-10-10 02:48:30Z ERR  BrokerMessageListener] System.InvalidOperationException: Credentials not stored. Must reconfigure.
   at GitHub.Runner.Listener.Configuration.CredentialManager.LoadCredentials(Boolean allowAuthUrlV2)
   at GitHub.Runner.Listener.BrokerMessageListener.CreateSessionAsync(CancellationToken token)
[2025-10-10 02:48:30Z INFO BrokerMessageListener] Non-retriable exception: Credentials not stored. Must reconfigure.
[2025-10-10 02:48:30Z ERR  Terminal] WRITE ERROR: Failed to create session. Credentials not stored. Must reconfigure.
[2025-10-10 02:48:30Z INFO Listener] Runner execution has finished with return code 1
