[2025-10-09 03:39:15Z INFO ConfigurationStore] stored True
[2025-10-09 03:39:15Z INFO CredentialManager] GetCredentialProvider
[2025-10-09 03:39:15Z INFO CredentialManager] Creating type OAuth
[2025-10-09 03:39:15Z INFO CredentialManager] Creating credential type: OAuth
[2025-10-09 03:39:15Z INFO RSAEncryptedFileKeyManager] Loading RSA key parameters from file G:\Brunella\actions-runner\.credentials_rsaparams
[2025-10-09 03:39:15Z INFO BrokerMessageListener] VssConnection created
[2025-10-09 03:39:15Z INFO BrokerMessageListener] Connecting to the Runner server...
[2025-10-09 03:39:15Z INFO RunnerServer] EstablishVssConnection
[2025-10-09 03:39:15Z INFO RunnerServer] Establish connection with 100 seconds timeout.
[2025-10-09 03:39:15Z INFO GitHubActionsService] Starting operation Location.GetConnectionData
[2025-10-09 03:39:15Z INFO RunnerServer] EstablishVssConnection
[2025-10-09 03:39:15Z INFO RunnerServer] Establish connection with 60 seconds timeout.
[2025-10-09 03:39:15Z INFO GitHubActionsService] Starting operation Location.GetConnectionData
[2025-10-09 03:39:15Z INFO RunnerServer] EstablishVssConnection
[2025-10-09 03:39:15Z INFO RunnerServer] Establish connection with 60 seconds timeout.
[2025-10-09 03:39:15Z INFO GitHubActionsService] Starting operation Location.GetConnectionData
[2025-10-09 03:39:15Z ERR  GitHubActionsService] GET request to https://pipelinesghubeus6.actions.githubusercontent.com/hKyNd5hzQTjPqVOxuFp9CyJ2tMUr8ytJJ9FfsFju3bqhBGI0lq/_apis/connectionData?connectOptions=1&lastChangeId=258625537&lastChangeId64=258625537 failed. HTTP Status: NotFound
[2025-10-09 03:39:15Z INFO GitHubActionsService] Finished operation Location.GetConnectionData
[2025-10-09 03:39:15Z INFO RunnerServer] Catch exception during connect. 4 attempt left.
[2025-10-09 03:39:15Z ERR  RunnerServer] GitHub.Services.WebApi.VssServiceResponseException: The resource cannot be found.
   at GitHub.Services.WebApi.VssHttpClientBase.HandleResponseAsync(HttpResponseMessage response, CancellationToken cancellationToken)
   at GitHub.Services.WebApi.VssHttpClientBase.SendAsync(HttpRequestMessage message, HttpCompletionOption completionOption, Object userState, CancellationToken cancellationToken)
   at GitHub.Services.WebApi.VssHttpClientBase.SendAsync[T](HttpRequestMessage message, Object userState, CancellationToken cancellationToken)
   at GitHub.Services.Location.Client.LocationHttpClient.GetConnectionDataAsync(ConnectOptions connectOptions, Int64 lastChangeId, CancellationToken cancellationToken, Object userState)
   at GitHub.Services.WebApi.Location.VssServerDataProvider.GetConnectionDataAsync(ConnectOptions connectOptions, Int32 lastChangeId, CancellationToken cancellationToken)
   at GitHub.Services.WebApi.Location.VssServerDataProvider.ConnectAsync(ConnectOptions connectOptions, CancellationToken cancellationToken)
   at GitHub.Runner.Common.RunnerService.EstablishVssConnection(Uri serverUrl, VssCredentials credentials, TimeSpan timeout)
[2025-10-09 03:39:15Z ERR  GitHubActionsService] GET request to https://pipelinesghubeus6.actions.githubusercontent.com/hKyNd5hzQTjPqVOxuFp9CyJ2tMUr8ytJJ9FfsFju3bqhBGI0lq/_apis/connectionData?connectOptions=1&lastChangeId=258625537&lastChangeId64=258625537 failed. HTTP Status: NotFound
[2025-10-09 03:39:15Z INFO GitHubActionsService] Finished operation Location.GetConnectionData
[2025-10-09 03:39:15Z INFO RunnerServer] Catch exception during connect. 4 attempt left.
[2025-10-09 03:39:15Z ERR  RunnerServer] GitHub.Services.WebApi.VssServiceResponseException: The resource cannot be found.
   at GitHub.Services.WebApi.VssHttpClientBase.HandleResponseAsync(HttpResponseMessage response, CancellationToken cancellationToken)
   at GitHub.Services.WebApi.VssHttpClientBase.SendAsync(HttpRequestMessage message, HttpCompletionOption completionOption, Object userState, CancellationToken cancellationToken)
   at GitHub.Services.WebApi.VssHttpClientBase.SendAsync[T](HttpRequestMessage message, Object userState, CancellationToken cancellationToken)
   at GitHub.Services.Location.Client.LocationHttpClient.GetConnectionDataAsync(ConnectOptions connectOptions, Int64 lastChangeId, CancellationToken cancellationToken, Object userState)
   at GitHub.Services.WebApi.Location.VssServerDataProvider.GetConnectionDataAsync(ConnectOptions connectOptions, Int32 lastChangeId, CancellationToken cancellationToken)
   at GitHub.Services.WebApi.Location.VssServerDataProvider.ConnectAsync(ConnectOptions connectOptions, CancellationToken cancellationToken)
   at GitHub.Runner.Common.RunnerService.EstablishVssConnection(Uri serverUrl, VssCredentials credentials, TimeSpan timeout)
[2025-10-09 03:39:15Z ERR  GitHubActionsService] GET request to https://pipelinesghubeus6.actions.githubusercontent.com/hKyNd5hzQTjPqVOxuFp9CyJ2tMUr8ytJJ9FfsFju3bqhBGI0lq/_apis/connectionData?connectOptions=1&lastChangeId=258625537&lastChangeId64=258625537 failed. HTTP Status: NotFound
[2025-10-09 03:39:15Z INFO GitHubActionsService] Finished operation Location.GetConnectionData
[2025-10-09 03:39:15Z INFO RunnerServer] Catch exception during connect. 4 attempt left.
[2025-10-09 03:39:15Z ERR  RunnerServer] GitHub.Services.WebApi.VssServiceResponseException: The resource cannot be found.
   at GitHub.Services.WebApi.VssHttpClientBase.HandleResponseAsync(HttpResponseMessage response, CancellationToken cancellationToken)
   at GitHub.Services.WebApi.VssHttpClientBase.SendAsync(HttpRequestMessage message, HttpCompletionOption completionOption, Object userState, CancellationToken cancellationToken)
   at GitHub.Services.WebApi.VssHttpClientBase.SendAsync[T](HttpRequestMessage message, Object userState, CancellationToken cancellationToken)
   at GitHub.Services.Location.Client.LocationHttpClient.GetConnectionDataAsync(ConnectOptions connectOptions, Int64 lastChangeId, CancellationToken cancellationToken, Object userState)
   at GitHub.Services.WebApi.Location.VssServerDataProvider.GetConnectionDataAsync(ConnectOptions connectOptions, Int32 lastChangeId, CancellationToken cancellationToken)
   at GitHub.Services.WebApi.Location.VssServerDataProvider.ConnectAsync(ConnectOptions connectOptions, CancellationToken cancellationToken)
   at GitHub.Runner.Common.RunnerService.EstablishVssConnection(Uri serverUrl, VssCredentials credentials, TimeSpan timeout)
[2025-10-09 03:39:15Z INFO GitHubActionsService] Starting operation Location.GetConnectionData
[2025-10-09 03:39:16Z INFO GitHubActionsService] Starting operation Location.GetConnectionData
[2025-10-09 03:39:16Z INFO GitHubActionsService] Starting operation Location.GetConnectionData
[2025-10-09 03:39:16Z ERR  GitHubActionsService] GET request to https://pipelinesghubeus6.actions.githubusercontent.com/hKyNd5hzQTjPqVOxuFp9CyJ2tMUr8ytJJ9FfsFju3bqhBGI0lq/_apis/connectionData?connectOptions=1&lastChangeId=258625537&lastChangeId64=258625537 failed. HTTP Status: NotFound
[2025-10-09 03:39:16Z INFO GitHubActionsService] Finished operation Location.GetConnectionData
[2025-10-09 03:39:16Z INFO RunnerServer] Catch exception during connect. 3 attempt left.
[2025-10-09 03:39:16Z ERR  RunnerServer] GitHub.Services.WebApi.VssServiceResponseException: The resource cannot be found.
   at GitHub.Services.WebApi.VssHttpClientBase.HandleResponseAsync(HttpResponseMessage response, CancellationToken cancellationToken)
   at GitHub.Services.WebApi.VssHttpClientBase.SendAsync(HttpRequestMessage message, HttpCompletionOption completionOption, Object userState, CancellationToken cancellationToken)
   at GitHub.Services.WebApi.VssHttpClientBase.SendAsync[T](HttpRequestMessage message, Object userState, CancellationToken cancellationToken)
   at GitHub.Services.Location.Client.LocationHttpClient.GetConnectionDataAsync(ConnectOptions connectOptions, Int64 lastChangeId, CancellationToken cancellationToken, Object userState)
   at GitHub.Services.WebApi.Location.VssServerDataProvider.GetConnectionDataAsync(ConnectOptions connectOptions, Int32 lastChangeId, CancellationToken cancellationToken)
   at GitHub.Services.WebApi.Location.VssServerDataProvider.ConnectAsync(ConnectOptions connectOptions, CancellationToken cancellationToken)
   at GitHub.Runner.Common.RunnerService.EstablishVssConnection(Uri serverUrl, VssCredentials credentials, TimeSpan timeout)
[2025-10-09 03:39:16Z INFO GitHubActionsService] Starting operation Location.GetConnectionData
[2025-10-09 03:39:16Z ERR  GitHubActionsService] GET request to https://pipelinesghubeus6.actions.githubusercontent.com/hKyNd5hzQTjPqVOxuFp9CyJ2tMUr8ytJJ9FfsFju3bqhBGI0lq/_apis/connectionData?connectOptions=1&lastChangeId=258625537&lastChangeId64=258625537 failed. HTTP Status: NotFound
[2025-10-09 03:39:16Z INFO GitHubActionsService] Finished operation Location.GetConnectionData
[2025-10-09 03:39:16Z INFO RunnerServer] Catch exception during connect. 3 attempt left.
[2025-10-09 03:39:16Z ERR  RunnerServer] GitHub.Services.WebApi.VssServiceResponseException: The resource cannot be found.
   at GitHub.Services.WebApi.VssHttpClientBase.HandleResponseAsync(HttpResponseMessage response, CancellationToken cancellationToken)
   at GitHub.Services.WebApi.VssHttpClientBase.SendAsync(HttpRequestMessage message, HttpCompletionOption completionOption, Object userState, CancellationToken cancellationToken)
   at GitHub.Services.WebApi.VssHttpClientBase.SendAsync[T](HttpRequestMessage message, Object userState, CancellationToken cancellationToken)
   at GitHub.Services.Location.Client.LocationHttpClient.GetConnectionDataAsync(ConnectOptions connectOptions, Int64 lastChangeId, CancellationToken cancellationToken, Object userState)
   at GitHub.Services.WebApi.Location.VssServerDataProvider.GetConnectionDataAsync(ConnectOptions connectOptions, Int32 lastChangeId, CancellationToken cancellationToken)
   at GitHub.Services.WebApi.Location.VssServerDataProvider.ConnectAsync(ConnectOptions connectOptions, CancellationToken cancellationToken)
   at GitHub.Runner.Common.RunnerService.EstablishVssConnection(Uri serverUrl, VssCredentials credentials, TimeSpan timeout)
[2025-10-09 03:39:16Z ERR  GitHubActionsService] GET request to https://pipelinesghubeus6.actions.githubusercontent.com/hKyNd5hzQTjPqVOxuFp9CyJ2tMUr8ytJJ9FfsFju3bqhBGI0lq/_apis/connectionData?connectOptions=1&lastChangeId=258625537&lastChangeId64=258625537 failed. HTTP Status: NotFound
[2025-10-09 03:39:16Z INFO GitHubActionsService] Finished operation Location.GetConnectionData
[2025-10-09 03:39:16Z INFO RunnerServer] Catch exception during connect. 3 attempt left.
[2025-10-09 03:39:16Z ERR  RunnerServer] GitHub.Services.WebApi.VssServiceResponseException: The resource cannot be found.
   at GitHub.Services.WebApi.VssHttpClientBase.HandleResponseAsync(HttpResponseMessage response, CancellationToken cancellationToken)
   at GitHub.Services.WebApi.VssHttpClientBase.SendAsync(HttpRequestMessage message, HttpCompletionOption completionOption, Object userState, CancellationToken cancellationToken)
   at GitHub.Services.WebApi.VssHttpClientBase.SendAsync[T](HttpRequestMessage message, Object userState, CancellationToken cancellationToken)
   at GitHub.Services.Location.Client.LocationHttpClient.GetConnectionDataAsync(ConnectOptions connectOptions, Int64 lastChangeId, CancellationToken cancellationToken, Object userState)
   at GitHub.Services.WebApi.Location.VssServerDataProvider.GetConnectionDataAsync(ConnectOptions connectOptions, Int32 lastChangeId, CancellationToken cancellationToken)
   at GitHub.Services.WebApi.Location.VssServerDataProvider.ConnectAsync(ConnectOptions connectOptions, CancellationToken cancellationToken)
   at GitHub.Runner.Common.RunnerService.EstablishVssConnection(Uri serverUrl, VssCredentials credentials, TimeSpan timeout)
[2025-10-09 03:39:16Z INFO GitHubActionsService] Starting operation Location.GetConnectionData
[2025-10-09 03:39:16Z INFO GitHubActionsService] Starting operation Location.GetConnectionData
[2025-10-09 03:39:17Z ERR  GitHubActionsService] GET request to https://pipelinesghubeus6.actions.githubusercontent.com/hKyNd5hzQTjPqVOxuFp9CyJ2tMUr8ytJJ9FfsFju3bqhBGI0lq/_apis/connectionData?connectOptions=1&lastChangeId=258625537&lastChangeId64=258625537 failed. HTTP Status: NotFound
[2025-10-09 03:39:17Z INFO GitHubActionsService] Finished operation Location.GetConnectionData
[2025-10-09 03:39:17Z INFO RunnerServer] Catch exception during connect. 2 attempt left.
[2025-10-09 03:39:17Z ERR  RunnerServer] GitHub.Services.WebApi.VssServiceResponseException: The resource cannot be found.
   at GitHub.Services.WebApi.VssHttpClientBase.HandleResponseAsync(HttpResponseMessage response, CancellationToken cancellationToken)
   at GitHub.Services.WebApi.VssHttpClientBase.SendAsync(HttpRequestMessage message, HttpCompletionOption completionOption, Object userState, CancellationToken cancellationToken)
   at GitHub.Services.WebApi.VssHttpClientBase.SendAsync[T](HttpRequestMessage message, Object userState, CancellationToken cancellationToken)
   at GitHub.Services.Location.Client.LocationHttpClient.GetConnectionDataAsync(ConnectOptions connectOptions, Int64 lastChangeId, CancellationToken cancellationToken, Object userState)
   at GitHub.Services.WebApi.Location.VssServerDataProvider.GetConnectionDataAsync(ConnectOptions connectOptions, Int32 lastChangeId, CancellationToken cancellationToken)
   at GitHub.Services.WebApi.Location.VssServerDataProvider.ConnectAsync(ConnectOptions connectOptions, CancellationToken cancellationToken)
   at GitHub.Runner.Common.RunnerService.EstablishVssConnection(Uri serverUrl, VssCredentials credentials, TimeSpan timeout)
[2025-10-09 03:39:17Z INFO GitHubActionsService] Starting operation Location.GetConnectionData
[2025-10-09 03:39:17Z ERR  GitHubActionsService] GET request to https://pipelinesghubeus6.actions.githubusercontent.com/hKyNd5hzQTjPqVOxuFp9CyJ2tMUr8ytJJ9FfsFju3bqhBGI0lq/_apis/connectionData?connectOptions=1&lastChangeId=258625537&lastChangeId64=258625537 failed. HTTP Status: NotFound
[2025-10-09 03:39:17Z INFO GitHubActionsService] Finished operation Location.GetConnectionData
[2025-10-09 03:39:17Z INFO RunnerServer] Catch exception during connect. 2 attempt left.
[2025-10-09 03:39:17Z ERR  RunnerServer] GitHub.Services.WebApi.VssServiceResponseException: The resource cannot be found.
   at GitHub.Services.WebApi.VssHttpClientBase.HandleResponseAsync(HttpResponseMessage response, CancellationToken cancellationToken)
   at GitHub.Services.WebApi.VssHttpClientBase.SendAsync(HttpRequestMessage message, HttpCompletionOption completionOption, Object userState, CancellationToken cancellationToken)
   at GitHub.Services.WebApi.VssHttpClientBase.SendAsync[T](HttpRequestMessage message, Object userState, CancellationToken cancellationToken)
   at GitHub.Services.Location.Client.LocationHttpClient.GetConnectionDataAsync(ConnectOptions connectOptions, Int64 lastChangeId, CancellationToken cancellationToken, Object userState)
   at GitHub.Services.WebApi.Location.VssServerDataProvider.GetConnectionDataAsync(ConnectOptions connectOptions, Int32 lastChangeId, CancellationToken cancellationToken)
   at GitHub.Services.WebApi.Location.VssServerDataProvider.ConnectAsync(ConnectOptions connectOptions, CancellationToken cancellationToken)
   at GitHub.Runner.Common.RunnerService.EstablishVssConnection(Uri serverUrl, VssCredentials credentials, TimeSpan timeout)
[2025-10-09 03:39:17Z ERR  GitHubActionsService] GET request to https://pipelinesghubeus6.actions.githubusercontent.com/hKyNd5hzQTjPqVOxuFp9CyJ2tMUr8ytJJ9FfsFju3bqhBGI0lq/_apis/connectionData?connectOptions=1&lastChangeId=258625537&lastChangeId64=258625537 failed. HTTP Status: NotFound
[2025-10-09 03:39:17Z INFO GitHubActionsService] Finished operation Location.GetConnectionData
[2025-10-09 03:39:17Z INFO RunnerServer] Catch exception during connect. 2 attempt left.
[2025-10-09 03:39:17Z ERR  RunnerServer] GitHub.Services.WebApi.VssServiceResponseException: The resource cannot be found.
   at GitHub.Services.WebApi.VssHttpClientBase.HandleResponseAsync(HttpResponseMessage response, CancellationToken cancellationToken)
   at GitHub.Services.WebApi.VssHttpClientBase.SendAsync(HttpRequestMessage message, HttpCompletionOption completionOption, Object userState, CancellationToken cancellationToken)
   at GitHub.Services.WebApi.VssHttpClientBase.SendAsync[T](HttpRequestMessage message, Object userState, CancellationToken cancellationToken)
   at GitHub.Services.Location.Client.LocationHttpClient.GetConnectionDataAsync(ConnectOptions connectOptions, Int64 lastChangeId, CancellationToken cancellationToken, Object userState)
   at GitHub.Services.WebApi.Location.VssServerDataProvider.GetConnectionDataAsync(ConnectOptions connectOptions, Int32 lastChangeId, CancellationToken cancellationToken)
   at GitHub.Services.WebApi.Location.VssServerDataProvider.ConnectAsync(ConnectOptions connectOptions, CancellationToken cancellationToken)
   at GitHub.Runner.Common.RunnerService.EstablishVssConnection(Uri serverUrl, VssCredentials credentials, TimeSpan timeout)
[2025-10-09 03:39:17Z INFO GitHubActionsService] Starting operation Location.GetConnectionData
[2025-10-09 03:39:17Z INFO GitHubActionsService] Starting operation Location.GetConnectionData
[2025-10-09 03:39:18Z ERR  GitHubActionsService] GET request to https://pipelinesghubeus6.actions.githubusercontent.com/hKyNd5hzQTjPqVOxuFp9CyJ2tMUr8ytJJ9FfsFju3bqhBGI0lq/_apis/connectionData?connectOptions=1&lastChangeId=258625537&lastChangeId64=258625537 failed. HTTP Status: NotFound
[2025-10-09 03:39:18Z INFO GitHubActionsService] Finished operation Location.GetConnectionData
[2025-10-09 03:39:18Z INFO RunnerServer] Catch exception during connect. 1 attempt left.
[2025-10-09 03:39:18Z ERR  RunnerServer] GitHub.Services.WebApi.VssServiceResponseException: The resource cannot be found.
   at GitHub.Services.WebApi.VssHttpClientBase.HandleResponseAsync(HttpResponseMessage response, CancellationToken cancellationToken)
   at GitHub.Services.WebApi.VssHttpClientBase.SendAsync(HttpRequestMessage message, HttpCompletionOption completionOption, Object userState, CancellationToken cancellationToken)
   at GitHub.Services.WebApi.VssHttpClientBase.SendAsync[T](HttpRequestMessage message, Object userState, CancellationToken cancellationToken)
   at GitHub.Services.Location.Client.LocationHttpClient.GetConnectionDataAsync(ConnectOptions connectOptions, Int64 lastChangeId, CancellationToken cancellationToken, Object userState)
   at GitHub.Services.WebApi.Location.VssServerDataProvider.GetConnectionDataAsync(ConnectOptions connectOptions, Int32 lastChangeId, CancellationToken cancellationToken)
   at GitHub.Services.WebApi.Location.VssServerDataProvider.ConnectAsync(ConnectOptions connectOptions, CancellationToken cancellationToken)
   at GitHub.Runner.Common.RunnerService.EstablishVssConnection(Uri serverUrl, VssCredentials credentials, TimeSpan timeout)
[2025-10-09 03:39:18Z ERR  GitHubActionsService] GET request to https://pipelinesghubeus6.actions.githubusercontent.com/hKyNd5hzQTjPqVOxuFp9CyJ2tMUr8ytJJ9FfsFju3bqhBGI0lq/_apis/connectionData?connectOptions=1&lastChangeId=258625537&lastChangeId64=258625537 failed. HTTP Status: NotFound
[2025-10-09 03:39:18Z INFO GitHubActionsService] Finished operation Location.GetConnectionData
[2025-10-09 03:39:18Z INFO RunnerServer] Catch exception during connect. 1 attempt left.
[2025-10-09 03:39:18Z INFO GitHubActionsService] Starting operation Location.GetConnectionData
[2025-10-09 03:39:18Z ERR  RunnerServer] GitHub.Services.WebApi.VssServiceResponseException: The resource cannot be found.
   at GitHub.Services.WebApi.VssHttpClientBase.HandleResponseAsync(HttpResponseMessage response, CancellationToken cancellationToken)
   at GitHub.Services.WebApi.VssHttpClientBase.SendAsync(HttpRequestMessage message, HttpCompletionOption completionOption, Object userState, CancellationToken cancellationToken)
   at GitHub.Services.WebApi.VssHttpClientBase.SendAsync[T](HttpRequestMessage message, Object userState, CancellationToken cancellationToken)
   at GitHub.Services.Location.Client.LocationHttpClient.GetConnectionDataAsync(ConnectOptions connectOptions, Int64 lastChangeId, CancellationToken cancellationToken, Object userState)
   at GitHub.Services.WebApi.Location.VssServerDataProvider.GetConnectionDataAsync(ConnectOptions connectOptions, Int32 lastChangeId, CancellationToken cancellationToken)
   at GitHub.Services.WebApi.Location.VssServerDataProvider.ConnectAsync(ConnectOptions connectOptions, CancellationToken cancellationToken)
   at GitHub.Runner.Common.RunnerService.EstablishVssConnection(Uri serverUrl, VssCredentials credentials, TimeSpan timeout)
[2025-10-09 03:39:18Z ERR  GitHubActionsService] GET request to https://pipelinesghubeus6.actions.githubusercontent.com/hKyNd5hzQTjPqVOxuFp9CyJ2tMUr8ytJJ9FfsFju3bqhBGI0lq/_apis/connectionData?connectOptions=1&lastChangeId=258625537&lastChangeId64=258625537 failed. HTTP Status: NotFound
[2025-10-09 03:39:18Z INFO GitHubActionsService] Finished operation Location.GetConnectionData
[2025-10-09 03:39:18Z INFO RunnerServer] Catch exception during connect. 1 attempt left.
[2025-10-09 03:39:18Z ERR  RunnerServer] GitHub.Services.WebApi.VssServiceResponseException: The resource cannot be found.
   at GitHub.Services.WebApi.VssHttpClientBase.HandleResponseAsync(HttpResponseMessage response, CancellationToken cancellationToken)
   at GitHub.Services.WebApi.VssHttpClientBase.SendAsync(HttpRequestMessage message, HttpCompletionOption completionOption, Object userState, CancellationToken cancellationToken)
   at GitHub.Services.WebApi.VssHttpClientBase.SendAsync[T](HttpRequestMessage message, Object userState, CancellationToken cancellationToken)
   at GitHub.Services.Location.Client.LocationHttpClient.GetConnectionDataAsync(ConnectOptions connectOptions, Int64 lastChangeId, CancellationToken cancellationToken, Object userState)
   at GitHub.Services.WebApi.Location.VssServerDataProvider.GetConnectionDataAsync(ConnectOptions connectOptions, Int32 lastChangeId, CancellationToken cancellationToken)
   at GitHub.Services.WebApi.Location.VssServerDataProvider.ConnectAsync(ConnectOptions connectOptions, CancellationToken cancellationToken)
   at GitHub.Runner.Common.RunnerService.EstablishVssConnection(Uri serverUrl, VssCredentials credentials, TimeSpan timeout)
[2025-10-09 03:39:18Z INFO GitHubActionsService] Starting operation Location.GetConnectionData
[2025-10-09 03:39:18Z INFO GitHubActionsService] Starting operation Location.GetConnectionData
[2025-10-09 03:39:18Z ERR  GitHubActionsService] GET request to https://pipelinesghubeus6.actions.githubusercontent.com/hKyNd5hzQTjPqVOxuFp9CyJ2tMUr8ytJJ9FfsFju3bqhBGI0lq/_apis/connectionData?connectOptions=1&lastChangeId=258625537&lastChangeId64=258625537 failed. HTTP Status: NotFound
[2025-10-09 03:39:18Z INFO GitHubActionsService] Finished operation Location.GetConnectionData
[2025-10-09 03:39:18Z ERR  GitHubActionsService] GET request to https://pipelinesghubeus6.actions.githubusercontent.com/hKyNd5hzQTjPqVOxuFp9CyJ2tMUr8ytJJ9FfsFju3bqhBGI0lq/_apis/connectionData?connectOptions=1&lastChangeId=258625537&lastChangeId64=258625537 failed. HTTP Status: NotFound
[2025-10-09 03:39:18Z INFO GitHubActionsService] Finished operation Location.GetConnectionData
[2025-10-09 03:39:19Z ERR  GitHubActionsService] GET request to https://pipelinesghubeus6.actions.githubusercontent.com/hKyNd5hzQTjPqVOxuFp9CyJ2tMUr8ytJJ9FfsFju3bqhBGI0lq/_apis/connectionData?connectOptions=1&lastChangeId=258625537&lastChangeId64=258625537 failed. HTTP Status: NotFound
[2025-10-09 03:39:19Z INFO GitHubActionsService] Finished operation Location.GetConnectionData
[2025-10-09 03:39:19Z ERR  BrokerMessageListener] Catch exception during create session.
[2025-10-09 03:39:19Z ERR  BrokerMessageListener] GitHub.Services.WebApi.VssServiceResponseException: The resource cannot be found.
   at GitHub.Services.WebApi.VssHttpClientBase.HandleResponseAsync(HttpResponseMessage response, CancellationToken cancellationToken)
   at GitHub.Services.WebApi.VssHttpClientBase.SendAsync(HttpRequestMessage message, HttpCompletionOption completionOption, Object userState, CancellationToken cancellationToken)
   at GitHub.Services.WebApi.VssHttpClientBase.SendAsync[T](HttpRequestMessage message, Object userState, CancellationToken cancellationToken)
   at GitHub.Services.Location.Client.LocationHttpClient.GetConnectionDataAsync(ConnectOptions connectOptions, Int64 lastChangeId, CancellationToken cancellationToken, Object userState)
   at GitHub.Services.WebApi.Location.VssServerDataProvider.GetConnectionDataAsync(ConnectOptions connectOptions, Int32 lastChangeId, CancellationToken cancellationToken)
   at GitHub.Services.WebApi.Location.VssServerDataProvider.ConnectAsync(ConnectOptions connectOptions, CancellationToken cancellationToken)
   at GitHub.Runner.Common.RunnerService.EstablishVssConnection(Uri serverUrl, VssCredentials credentials, TimeSpan timeout)
   at GitHub.Runner.Common.RunnerServer.ConnectAsync(Uri serverUrl, VssCredentials credentials)
   at GitHub.Runner.Listener.BrokerMessageListener.CreateSessionAsync(CancellationToken token)
[2025-10-09 03:39:19Z INFO BrokerMessageListener] Retriable exception: The resource cannot be found.
[2025-10-09 03:39:19Z INFO BrokerMessageListener] Sleeping for 30 seconds before retrying.
[2025-10-09 03:39:49Z INFO BrokerMessageListener] Attempt to create session.
[2025-10-09 03:39:49Z INFO BrokerMessageListener] Connecting to the Broker Server...
[2025-10-09 03:39:49Z INFO ConfigurationStore] HasCredentials()
[2025-10-09 03:39:49Z INFO ConfigurationStore] stored True
[2025-10-09 03:39:49Z INFO CredentialManager] GetCredentialProvider
[2025-10-09 03:39:49Z INFO CredentialManager] Creating type OAuth
[2025-10-09 03:39:49Z INFO CredentialManager] Creating credential type: OAuth
[2025-10-09 03:39:49Z INFO RSAEncryptedFileKeyManager] Loading RSA key parameters from file G:\Brunella\actions-runner\.credentials_rsaparams
[2025-10-09 03:39:49Z INFO BrokerMessageListener] VssConnection created
[2025-10-09 03:39:49Z INFO BrokerMessageListener] Connecting to the Runner server...
[2025-10-09 03:39:49Z INFO RunnerServer] EstablishVssConnection
[2025-10-09 03:39:49Z INFO RunnerServer] Establish connection with 100 seconds timeout.
[2025-10-09 03:39:49Z INFO GitHubActionsService] Starting operation Location.GetConnectionData
[2025-10-09 03:39:49Z INFO RunnerServer] EstablishVssConnection
[2025-10-09 03:39:49Z INFO RunnerServer] Establish connection with 60 seconds timeout.
[2025-10-09 03:39:49Z INFO GitHubActionsService] Starting operation Location.GetConnectionData
[2025-10-09 03:39:49Z INFO RunnerServer] EstablishVssConnection
[2025-10-09 03:39:49Z INFO RunnerServer] Establish connection with 60 seconds timeout.
[2025-10-09 03:39:49Z INFO GitHubActionsService] Starting operation Location.GetConnectionData
[2025-10-09 03:39:49Z ERR  GitHubActionsService] GET request to https://pipelinesghubeus6.actions.githubusercontent.com/hKyNd5hzQTjPqVOxuFp9CyJ2tMUr8ytJJ9FfsFju3bqhBGI0lq/_apis/connectionData?connectOptions=1&lastChangeId=258625537&lastChangeId64=258625537 failed. HTTP Status: NotFound
[2025-10-09 03:39:49Z INFO GitHubActionsService] Finished operation Location.GetConnectionData
[2025-10-09 03:39:49Z INFO RunnerServer] Catch exception during connect. 4 attempt left.
[2025-10-09 03:39:49Z ERR  RunnerServer] GitHub.Services.WebApi.VssServiceResponseException: The resource cannot be found.
   at GitHub.Services.WebApi.VssHttpClientBase.HandleResponseAsync(HttpResponseMessage response, CancellationToken cancellationToken)
   at GitHub.Services.WebApi.VssHttpClientBase.SendAsync(HttpRequestMessage message, HttpCompletionOption completionOption, Object userState, CancellationToken cancellationToken)
   at GitHub.Services.WebApi.VssHttpClientBase.SendAsync[T](HttpRequestMessage message, Object userState, CancellationToken cancellationToken)
   at GitHub.Services.Location.Client.LocationHttpClient.GetConnectionDataAsync(ConnectOptions connectOptions, Int64 lastChangeId, CancellationToken cancellationToken, Object userState)
   at GitHub.Services.WebApi.Location.VssServerDataProvider.GetConnectionDataAsync(ConnectOptions connectOptions, Int32 lastChangeId, CancellationToken cancellationToken)
   at GitHub.Services.WebApi.Location.VssServerDataProvider.ConnectAsync(ConnectOptions connectOptions, CancellationToken cancellationToken)
   at GitHub.Runner.Common.RunnerService.EstablishVssConnection(Uri serverUrl, VssCredentials credentials, TimeSpan timeout)
[2025-10-09 03:39:49Z ERR  GitHubActionsService] GET request to https://pipelinesghubeus6.actions.githubusercontent.com/hKyNd5hzQTjPqVOxuFp9CyJ2tMUr8ytJJ9FfsFju3bqhBGI0lq/_apis/connectionData?connectOptions=1&lastChangeId=258625537&lastChangeId64=258625537 failed. HTTP Status: NotFound
[2025-10-09 03:39:49Z INFO GitHubActionsService] Finished operation Location.GetConnectionData
[2025-10-09 03:39:49Z INFO RunnerServer] Catch exception during connect. 4 attempt left.
[2025-10-09 03:39:49Z ERR  RunnerServer] GitHub.Services.WebApi.VssServiceResponseException: The resource cannot be found.
   at GitHub.Services.WebApi.VssHttpClientBase.HandleResponseAsync(HttpResponseMessage response, CancellationToken cancellationToken)
   at GitHub.Services.WebApi.VssHttpClientBase.SendAsync(HttpRequestMessage message, HttpCompletionOption completionOption, Object userState, CancellationToken cancellationToken)
   at GitHub.Services.WebApi.VssHttpClientBase.SendAsync[T](HttpRequestMessage message, Object userState, CancellationToken cancellationToken)
   at GitHub.Services.Location.Client.LocationHttpClient.GetConnectionDataAsync(ConnectOptions connectOptions, Int64 lastChangeId, CancellationToken cancellationToken, Object userState)
   at GitHub.Services.WebApi.Location.VssServerDataProvider.GetConnectionDataAsync(ConnectOptions connectOptions, Int32 lastChangeId, CancellationToken cancellationToken)
   at GitHub.Services.WebApi.Location.VssServerDataProvider.ConnectAsync(ConnectOptions connectOptions, CancellationToken cancellationToken)
   at GitHub.Runner.Common.RunnerService.EstablishVssConnection(Uri serverUrl, VssCredentials credentials, TimeSpan timeout)
[2025-10-09 03:39:49Z INFO GitHubActionsService] Starting operation Location.GetConnectionData
[2025-10-09 03:39:49Z ERR  GitHubActionsService] GET request to https://pipelinesghubeus6.actions.githubusercontent.com/hKyNd5hzQTjPqVOxuFp9CyJ2tMUr8ytJJ9FfsFju3bqhBGI0lq/_apis/connectionData?connectOptions=1&lastChangeId=258625537&lastChangeId64=258625537 failed. HTTP Status: NotFound
[2025-10-09 03:39:49Z INFO GitHubActionsService] Finished operation Location.GetConnectionData
[2025-10-09 03:39:49Z INFO RunnerServer] Catch exception during connect. 4 attempt left.
[2025-10-09 03:39:49Z ERR  RunnerServer] GitHub.Services.WebApi.VssServiceResponseException: The resource cannot be found.
   at GitHub.Services.WebApi.VssHttpClientBase.HandleResponseAsync(HttpResponseMessage response, CancellationToken cancellationToken)
   at GitHub.Services.WebApi.VssHttpClientBase.SendAsync(HttpRequestMessage message, HttpCompletionOption completionOption, Object userState, CancellationToken cancellationToken)
   at GitHub.Services.WebApi.VssHttpClientBase.SendAsync[T](HttpRequestMessage message, Object userState, CancellationToken cancellationToken)
   at GitHub.Services.Location.Client.LocationHttpClient.GetConnectionDataAsync(ConnectOptions connectOptions, Int64 lastChangeId, CancellationToken cancellationToken, Object userState)
   at GitHub.Services.WebApi.Location.VssServerDataProvider.GetConnectionDataAsync(ConnectOptions connectOptions, Int32 lastChangeId, CancellationToken cancellationToken)
   at GitHub.Services.WebApi.Location.VssServerDataProvider.ConnectAsync(ConnectOptions connectOptions, CancellationToken cancellationToken)
   at GitHub.Runner.Common.RunnerService.EstablishVssConnection(Uri serverUrl, VssCredentials credentials, TimeSpan timeout)
[2025-10-09 03:39:49Z INFO GitHubActionsService] Starting operation Location.GetConnectionData
[2025-10-09 03:39:49Z INFO GitHubActionsService] Starting operation Location.GetConnectionData
[2025-10-09 03:39:50Z ERR  GitHubActionsService] GET request to https://pipelinesghubeus6.actions.githubusercontent.com/hKyNd5hzQTjPqVOxuFp9CyJ2tMUr8ytJJ9FfsFju3bqhBGI0lq/_apis/connectionData?connectOptions=1&lastChangeId=258625537&lastChangeId64=258625537 failed. HTTP Status: NotFound
[2025-10-09 03:39:50Z INFO GitHubActionsService] Finished operation Location.GetConnectionData
[2025-10-09 03:39:50Z INFO RunnerServer] Catch exception during connect. 3 attempt left.
[2025-10-09 03:39:50Z ERR  RunnerServer] GitHub.Services.WebApi.VssServiceResponseException: The resource cannot be found.
   at GitHub.Services.WebApi.VssHttpClientBase.HandleResponseAsync(HttpResponseMessage response, CancellationToken cancellationToken)
   at GitHub.Services.WebApi.VssHttpClientBase.SendAsync(HttpRequestMessage message, HttpCompletionOption completionOption, Object userState, CancellationToken cancellationToken)
   at GitHub.Services.WebApi.VssHttpClientBase.SendAsync[T](HttpRequestMessage message, Object userState, CancellationToken cancellationToken)
   at GitHub.Services.Location.Client.LocationHttpClient.GetConnectionDataAsync(ConnectOptions connectOptions, Int64 lastChangeId, CancellationToken cancellationToken, Object userState)
   at GitHub.Services.WebApi.Location.VssServerDataProvider.GetConnectionDataAsync(ConnectOptions connectOptions, Int32 lastChangeId, CancellationToken cancellationToken)
   at GitHub.Services.WebApi.Location.VssServerDataProvider.ConnectAsync(ConnectOptions connectOptions, CancellationToken cancellationToken)
   at GitHub.Runner.Common.RunnerService.EstablishVssConnection(Uri serverUrl, VssCredentials credentials, TimeSpan timeout)
[2025-10-09 03:39:50Z ERR  GitHubActionsService] GET request to https://pipelinesghubeus6.actions.githubusercontent.com/hKyNd5hzQTjPqVOxuFp9CyJ2tMUr8ytJJ9FfsFju3bqhBGI0lq/_apis/connectionData?connectOptions=1&lastChangeId=258625537&lastChangeId64=258625537 failed. HTTP Status: NotFound
[2025-10-09 03:39:50Z INFO GitHubActionsService] Finished operation Location.GetConnectionData
[2025-10-09 03:39:50Z INFO RunnerServer] Catch exception during connect. 3 attempt left.
[2025-10-09 03:39:50Z ERR  RunnerServer] GitHub.Services.WebApi.VssServiceResponseException: The resource cannot be found.
   at GitHub.Services.WebApi.VssHttpClientBase.HandleResponseAsync(HttpResponseMessage response, CancellationToken cancellationToken)
   at GitHub.Services.WebApi.VssHttpClientBase.SendAsync(HttpRequestMessage message, HttpCompletionOption completionOption, Object userState, CancellationToken cancellationToken)
   at GitHub.Services.WebApi.VssHttpClientBase.SendAsync[T](HttpRequestMessage message, Object userState, CancellationToken cancellationToken)
   at GitHub.Services.Location.Client.LocationHttpClient.GetConnectionDataAsync(ConnectOptions connectOptions, Int64 lastChangeId, CancellationToken cancellationToken, Object userState)
   at GitHub.Services.WebApi.Location.VssServerDataProvider.GetConnectionDataAsync(ConnectOptions connectOptions, Int32 lastChangeId, CancellationToken cancellationToken)
   at GitHub.Services.WebApi.Location.VssServerDataProvider.ConnectAsync(ConnectOptions connectOptions, CancellationToken cancellationToken)
   at GitHub.Runner.Common.RunnerService.EstablishVssConnection(Uri serverUrl, VssCredentials credentials, TimeSpan timeout)
[2025-10-09 03:39:50Z ERR  GitHubActionsService] GET request to https://pipelinesghubeus6.actions.githubusercontent.com/hKyNd5hzQTjPqVOxuFp9CyJ2tMUr8ytJJ9FfsFju3bqhBGI0lq/_apis/connectionData?connectOptions=1&lastChangeId=258625537&lastChangeId64=258625537 failed. HTTP Status: NotFound
[2025-10-09 03:39:50Z INFO GitHubActionsService] Finished operation Location.GetConnectionData
[2025-10-09 03:39:50Z INFO RunnerServer] Catch exception during connect. 3 attempt left.
[2025-10-09 03:39:50Z ERR  RunnerServer] GitHub.Services.WebApi.VssServiceResponseException: The resource cannot be found.
   at GitHub.Services.WebApi.VssHttpClientBase.HandleResponseAsync(HttpResponseMessage response, CancellationToken cancellationToken)
   at GitHub.Services.WebApi.VssHttpClientBase.SendAsync(HttpRequestMessage message, HttpCompletionOption completionOption, Object userState, CancellationToken cancellationToken)
   at GitHub.Services.WebApi.VssHttpClientBase.SendAsync[T](HttpRequestMessage message, Object userState, CancellationToken cancellationToken)
   at GitHub.Services.Location.Client.LocationHttpClient.GetConnectionDataAsync(ConnectOptions connectOptions, Int64 lastChangeId, CancellationToken cancellationToken, Object userState)
   at GitHub.Services.WebApi.Location.VssServerDataProvider.GetConnectionDataAsync(ConnectOptions connectOptions, Int32 lastChangeId, CancellationToken cancellationToken)
   at GitHub.Services.WebApi.Location.VssServerDataProvider.ConnectAsync(ConnectOptions connectOptions, CancellationToken cancellationToken)
   at GitHub.Runner.Common.RunnerService.EstablishVssConnection(Uri serverUrl, VssCredentials credentials, TimeSpan timeout)
[2025-10-09 03:39:50Z INFO GitHubActionsService] Starting operation Location.GetConnectionData
[2025-10-09 03:39:50Z INFO GitHubActionsService] Starting operation Location.GetConnectionData
[2025-10-09 03:39:50Z INFO GitHubActionsService] Starting operation Location.GetConnectionData
[2025-10-09 03:39:51Z ERR  GitHubActionsService] GET request to https://pipelinesghubeus6.actions.githubusercontent.com/hKyNd5hzQTjPqVOxuFp9CyJ2tMUr8ytJJ9FfsFju3bqhBGI0lq/_apis/connectionData?connectOptions=1&lastChangeId=258625537&lastChangeId64=258625537 failed. HTTP Status: NotFound
[2025-10-09 03:39:51Z INFO GitHubActionsService] Finished operation Location.GetConnectionData
[2025-10-09 03:39:51Z INFO RunnerServer] Catch exception during connect. 2 attempt left.
[2025-10-09 03:39:51Z ERR  RunnerServer] GitHub.Services.WebApi.VssServiceResponseException: The resource cannot be found.
   at GitHub.Services.WebApi.VssHttpClientBase.HandleResponseAsync(HttpResponseMessage response, CancellationToken cancellationToken)
   at GitHub.Services.WebApi.VssHttpClientBase.SendAsync(HttpRequestMessage message, HttpCompletionOption completionOption, Object userState, CancellationToken cancellationToken)
   at GitHub.Services.WebApi.VssHttpClientBase.SendAsync[T](HttpRequestMessage message, Object userState, CancellationToken cancellationToken)
   at GitHub.Services.Location.Client.LocationHttpClient.GetConnectionDataAsync(ConnectOptions connectOptions, Int64 lastChangeId, CancellationToken cancellationToken, Object userState)
   at GitHub.Services.WebApi.Location.VssServerDataProvider.GetConnectionDataAsync(ConnectOptions connectOptions, Int32 lastChangeId, CancellationToken cancellationToken)
   at GitHub.Services.WebApi.Location.VssServerDataProvider.ConnectAsync(ConnectOptions connectOptions, CancellationToken cancellationToken)
   at GitHub.Runner.Common.RunnerService.EstablishVssConnection(Uri serverUrl, VssCredentials credentials, TimeSpan timeout)
[2025-10-09 03:39:51Z ERR  GitHubActionsService] GET request to https://pipelinesghubeus6.actions.githubusercontent.com/hKyNd5hzQTjPqVOxuFp9CyJ2tMUr8ytJJ9FfsFju3bqhBGI0lq/_apis/connectionData?connectOptions=1&lastChangeId=258625537&lastChangeId64=258625537 failed. HTTP Status: NotFound
[2025-10-09 03:39:51Z INFO GitHubActionsService] Finished operation Location.GetConnectionData
[2025-10-09 03:39:51Z INFO RunnerServer] Catch exception during connect. 2 attempt left.
[2025-10-09 03:39:51Z ERR  RunnerServer] GitHub.Services.WebApi.VssServiceResponseException: The resource cannot be found.
   at GitHub.Services.WebApi.VssHttpClientBase.HandleResponseAsync(HttpResponseMessage response, CancellationToken cancellationToken)
   at GitHub.Services.WebApi.VssHttpClientBase.SendAsync(HttpRequestMessage message, HttpCompletionOption completionOption, Object userState, CancellationToken cancellationToken)
   at GitHub.Services.WebApi.VssHttpClientBase.SendAsync[T](HttpRequestMessage message, Object userState, CancellationToken cancellationToken)
   at GitHub.Services.Location.Client.LocationHttpClient.GetConnectionDataAsync(ConnectOptions connectOptions, Int64 lastChangeId, CancellationToken cancellationToken, Object userState)
   at GitHub.Services.WebApi.Location.VssServerDataProvider.GetConnectionDataAsync(ConnectOptions connectOptions, Int32 lastChangeId, CancellationToken cancellationToken)
   at GitHub.Services.WebApi.Location.VssServerDataProvider.ConnectAsync(ConnectOptions connectOptions, CancellationToken cancellationToken)
   at GitHub.Runner.Common.RunnerService.EstablishVssConnection(Uri serverUrl, VssCredentials credentials, TimeSpan timeout)
[2025-10-09 03:39:51Z INFO GitHubActionsService] Starting operation Location.GetConnectionData
[2025-10-09 03:39:51Z ERR  GitHubActionsService] GET request to https://pipelinesghubeus6.actions.githubusercontent.com/hKyNd5hzQTjPqVOxuFp9CyJ2tMUr8ytJJ9FfsFju3bqhBGI0lq/_apis/connectionData?connectOptions=1&lastChangeId=258625537&lastChangeId64=258625537 failed. HTTP Status: NotFound
[2025-10-09 03:39:51Z INFO GitHubActionsService] Finished operation Location.GetConnectionData
[2025-10-09 03:39:51Z INFO RunnerServer] Catch exception during connect. 2 attempt left.
[2025-10-09 03:39:51Z ERR  RunnerServer] GitHub.Services.WebApi.VssServiceResponseException: The resource cannot be found.
   at GitHub.Services.WebApi.VssHttpClientBase.HandleResponseAsync(HttpResponseMessage response, CancellationToken cancellationToken)
   at GitHub.Services.WebApi.VssHttpClientBase.SendAsync(HttpRequestMessage message, HttpCompletionOption completionOption, Object userState, CancellationToken cancellationToken)
   at GitHub.Services.WebApi.VssHttpClientBase.SendAsync[T](HttpRequestMessage message, Object userState, CancellationToken cancellationToken)
   at GitHub.Services.Location.Client.LocationHttpClient.GetConnectionDataAsync(ConnectOptions connectOptions, Int64 lastChangeId, CancellationToken cancellationToken, Object userState)
   at GitHub.Services.WebApi.Location.VssServerDataProvider.GetConnectionDataAsync(ConnectOptions connectOptions, Int32 lastChangeId, CancellationToken cancellationToken)
   at GitHub.Services.WebApi.Location.VssServerDataProvider.ConnectAsync(ConnectOptions connectOptions, CancellationToken cancellationToken)
   at GitHub.Runner.Common.RunnerService.EstablishVssConnection(Uri serverUrl, VssCredentials credentials, TimeSpan timeout)
[2025-10-09 03:39:51Z INFO GitHubActionsService] Starting operation Location.GetConnectionData
[2025-10-09 03:39:51Z INFO GitHubActionsService] Starting operation Location.GetConnectionData
[2025-10-09 03:39:51Z ERR  GitHubActionsService] GET request to https://pipelinesghubeus6.actions.githubusercontent.com/hKyNd5hzQTjPqVOxuFp9CyJ2tMUr8ytJJ9FfsFju3bqhBGI0lq/_apis/connectionData?connectOptions=1&lastChangeId=258625537&lastChangeId64=258625537 failed. HTTP Status: NotFound
[2025-10-09 03:39:51Z INFO GitHubActionsService] Finished operation Location.GetConnectionData
[2025-10-09 03:39:51Z INFO RunnerServer] Catch exception during connect. 1 attempt left.
[2025-10-09 03:39:51Z ERR  RunnerServer] GitHub.Services.WebApi.VssServiceResponseException: The resource cannot be found.
   at GitHub.Services.WebApi.VssHttpClientBase.HandleResponseAsync(HttpResponseMessage response, CancellationToken cancellationToken)
   at GitHub.Services.WebApi.VssHttpClientBase.SendAsync(HttpRequestMessage message, HttpCompletionOption completionOption, Object userState, CancellationToken cancellationToken)
   at GitHub.Services.WebApi.VssHttpClientBase.SendAsync[T](HttpRequestMessage message, Object userState, CancellationToken cancellationToken)
   at GitHub.Services.Location.Client.LocationHttpClient.GetConnectionDataAsync(ConnectOptions connectOptions, Int64 lastChangeId, CancellationToken cancellationToken, Object userState)
   at GitHub.Services.WebApi.Location.VssServerDataProvider.GetConnectionDataAsync(ConnectOptions connectOptions, Int32 lastChangeId, CancellationToken cancellationToken)
   at GitHub.Services.WebApi.Location.VssServerDataProvider.ConnectAsync(ConnectOptions connectOptions, CancellationToken cancellationToken)
   at GitHub.Runner.Common.RunnerService.EstablishVssConnection(Uri serverUrl, VssCredentials credentials, TimeSpan timeout)
[2025-10-09 03:39:51Z ERR  GitHubActionsService] GET request to https://pipelinesghubeus6.actions.githubusercontent.com/hKyNd5hzQTjPqVOxuFp9CyJ2tMUr8ytJJ9FfsFju3bqhBGI0lq/_apis/connectionData?connectOptions=1&lastChangeId=258625537&lastChangeId64=258625537 failed. HTTP Status: NotFound
[2025-10-09 03:39:51Z INFO GitHubActionsService] Finished operation Location.GetConnectionData
[2025-10-09 03:39:51Z INFO RunnerServer] Catch exception during connect. 1 attempt left.
[2025-10-09 03:39:51Z ERR  RunnerServer] GitHub.Services.WebApi.VssServiceResponseException: The resource cannot be found.
   at GitHub.Services.WebApi.VssHttpClientBase.HandleResponseAsync(HttpResponseMessage response, CancellationToken cancellationToken)
   at GitHub.Services.WebApi.VssHttpClientBase.SendAsync(HttpRequestMessage message, HttpCompletionOption completionOption, Object userState, CancellationToken cancellationToken)
   at GitHub.Services.WebApi.VssHttpClientBase.SendAsync[T](HttpRequestMessage message, Object userState, CancellationToken cancellationToken)
   at GitHub.Services.Location.Client.LocationHttpClient.GetConnectionDataAsync(ConnectOptions connectOptions, Int64 lastChangeId, CancellationToken cancellationToken, Object userState)
   at GitHub.Services.WebApi.Location.VssServerDataProvider.GetConnectionDataAsync(ConnectOptions connectOptions, Int32 lastChangeId, CancellationToken cancellationToken)
   at GitHub.Services.WebApi.Location.VssServerDataProvider.ConnectAsync(ConnectOptions connectOptions, CancellationToken cancellationToken)
   at GitHub.Runner.Common.RunnerService.EstablishVssConnection(Uri serverUrl, VssCredentials credentials, TimeSpan timeout)
[2025-10-09 03:39:52Z INFO GitHubActionsService] Starting operation Location.GetConnectionData
[2025-10-09 03:39:52Z ERR  GitHubActionsService] GET request to https://pipelinesghubeus6.actions.githubusercontent.com/hKyNd5hzQTjPqVOxuFp9CyJ2tMUr8ytJJ9FfsFju3bqhBGI0lq/_apis/connectionData?connectOptions=1&lastChangeId=258625537&lastChangeId64=258625537 failed. HTTP Status: NotFound
[2025-10-09 03:39:52Z INFO GitHubActionsService] Finished operation Location.GetConnectionData
[2025-10-09 03:39:52Z INFO RunnerServer] Catch exception during connect. 1 attempt left.
[2025-10-09 03:39:52Z ERR  RunnerServer] GitHub.Services.WebApi.VssServiceResponseException: The resource cannot be found.
   at GitHub.Services.WebApi.VssHttpClientBase.HandleResponseAsync(HttpResponseMessage response, CancellationToken cancellationToken)
   at GitHub.Services.WebApi.VssHttpClientBase.SendAsync(HttpRequestMessage message, HttpCompletionOption completionOption, Object userState, CancellationToken cancellationToken)
   at GitHub.Services.WebApi.VssHttpClientBase.SendAsync[T](HttpRequestMessage message, Object userState, CancellationToken cancellationToken)
   at GitHub.Services.Location.Client.LocationHttpClient.GetConnectionDataAsync(ConnectOptions connectOptions, Int64 lastChangeId, CancellationToken cancellationToken, Object userState)
   at GitHub.Services.WebApi.Location.VssServerDataProvider.GetConnectionDataAsync(ConnectOptions connectOptions, Int32 lastChangeId, CancellationToken cancellationToken)
   at GitHub.Services.WebApi.Location.VssServerDataProvider.ConnectAsync(ConnectOptions connectOptions, CancellationToken cancellationToken)
   at GitHub.Runner.Common.RunnerService.EstablishVssConnection(Uri serverUrl, VssCredentials credentials, TimeSpan timeout)
[2025-10-09 03:39:52Z INFO GitHubActionsService] Starting operation Location.GetConnectionData
[2025-10-09 03:39:52Z INFO GitHubActionsService] Starting operation Location.GetConnectionData
[2025-10-09 03:39:52Z ERR  GitHubActionsService] GET request to https://pipelinesghubeus6.actions.githubusercontent.com/hKyNd5hzQTjPqVOxuFp9CyJ2tMUr8ytJJ9FfsFju3bqhBGI0lq/_apis/connectionData?connectOptions=1&lastChangeId=258625537&lastChangeId64=258625537 failed. HTTP Status: NotFound
[2025-10-09 03:39:52Z INFO GitHubActionsService] Finished operation Location.GetConnectionData
[2025-10-09 03:39:52Z ERR  GitHubActionsService] GET request to https://pipelinesghubeus6.actions.githubusercontent.com/hKyNd5hzQTjPqVOxuFp9CyJ2tMUr8ytJJ9FfsFju3bqhBGI0lq/_apis/connectionData?connectOptions=1&lastChangeId=258625537&lastChangeId64=258625537 failed. HTTP Status: NotFound
[2025-10-09 03:39:52Z INFO GitHubActionsService] Finished operation Location.GetConnectionData
[2025-10-09 03:39:52Z ERR  GitHubActionsService] GET request to https://pipelinesghubeus6.actions.githubusercontent.com/hKyNd5hzQTjPqVOxuFp9CyJ2tMUr8ytJJ9FfsFju3bqhBGI0lq/_apis/connectionData?connectOptions=1&lastChangeId=258625537&lastChangeId64=258625537 failed. HTTP Status: NotFound
[2025-10-09 03:39:52Z INFO GitHubActionsService] Finished operation Location.GetConnectionData
[2025-10-09 03:39:52Z ERR  BrokerMessageListener] Catch exception during create session.
[2025-10-09 03:39:52Z ERR  BrokerMessageListener] GitHub.Services.WebApi.VssServiceResponseException: The resource cannot be found.
   at GitHub.Services.WebApi.VssHttpClientBase.HandleResponseAsync(HttpResponseMessage response, CancellationToken cancellationToken)
   at GitHub.Services.WebApi.VssHttpClientBase.SendAsync(HttpRequestMessage message, HttpCompletionOption completionOption, Object userState, CancellationToken cancellationToken)
   at GitHub.Services.WebApi.VssHttpClientBase.SendAsync[T](HttpRequestMessage message, Object userState, CancellationToken cancellationToken)
   at GitHub.Services.Location.Client.LocationHttpClient.GetConnectionDataAsync(ConnectOptions connectOptions, Int64 lastChangeId, CancellationToken cancellationToken, Object userState)
   at GitHub.Services.WebApi.Location.VssServerDataProvider.GetConnectionDataAsync(ConnectOptions connectOptions, Int32 lastChangeId, CancellationToken cancellationToken)
   at GitHub.Services.WebApi.Location.VssServerDataProvider.ConnectAsync(ConnectOptions connectOptions, CancellationToken cancellationToken)
   at GitHub.Runner.Common.RunnerService.EstablishVssConnection(Uri serverUrl, VssCredentials credentials, TimeSpan timeout)
   at GitHub.Runner.Common.RunnerServer.ConnectAsync(Uri serverUrl, VssCredentials credentials)
   at GitHub.Runner.Listener.BrokerMessageListener.CreateSessionAsync(CancellationToken token)
[2025-10-09 03:39:52Z INFO BrokerMessageListener] Retriable exception: The resource cannot be found.
[2025-10-09 03:39:52Z INFO BrokerMessageListener] Sleeping for 30 seconds before retrying.
[2025-10-09 03:40:22Z INFO BrokerMessageListener] Attempt to create session.
[2025-10-09 03:40:22Z INFO BrokerMessageListener] Connecting to the Broker Server...
[2025-10-09 03:40:22Z INFO ConfigurationStore] HasCredentials()
[2025-10-09 03:40:22Z INFO ConfigurationStore] stored True
[2025-10-09 03:40:22Z INFO CredentialManager] GetCredentialProvider
[2025-10-09 03:40:22Z INFO CredentialManager] Creating type OAuth
[2025-10-09 03:40:22Z INFO CredentialManager] Creating credential type: OAuth
[2025-10-09 03:40:22Z INFO RSAEncryptedFileKeyManager] Loading RSA key parameters from file G:\Brunella\actions-runner\.credentials_rsaparams
[2025-10-09 03:40:22Z INFO BrokerMessageListener] VssConnection created
[2025-10-09 03:40:22Z INFO BrokerMessageListener] Connecting to the Runner server...
[2025-10-09 03:40:22Z INFO RunnerServer] EstablishVssConnection
[2025-10-09 03:40:22Z INFO RunnerServer] Establish connection with 100 seconds timeout.
[2025-10-09 03:40:22Z INFO GitHubActionsService] Starting operation Location.GetConnectionData
[2025-10-09 03:40:22Z INFO RunnerServer] EstablishVssConnection
[2025-10-09 03:40:22Z INFO RunnerServer] Establish connection with 60 seconds timeout.
[2025-10-09 03:40:22Z INFO GitHubActionsService] Starting operation Location.GetConnectionData
[2025-10-09 03:40:22Z INFO RunnerServer] EstablishVssConnection
[2025-10-09 03:40:22Z INFO RunnerServer] Establish connection with 60 seconds timeout.
[2025-10-09 03:40:22Z INFO GitHubActionsService] Starting operation Location.GetConnectionData
[2025-10-09 03:40:23Z ERR  GitHubActionsService] GET request to https://pipelinesghubeus6.actions.githubusercontent.com/hKyNd5hzQTjPqVOxuFp9CyJ2tMUr8ytJJ9FfsFju3bqhBGI0lq/_apis/connectionData?connectOptions=1&lastChangeId=258625537&lastChangeId64=258625537 failed. HTTP Status: NotFound
[2025-10-09 03:40:23Z INFO GitHubActionsService] Finished operation Location.GetConnectionData
[2025-10-09 03:40:23Z INFO RunnerServer] Catch exception during connect. 4 attempt left.
[2025-10-09 03:40:23Z ERR  RunnerServer] GitHub.Services.WebApi.VssServiceResponseException: The resource cannot be found.
   at GitHub.Services.WebApi.VssHttpClientBase.HandleResponseAsync(HttpResponseMessage response, CancellationToken cancellationToken)
   at GitHub.Services.WebApi.VssHttpClientBase.SendAsync(HttpRequestMessage message, HttpCompletionOption completionOption, Object userState, CancellationToken cancellationToken)
   at GitHub.Services.WebApi.VssHttpClientBase.SendAsync[T](HttpRequestMessage message, Object userState, CancellationToken cancellationToken)
   at GitHub.Services.Location.Client.LocationHttpClient.GetConnectionDataAsync(ConnectOptions connectOptions, Int64 lastChangeId, CancellationToken cancellationToken, Object userState)
   at GitHub.Services.WebApi.Location.VssServerDataProvider.GetConnectionDataAsync(ConnectOptions connectOptions, Int32 lastChangeId, CancellationToken cancellationToken)
   at GitHub.Services.WebApi.Location.VssServerDataProvider.ConnectAsync(ConnectOptions connectOptions, CancellationToken cancellationToken)
   at GitHub.Runner.Common.RunnerService.EstablishVssConnection(Uri serverUrl, VssCredentials credentials, TimeSpan timeout)
[2025-10-09 03:40:23Z ERR  GitHubActionsService] GET request to https://pipelinesghubeus6.actions.githubusercontent.com/hKyNd5hzQTjPqVOxuFp9CyJ2tMUr8ytJJ9FfsFju3bqhBGI0lq/_apis/connectionData?connectOptions=1&lastChangeId=258625537&lastChangeId64=258625537 failed. HTTP Status: NotFound
[2025-10-09 03:40:23Z INFO GitHubActionsService] Finished operation Location.GetConnectionData
[2025-10-09 03:40:23Z INFO RunnerServer] Catch exception during connect. 4 attempt left.
[2025-10-09 03:40:23Z ERR  RunnerServer] GitHub.Services.WebApi.VssServiceResponseException: The resource cannot be found.
   at GitHub.Services.WebApi.VssHttpClientBase.HandleResponseAsync(HttpResponseMessage response, CancellationToken cancellationToken)
   at GitHub.Services.WebApi.VssHttpClientBase.SendAsync(HttpRequestMessage message, HttpCompletionOption completionOption, Object userState, CancellationToken cancellationToken)
   at GitHub.Services.WebApi.VssHttpClientBase.SendAsync[T](HttpRequestMessage message, Object userState, CancellationToken cancellationToken)
   at GitHub.Services.Location.Client.LocationHttpClient.GetConnectionDataAsync(ConnectOptions connectOptions, Int64 lastChangeId, CancellationToken cancellationToken, Object userState)
   at GitHub.Services.WebApi.Location.VssServerDataProvider.GetConnectionDataAsync(ConnectOptions connectOptions, Int32 lastChangeId, CancellationToken cancellationToken)
   at GitHub.Services.WebApi.Location.VssServerDataProvider.ConnectAsync(ConnectOptions connectOptions, CancellationToken cancellationToken)
   at GitHub.Runner.Common.RunnerService.EstablishVssConnection(Uri serverUrl, VssCredentials credentials, TimeSpan timeout)
[2025-10-09 03:40:23Z ERR  GitHubActionsService] GET request to https://pipelinesghubeus6.actions.githubusercontent.com/hKyNd5hzQTjPqVOxuFp9CyJ2tMUr8ytJJ9FfsFju3bqhBGI0lq/_apis/connectionData?connectOptions=1&lastChangeId=258625537&lastChangeId64=258625537 failed. HTTP Status: NotFound
[2025-10-09 03:40:23Z INFO GitHubActionsService] Finished operation Location.GetConnectionData
[2025-10-09 03:40:23Z INFO RunnerServer] Catch exception during connect. 4 attempt left.
[2025-10-09 03:40:23Z ERR  RunnerServer] GitHub.Services.WebApi.VssServiceResponseException: The resource cannot be found.
   at GitHub.Services.WebApi.VssHttpClientBase.HandleResponseAsync(HttpResponseMessage response, CancellationToken cancellationToken)
   at GitHub.Services.WebApi.VssHttpClientBase.SendAsync(HttpRequestMessage message, HttpCompletionOption completionOption, Object userState, CancellationToken cancellationToken)
   at GitHub.Services.WebApi.VssHttpClientBase.SendAsync[T](HttpRequestMessage message, Object userState, CancellationToken cancellationToken)
   at GitHub.Services.Location.Client.LocationHttpClient.GetConnectionDataAsync(ConnectOptions connectOptions, Int64 lastChangeId, CancellationToken cancellationToken, Object userState)
   at GitHub.Services.WebApi.Location.VssServerDataProvider.GetConnectionDataAsync(ConnectOptions connectOptions, Int32 lastChangeId, CancellationToken cancellationToken)
   at GitHub.Services.WebApi.Location.VssServerDataProvider.ConnectAsync(ConnectOptions connectOptions, CancellationToken cancellationToken)
   at GitHub.Runner.Common.RunnerService.EstablishVssConnection(Uri serverUrl, VssCredentials credentials, TimeSpan timeout)
[2025-10-09 03:40:23Z INFO GitHubActionsService] Starting operation Location.GetConnectionData
[2025-10-09 03:40:23Z INFO GitHubActionsService] Starting operation Location.GetConnectionData
[2025-10-09 03:40:23Z INFO GitHubActionsService] Starting operation Location.GetConnectionData
[2025-10-09 03:40:24Z ERR  GitHubActionsService] GET request to https://pipelinesghubeus6.actions.githubusercontent.com/hKyNd5hzQTjPqVOxuFp9CyJ2tMUr8ytJJ9FfsFju3bqhBGI0lq/_apis/connectionData?connectOptions=1&lastChangeId=258625537&lastChangeId64=258625537 failed. HTTP Status: NotFound
[2025-10-09 03:40:24Z INFO GitHubActionsService] Finished operation Location.GetConnectionData
[2025-10-09 03:40:24Z INFO RunnerServer] Catch exception during connect. 3 attempt left.
[2025-10-09 03:40:24Z ERR  RunnerServer] GitHub.Services.WebApi.VssServiceResponseException: The resource cannot be found.
   at GitHub.Services.WebApi.VssHttpClientBase.HandleResponseAsync(HttpResponseMessage response, CancellationToken cancellationToken)
   at GitHub.Services.WebApi.VssHttpClientBase.SendAsync(HttpRequestMessage message, HttpCompletionOption completionOption, Object userState, CancellationToken cancellationToken)
   at GitHub.Services.WebApi.VssHttpClientBase.SendAsync[T](HttpRequestMessage message, Object userState, CancellationToken cancellationToken)
   at GitHub.Services.Location.Client.LocationHttpClient.GetConnectionDataAsync(ConnectOptions connectOptions, Int64 lastChangeId, CancellationToken cancellationToken, Object userState)
   at GitHub.Services.WebApi.Location.VssServerDataProvider.GetConnectionDataAsync(ConnectOptions connectOptions, Int32 lastChangeId, CancellationToken cancellationToken)
   at GitHub.Services.WebApi.Location.VssServerDataProvider.ConnectAsync(ConnectOptions connectOptions, CancellationToken cancellationToken)
   at GitHub.Runner.Common.RunnerService.EstablishVssConnection(Uri serverUrl, VssCredentials credentials, TimeSpan timeout)
[2025-10-09 03:40:24Z ERR  GitHubActionsService] GET request to https://pipelinesghubeus6.actions.githubusercontent.com/hKyNd5hzQTjPqVOxuFp9CyJ2tMUr8ytJJ9FfsFju3bqhBGI0lq/_apis/connectionData?connectOptions=1&lastChangeId=258625537&lastChangeId64=258625537 failed. HTTP Status: NotFound
[2025-10-09 03:40:24Z INFO GitHubActionsService] Finished operation Location.GetConnectionData
[2025-10-09 03:40:24Z INFO RunnerServer] Catch exception during connect. 3 attempt left.
[2025-10-09 03:40:24Z ERR  RunnerServer] GitHub.Services.WebApi.VssServiceResponseException: The resource cannot be found.
   at GitHub.Services.WebApi.VssHttpClientBase.HandleResponseAsync(HttpResponseMessage response, CancellationToken cancellationToken)
   at GitHub.Services.WebApi.VssHttpClientBase.SendAsync(HttpRequestMessage message, HttpCompletionOption completionOption, Object userState, CancellationToken cancellationToken)
   at GitHub.Services.WebApi.VssHttpClientBase.SendAsync[T](HttpRequestMessage message, Object userState, CancellationToken cancellationToken)
   at GitHub.Services.Location.Client.LocationHttpClient.GetConnectionDataAsync(ConnectOptions connectOptions, Int64 lastChangeId, CancellationToken cancellationToken, Object userState)
   at GitHub.Services.WebApi.Location.VssServerDataProvider.GetConnectionDataAsync(ConnectOptions connectOptions, Int32 lastChangeId, CancellationToken cancellationToken)
   at GitHub.Services.WebApi.Location.VssServerDataProvider.ConnectAsync(ConnectOptions connectOptions, CancellationToken cancellationToken)
   at GitHub.Runner.Common.RunnerService.EstablishVssConnection(Uri serverUrl, VssCredentials credentials, TimeSpan timeout)
[2025-10-09 03:40:24Z ERR  GitHubActionsService] GET request to https://pipelinesghubeus6.actions.githubusercontent.com/hKyNd5hzQTjPqVOxuFp9CyJ2tMUr8ytJJ9FfsFju3bqhBGI0lq/_apis/connectionData?connectOptions=1&lastChangeId=258625537&lastChangeId64=258625537 failed. HTTP Status: NotFound
[2025-10-09 03:40:24Z INFO GitHubActionsService] Finished operation Location.GetConnectionData
[2025-10-09 03:40:24Z INFO RunnerServer] Catch exception during connect. 3 attempt left.
[2025-10-09 03:40:24Z ERR  RunnerServer] GitHub.Services.WebApi.VssServiceResponseException: The resource cannot be found.
   at GitHub.Services.WebApi.VssHttpClientBase.HandleResponseAsync(HttpResponseMessage response, CancellationToken cancellationToken)
   at GitHub.Services.WebApi.VssHttpClientBase.SendAsync(HttpRequestMessage message, HttpCompletionOption completionOption, Object userState, CancellationToken cancellationToken)
   at GitHub.Services.WebApi.VssHttpClientBase.SendAsync[T](HttpRequestMessage message, Object userState, CancellationToken cancellationToken)
   at GitHub.Services.Location.Client.LocationHttpClient.GetConnectionDataAsync(ConnectOptions connectOptions, Int64 lastChangeId, CancellationToken cancellationToken, Object userState)
   at GitHub.Services.WebApi.Location.VssServerDataProvider.GetConnectionDataAsync(ConnectOptions connectOptions, Int32 lastChangeId, CancellationToken cancellationToken)
   at GitHub.Services.WebApi.Location.VssServerDataProvider.ConnectAsync(ConnectOptions connectOptions, CancellationToken cancellationToken)
   at GitHub.Runner.Common.RunnerService.EstablishVssConnection(Uri serverUrl, VssCredentials credentials, TimeSpan timeout)
[2025-10-09 03:40:24Z INFO GitHubActionsService] Starting operation Location.GetConnectionData
[2025-10-09 03:40:24Z INFO GitHubActionsService] Starting operation Location.GetConnectionData
[2025-10-09 03:40:24Z INFO GitHubActionsService] Starting operation Location.GetConnectionData
[2025-10-09 03:40:24Z ERR  GitHubActionsService] GET request to https://pipelinesghubeus6.actions.githubusercontent.com/hKyNd5hzQTjPqVOxuFp9CyJ2tMUr8ytJJ9FfsFju3bqhBGI0lq/_apis/connectionData?connectOptions=1&lastChangeId=258625537&lastChangeId64=258625537 failed. HTTP Status: NotFound
[2025-10-09 03:40:24Z INFO GitHubActionsService] Finished operation Location.GetConnectionData
[2025-10-09 03:40:24Z INFO RunnerServer] Catch exception during connect. 2 attempt left.
[2025-10-09 03:40:24Z ERR  RunnerServer] GitHub.Services.WebApi.VssServiceResponseException: The resource cannot be found.
   at GitHub.Services.WebApi.VssHttpClientBase.HandleResponseAsync(HttpResponseMessage response, CancellationToken cancellationToken)
   at GitHub.Services.WebApi.VssHttpClientBase.SendAsync(HttpRequestMessage message, HttpCompletionOption completionOption, Object userState, CancellationToken cancellationToken)
   at GitHub.Services.WebApi.VssHttpClientBase.SendAsync[T](HttpRequestMessage message, Object userState, CancellationToken cancellationToken)
   at GitHub.Services.Location.Client.LocationHttpClient.GetConnectionDataAsync(ConnectOptions connectOptions, Int64 lastChangeId, CancellationToken cancellationToken, Object userState)
   at GitHub.Services.WebApi.Location.VssServerDataProvider.GetConnectionDataAsync(ConnectOptions connectOptions, Int32 lastChangeId, CancellationToken cancellationToken)
   at GitHub.Services.WebApi.Location.VssServerDataProvider.ConnectAsync(ConnectOptions connectOptions, CancellationToken cancellationToken)
   at GitHub.Runner.Common.RunnerService.EstablishVssConnection(Uri serverUrl, VssCredentials credentials, TimeSpan timeout)
[2025-10-09 03:40:25Z ERR  GitHubActionsService] GET request to https://pipelinesghubeus6.actions.githubusercontent.com/hKyNd5hzQTjPqVOxuFp9CyJ2tMUr8ytJJ9FfsFju3bqhBGI0lq/_apis/connectionData?connectOptions=1&lastChangeId=258625537&lastChangeId64=258625537 failed. HTTP Status: NotFound
[2025-10-09 03:40:25Z INFO GitHubActionsService] Finished operation Location.GetConnectionData
[2025-10-09 03:40:25Z INFO RunnerServer] Catch exception during connect. 2 attempt left.
[2025-10-09 03:40:25Z ERR  RunnerServer] GitHub.Services.WebApi.VssServiceResponseException: The resource cannot be found.
   at GitHub.Services.WebApi.VssHttpClientBase.HandleResponseAsync(HttpResponseMessage response, CancellationToken cancellationToken)
   at GitHub.Services.WebApi.VssHttpClientBase.SendAsync(HttpRequestMessage message, HttpCompletionOption completionOption, Object userState, CancellationToken cancellationToken)
   at GitHub.Services.WebApi.VssHttpClientBase.SendAsync[T](HttpRequestMessage message, Object userState, CancellationToken cancellationToken)
   at GitHub.Services.Location.Client.LocationHttpClient.GetConnectionDataAsync(ConnectOptions connectOptions, Int64 lastChangeId, CancellationToken cancellationToken, Object userState)
   at GitHub.Services.WebApi.Location.VssServerDataProvider.GetConnectionDataAsync(ConnectOptions connectOptions, Int32 lastChangeId, CancellationToken cancellationToken)
   at GitHub.Services.WebApi.Location.VssServerDataProvider.ConnectAsync(ConnectOptions connectOptions, CancellationToken cancellationToken)
   at GitHub.Runner.Common.RunnerService.EstablishVssConnection(Uri serverUrl, VssCredentials credentials, TimeSpan timeout)
[2025-10-09 03:40:25Z INFO GitHubActionsService] Starting operation Location.GetConnectionData
[2025-10-09 03:40:25Z ERR  GitHubActionsService] GET request to https://pipelinesghubeus6.actions.githubusercontent.com/hKyNd5hzQTjPqVOxuFp9CyJ2tMUr8ytJJ9FfsFju3bqhBGI0lq/_apis/connectionData?connectOptions=1&lastChangeId=258625537&lastChangeId64=258625537 failed. HTTP Status: NotFound
[2025-10-09 03:40:25Z INFO GitHubActionsService] Finished operation Location.GetConnectionData
[2025-10-09 03:40:25Z INFO RunnerServer] Catch exception during connect. 2 attempt left.
[2025-10-09 03:40:25Z ERR  RunnerServer] GitHub.Services.WebApi.VssServiceResponseException: The resource cannot be found.
   at GitHub.Services.WebApi.VssHttpClientBase.HandleResponseAsync(HttpResponseMessage response, CancellationToken cancellationToken)
   at GitHub.Services.WebApi.VssHttpClientBase.SendAsync(HttpRequestMessage message, HttpCompletionOption completionOption, Object userState, CancellationToken cancellationToken)
   at GitHub.Services.WebApi.VssHttpClientBase.SendAsync[T](HttpRequestMessage message, Object userState, CancellationToken cancellationToken)
   at GitHub.Services.Location.Client.LocationHttpClient.GetConnectionDataAsync(ConnectOptions connectOptions, Int64 lastChangeId, CancellationToken cancellationToken, Object userState)
   at GitHub.Services.WebApi.Location.VssServerDataProvider.GetConnectionDataAsync(ConnectOptions connectOptions, Int32 lastChangeId, CancellationToken cancellationToken)
   at GitHub.Services.WebApi.Location.VssServerDataProvider.ConnectAsync(ConnectOptions connectOptions, CancellationToken cancellationToken)
   at GitHub.Runner.Common.RunnerService.EstablishVssConnection(Uri serverUrl, VssCredentials credentials, TimeSpan timeout)
[2025-10-09 03:40:25Z INFO GitHubActionsService] Starting operation Location.GetConnectionData
[2025-10-09 03:40:25Z INFO GitHubActionsService] Starting operation Location.GetConnectionData
[2025-10-09 03:40:25Z ERR  GitHubActionsService] GET request to https://pipelinesghubeus6.actions.githubusercontent.com/hKyNd5hzQTjPqVOxuFp9CyJ2tMUr8ytJJ9FfsFju3bqhBGI0lq/_apis/connectionData?connectOptions=1&lastChangeId=258625537&lastChangeId64=258625537 failed. HTTP Status: NotFound
[2025-10-09 03:40:25Z INFO GitHubActionsService] Finished operation Location.GetConnectionData
[2025-10-09 03:40:25Z INFO RunnerServer] Catch exception during connect. 1 attempt left.
[2025-10-09 03:40:25Z ERR  RunnerServer] GitHub.Services.WebApi.VssServiceResponseException: The resource cannot be found.
   at GitHub.Services.WebApi.VssHttpClientBase.HandleResponseAsync(HttpResponseMessage response, CancellationToken cancellationToken)
   at GitHub.Services.WebApi.VssHttpClientBase.SendAsync(HttpRequestMessage message, HttpCompletionOption completionOption, Object userState, CancellationToken cancellationToken)
   at GitHub.Services.WebApi.VssHttpClientBase.SendAsync[T](HttpRequestMessage message, Object userState, CancellationToken cancellationToken)
   at GitHub.Services.Location.Client.LocationHttpClient.GetConnectionDataAsync(ConnectOptions connectOptions, Int64 lastChangeId, CancellationToken cancellationToken, Object userState)
   at GitHub.Services.WebApi.Location.VssServerDataProvider.GetConnectionDataAsync(ConnectOptions connectOptions, Int32 lastChangeId, CancellationToken cancellationToken)
   at GitHub.Services.WebApi.Location.VssServerDataProvider.ConnectAsync(ConnectOptions connectOptions, CancellationToken cancellationToken)
   at GitHub.Runner.Common.RunnerService.EstablishVssConnection(Uri serverUrl, VssCredentials credentials, TimeSpan timeout)
[2025-10-09 03:40:25Z ERR  GitHubActionsService] GET request to https://pipelinesghubeus6.actions.githubusercontent.com/hKyNd5hzQTjPqVOxuFp9CyJ2tMUr8ytJJ9FfsFju3bqhBGI0lq/_apis/connectionData?connectOptions=1&lastChangeId=258625537&lastChangeId64=258625537 failed. HTTP Status: NotFound
[2025-10-09 03:40:25Z INFO GitHubActionsService] Finished operation Location.GetConnectionData
[2025-10-09 03:40:25Z INFO RunnerServer] Catch exception during connect. 1 attempt left.
[2025-10-09 03:40:25Z ERR  RunnerServer] GitHub.Services.WebApi.VssServiceResponseException: The resource cannot be found.
   at GitHub.Services.WebApi.VssHttpClientBase.HandleResponseAsync(HttpResponseMessage response, CancellationToken cancellationToken)
   at GitHub.Services.WebApi.VssHttpClientBase.SendAsync(HttpRequestMessage message, HttpCompletionOption completionOption, Object userState, CancellationToken cancellationToken)
   at GitHub.Services.WebApi.VssHttpClientBase.SendAsync[T](HttpRequestMessage message, Object userState, CancellationToken cancellationToken)
   at GitHub.Services.Location.Client.LocationHttpClient.GetConnectionDataAsync(ConnectOptions connectOptions, Int64 lastChangeId, CancellationToken cancellationToken, Object userState)
   at GitHub.Services.WebApi.Location.VssServerDataProvider.GetConnectionDataAsync(ConnectOptions connectOptions, Int32 lastChangeId, CancellationToken cancellationToken)
   at GitHub.Services.WebApi.Location.VssServerDataProvider.ConnectAsync(ConnectOptions connectOptions, CancellationToken cancellationToken)
   at GitHub.Runner.Common.RunnerService.EstablishVssConnection(Uri serverUrl, VssCredentials credentials, TimeSpan timeout)
[2025-10-09 03:40:25Z INFO GitHubActionsService] Starting operation Location.GetConnectionData
[2025-10-09 03:40:25Z ERR  GitHubActionsService] GET request to https://pipelinesghubeus6.actions.githubusercontent.com/hKyNd5hzQTjPqVOxuFp9CyJ2tMUr8ytJJ9FfsFju3bqhBGI0lq/_apis/connectionData?connectOptions=1&lastChangeId=258625537&lastChangeId64=258625537 failed. HTTP Status: NotFound
[2025-10-09 03:40:25Z INFO GitHubActionsService] Finished operation Location.GetConnectionData
[2025-10-09 03:40:25Z INFO RunnerServer] Catch exception during connect. 1 attempt left.
[2025-10-09 03:40:25Z ERR  RunnerServer] GitHub.Services.WebApi.VssServiceResponseException: The resource cannot be found.
   at GitHub.Services.WebApi.VssHttpClientBase.HandleResponseAsync(HttpResponseMessage response, CancellationToken cancellationToken)
   at GitHub.Services.WebApi.VssHttpClientBase.SendAsync(HttpRequestMessage message, HttpCompletionOption completionOption, Object userState, CancellationToken cancellationToken)
   at GitHub.Services.WebApi.VssHttpClientBase.SendAsync[T](HttpRequestMessage message, Object userState, CancellationToken cancellationToken)
   at GitHub.Services.Location.Client.LocationHttpClient.GetConnectionDataAsync(ConnectOptions connectOptions, Int64 lastChangeId, CancellationToken cancellationToken, Object userState)
   at GitHub.Services.WebApi.Location.VssServerDataProvider.GetConnectionDataAsync(ConnectOptions connectOptions, Int32 lastChangeId, CancellationToken cancellationToken)
   at GitHub.Services.WebApi.Location.VssServerDataProvider.ConnectAsync(ConnectOptions connectOptions, CancellationToken cancellationToken)
   at GitHub.Runner.Common.RunnerService.EstablishVssConnection(Uri serverUrl, VssCredentials credentials, TimeSpan timeout)
[2025-10-09 03:40:25Z INFO GitHubActionsService] Starting operation Location.GetConnectionData
[2025-10-09 03:40:25Z INFO GitHubActionsService] Starting operation Location.GetConnectionData
[2025-10-09 03:40:26Z ERR  GitHubActionsService] GET request to https://pipelinesghubeus6.actions.githubusercontent.com/hKyNd5hzQTjPqVOxuFp9CyJ2tMUr8ytJJ9FfsFju3bqhBGI0lq/_apis/connectionData?connectOptions=1&lastChangeId=258625537&lastChangeId64=258625537 failed. HTTP Status: NotFound
[2025-10-09 03:40:26Z INFO GitHubActionsService] Finished operation Location.GetConnectionData
[2025-10-09 03:40:26Z ERR  GitHubActionsService] GET request to https://pipelinesghubeus6.actions.githubusercontent.com/hKyNd5hzQTjPqVOxuFp9CyJ2tMUr8ytJJ9FfsFju3bqhBGI0lq/_apis/connectionData?connectOptions=1&lastChangeId=258625537&lastChangeId64=258625537 failed. HTTP Status: NotFound
[2025-10-09 03:40:26Z INFO GitHubActionsService] Finished operation Location.GetConnectionData
[2025-10-09 03:40:26Z ERR  GitHubActionsService] GET request to https://pipelinesghubeus6.actions.githubusercontent.com/hKyNd5hzQTjPqVOxuFp9CyJ2tMUr8ytJJ9FfsFju3bqhBGI0lq/_apis/connectionData?connectOptions=1&lastChangeId=258625537&lastChangeId64=258625537 failed. HTTP Status: NotFound
[2025-10-09 03:40:26Z INFO GitHubActionsService] Finished operation Location.GetConnectionData
[2025-10-09 03:40:26Z ERR  BrokerMessageListener] Catch exception during create session.
[2025-10-09 03:40:26Z ERR  BrokerMessageListener] GitHub.Services.WebApi.VssServiceResponseException: The resource cannot be found.
   at GitHub.Services.WebApi.VssHttpClientBase.HandleResponseAsync(HttpResponseMessage response, CancellationToken cancellationToken)
   at GitHub.Services.WebApi.VssHttpClientBase.SendAsync(HttpRequestMessage message, HttpCompletionOption completionOption, Object userState, CancellationToken cancellationToken)
   at GitHub.Services.WebApi.VssHttpClientBase.SendAsync[T](HttpRequestMessage message, Object userState, CancellationToken cancellationToken)
   at GitHub.Services.Location.Client.LocationHttpClient.GetConnectionDataAsync(ConnectOptions connectOptions, Int64 lastChangeId, CancellationToken cancellationToken, Object userState)
   at GitHub.Services.WebApi.Location.VssServerDataProvider.GetConnectionDataAsync(ConnectOptions connectOptions, Int32 lastChangeId, CancellationToken cancellationToken)
   at GitHub.Services.WebApi.Location.VssServerDataProvider.ConnectAsync(ConnectOptions connectOptions, CancellationToken cancellationToken)
   at GitHub.Runner.Common.RunnerService.EstablishVssConnection(Uri serverUrl, VssCredentials credentials, TimeSpan timeout)
   at GitHub.Runner.Common.RunnerServer.ConnectAsync(Uri serverUrl, VssCredentials credentials)
   at GitHub.Runner.Listener.BrokerMessageListener.CreateSessionAsync(CancellationToken token)
[2025-10-09 03:40:26Z INFO BrokerMessageListener] Retriable exception: The resource cannot be found.
[2025-10-09 03:40:26Z INFO BrokerMessageListener] Sleeping for 30 seconds before retrying.
[2025-10-09 03:40:56Z INFO BrokerMessageListener] Attempt to create session.
[2025-10-09 03:40:56Z INFO BrokerMessageListener] Connecting to the Broker Server...
[2025-10-09 03:40:56Z INFO ConfigurationStore] HasCredentials()
[2025-10-09 03:40:56Z INFO ConfigurationStore] stored True
[2025-10-09 03:40:56Z INFO CredentialManager] GetCredentialProvider
[2025-10-09 03:40:56Z INFO CredentialManager] Creating type OAuth
[2025-10-09 03:40:56Z INFO CredentialManager] Creating credential type: OAuth
[2025-10-09 03:40:56Z INFO RSAEncryptedFileKeyManager] Loading RSA key parameters from file G:\Brunella\actions-runner\.credentials_rsaparams
[2025-10-09 03:40:56Z INFO BrokerMessageListener] VssConnection created
[2025-10-09 03:40:56Z INFO BrokerMessageListener] Connecting to the Runner server...
[2025-10-09 03:40:56Z INFO RunnerServer] EstablishVssConnection
[2025-10-09 03:40:56Z INFO RunnerServer] Establish connection with 100 seconds timeout.
[2025-10-09 03:40:56Z INFO GitHubActionsService] Starting operation Location.GetConnectionData
[2025-10-09 03:40:56Z INFO RunnerServer] EstablishVssConnection
[2025-10-09 03:40:56Z INFO RunnerServer] Establish connection with 60 seconds timeout.
[2025-10-09 03:40:56Z INFO GitHubActionsService] Starting operation Location.GetConnectionData
[2025-10-09 03:40:56Z INFO RunnerServer] EstablishVssConnection
[2025-10-09 03:40:56Z INFO RunnerServer] Establish connection with 60 seconds timeout.
[2025-10-09 03:40:56Z INFO GitHubActionsService] Starting operation Location.GetConnectionData
[2025-10-09 03:40:57Z ERR  GitHubActionsService] GET request to https://pipelinesghubeus6.actions.githubusercontent.com/hKyNd5hzQTjPqVOxuFp9CyJ2tMUr8ytJJ9FfsFju3bqhBGI0lq/_apis/connectionData?connectOptions=1&lastChangeId=258625537&lastChangeId64=258625537 failed. HTTP Status: NotFound
[2025-10-09 03:40:57Z INFO GitHubActionsService] Finished operation Location.GetConnectionData
[2025-10-09 03:40:57Z INFO RunnerServer] Catch exception during connect. 4 attempt left.
[2025-10-09 03:40:57Z ERR  RunnerServer] GitHub.Services.WebApi.VssServiceResponseException: The resource cannot be found.
   at GitHub.Services.WebApi.VssHttpClientBase.HandleResponseAsync(HttpResponseMessage response, CancellationToken cancellationToken)
   at GitHub.Services.WebApi.VssHttpClientBase.SendAsync(HttpRequestMessage message, HttpCompletionOption completionOption, Object userState, CancellationToken cancellationToken)
   at GitHub.Services.WebApi.VssHttpClientBase.SendAsync[T](HttpRequestMessage message, Object userState, CancellationToken cancellationToken)
   at GitHub.Services.Location.Client.LocationHttpClient.GetConnectionDataAsync(ConnectOptions connectOptions, Int64 lastChangeId, CancellationToken cancellationToken, Object userState)
   at GitHub.Services.WebApi.Location.VssServerDataProvider.GetConnectionDataAsync(ConnectOptions connectOptions, Int32 lastChangeId, CancellationToken cancellationToken)
   at GitHub.Services.WebApi.Location.VssServerDataProvider.ConnectAsync(ConnectOptions connectOptions, CancellationToken cancellationToken)
   at GitHub.Runner.Common.RunnerService.EstablishVssConnection(Uri serverUrl, VssCredentials credentials, TimeSpan timeout)
[2025-10-09 03:40:57Z ERR  GitHubActionsService] GET request to https://pipelinesghubeus6.actions.githubusercontent.com/hKyNd5hzQTjPqVOxuFp9CyJ2tMUr8ytJJ9FfsFju3bqhBGI0lq/_apis/connectionData?connectOptions=1&lastChangeId=258625537&lastChangeId64=258625537 failed. HTTP Status: NotFound
[2025-10-09 03:40:57Z INFO GitHubActionsService] Finished operation Location.GetConnectionData
[2025-10-09 03:40:57Z INFO RunnerServer] Catch exception during connect. 4 attempt left.
[2025-10-09 03:40:57Z ERR  RunnerServer] GitHub.Services.WebApi.VssServiceResponseException: The resource cannot be found.
   at GitHub.Services.WebApi.VssHttpClientBase.HandleResponseAsync(HttpResponseMessage response, CancellationToken cancellationToken)
   at GitHub.Services.WebApi.VssHttpClientBase.SendAsync(HttpRequestMessage message, HttpCompletionOption completionOption, Object userState, CancellationToken cancellationToken)
   at GitHub.Services.WebApi.VssHttpClientBase.SendAsync[T](HttpRequestMessage message, Object userState, CancellationToken cancellationToken)
   at GitHub.Services.Location.Client.LocationHttpClient.GetConnectionDataAsync(ConnectOptions connectOptions, Int64 lastChangeId, CancellationToken cancellationToken, Object userState)
   at GitHub.Services.WebApi.Location.VssServerDataProvider.GetConnectionDataAsync(ConnectOptions connectOptions, Int32 lastChangeId, CancellationToken cancellationToken)
   at GitHub.Services.WebApi.Location.VssServerDataProvider.ConnectAsync(ConnectOptions connectOptions, CancellationToken cancellationToken)
   at GitHub.Runner.Common.RunnerService.EstablishVssConnection(Uri serverUrl, VssCredentials credentials, TimeSpan timeout)
[2025-10-09 03:40:57Z ERR  GitHubActionsService] GET request to https://pipelinesghubeus6.actions.githubusercontent.com/hKyNd5hzQTjPqVOxuFp9CyJ2tMUr8ytJJ9FfsFju3bqhBGI0lq/_apis/connectionData?connectOptions=1&lastChangeId=258625537&lastChangeId64=258625537 failed. HTTP Status: NotFound
[2025-10-09 03:40:57Z INFO GitHubActionsService] Finished operation Location.GetConnectionData
[2025-10-09 03:40:57Z INFO RunnerServer] Catch exception during connect. 4 attempt left.
[2025-10-09 03:40:57Z ERR  RunnerServer] GitHub.Services.WebApi.VssServiceResponseException: The resource cannot be found.
   at GitHub.Services.WebApi.VssHttpClientBase.HandleResponseAsync(HttpResponseMessage response, CancellationToken cancellationToken)
   at GitHub.Services.WebApi.VssHttpClientBase.SendAsync(HttpRequestMessage message, HttpCompletionOption completionOption, Object userState, CancellationToken cancellationToken)
   at GitHub.Services.WebApi.VssHttpClientBase.SendAsync[T](HttpRequestMessage message, Object userState, CancellationToken cancellationToken)
   at GitHub.Services.Location.Client.LocationHttpClient.GetConnectionDataAsync(ConnectOptions connectOptions, Int64 lastChangeId, CancellationToken cancellationToken, Object userState)
   at GitHub.Services.WebApi.Location.VssServerDataProvider.GetConnectionDataAsync(ConnectOptions connectOptions, Int32 lastChangeId, CancellationToken cancellationToken)
   at GitHub.Services.WebApi.Location.VssServerDataProvider.ConnectAsync(ConnectOptions connectOptions, CancellationToken cancellationToken)
   at GitHub.Runner.Common.RunnerService.EstablishVssConnection(Uri serverUrl, VssCredentials credentials, TimeSpan timeout)
[2025-10-09 03:40:57Z INFO GitHubActionsService] Starting operation Location.GetConnectionData
[2025-10-09 03:40:57Z INFO GitHubActionsService] Starting operation Location.GetConnectionData
[2025-10-09 03:40:57Z INFO GitHubActionsService] Starting operation Location.GetConnectionData
[2025-10-09 03:40:57Z ERR  GitHubActionsService] GET request to https://pipelinesghubeus6.actions.githubusercontent.com/hKyNd5hzQTjPqVOxuFp9CyJ2tMUr8ytJJ9FfsFju3bqhBGI0lq/_apis/connectionData?connectOptions=1&lastChangeId=258625537&lastChangeId64=258625537 failed. HTTP Status: NotFound
[2025-10-09 03:40:57Z INFO GitHubActionsService] Finished operation Location.GetConnectionData
[2025-10-09 03:40:57Z INFO RunnerServer] Catch exception during connect. 3 attempt left.
[2025-10-09 03:40:57Z ERR  RunnerServer] GitHub.Services.WebApi.VssServiceResponseException: The resource cannot be found.
   at GitHub.Services.WebApi.VssHttpClientBase.HandleResponseAsync(HttpResponseMessage response, CancellationToken cancellationToken)
   at GitHub.Services.WebApi.VssHttpClientBase.SendAsync(HttpRequestMessage message, HttpCompletionOption completionOption, Object userState, CancellationToken cancellationToken)
   at GitHub.Services.WebApi.VssHttpClientBase.SendAsync[T](HttpRequestMessage message, Object userState, CancellationToken cancellationToken)
   at GitHub.Services.Location.Client.LocationHttpClient.GetConnectionDataAsync(ConnectOptions connectOptions, Int64 lastChangeId, CancellationToken cancellationToken, Object userState)
   at GitHub.Services.WebApi.Location.VssServerDataProvider.GetConnectionDataAsync(ConnectOptions connectOptions, Int32 lastChangeId, CancellationToken cancellationToken)
   at GitHub.Services.WebApi.Location.VssServerDataProvider.ConnectAsync(ConnectOptions connectOptions, CancellationToken cancellationToken)
   at GitHub.Runner.Common.RunnerService.EstablishVssConnection(Uri serverUrl, VssCredentials credentials, TimeSpan timeout)
[2025-10-09 03:40:58Z INFO GitHubActionsService] Starting operation Location.GetConnectionData
[2025-10-09 03:40:58Z ERR  GitHubActionsService] GET request to https://pipelinesghubeus6.actions.githubusercontent.com/hKyNd5hzQTjPqVOxuFp9CyJ2tMUr8ytJJ9FfsFju3bqhBGI0lq/_apis/connectionData?connectOptions=1&lastChangeId=258625537&lastChangeId64=258625537 failed. HTTP Status: NotFound
[2025-10-09 03:40:58Z INFO GitHubActionsService] Finished operation Location.GetConnectionData
[2025-10-09 03:40:58Z INFO RunnerServer] Catch exception during connect. 3 attempt left.
[2025-10-09 03:40:58Z ERR  RunnerServer] GitHub.Services.WebApi.VssServiceResponseException: The resource cannot be found.
   at GitHub.Services.WebApi.VssHttpClientBase.HandleResponseAsync(HttpResponseMessage response, CancellationToken cancellationToken)
   at GitHub.Services.WebApi.VssHttpClientBase.SendAsync(HttpRequestMessage message, HttpCompletionOption completionOption, Object userState, CancellationToken cancellationToken)
   at GitHub.Services.WebApi.VssHttpClientBase.SendAsync[T](HttpRequestMessage message, Object userState, CancellationToken cancellationToken)
   at GitHub.Services.Location.Client.LocationHttpClient.GetConnectionDataAsync(ConnectOptions connectOptions, Int64 lastChangeId, CancellationToken cancellationToken, Object userState)
   at GitHub.Services.WebApi.Location.VssServerDataProvider.GetConnectionDataAsync(ConnectOptions connectOptions, Int32 lastChangeId, CancellationToken cancellationToken)
   at GitHub.Services.WebApi.Location.VssServerDataProvider.ConnectAsync(ConnectOptions connectOptions, CancellationToken cancellationToken)
   at GitHub.Runner.Common.RunnerService.EstablishVssConnection(Uri serverUrl, VssCredentials credentials, TimeSpan timeout)
[2025-10-09 03:40:58Z ERR  GitHubActionsService] GET request to https://pipelinesghubeus6.actions.githubusercontent.com/hKyNd5hzQTjPqVOxuFp9CyJ2tMUr8ytJJ9FfsFju3bqhBGI0lq/_apis/connectionData?connectOptions=1&lastChangeId=258625537&lastChangeId64=258625537 failed. HTTP Status: NotFound
[2025-10-09 03:40:58Z INFO GitHubActionsService] Finished operation Location.GetConnectionData
[2025-10-09 03:40:58Z INFO RunnerServer] Catch exception during connect. 3 attempt left.
[2025-10-09 03:40:58Z ERR  RunnerServer] GitHub.Services.WebApi.VssServiceResponseException: The resource cannot be found.
   at GitHub.Services.WebApi.VssHttpClientBase.HandleResponseAsync(HttpResponseMessage response, CancellationToken cancellationToken)
   at GitHub.Services.WebApi.VssHttpClientBase.SendAsync(HttpRequestMessage message, HttpCompletionOption completionOption, Object userState, CancellationToken cancellationToken)
   at GitHub.Services.WebApi.VssHttpClientBase.SendAsync[T](HttpRequestMessage message, Object userState, CancellationToken cancellationToken)
   at GitHub.Services.Location.Client.LocationHttpClient.GetConnectionDataAsync(ConnectOptions connectOptions, Int64 lastChangeId, CancellationToken cancellationToken, Object userState)
   at GitHub.Services.WebApi.Location.VssServerDataProvider.GetConnectionDataAsync(ConnectOptions connectOptions, Int32 lastChangeId, CancellationToken cancellationToken)
   at GitHub.Services.WebApi.Location.VssServerDataProvider.ConnectAsync(ConnectOptions connectOptions, CancellationToken cancellationToken)
   at GitHub.Runner.Common.RunnerService.EstablishVssConnection(Uri serverUrl, VssCredentials credentials, TimeSpan timeout)
[2025-10-09 03:40:58Z INFO GitHubActionsService] Starting operation Location.GetConnectionData
[2025-10-09 03:40:58Z INFO GitHubActionsService] Starting operation Location.GetConnectionData
[2025-10-09 03:40:58Z ERR  GitHubActionsService] GET request to https://pipelinesghubeus6.actions.githubusercontent.com/hKyNd5hzQTjPqVOxuFp9CyJ2tMUr8ytJJ9FfsFju3bqhBGI0lq/_apis/connectionData?connectOptions=1&lastChangeId=258625537&lastChangeId64=258625537 failed. HTTP Status: NotFound
[2025-10-09 03:40:58Z ERR  GitHubActionsService] GET request to https://pipelinesghubeus6.actions.githubusercontent.com/hKyNd5hzQTjPqVOxuFp9CyJ2tMUr8ytJJ9FfsFju3bqhBGI0lq/_apis/connectionData?connectOptions=1&lastChangeId=258625537&lastChangeId64=258625537 failed. HTTP Status: NotFound
[2025-10-09 03:40:58Z INFO GitHubActionsService] Finished operation Location.GetConnectionData
[2025-10-09 03:40:58Z INFO GitHubActionsService] Finished operation Location.GetConnectionData
[2025-10-09 03:40:58Z INFO RunnerServer] Catch exception during connect. 2 attempt left.
[2025-10-09 03:40:58Z INFO RunnerServer] Catch exception during connect. 2 attempt left.
[2025-10-09 03:40:58Z ERR  RunnerServer] GitHub.Services.WebApi.VssServiceResponseException: The resource cannot be found.
   at GitHub.Services.WebApi.VssHttpClientBase.HandleResponseAsync(HttpResponseMessage response, CancellationToken cancellationToken)
   at GitHub.Services.WebApi.VssHttpClientBase.SendAsync(HttpRequestMessage message, HttpCompletionOption completionOption, Object userState, CancellationToken cancellationToken)
   at GitHub.Services.WebApi.VssHttpClientBase.SendAsync[T](HttpRequestMessage message, Object userState, CancellationToken cancellationToken)
   at GitHub.Services.Location.Client.LocationHttpClient.GetConnectionDataAsync(ConnectOptions connectOptions, Int64 lastChangeId, CancellationToken cancellationToken, Object userState)
   at GitHub.Services.WebApi.Location.VssServerDataProvider.GetConnectionDataAsync(ConnectOptions connectOptions, Int32 lastChangeId, CancellationToken cancellationToken)
   at GitHub.Services.WebApi.Location.VssServerDataProvider.ConnectAsync(ConnectOptions connectOptions, CancellationToken cancellationToken)
   at GitHub.Runner.Common.RunnerService.EstablishVssConnection(Uri serverUrl, VssCredentials credentials, TimeSpan timeout)
[2025-10-09 03:40:58Z ERR  RunnerServer] GitHub.Services.WebApi.VssServiceResponseException: The resource cannot be found.
   at GitHub.Services.WebApi.VssHttpClientBase.HandleResponseAsync(HttpResponseMessage response, CancellationToken cancellationToken)
   at GitHub.Services.WebApi.VssHttpClientBase.SendAsync(HttpRequestMessage message, HttpCompletionOption completionOption, Object userState, CancellationToken cancellationToken)
   at GitHub.Services.WebApi.VssHttpClientBase.SendAsync[T](HttpRequestMessage message, Object userState, CancellationToken cancellationToken)
   at GitHub.Services.Location.Client.LocationHttpClient.GetConnectionDataAsync(ConnectOptions connectOptions, Int64 lastChangeId, CancellationToken cancellationToken, Object userState)
   at GitHub.Services.WebApi.Location.VssServerDataProvider.GetConnectionDataAsync(ConnectOptions connectOptions, Int32 lastChangeId, CancellationToken cancellationToken)
   at GitHub.Services.WebApi.Location.VssServerDataProvider.ConnectAsync(ConnectOptions connectOptions, CancellationToken cancellationToken)
   at GitHub.Runner.Common.RunnerService.EstablishVssConnection(Uri serverUrl, VssCredentials credentials, TimeSpan timeout)
[2025-10-09 03:40:58Z INFO GitHubActionsService] Starting operation Location.GetConnectionData
[2025-10-09 03:40:58Z INFO GitHubActionsService] Starting operation Location.GetConnectionData
[2025-10-09 03:40:58Z ERR  GitHubActionsService] GET request to https://pipelinesghubeus6.actions.githubusercontent.com/hKyNd5hzQTjPqVOxuFp9CyJ2tMUr8ytJJ9FfsFju3bqhBGI0lq/_apis/connectionData?connectOptions=1&lastChangeId=258625537&lastChangeId64=258625537 failed. HTTP Status: NotFound
[2025-10-09 03:40:58Z INFO GitHubActionsService] Finished operation Location.GetConnectionData
[2025-10-09 03:40:58Z INFO RunnerServer] Catch exception during connect. 2 attempt left.
[2025-10-09 03:40:58Z ERR  RunnerServer] GitHub.Services.WebApi.VssServiceResponseException: The resource cannot be found.
   at GitHub.Services.WebApi.VssHttpClientBase.HandleResponseAsync(HttpResponseMessage response, CancellationToken cancellationToken)
   at GitHub.Services.WebApi.VssHttpClientBase.SendAsync(HttpRequestMessage message, HttpCompletionOption completionOption, Object userState, CancellationToken cancellationToken)
   at GitHub.Services.WebApi.VssHttpClientBase.SendAsync[T](HttpRequestMessage message, Object userState, CancellationToken cancellationToken)
   at GitHub.Services.Location.Client.LocationHttpClient.GetConnectionDataAsync(ConnectOptions connectOptions, Int64 lastChangeId, CancellationToken cancellationToken, Object userState)
   at GitHub.Services.WebApi.Location.VssServerDataProvider.GetConnectionDataAsync(ConnectOptions connectOptions, Int32 lastChangeId, CancellationToken cancellationToken)
   at GitHub.Services.WebApi.Location.VssServerDataProvider.ConnectAsync(ConnectOptions connectOptions, CancellationToken cancellationToken)
   at GitHub.Runner.Common.RunnerService.EstablishVssConnection(Uri serverUrl, VssCredentials credentials, TimeSpan timeout)
[2025-10-09 03:40:59Z INFO GitHubActionsService] Starting operation Location.GetConnectionData
[2025-10-09 03:40:59Z ERR  GitHubActionsService] GET request to https://pipelinesghubeus6.actions.githubusercontent.com/hKyNd5hzQTjPqVOxuFp9CyJ2tMUr8ytJJ9FfsFju3bqhBGI0lq/_apis/connectionData?connectOptions=1&lastChangeId=258625537&lastChangeId64=258625537 failed. HTTP Status: NotFound
[2025-10-09 03:40:59Z INFO GitHubActionsService] Finished operation Location.GetConnectionData
[2025-10-09 03:40:59Z INFO RunnerServer] Catch exception during connect. 1 attempt left.
[2025-10-09 03:40:59Z ERR  RunnerServer] GitHub.Services.WebApi.VssServiceResponseException: The resource cannot be found.
   at GitHub.Services.WebApi.VssHttpClientBase.HandleResponseAsync(HttpResponseMessage response, CancellationToken cancellationToken)
   at GitHub.Services.WebApi.VssHttpClientBase.SendAsync(HttpRequestMessage message, HttpCompletionOption completionOption, Object userState, CancellationToken cancellationToken)
   at GitHub.Services.WebApi.VssHttpClientBase.SendAsync[T](HttpRequestMessage message, Object userState, CancellationToken cancellationToken)
   at GitHub.Services.Location.Client.LocationHttpClient.GetConnectionDataAsync(ConnectOptions connectOptions, Int64 lastChangeId, CancellationToken cancellationToken, Object userState)
   at GitHub.Services.WebApi.Location.VssServerDataProvider.GetConnectionDataAsync(ConnectOptions connectOptions, Int32 lastChangeId, CancellationToken cancellationToken)
   at GitHub.Services.WebApi.Location.VssServerDataProvider.ConnectAsync(ConnectOptions connectOptions, CancellationToken cancellationToken)
   at GitHub.Runner.Common.RunnerService.EstablishVssConnection(Uri serverUrl, VssCredentials credentials, TimeSpan timeout)
[2025-10-09 03:40:59Z INFO GitHubActionsService] Starting operation Location.GetConnectionData
[2025-10-09 03:40:59Z ERR  GitHubActionsService] GET request to https://pipelinesghubeus6.actions.githubusercontent.com/hKyNd5hzQTjPqVOxuFp9CyJ2tMUr8ytJJ9FfsFju3bqhBGI0lq/_apis/connectionData?connectOptions=1&lastChangeId=258625537&lastChangeId64=258625537 failed. HTTP Status: NotFound
[2025-10-09 03:40:59Z INFO GitHubActionsService] Finished operation Location.GetConnectionData
[2025-10-09 03:40:59Z INFO RunnerServer] Catch exception during connect. 1 attempt left.
[2025-10-09 03:40:59Z ERR  RunnerServer] GitHub.Services.WebApi.VssServiceResponseException: The resource cannot be found.
   at GitHub.Services.WebApi.VssHttpClientBase.HandleResponseAsync(HttpResponseMessage response, CancellationToken cancellationToken)
   at GitHub.Services.WebApi.VssHttpClientBase.SendAsync(HttpRequestMessage message, HttpCompletionOption completionOption, Object userState, CancellationToken cancellationToken)
   at GitHub.Services.WebApi.VssHttpClientBase.SendAsync[T](HttpRequestMessage message, Object userState, CancellationToken cancellationToken)
   at GitHub.Services.Location.Client.LocationHttpClient.GetConnectionDataAsync(ConnectOptions connectOptions, Int64 lastChangeId, CancellationToken cancellationToken, Object userState)
   at GitHub.Services.WebApi.Location.VssServerDataProvider.GetConnectionDataAsync(ConnectOptions connectOptions, Int32 lastChangeId, CancellationToken cancellationToken)
   at GitHub.Services.WebApi.Location.VssServerDataProvider.ConnectAsync(ConnectOptions connectOptions, CancellationToken cancellationToken)
   at GitHub.Runner.Common.RunnerService.EstablishVssConnection(Uri serverUrl, VssCredentials credentials, TimeSpan timeout)
[2025-10-09 03:40:59Z INFO GitHubActionsService] Starting operation Location.GetConnectionData
[2025-10-09 03:40:59Z ERR  GitHubActionsService] GET request to https://pipelinesghubeus6.actions.githubusercontent.com/hKyNd5hzQTjPqVOxuFp9CyJ2tMUr8ytJJ9FfsFju3bqhBGI0lq/_apis/connectionData?connectOptions=1&lastChangeId=258625537&lastChangeId64=258625537 failed. HTTP Status: NotFound
[2025-10-09 03:40:59Z INFO GitHubActionsService] Finished operation Location.GetConnectionData
[2025-10-09 03:40:59Z INFO RunnerServer] Catch exception during connect. 1 attempt left.
[2025-10-09 03:40:59Z ERR  RunnerServer] GitHub.Services.WebApi.VssServiceResponseException: The resource cannot be found.
   at GitHub.Services.WebApi.VssHttpClientBase.HandleResponseAsync(HttpResponseMessage response, CancellationToken cancellationToken)
   at GitHub.Services.WebApi.VssHttpClientBase.SendAsync(HttpRequestMessage message, HttpCompletionOption completionOption, Object userState, CancellationToken cancellationToken)
   at GitHub.Services.WebApi.VssHttpClientBase.SendAsync[T](HttpRequestMessage message, Object userState, CancellationToken cancellationToken)
   at GitHub.Services.Location.Client.LocationHttpClient.GetConnectionDataAsync(ConnectOptions connectOptions, Int64 lastChangeId, CancellationToken cancellationToken, Object userState)
   at GitHub.Services.WebApi.Location.VssServerDataProvider.GetConnectionDataAsync(ConnectOptions connectOptions, Int32 lastChangeId, CancellationToken cancellationToken)
   at GitHub.Services.WebApi.Location.VssServerDataProvider.ConnectAsync(ConnectOptions connectOptions, CancellationToken cancellationToken)
   at GitHub.Runner.Common.RunnerService.EstablishVssConnection(Uri serverUrl, VssCredentials credentials, TimeSpan timeout)
[2025-10-09 03:40:59Z INFO GitHubActionsService] Starting operation Location.GetConnectionData
[2025-10-09 03:41:00Z ERR  GitHubActionsService] GET request to https://pipelinesghubeus6.actions.githubusercontent.com/hKyNd5hzQTjPqVOxuFp9CyJ2tMUr8ytJJ9FfsFju3bqhBGI0lq/_apis/connectionData?connectOptions=1&lastChangeId=258625537&lastChangeId64=258625537 failed. HTTP Status: NotFound
[2025-10-09 03:41:00Z INFO GitHubActionsService] Finished operation Location.GetConnectionData
[2025-10-09 03:41:00Z ERR  GitHubActionsService] GET request to https://pipelinesghubeus6.actions.githubusercontent.com/hKyNd5hzQTjPqVOxuFp9CyJ2tMUr8ytJJ9FfsFju3bqhBGI0lq/_apis/connectionData?connectOptions=1&lastChangeId=258625537&lastChangeId64=258625537 failed. HTTP Status: NotFound
[2025-10-09 03:41:00Z INFO GitHubActionsService] Finished operation Location.GetConnectionData
[2025-10-09 03:41:00Z ERR  GitHubActionsService] GET request to https://pipelinesghubeus6.actions.githubusercontent.com/hKyNd5hzQTjPqVOxuFp9CyJ2tMUr8ytJJ9FfsFju3bqhBGI0lq/_apis/connectionData?connectOptions=1&lastChangeId=258625537&lastChangeId64=258625537 failed. HTTP Status: NotFound
[2025-10-09 03:41:00Z INFO GitHubActionsService] Finished operation Location.GetConnectionData
[2025-10-09 03:41:00Z ERR  BrokerMessageListener] Catch exception during create session.
[2025-10-09 03:41:00Z ERR  BrokerMessageListener] GitHub.Services.WebApi.VssServiceResponseException: The resource cannot be found.
   at GitHub.Services.WebApi.VssHttpClientBase.HandleResponseAsync(HttpResponseMessage response, CancellationToken cancellationToken)
   at GitHub.Services.WebApi.VssHttpClientBase.SendAsync(HttpRequestMessage message, HttpCompletionOption completionOption, Object userState, CancellationToken cancellationToken)
   at GitHub.Services.WebApi.VssHttpClientBase.SendAsync[T](HttpRequestMessage message, Object userState, CancellationToken cancellationToken)
   at GitHub.Services.Location.Client.LocationHttpClient.GetConnectionDataAsync(ConnectOptions connectOptions, Int64 lastChangeId, CancellationToken cancellationToken, Object userState)
   at GitHub.Services.WebApi.Location.VssServerDataProvider.GetConnectionDataAsync(ConnectOptions connectOptions, Int32 lastChangeId, CancellationToken cancellationToken)
   at GitHub.Services.WebApi.Location.VssServerDataProvider.ConnectAsync(ConnectOptions connectOptions, CancellationToken cancellationToken)
   at GitHub.Runner.Common.RunnerService.EstablishVssConnection(Uri serverUrl, VssCredentials credentials, TimeSpan timeout)
   at GitHub.Runner.Common.RunnerServer.ConnectAsync(Uri serverUrl, VssCredentials credentials)
   at GitHub.Runner.Listener.BrokerMessageListener.CreateSessionAsync(CancellationToken token)
[2025-10-09 03:41:00Z INFO BrokerMessageListener] Retriable exception: The resource cannot be found.
[2025-10-09 03:41:00Z INFO BrokerMessageListener] Sleeping for 30 seconds before retrying.
[2025-10-09 03:41:30Z INFO BrokerMessageListener] Attempt to create session.
[2025-10-09 03:41:30Z INFO BrokerMessageListener] Connecting to the Broker Server...
[2025-10-09 03:41:30Z INFO ConfigurationStore] HasCredentials()
[2025-10-09 03:41:30Z INFO ConfigurationStore] stored True
[2025-10-09 03:41:30Z INFO CredentialManager] GetCredentialProvider
[2025-10-09 03:41:30Z INFO CredentialManager] Creating type OAuth
[2025-10-09 03:41:30Z INFO CredentialManager] Creating credential type: OAuth
[2025-10-09 03:41:30Z INFO RSAEncryptedFileKeyManager] Loading RSA key parameters from file G:\Brunella\actions-runner\.credentials_rsaparams
[2025-10-09 03:41:30Z INFO BrokerMessageListener] VssConnection created
[2025-10-09 03:41:30Z INFO BrokerMessageListener] Connecting to the Runner server...
[2025-10-09 03:41:30Z INFO RunnerServer] EstablishVssConnection
[2025-10-09 03:41:30Z INFO RunnerServer] Establish connection with 100 seconds timeout.
[2025-10-09 03:41:30Z INFO GitHubActionsService] Starting operation Location.GetConnectionData
[2025-10-09 03:41:30Z INFO RunnerServer] EstablishVssConnection
[2025-10-09 03:41:30Z INFO RunnerServer] Establish connection with 60 seconds timeout.
[2025-10-09 03:41:30Z INFO GitHubActionsService] Starting operation Location.GetConnectionData
[2025-10-09 03:41:30Z INFO RunnerServer] EstablishVssConnection
[2025-10-09 03:41:30Z INFO RunnerServer] Establish connection with 60 seconds timeout.
[2025-10-09 03:41:30Z INFO GitHubActionsService] Starting operation Location.GetConnectionData
[2025-10-09 03:41:31Z ERR  GitHubActionsService] GET request to https://pipelinesghubeus6.actions.githubusercontent.com/hKyNd5hzQTjPqVOxuFp9CyJ2tMUr8ytJJ9FfsFju3bqhBGI0lq/_apis/connectionData?connectOptions=1&lastChangeId=258625537&lastChangeId64=258625537 failed. HTTP Status: NotFound
[2025-10-09 03:41:31Z INFO GitHubActionsService] Finished operation Location.GetConnectionData
[2025-10-09 03:41:31Z INFO RunnerServer] Catch exception during connect. 4 attempt left.
[2025-10-09 03:41:31Z ERR  RunnerServer] GitHub.Services.WebApi.VssServiceResponseException: The resource cannot be found.
   at GitHub.Services.WebApi.VssHttpClientBase.HandleResponseAsync(HttpResponseMessage response, CancellationToken cancellationToken)
   at GitHub.Services.WebApi.VssHttpClientBase.SendAsync(HttpRequestMessage message, HttpCompletionOption completionOption, Object userState, CancellationToken cancellationToken)
   at GitHub.Services.WebApi.VssHttpClientBase.SendAsync[T](HttpRequestMessage message, Object userState, CancellationToken cancellationToken)
   at GitHub.Services.Location.Client.LocationHttpClient.GetConnectionDataAsync(ConnectOptions connectOptions, Int64 lastChangeId, CancellationToken cancellationToken, Object userState)
   at GitHub.Services.WebApi.Location.VssServerDataProvider.GetConnectionDataAsync(ConnectOptions connectOptions, Int32 lastChangeId, CancellationToken cancellationToken)
   at GitHub.Services.WebApi.Location.VssServerDataProvider.ConnectAsync(ConnectOptions connectOptions, CancellationToken cancellationToken)
   at GitHub.Runner.Common.RunnerService.EstablishVssConnection(Uri serverUrl, VssCredentials credentials, TimeSpan timeout)
[2025-10-09 03:41:31Z ERR  GitHubActionsService] GET request to https://pipelinesghubeus6.actions.githubusercontent.com/hKyNd5hzQTjPqVOxuFp9CyJ2tMUr8ytJJ9FfsFju3bqhBGI0lq/_apis/connectionData?connectOptions=1&lastChangeId=258625537&lastChangeId64=258625537 failed. HTTP Status: NotFound
[2025-10-09 03:41:31Z INFO GitHubActionsService] Finished operation Location.GetConnectionData
[2025-10-09 03:41:31Z INFO RunnerServer] Catch exception during connect. 4 attempt left.
[2025-10-09 03:41:31Z ERR  RunnerServer] GitHub.Services.WebApi.VssServiceResponseException: The resource cannot be found.
   at GitHub.Services.WebApi.VssHttpClientBase.HandleResponseAsync(HttpResponseMessage response, CancellationToken cancellationToken)
   at GitHub.Services.WebApi.VssHttpClientBase.SendAsync(HttpRequestMessage message, HttpCompletionOption completionOption, Object userState, CancellationToken cancellationToken)
   at GitHub.Services.WebApi.VssHttpClientBase.SendAsync[T](HttpRequestMessage message, Object userState, CancellationToken cancellationToken)
   at GitHub.Services.Location.Client.LocationHttpClient.GetConnectionDataAsync(ConnectOptions connectOptions, Int64 lastChangeId, CancellationToken cancellationToken, Object userState)
   at GitHub.Services.WebApi.Location.VssServerDataProvider.GetConnectionDataAsync(ConnectOptions connectOptions, Int32 lastChangeId, CancellationToken cancellationToken)
   at GitHub.Services.WebApi.Location.VssServerDataProvider.ConnectAsync(ConnectOptions connectOptions, CancellationToken cancellationToken)
   at GitHub.Runner.Common.RunnerService.EstablishVssConnection(Uri serverUrl, VssCredentials credentials, TimeSpan timeout)
[2025-10-09 03:41:31Z ERR  GitHubActionsService] GET request to https://pipelinesghubeus6.actions.githubusercontent.com/hKyNd5hzQTjPqVOxuFp9CyJ2tMUr8ytJJ9FfsFju3bqhBGI0lq/_apis/connectionData?connectOptions=1&lastChangeId=258625537&lastChangeId64=258625537 failed. HTTP Status: NotFound
[2025-10-09 03:41:31Z INFO GitHubActionsService] Finished operation Location.GetConnectionData
[2025-10-09 03:41:31Z INFO RunnerServer] Catch exception during connect. 4 attempt left.
[2025-10-09 03:41:31Z ERR  RunnerServer] GitHub.Services.WebApi.VssServiceResponseException: The resource cannot be found.
   at GitHub.Services.WebApi.VssHttpClientBase.HandleResponseAsync(HttpResponseMessage response, CancellationToken cancellationToken)
   at GitHub.Services.WebApi.VssHttpClientBase.SendAsync(HttpRequestMessage message, HttpCompletionOption completionOption, Object userState, CancellationToken cancellationToken)
   at GitHub.Services.WebApi.VssHttpClientBase.SendAsync[T](HttpRequestMessage message, Object userState, CancellationToken cancellationToken)
   at GitHub.Services.Location.Client.LocationHttpClient.GetConnectionDataAsync(ConnectOptions connectOptions, Int64 lastChangeId, CancellationToken cancellationToken, Object userState)
   at GitHub.Services.WebApi.Location.VssServerDataProvider.GetConnectionDataAsync(ConnectOptions connectOptions, Int32 lastChangeId, CancellationToken cancellationToken)
   at GitHub.Services.WebApi.Location.VssServerDataProvider.ConnectAsync(ConnectOptions connectOptions, CancellationToken cancellationToken)
   at GitHub.Runner.Common.RunnerService.EstablishVssConnection(Uri serverUrl, VssCredentials credentials, TimeSpan timeout)
[2025-10-09 03:41:31Z INFO GitHubActionsService] Starting operation Location.GetConnectionData
[2025-10-09 03:41:31Z INFO GitHubActionsService] Starting operation Location.GetConnectionData
[2025-10-09 03:41:31Z INFO GitHubActionsService] Starting operation Location.GetConnectionData
[2025-10-09 03:41:31Z ERR  GitHubActionsService] GET request to https://pipelinesghubeus6.actions.githubusercontent.com/hKyNd5hzQTjPqVOxuFp9CyJ2tMUr8ytJJ9FfsFju3bqhBGI0lq/_apis/connectionData?connectOptions=1&lastChangeId=258625537&lastChangeId64=258625537 failed. HTTP Status: NotFound
[2025-10-09 03:41:31Z INFO GitHubActionsService] Finished operation Location.GetConnectionData
[2025-10-09 03:41:31Z INFO RunnerServer] Catch exception during connect. 3 attempt left.
[2025-10-09 03:41:31Z ERR  RunnerServer] GitHub.Services.WebApi.VssServiceResponseException: The resource cannot be found.
   at GitHub.Services.WebApi.VssHttpClientBase.HandleResponseAsync(HttpResponseMessage response, CancellationToken cancellationToken)
   at GitHub.Services.WebApi.VssHttpClientBase.SendAsync(HttpRequestMessage message, HttpCompletionOption completionOption, Object userState, CancellationToken cancellationToken)
   at GitHub.Services.WebApi.VssHttpClientBase.SendAsync[T](HttpRequestMessage message, Object userState, CancellationToken cancellationToken)
   at GitHub.Services.Location.Client.LocationHttpClient.GetConnectionDataAsync(ConnectOptions connectOptions, Int64 lastChangeId, CancellationToken cancellationToken, Object userState)
   at GitHub.Services.WebApi.Location.VssServerDataProvider.GetConnectionDataAsync(ConnectOptions connectOptions, Int32 lastChangeId, CancellationToken cancellationToken)
   at GitHub.Services.WebApi.Location.VssServerDataProvider.ConnectAsync(ConnectOptions connectOptions, CancellationToken cancellationToken)
   at GitHub.Runner.Common.RunnerService.EstablishVssConnection(Uri serverUrl, VssCredentials credentials, TimeSpan timeout)
[2025-10-09 03:41:31Z ERR  GitHubActionsService] GET request to https://pipelinesghubeus6.actions.githubusercontent.com/hKyNd5hzQTjPqVOxuFp9CyJ2tMUr8ytJJ9FfsFju3bqhBGI0lq/_apis/connectionData?connectOptions=1&lastChangeId=258625537&lastChangeId64=258625537 failed. HTTP Status: NotFound
[2025-10-09 03:41:31Z INFO GitHubActionsService] Finished operation Location.GetConnectionData
[2025-10-09 03:41:31Z INFO RunnerServer] Catch exception during connect. 3 attempt left.
[2025-10-09 03:41:31Z ERR  RunnerServer] GitHub.Services.WebApi.VssServiceResponseException: The resource cannot be found.
   at GitHub.Services.WebApi.VssHttpClientBase.HandleResponseAsync(HttpResponseMessage response, CancellationToken cancellationToken)
   at GitHub.Services.WebApi.VssHttpClientBase.SendAsync(HttpRequestMessage message, HttpCompletionOption completionOption, Object userState, CancellationToken cancellationToken)
   at GitHub.Services.WebApi.VssHttpClientBase.SendAsync[T](HttpRequestMessage message, Object userState, CancellationToken cancellationToken)
   at GitHub.Services.Location.Client.LocationHttpClient.GetConnectionDataAsync(ConnectOptions connectOptions, Int64 lastChangeId, CancellationToken cancellationToken, Object userState)
   at GitHub.Services.WebApi.Location.VssServerDataProvider.GetConnectionDataAsync(ConnectOptions connectOptions, Int32 lastChangeId, CancellationToken cancellationToken)
   at GitHub.Services.WebApi.Location.VssServerDataProvider.ConnectAsync(ConnectOptions connectOptions, CancellationToken cancellationToken)
   at GitHub.Runner.Common.RunnerService.EstablishVssConnection(Uri serverUrl, VssCredentials credentials, TimeSpan timeout)
[2025-10-09 03:41:31Z ERR  GitHubActionsService] GET request to https://pipelinesghubeus6.actions.githubusercontent.com/hKyNd5hzQTjPqVOxuFp9CyJ2tMUr8ytJJ9FfsFju3bqhBGI0lq/_apis/connectionData?connectOptions=1&lastChangeId=258625537&lastChangeId64=258625537 failed. HTTP Status: NotFound
[2025-10-09 03:41:31Z INFO GitHubActionsService] Finished operation Location.GetConnectionData
[2025-10-09 03:41:31Z INFO RunnerServer] Catch exception during connect. 3 attempt left.
[2025-10-09 03:41:31Z ERR  RunnerServer] GitHub.Services.WebApi.VssServiceResponseException: The resource cannot be found.
   at GitHub.Services.WebApi.VssHttpClientBase.HandleResponseAsync(HttpResponseMessage response, CancellationToken cancellationToken)
   at GitHub.Services.WebApi.VssHttpClientBase.SendAsync(HttpRequestMessage message, HttpCompletionOption completionOption, Object userState, CancellationToken cancellationToken)
   at GitHub.Services.WebApi.VssHttpClientBase.SendAsync[T](HttpRequestMessage message, Object userState, CancellationToken cancellationToken)
   at GitHub.Services.Location.Client.LocationHttpClient.GetConnectionDataAsync(ConnectOptions connectOptions, Int64 lastChangeId, CancellationToken cancellationToken, Object userState)
   at GitHub.Services.WebApi.Location.VssServerDataProvider.GetConnectionDataAsync(ConnectOptions connectOptions, Int32 lastChangeId, CancellationToken cancellationToken)
   at GitHub.Services.WebApi.Location.VssServerDataProvider.ConnectAsync(ConnectOptions connectOptions, CancellationToken cancellationToken)
   at GitHub.Runner.Common.RunnerService.EstablishVssConnection(Uri serverUrl, VssCredentials credentials, TimeSpan timeout)
[2025-10-09 03:41:32Z INFO GitHubActionsService] Starting operation Location.GetConnectionData
[2025-10-09 03:41:32Z INFO GitHubActionsService] Starting operation Location.GetConnectionData
[2025-10-09 03:41:32Z INFO GitHubActionsService] Starting operation Location.GetConnectionData
[2025-10-09 03:41:32Z ERR  GitHubActionsService] GET request to https://pipelinesghubeus6.actions.githubusercontent.com/hKyNd5hzQTjPqVOxuFp9CyJ2tMUr8ytJJ9FfsFju3bqhBGI0lq/_apis/connectionData?connectOptions=1&lastChangeId=258625537&lastChangeId64=258625537 failed. HTTP Status: NotFound
[2025-10-09 03:41:32Z INFO GitHubActionsService] Finished operation Location.GetConnectionData
[2025-10-09 03:41:32Z INFO RunnerServer] Catch exception during connect. 2 attempt left.
[2025-10-09 03:41:32Z ERR  RunnerServer] GitHub.Services.WebApi.VssServiceResponseException: The resource cannot be found.
   at GitHub.Services.WebApi.VssHttpClientBase.HandleResponseAsync(HttpResponseMessage response, CancellationToken cancellationToken)
   at GitHub.Services.WebApi.VssHttpClientBase.SendAsync(HttpRequestMessage message, HttpCompletionOption completionOption, Object userState, CancellationToken cancellationToken)
   at GitHub.Services.WebApi.VssHttpClientBase.SendAsync[T](HttpRequestMessage message, Object userState, CancellationToken cancellationToken)
   at GitHub.Services.Location.Client.LocationHttpClient.GetConnectionDataAsync(ConnectOptions connectOptions, Int64 lastChangeId, CancellationToken cancellationToken, Object userState)
   at GitHub.Services.WebApi.Location.VssServerDataProvider.GetConnectionDataAsync(ConnectOptions connectOptions, Int32 lastChangeId, CancellationToken cancellationToken)
   at GitHub.Services.WebApi.Location.VssServerDataProvider.ConnectAsync(ConnectOptions connectOptions, CancellationToken cancellationToken)
   at GitHub.Runner.Common.RunnerService.EstablishVssConnection(Uri serverUrl, VssCredentials credentials, TimeSpan timeout)
[2025-10-09 03:41:32Z ERR  GitHubActionsService] GET request to https://pipelinesghubeus6.actions.githubusercontent.com/hKyNd5hzQTjPqVOxuFp9CyJ2tMUr8ytJJ9FfsFju3bqhBGI0lq/_apis/connectionData?connectOptions=1&lastChangeId=258625537&lastChangeId64=258625537 failed. HTTP Status: NotFound
[2025-10-09 03:41:32Z INFO GitHubActionsService] Finished operation Location.GetConnectionData
[2025-10-09 03:41:32Z INFO RunnerServer] Catch exception during connect. 2 attempt left.
[2025-10-09 03:41:32Z ERR  RunnerServer] GitHub.Services.WebApi.VssServiceResponseException: The resource cannot be found.
   at GitHub.Services.WebApi.VssHttpClientBase.HandleResponseAsync(HttpResponseMessage response, CancellationToken cancellationToken)
   at GitHub.Services.WebApi.VssHttpClientBase.SendAsync(HttpRequestMessage message, HttpCompletionOption completionOption, Object userState, CancellationToken cancellationToken)
   at GitHub.Services.WebApi.VssHttpClientBase.SendAsync[T](HttpRequestMessage message, Object userState, CancellationToken cancellationToken)
   at GitHub.Services.Location.Client.LocationHttpClient.GetConnectionDataAsync(ConnectOptions connectOptions, Int64 lastChangeId, CancellationToken cancellationToken, Object userState)
   at GitHub.Services.WebApi.Location.VssServerDataProvider.GetConnectionDataAsync(ConnectOptions connectOptions, Int32 lastChangeId, CancellationToken cancellationToken)
   at GitHub.Services.WebApi.Location.VssServerDataProvider.ConnectAsync(ConnectOptions connectOptions, CancellationToken cancellationToken)
   at GitHub.Runner.Common.RunnerService.EstablishVssConnection(Uri serverUrl, VssCredentials credentials, TimeSpan timeout)
[2025-10-09 03:41:32Z ERR  GitHubActionsService] GET request to https://pipelinesghubeus6.actions.githubusercontent.com/hKyNd5hzQTjPqVOxuFp9CyJ2tMUr8ytJJ9FfsFju3bqhBGI0lq/_apis/connectionData?connectOptions=1&lastChangeId=258625537&lastChangeId64=258625537 failed. HTTP Status: NotFound
[2025-10-09 03:41:32Z INFO GitHubActionsService] Finished operation Location.GetConnectionData
[2025-10-09 03:41:32Z INFO RunnerServer] Catch exception during connect. 2 attempt left.
[2025-10-09 03:41:32Z ERR  RunnerServer] GitHub.Services.WebApi.VssServiceResponseException: The resource cannot be found.
   at GitHub.Services.WebApi.VssHttpClientBase.HandleResponseAsync(HttpResponseMessage response, CancellationToken cancellationToken)
   at GitHub.Services.WebApi.VssHttpClientBase.SendAsync(HttpRequestMessage message, HttpCompletionOption completionOption, Object userState, CancellationToken cancellationToken)
   at GitHub.Services.WebApi.VssHttpClientBase.SendAsync[T](HttpRequestMessage message, Object userState, CancellationToken cancellationToken)
   at GitHub.Services.Location.Client.LocationHttpClient.GetConnectionDataAsync(ConnectOptions connectOptions, Int64 lastChangeId, CancellationToken cancellationToken, Object userState)
   at GitHub.Services.WebApi.Location.VssServerDataProvider.GetConnectionDataAsync(ConnectOptions connectOptions, Int32 lastChangeId, CancellationToken cancellationToken)
   at GitHub.Services.WebApi.Location.VssServerDataProvider.ConnectAsync(ConnectOptions connectOptions, CancellationToken cancellationToken)
   at GitHub.Runner.Common.RunnerService.EstablishVssConnection(Uri serverUrl, VssCredentials credentials, TimeSpan timeout)
[2025-10-09 03:41:32Z INFO GitHubActionsService] Starting operation Location.GetConnectionData
[2025-10-09 03:41:32Z INFO GitHubActionsService] Starting operation Location.GetConnectionData
[2025-10-09 03:41:32Z INFO GitHubActionsService] Starting operation Location.GetConnectionData
[2025-10-09 03:41:33Z ERR  GitHubActionsService] GET request to https://pipelinesghubeus6.actions.githubusercontent.com/hKyNd5hzQTjPqVOxuFp9CyJ2tMUr8ytJJ9FfsFju3bqhBGI0lq/_apis/connectionData?connectOptions=1&lastChangeId=258625537&lastChangeId64=258625537 failed. HTTP Status: NotFound
[2025-10-09 03:41:33Z INFO GitHubActionsService] Finished operation Location.GetConnectionData
[2025-10-09 03:41:33Z INFO RunnerServer] Catch exception during connect. 1 attempt left.
[2025-10-09 03:41:33Z ERR  RunnerServer] GitHub.Services.WebApi.VssServiceResponseException: The resource cannot be found.
   at GitHub.Services.WebApi.VssHttpClientBase.HandleResponseAsync(HttpResponseMessage response, CancellationToken cancellationToken)
   at GitHub.Services.WebApi.VssHttpClientBase.SendAsync(HttpRequestMessage message, HttpCompletionOption completionOption, Object userState, CancellationToken cancellationToken)
   at GitHub.Services.WebApi.VssHttpClientBase.SendAsync[T](HttpRequestMessage message, Object userState, CancellationToken cancellationToken)
   at GitHub.Services.Location.Client.LocationHttpClient.GetConnectionDataAsync(ConnectOptions connectOptions, Int64 lastChangeId, CancellationToken cancellationToken, Object userState)
   at GitHub.Services.WebApi.Location.VssServerDataProvider.GetConnectionDataAsync(ConnectOptions connectOptions, Int32 lastChangeId, CancellationToken cancellationToken)
   at GitHub.Services.WebApi.Location.VssServerDataProvider.ConnectAsync(ConnectOptions connectOptions, CancellationToken cancellationToken)
   at GitHub.Runner.Common.RunnerService.EstablishVssConnection(Uri serverUrl, VssCredentials credentials, TimeSpan timeout)
[2025-10-09 03:41:33Z ERR  GitHubActionsService] GET request to https://pipelinesghubeus6.actions.githubusercontent.com/hKyNd5hzQTjPqVOxuFp9CyJ2tMUr8ytJJ9FfsFju3bqhBGI0lq/_apis/connectionData?connectOptions=1&lastChangeId=258625537&lastChangeId64=258625537 failed. HTTP Status: NotFound
[2025-10-09 03:41:33Z INFO GitHubActionsService] Finished operation Location.GetConnectionData
[2025-10-09 03:41:33Z INFO RunnerServer] Catch exception during connect. 1 attempt left.
[2025-10-09 03:41:33Z ERR  RunnerServer] GitHub.Services.WebApi.VssServiceResponseException: The resource cannot be found.
   at GitHub.Services.WebApi.VssHttpClientBase.HandleResponseAsync(HttpResponseMessage response, CancellationToken cancellationToken)
   at GitHub.Services.WebApi.VssHttpClientBase.SendAsync(HttpRequestMessage message, HttpCompletionOption completionOption, Object userState, CancellationToken cancellationToken)
   at GitHub.Services.WebApi.VssHttpClientBase.SendAsync[T](HttpRequestMessage message, Object userState, CancellationToken cancellationToken)
   at GitHub.Services.Location.Client.LocationHttpClient.GetConnectionDataAsync(ConnectOptions connectOptions, Int64 lastChangeId, CancellationToken cancellationToken, Object userState)
   at GitHub.Services.WebApi.Location.VssServerDataProvider.GetConnectionDataAsync(ConnectOptions connectOptions, Int32 lastChangeId, CancellationToken cancellationToken)
   at GitHub.Services.WebApi.Location.VssServerDataProvider.ConnectAsync(ConnectOptions connectOptions, CancellationToken cancellationToken)
   at GitHub.Runner.Common.RunnerService.EstablishVssConnection(Uri serverUrl, VssCredentials credentials, TimeSpan timeout)
[2025-10-09 03:41:33Z ERR  GitHubActionsService] GET request to https://pipelinesghubeus6.actions.githubusercontent.com/hKyNd5hzQTjPqVOxuFp9CyJ2tMUr8ytJJ9FfsFju3bqhBGI0lq/_apis/connectionData?connectOptions=1&lastChangeId=258625537&lastChangeId64=258625537 failed. HTTP Status: NotFound
[2025-10-09 03:41:33Z INFO GitHubActionsService] Finished operation Location.GetConnectionData
[2025-10-09 03:41:33Z INFO RunnerServer] Catch exception during connect. 1 attempt left.
[2025-10-09 03:41:33Z ERR  RunnerServer] GitHub.Services.WebApi.VssServiceResponseException: The resource cannot be found.
   at GitHub.Services.WebApi.VssHttpClientBase.HandleResponseAsync(HttpResponseMessage response, CancellationToken cancellationToken)
   at GitHub.Services.WebApi.VssHttpClientBase.SendAsync(HttpRequestMessage message, HttpCompletionOption completionOption, Object userState, CancellationToken cancellationToken)
   at GitHub.Services.WebApi.VssHttpClientBase.SendAsync[T](HttpRequestMessage message, Object userState, CancellationToken cancellationToken)
   at GitHub.Services.Location.Client.LocationHttpClient.GetConnectionDataAsync(ConnectOptions connectOptions, Int64 lastChangeId, CancellationToken cancellationToken, Object userState)
   at GitHub.Services.WebApi.Location.VssServerDataProvider.GetConnectionDataAsync(ConnectOptions connectOptions, Int32 lastChangeId, CancellationToken cancellationToken)
   at GitHub.Services.WebApi.Location.VssServerDataProvider.ConnectAsync(ConnectOptions connectOptions, CancellationToken cancellationToken)
   at GitHub.Runner.Common.RunnerService.EstablishVssConnection(Uri serverUrl, VssCredentials credentials, TimeSpan timeout)
[2025-10-09 03:41:33Z INFO GitHubActionsService] Starting operation Location.GetConnectionData
[2025-10-09 03:41:33Z INFO GitHubActionsService] Starting operation Location.GetConnectionData
[2025-10-09 03:41:33Z INFO GitHubActionsService] Starting operation Location.GetConnectionData
[2025-10-09 03:41:34Z ERR  GitHubActionsService] GET request to https://pipelinesghubeus6.actions.githubusercontent.com/hKyNd5hzQTjPqVOxuFp9CyJ2tMUr8ytJJ9FfsFju3bqhBGI0lq/_apis/connectionData?connectOptions=1&lastChangeId=258625537&lastChangeId64=258625537 failed. HTTP Status: NotFound
[2025-10-09 03:41:34Z INFO GitHubActionsService] Finished operation Location.GetConnectionData
[2025-10-09 03:41:34Z ERR  GitHubActionsService] GET request to https://pipelinesghubeus6.actions.githubusercontent.com/hKyNd5hzQTjPqVOxuFp9CyJ2tMUr8ytJJ9FfsFju3bqhBGI0lq/_apis/connectionData?connectOptions=1&lastChangeId=258625537&lastChangeId64=258625537 failed. HTTP Status: NotFound
[2025-10-09 03:41:34Z INFO GitHubActionsService] Finished operation Location.GetConnectionData
[2025-10-09 03:41:34Z ERR  GitHubActionsService] GET request to https://pipelinesghubeus6.actions.githubusercontent.com/hKyNd5hzQTjPqVOxuFp9CyJ2tMUr8ytJJ9FfsFju3bqhBGI0lq/_apis/connectionData?connectOptions=1&lastChangeId=258625537&lastChangeId64=258625537 failed. HTTP Status: NotFound
[2025-10-09 03:41:34Z INFO GitHubActionsService] Finished operation Location.GetConnectionData
[2025-10-09 03:41:34Z ERR  BrokerMessageListener] Catch exception during create session.
[2025-10-09 03:41:34Z ERR  BrokerMessageListener] GitHub.Services.WebApi.VssServiceResponseException: The resource cannot be found.
   at GitHub.Services.WebApi.VssHttpClientBase.HandleResponseAsync(HttpResponseMessage response, CancellationToken cancellationToken)
   at GitHub.Services.WebApi.VssHttpClientBase.SendAsync(HttpRequestMessage message, HttpCompletionOption completionOption, Object userState, CancellationToken cancellationToken)
   at GitHub.Services.WebApi.VssHttpClientBase.SendAsync[T](HttpRequestMessage message, Object userState, CancellationToken cancellationToken)
   at GitHub.Services.Location.Client.LocationHttpClient.GetConnectionDataAsync(ConnectOptions connectOptions, Int64 lastChangeId, CancellationToken cancellationToken, Object userState)
   at GitHub.Services.WebApi.Location.VssServerDataProvider.GetConnectionDataAsync(ConnectOptions connectOptions, Int32 lastChangeId, CancellationToken cancellationToken)
   at GitHub.Services.WebApi.Location.VssServerDataProvider.ConnectAsync(ConnectOptions connectOptions, CancellationToken cancellationToken)
   at GitHub.Runner.Common.RunnerService.EstablishVssConnection(Uri serverUrl, VssCredentials credentials, TimeSpan timeout)
   at GitHub.Runner.Common.RunnerServer.ConnectAsync(Uri serverUrl, VssCredentials credentials)
   at GitHub.Runner.Listener.BrokerMessageListener.CreateSessionAsync(CancellationToken token)
[2025-10-09 03:41:34Z INFO BrokerMessageListener] Retriable exception: The resource cannot be found.
[2025-10-09 03:41:34Z INFO BrokerMessageListener] Sleeping for 30 seconds before retrying.
[2025-10-09 03:42:04Z INFO BrokerMessageListener] Attempt to create session.
[2025-10-09 03:42:04Z INFO BrokerMessageListener] Connecting to the Broker Server...
[2025-10-09 03:42:04Z INFO ConfigurationStore] HasCredentials()
[2025-10-09 03:42:04Z INFO ConfigurationStore] stored True
[2025-10-09 03:42:04Z INFO CredentialManager] GetCredentialProvider
[2025-10-09 03:42:04Z INFO CredentialManager] Creating type OAuth
[2025-10-09 03:42:04Z INFO CredentialManager] Creating credential type: OAuth
[2025-10-09 03:42:04Z INFO RSAEncryptedFileKeyManager] Loading RSA key parameters from file G:\Brunella\actions-runner\.credentials_rsaparams
[2025-10-09 03:42:04Z INFO BrokerMessageListener] VssConnection created
[2025-10-09 03:42:04Z INFO BrokerMessageListener] Connecting to the Runner server...
[2025-10-09 03:42:04Z INFO RunnerServer] EstablishVssConnection
[2025-10-09 03:42:04Z INFO RunnerServer] Establish connection with 100 seconds timeout.
[2025-10-09 03:42:04Z INFO GitHubActionsService] Starting operation Location.GetConnectionData
[2025-10-09 03:42:04Z INFO RunnerServer] EstablishVssConnection
[2025-10-09 03:42:04Z INFO RunnerServer] Establish connection with 60 seconds timeout.
[2025-10-09 03:42:04Z INFO GitHubActionsService] Starting operation Location.GetConnectionData
[2025-10-09 03:42:04Z INFO RunnerServer] EstablishVssConnection
[2025-10-09 03:42:04Z INFO RunnerServer] Establish connection with 60 seconds timeout.
[2025-10-09 03:42:04Z INFO GitHubActionsService] Starting operation Location.GetConnectionData
[2025-10-09 03:42:05Z ERR  GitHubActionsService] GET request to https://pipelinesghubeus6.actions.githubusercontent.com/hKyNd5hzQTjPqVOxuFp9CyJ2tMUr8ytJJ9FfsFju3bqhBGI0lq/_apis/connectionData?connectOptions=1&lastChangeId=258625537&lastChangeId64=258625537 failed. HTTP Status: NotFound
[2025-10-09 03:42:05Z INFO GitHubActionsService] Finished operation Location.GetConnectionData
[2025-10-09 03:42:05Z INFO RunnerServer] Catch exception during connect. 4 attempt left.
[2025-10-09 03:42:05Z ERR  RunnerServer] GitHub.Services.WebApi.VssServiceResponseException: The resource cannot be found.
   at GitHub.Services.WebApi.VssHttpClientBase.HandleResponseAsync(HttpResponseMessage response, CancellationToken cancellationToken)
   at GitHub.Services.WebApi.VssHttpClientBase.SendAsync(HttpRequestMessage message, HttpCompletionOption completionOption, Object userState, CancellationToken cancellationToken)
   at GitHub.Services.WebApi.VssHttpClientBase.SendAsync[T](HttpRequestMessage message, Object userState, CancellationToken cancellationToken)
   at GitHub.Services.Location.Client.LocationHttpClient.GetConnectionDataAsync(ConnectOptions connectOptions, Int64 lastChangeId, CancellationToken cancellationToken, Object userState)
   at GitHub.Services.WebApi.Location.VssServerDataProvider.GetConnectionDataAsync(ConnectOptions connectOptions, Int32 lastChangeId, CancellationToken cancellationToken)
   at GitHub.Services.WebApi.Location.VssServerDataProvider.ConnectAsync(ConnectOptions connectOptions, CancellationToken cancellationToken)
   at GitHub.Runner.Common.RunnerService.EstablishVssConnection(Uri serverUrl, VssCredentials credentials, TimeSpan timeout)
[2025-10-09 03:42:05Z ERR  GitHubActionsService] GET request to https://pipelinesghubeus6.actions.githubusercontent.com/hKyNd5hzQTjPqVOxuFp9CyJ2tMUr8ytJJ9FfsFju3bqhBGI0lq/_apis/connectionData?connectOptions=1&lastChangeId=258625537&lastChangeId64=258625537 failed. HTTP Status: NotFound
[2025-10-09 03:42:05Z INFO GitHubActionsService] Finished operation Location.GetConnectionData
[2025-10-09 03:42:05Z INFO RunnerServer] Catch exception during connect. 4 attempt left.
[2025-10-09 03:42:05Z ERR  RunnerServer] GitHub.Services.WebApi.VssServiceResponseException: The resource cannot be found.
   at GitHub.Services.WebApi.VssHttpClientBase.HandleResponseAsync(HttpResponseMessage response, CancellationToken cancellationToken)
   at GitHub.Services.WebApi.VssHttpClientBase.SendAsync(HttpRequestMessage message, HttpCompletionOption completionOption, Object userState, CancellationToken cancellationToken)
   at GitHub.Services.WebApi.VssHttpClientBase.SendAsync[T](HttpRequestMessage message, Object userState, CancellationToken cancellationToken)
   at GitHub.Services.Location.Client.LocationHttpClient.GetConnectionDataAsync(ConnectOptions connectOptions, Int64 lastChangeId, CancellationToken cancellationToken, Object userState)
   at GitHub.Services.WebApi.Location.VssServerDataProvider.GetConnectionDataAsync(ConnectOptions connectOptions, Int32 lastChangeId, CancellationToken cancellationToken)
   at GitHub.Services.WebApi.Location.VssServerDataProvider.ConnectAsync(ConnectOptions connectOptions, CancellationToken cancellationToken)
   at GitHub.Runner.Common.RunnerService.EstablishVssConnection(Uri serverUrl, VssCredentials credentials, TimeSpan timeout)
[2025-10-09 03:42:05Z ERR  GitHubActionsService] GET request to https://pipelinesghubeus6.actions.githubusercontent.com/hKyNd5hzQTjPqVOxuFp9CyJ2tMUr8ytJJ9FfsFju3bqhBGI0lq/_apis/connectionData?connectOptions=1&lastChangeId=258625537&lastChangeId64=258625537 failed. HTTP Status: NotFound
[2025-10-09 03:42:05Z INFO GitHubActionsService] Finished operation Location.GetConnectionData
[2025-10-09 03:42:05Z INFO RunnerServer] Catch exception during connect. 4 attempt left.
[2025-10-09 03:42:05Z ERR  RunnerServer] GitHub.Services.WebApi.VssServiceResponseException: The resource cannot be found.
   at GitHub.Services.WebApi.VssHttpClientBase.HandleResponseAsync(HttpResponseMessage response, CancellationToken cancellationToken)
   at GitHub.Services.WebApi.VssHttpClientBase.SendAsync(HttpRequestMessage message, HttpCompletionOption completionOption, Object userState, CancellationToken cancellationToken)
   at GitHub.Services.WebApi.VssHttpClientBase.SendAsync[T](HttpRequestMessage message, Object userState, CancellationToken cancellationToken)
   at GitHub.Services.Location.Client.LocationHttpClient.GetConnectionDataAsync(ConnectOptions connectOptions, Int64 lastChangeId, CancellationToken cancellationToken, Object userState)
   at GitHub.Services.WebApi.Location.VssServerDataProvider.GetConnectionDataAsync(ConnectOptions connectOptions, Int32 lastChangeId, CancellationToken cancellationToken)
   at GitHub.Services.WebApi.Location.VssServerDataProvider.ConnectAsync(ConnectOptions connectOptions, CancellationToken cancellationToken)
   at GitHub.Runner.Common.RunnerService.EstablishVssConnection(Uri serverUrl, VssCredentials credentials, TimeSpan timeout)
[2025-10-09 03:42:05Z INFO GitHubActionsService] Starting operation Location.GetConnectionData
[2025-10-09 03:42:05Z INFO GitHubActionsService] Starting operation Location.GetConnectionData
[2025-10-09 03:42:05Z INFO GitHubActionsService] Starting operation Location.GetConnectionData
[2025-10-09 03:42:05Z ERR  GitHubActionsService] GET request to https://pipelinesghubeus6.actions.githubusercontent.com/hKyNd5hzQTjPqVOxuFp9CyJ2tMUr8ytJJ9FfsFju3bqhBGI0lq/_apis/connectionData?connectOptions=1&lastChangeId=258625537&lastChangeId64=258625537 failed. HTTP Status: NotFound
[2025-10-09 03:42:05Z INFO GitHubActionsService] Finished operation Location.GetConnectionData
[2025-10-09 03:42:05Z INFO RunnerServer] Catch exception during connect. 3 attempt left.
[2025-10-09 03:42:05Z ERR  RunnerServer] GitHub.Services.WebApi.VssServiceResponseException: The resource cannot be found.
   at GitHub.Services.WebApi.VssHttpClientBase.HandleResponseAsync(HttpResponseMessage response, CancellationToken cancellationToken)
   at GitHub.Services.WebApi.VssHttpClientBase.SendAsync(HttpRequestMessage message, HttpCompletionOption completionOption, Object userState, CancellationToken cancellationToken)
   at GitHub.Services.WebApi.VssHttpClientBase.SendAsync[T](HttpRequestMessage message, Object userState, CancellationToken cancellationToken)
   at GitHub.Services.Location.Client.LocationHttpClient.GetConnectionDataAsync(ConnectOptions connectOptions, Int64 lastChangeId, CancellationToken cancellationToken, Object userState)
   at GitHub.Services.WebApi.Location.VssServerDataProvider.GetConnectionDataAsync(ConnectOptions connectOptions, Int32 lastChangeId, CancellationToken cancellationToken)
   at GitHub.Services.WebApi.Location.VssServerDataProvider.ConnectAsync(ConnectOptions connectOptions, CancellationToken cancellationToken)
   at GitHub.Runner.Common.RunnerService.EstablishVssConnection(Uri serverUrl, VssCredentials credentials, TimeSpan timeout)
[2025-10-09 03:42:05Z INFO GitHubActionsService] Starting operation Location.GetConnectionData
[2025-10-09 03:42:05Z ERR  GitHubActionsService] GET request to https://pipelinesghubeus6.actions.githubusercontent.com/hKyNd5hzQTjPqVOxuFp9CyJ2tMUr8ytJJ9FfsFju3bqhBGI0lq/_apis/connectionData?connectOptions=1&lastChangeId=258625537&lastChangeId64=258625537 failed. HTTP Status: NotFound
[2025-10-09 03:42:05Z INFO GitHubActionsService] Finished operation Location.GetConnectionData
[2025-10-09 03:42:05Z INFO RunnerServer] Catch exception during connect. 3 attempt left.
[2025-10-09 03:42:05Z ERR  RunnerServer] GitHub.Services.WebApi.VssServiceResponseException: The resource cannot be found.
   at GitHub.Services.WebApi.VssHttpClientBase.HandleResponseAsync(HttpResponseMessage response, CancellationToken cancellationToken)
   at GitHub.Services.WebApi.VssHttpClientBase.SendAsync(HttpRequestMessage message, HttpCompletionOption completionOption, Object userState, CancellationToken cancellationToken)
   at GitHub.Services.WebApi.VssHttpClientBase.SendAsync[T](HttpRequestMessage message, Object userState, CancellationToken cancellationToken)
   at GitHub.Services.Location.Client.LocationHttpClient.GetConnectionDataAsync(ConnectOptions connectOptions, Int64 lastChangeId, CancellationToken cancellationToken, Object userState)
   at GitHub.Services.WebApi.Location.VssServerDataProvider.GetConnectionDataAsync(ConnectOptions connectOptions, Int32 lastChangeId, CancellationToken cancellationToken)
   at GitHub.Services.WebApi.Location.VssServerDataProvider.ConnectAsync(ConnectOptions connectOptions, CancellationToken cancellationToken)
   at GitHub.Runner.Common.RunnerService.EstablishVssConnection(Uri serverUrl, VssCredentials credentials, TimeSpan timeout)
[2025-10-09 03:42:05Z ERR  GitHubActionsService] GET request to https://pipelinesghubeus6.actions.githubusercontent.com/hKyNd5hzQTjPqVOxuFp9CyJ2tMUr8ytJJ9FfsFju3bqhBGI0lq/_apis/connectionData?connectOptions=1&lastChangeId=258625537&lastChangeId64=258625537 failed. HTTP Status: NotFound
[2025-10-09 03:42:05Z INFO GitHubActionsService] Finished operation Location.GetConnectionData
[2025-10-09 03:42:05Z INFO RunnerServer] Catch exception during connect. 3 attempt left.
[2025-10-09 03:42:05Z ERR  RunnerServer] GitHub.Services.WebApi.VssServiceResponseException: The resource cannot be found.
   at GitHub.Services.WebApi.VssHttpClientBase.HandleResponseAsync(HttpResponseMessage response, CancellationToken cancellationToken)
   at GitHub.Services.WebApi.VssHttpClientBase.SendAsync(HttpRequestMessage message, HttpCompletionOption completionOption, Object userState, CancellationToken cancellationToken)
   at GitHub.Services.WebApi.VssHttpClientBase.SendAsync[T](HttpRequestMessage message, Object userState, CancellationToken cancellationToken)
   at GitHub.Services.Location.Client.LocationHttpClient.GetConnectionDataAsync(ConnectOptions connectOptions, Int64 lastChangeId, CancellationToken cancellationToken, Object userState)
   at GitHub.Services.WebApi.Location.VssServerDataProvider.GetConnectionDataAsync(ConnectOptions connectOptions, Int32 lastChangeId, CancellationToken cancellationToken)
   at GitHub.Services.WebApi.Location.VssServerDataProvider.ConnectAsync(ConnectOptions connectOptions, CancellationToken cancellationToken)
   at GitHub.Runner.Common.RunnerService.EstablishVssConnection(Uri serverUrl, VssCredentials credentials, TimeSpan timeout)
[2025-10-09 03:42:05Z INFO GitHubActionsService] Starting operation Location.GetConnectionData
[2025-10-09 03:42:05Z INFO GitHubActionsService] Starting operation Location.GetConnectionData
[2025-10-09 03:42:06Z ERR  GitHubActionsService] GET request to https://pipelinesghubeus6.actions.githubusercontent.com/hKyNd5hzQTjPqVOxuFp9CyJ2tMUr8ytJJ9FfsFju3bqhBGI0lq/_apis/connectionData?connectOptions=1&lastChangeId=258625537&lastChangeId64=258625537 failed. HTTP Status: NotFound
[2025-10-09 03:42:06Z INFO GitHubActionsService] Finished operation Location.GetConnectionData
[2025-10-09 03:42:06Z INFO RunnerServer] Catch exception during connect. 2 attempt left.
[2025-10-09 03:42:06Z ERR  RunnerServer] GitHub.Services.WebApi.VssServiceResponseException: The resource cannot be found.
   at GitHub.Services.WebApi.VssHttpClientBase.HandleResponseAsync(HttpResponseMessage response, CancellationToken cancellationToken)
   at GitHub.Services.WebApi.VssHttpClientBase.SendAsync(HttpRequestMessage message, HttpCompletionOption completionOption, Object userState, CancellationToken cancellationToken)
   at GitHub.Services.WebApi.VssHttpClientBase.SendAsync[T](HttpRequestMessage message, Object userState, CancellationToken cancellationToken)
   at GitHub.Services.Location.Client.LocationHttpClient.GetConnectionDataAsync(ConnectOptions connectOptions, Int64 lastChangeId, CancellationToken cancellationToken, Object userState)
   at GitHub.Services.WebApi.Location.VssServerDataProvider.GetConnectionDataAsync(ConnectOptions connectOptions, Int32 lastChangeId, CancellationToken cancellationToken)
   at GitHub.Services.WebApi.Location.VssServerDataProvider.ConnectAsync(ConnectOptions connectOptions, CancellationToken cancellationToken)
   at GitHub.Runner.Common.RunnerService.EstablishVssConnection(Uri serverUrl, VssCredentials credentials, TimeSpan timeout)
[2025-10-09 03:42:06Z INFO GitHubActionsService] Starting operation Location.GetConnectionData
[2025-10-09 03:42:06Z ERR  GitHubActionsService] GET request to https://pipelinesghubeus6.actions.githubusercontent.com/hKyNd5hzQTjPqVOxuFp9CyJ2tMUr8ytJJ9FfsFju3bqhBGI0lq/_apis/connectionData?connectOptions=1&lastChangeId=258625537&lastChangeId64=258625537 failed. HTTP Status: NotFound
[2025-10-09 03:42:06Z INFO GitHubActionsService] Finished operation Location.GetConnectionData
[2025-10-09 03:42:06Z INFO RunnerServer] Catch exception during connect. 2 attempt left.
[2025-10-09 03:42:06Z ERR  RunnerServer] GitHub.Services.WebApi.VssServiceResponseException: The resource cannot be found.
   at GitHub.Services.WebApi.VssHttpClientBase.HandleResponseAsync(HttpResponseMessage response, CancellationToken cancellationToken)
   at GitHub.Services.WebApi.VssHttpClientBase.SendAsync(HttpRequestMessage message, HttpCompletionOption completionOption, Object userState, CancellationToken cancellationToken)
   at GitHub.Services.WebApi.VssHttpClientBase.SendAsync[T](HttpRequestMessage message, Object userState, CancellationToken cancellationToken)
   at GitHub.Services.Location.Client.LocationHttpClient.GetConnectionDataAsync(ConnectOptions connectOptions, Int64 lastChangeId, CancellationToken cancellationToken, Object userState)
   at GitHub.Services.WebApi.Location.VssServerDataProvider.GetConnectionDataAsync(ConnectOptions connectOptions, Int32 lastChangeId, CancellationToken cancellationToken)
   at GitHub.Services.WebApi.Location.VssServerDataProvider.ConnectAsync(ConnectOptions connectOptions, CancellationToken cancellationToken)
   at GitHub.Runner.Common.RunnerService.EstablishVssConnection(Uri serverUrl, VssCredentials credentials, TimeSpan timeout)
[2025-10-09 03:42:06Z ERR  GitHubActionsService] GET request to https://pipelinesghubeus6.actions.githubusercontent.com/hKyNd5hzQTjPqVOxuFp9CyJ2tMUr8ytJJ9FfsFju3bqhBGI0lq/_apis/connectionData?connectOptions=1&lastChangeId=258625537&lastChangeId64=258625537 failed. HTTP Status: NotFound
[2025-10-09 03:42:06Z INFO GitHubActionsService] Finished operation Location.GetConnectionData
[2025-10-09 03:42:06Z INFO RunnerServer] Catch exception during connect. 2 attempt left.
[2025-10-09 03:42:06Z ERR  RunnerServer] GitHub.Services.WebApi.VssServiceResponseException: The resource cannot be found.
   at GitHub.Services.WebApi.VssHttpClientBase.HandleResponseAsync(HttpResponseMessage response, CancellationToken cancellationToken)
   at GitHub.Services.WebApi.VssHttpClientBase.SendAsync(HttpRequestMessage message, HttpCompletionOption completionOption, Object userState, CancellationToken cancellationToken)
   at GitHub.Services.WebApi.VssHttpClientBase.SendAsync[T](HttpRequestMessage message, Object userState, CancellationToken cancellationToken)
   at GitHub.Services.Location.Client.LocationHttpClient.GetConnectionDataAsync(ConnectOptions connectOptions, Int64 lastChangeId, CancellationToken cancellationToken, Object userState)
   at GitHub.Services.WebApi.Location.VssServerDataProvider.GetConnectionDataAsync(ConnectOptions connectOptions, Int32 lastChangeId, CancellationToken cancellationToken)
   at GitHub.Services.WebApi.Location.VssServerDataProvider.ConnectAsync(ConnectOptions connectOptions, CancellationToken cancellationToken)
   at GitHub.Runner.Common.RunnerService.EstablishVssConnection(Uri serverUrl, VssCredentials credentials, TimeSpan timeout)
[2025-10-09 03:42:06Z INFO GitHubActionsService] Starting operation Location.GetConnectionData
[2025-10-09 03:42:06Z INFO GitHubActionsService] Starting operation Location.GetConnectionData
[2025-10-09 03:42:07Z ERR  GitHubActionsService] GET request to https://pipelinesghubeus6.actions.githubusercontent.com/hKyNd5hzQTjPqVOxuFp9CyJ2tMUr8ytJJ9FfsFju3bqhBGI0lq/_apis/connectionData?connectOptions=1&lastChangeId=258625537&lastChangeId64=258625537 failed. HTTP Status: NotFound
[2025-10-09 03:42:07Z INFO GitHubActionsService] Finished operation Location.GetConnectionData
[2025-10-09 03:42:07Z INFO RunnerServer] Catch exception during connect. 1 attempt left.
[2025-10-09 03:42:07Z ERR  RunnerServer] GitHub.Services.WebApi.VssServiceResponseException: The resource cannot be found.
   at GitHub.Services.WebApi.VssHttpClientBase.HandleResponseAsync(HttpResponseMessage response, CancellationToken cancellationToken)
   at GitHub.Services.WebApi.VssHttpClientBase.SendAsync(HttpRequestMessage message, HttpCompletionOption completionOption, Object userState, CancellationToken cancellationToken)
   at GitHub.Services.WebApi.VssHttpClientBase.SendAsync[T](HttpRequestMessage message, Object userState, CancellationToken cancellationToken)
   at GitHub.Services.Location.Client.LocationHttpClient.GetConnectionDataAsync(ConnectOptions connectOptions, Int64 lastChangeId, CancellationToken cancellationToken, Object userState)
   at GitHub.Services.WebApi.Location.VssServerDataProvider.GetConnectionDataAsync(ConnectOptions connectOptions, Int32 lastChangeId, CancellationToken cancellationToken)
   at GitHub.Services.WebApi.Location.VssServerDataProvider.ConnectAsync(ConnectOptions connectOptions, CancellationToken cancellationToken)
   at GitHub.Runner.Common.RunnerService.EstablishVssConnection(Uri serverUrl, VssCredentials credentials, TimeSpan timeout)
[2025-10-09 03:42:07Z INFO GitHubActionsService] Starting operation Location.GetConnectionData
[2025-10-09 03:42:07Z ERR  GitHubActionsService] GET request to https://pipelinesghubeus6.actions.githubusercontent.com/hKyNd5hzQTjPqVOxuFp9CyJ2tMUr8ytJJ9FfsFju3bqhBGI0lq/_apis/connectionData?connectOptions=1&lastChangeId=258625537&lastChangeId64=258625537 failed. HTTP Status: NotFound
[2025-10-09 03:42:07Z INFO GitHubActionsService] Finished operation Location.GetConnectionData
[2025-10-09 03:42:07Z INFO RunnerServer] Catch exception during connect. 1 attempt left.
[2025-10-09 03:42:07Z ERR  RunnerServer] GitHub.Services.WebApi.VssServiceResponseException: The resource cannot be found.
   at GitHub.Services.WebApi.VssHttpClientBase.HandleResponseAsync(HttpResponseMessage response, CancellationToken cancellationToken)
   at GitHub.Services.WebApi.VssHttpClientBase.SendAsync(HttpRequestMessage message, HttpCompletionOption completionOption, Object userState, CancellationToken cancellationToken)
   at GitHub.Services.WebApi.VssHttpClientBase.SendAsync[T](HttpRequestMessage message, Object userState, CancellationToken cancellationToken)
   at GitHub.Services.Location.Client.LocationHttpClient.GetConnectionDataAsync(ConnectOptions connectOptions, Int64 lastChangeId, CancellationToken cancellationToken, Object userState)
   at GitHub.Services.WebApi.Location.VssServerDataProvider.GetConnectionDataAsync(ConnectOptions connectOptions, Int32 lastChangeId, CancellationToken cancellationToken)
   at GitHub.Services.WebApi.Location.VssServerDataProvider.ConnectAsync(ConnectOptions connectOptions, CancellationToken cancellationToken)
   at GitHub.Runner.Common.RunnerService.EstablishVssConnection(Uri serverUrl, VssCredentials credentials, TimeSpan timeout)
[2025-10-09 03:42:07Z ERR  GitHubActionsService] GET request to https://pipelinesghubeus6.actions.githubusercontent.com/hKyNd5hzQTjPqVOxuFp9CyJ2tMUr8ytJJ9FfsFju3bqhBGI0lq/_apis/connectionData?connectOptions=1&lastChangeId=258625537&lastChangeId64=258625537 failed. HTTP Status: NotFound
[2025-10-09 03:42:07Z INFO GitHubActionsService] Finished operation Location.GetConnectionData
[2025-10-09 03:42:07Z INFO RunnerServer] Catch exception during connect. 1 attempt left.
[2025-10-09 03:42:07Z ERR  RunnerServer] GitHub.Services.WebApi.VssServiceResponseException: The resource cannot be found.
   at GitHub.Services.WebApi.VssHttpClientBase.HandleResponseAsync(HttpResponseMessage response, CancellationToken cancellationToken)
   at GitHub.Services.WebApi.VssHttpClientBase.SendAsync(HttpRequestMessage message, HttpCompletionOption completionOption, Object userState, CancellationToken cancellationToken)
   at GitHub.Services.WebApi.VssHttpClientBase.SendAsync[T](HttpRequestMessage message, Object userState, CancellationToken cancellationToken)
   at GitHub.Services.Location.Client.LocationHttpClient.GetConnectionDataAsync(ConnectOptions connectOptions, Int64 lastChangeId, CancellationToken cancellationToken, Object userState)
   at GitHub.Services.WebApi.Location.VssServerDataProvider.GetConnectionDataAsync(ConnectOptions connectOptions, Int32 lastChangeId, CancellationToken cancellationToken)
   at GitHub.Services.WebApi.Location.VssServerDataProvider.ConnectAsync(ConnectOptions connectOptions, CancellationToken cancellationToken)
   at GitHub.Runner.Common.RunnerService.EstablishVssConnection(Uri serverUrl, VssCredentials credentials, TimeSpan timeout)
[2025-10-09 03:42:07Z INFO GitHubActionsService] Starting operation Location.GetConnectionData
[2025-10-09 03:42:07Z INFO GitHubActionsService] Starting operation Location.GetConnectionData
[2025-10-09 03:42:07Z ERR  GitHubActionsService] GET request to https://pipelinesghubeus6.actions.githubusercontent.com/hKyNd5hzQTjPqVOxuFp9CyJ2tMUr8ytJJ9FfsFju3bqhBGI0lq/_apis/connectionData?connectOptions=1&lastChangeId=258625537&lastChangeId64=258625537 failed. HTTP Status: NotFound
[2025-10-09 03:42:07Z INFO GitHubActionsService] Finished operation Location.GetConnectionData
[2025-10-09 03:42:08Z ERR  GitHubActionsService] GET request to https://pipelinesghubeus6.actions.githubusercontent.com/hKyNd5hzQTjPqVOxuFp9CyJ2tMUr8ytJJ9FfsFju3bqhBGI0lq/_apis/connectionData?connectOptions=1&lastChangeId=258625537&lastChangeId64=258625537 failed. HTTP Status: NotFound
[2025-10-09 03:42:08Z INFO GitHubActionsService] Finished operation Location.GetConnectionData
[2025-10-09 03:42:08Z ERR  GitHubActionsService] GET request to https://pipelinesghubeus6.actions.githubusercontent.com/hKyNd5hzQTjPqVOxuFp9CyJ2tMUr8ytJJ9FfsFju3bqhBGI0lq/_apis/connectionData?connectOptions=1&lastChangeId=258625537&lastChangeId64=258625537 failed. HTTP Status: NotFound
[2025-10-09 03:42:08Z INFO GitHubActionsService] Finished operation Location.GetConnectionData
[2025-10-09 03:42:08Z ERR  BrokerMessageListener] Catch exception during create session.
[2025-10-09 03:42:08Z ERR  BrokerMessageListener] GitHub.Services.WebApi.VssServiceResponseException: The resource cannot be found.
   at GitHub.Services.WebApi.VssHttpClientBase.HandleResponseAsync(HttpResponseMessage response, CancellationToken cancellationToken)
   at GitHub.Services.WebApi.VssHttpClientBase.SendAsync(HttpRequestMessage message, HttpCompletionOption completionOption, Object userState, CancellationToken cancellationToken)
   at GitHub.Services.WebApi.VssHttpClientBase.SendAsync[T](HttpRequestMessage message, Object userState, CancellationToken cancellationToken)
   at GitHub.Services.Location.Client.LocationHttpClient.GetConnectionDataAsync(ConnectOptions connectOptions, Int64 lastChangeId, CancellationToken cancellationToken, Object userState)
   at GitHub.Services.WebApi.Location.VssServerDataProvider.GetConnectionDataAsync(ConnectOptions connectOptions, Int32 lastChangeId, CancellationToken cancellationToken)
   at GitHub.Services.WebApi.Location.VssServerDataProvider.ConnectAsync(ConnectOptions connectOptions, CancellationToken cancellationToken)
   at GitHub.Runner.Common.RunnerService.EstablishVssConnection(Uri serverUrl, VssCredentials credentials, TimeSpan timeout)
   at GitHub.Runner.Common.RunnerServer.ConnectAsync(Uri serverUrl, VssCredentials credentials)
   at GitHub.Runner.Listener.BrokerMessageListener.CreateSessionAsync(CancellationToken token)
[2025-10-09 03:42:08Z INFO BrokerMessageListener] Retriable exception: The resource cannot be found.
[2025-10-09 03:42:08Z INFO BrokerMessageListener] Sleeping for 30 seconds before retrying.
[2025-10-09 03:42:38Z INFO BrokerMessageListener] Attempt to create session.
[2025-10-09 03:42:38Z INFO BrokerMessageListener] Connecting to the Broker Server...
[2025-10-09 03:42:38Z INFO ConfigurationStore] HasCredentials()
[2025-10-09 03:42:38Z INFO ConfigurationStore] stored True
[2025-10-09 03:42:38Z INFO CredentialManager] GetCredentialProvider
[2025-10-09 03:42:38Z INFO CredentialManager] Creating type OAuth
[2025-10-09 03:42:38Z INFO CredentialManager] Creating credential type: OAuth
[2025-10-09 03:42:38Z INFO RSAEncryptedFileKeyManager] Loading RSA key parameters from file G:\Brunella\actions-runner\.credentials_rsaparams
[2025-10-09 03:42:38Z INFO BrokerMessageListener] VssConnection created
[2025-10-09 03:42:38Z INFO BrokerMessageListener] Connecting to the Runner server...
[2025-10-09 03:42:38Z INFO RunnerServer] EstablishVssConnection
[2025-10-09 03:42:38Z INFO RunnerServer] Establish connection with 100 seconds timeout.
[2025-10-09 03:42:38Z INFO GitHubActionsService] Starting operation Location.GetConnectionData
[2025-10-09 03:42:38Z INFO RunnerServer] EstablishVssConnection
[2025-10-09 03:42:38Z INFO RunnerServer] Establish connection with 60 seconds timeout.
[2025-10-09 03:42:38Z INFO GitHubActionsService] Starting operation Location.GetConnectionData
[2025-10-09 03:42:38Z INFO RunnerServer] EstablishVssConnection
[2025-10-09 03:42:38Z INFO RunnerServer] Establish connection with 60 seconds timeout.
[2025-10-09 03:42:38Z INFO GitHubActionsService] Starting operation Location.GetConnectionData
[2025-10-09 03:42:38Z ERR  GitHubActionsService] GET request to https://pipelinesghubeus6.actions.githubusercontent.com/hKyNd5hzQTjPqVOxuFp9CyJ2tMUr8ytJJ9FfsFju3bqhBGI0lq/_apis/connectionData?connectOptions=1&lastChangeId=258625537&lastChangeId64=258625537 failed. HTTP Status: NotFound
[2025-10-09 03:42:38Z INFO GitHubActionsService] Finished operation Location.GetConnectionData
[2025-10-09 03:42:38Z INFO RunnerServer] Catch exception during connect. 4 attempt left.
[2025-10-09 03:42:38Z ERR  RunnerServer] GitHub.Services.WebApi.VssServiceResponseException: The resource cannot be found.
   at GitHub.Services.WebApi.VssHttpClientBase.HandleResponseAsync(HttpResponseMessage response, CancellationToken cancellationToken)
   at GitHub.Services.WebApi.VssHttpClientBase.SendAsync(HttpRequestMessage message, HttpCompletionOption completionOption, Object userState, CancellationToken cancellationToken)
   at GitHub.Services.WebApi.VssHttpClientBase.SendAsync[T](HttpRequestMessage message, Object userState, CancellationToken cancellationToken)
   at GitHub.Services.Location.Client.LocationHttpClient.GetConnectionDataAsync(ConnectOptions connectOptions, Int64 lastChangeId, CancellationToken cancellationToken, Object userState)
   at GitHub.Services.WebApi.Location.VssServerDataProvider.GetConnectionDataAsync(ConnectOptions connectOptions, Int32 lastChangeId, CancellationToken cancellationToken)
   at GitHub.Services.WebApi.Location.VssServerDataProvider.ConnectAsync(ConnectOptions connectOptions, CancellationToken cancellationToken)
   at GitHub.Runner.Common.RunnerService.EstablishVssConnection(Uri serverUrl, VssCredentials credentials, TimeSpan timeout)
[2025-10-09 03:42:38Z ERR  GitHubActionsService] GET request to https://pipelinesghubeus6.actions.githubusercontent.com/hKyNd5hzQTjPqVOxuFp9CyJ2tMUr8ytJJ9FfsFju3bqhBGI0lq/_apis/connectionData?connectOptions=1&lastChangeId=258625537&lastChangeId64=258625537 failed. HTTP Status: NotFound
[2025-10-09 03:42:38Z INFO GitHubActionsService] Finished operation Location.GetConnectionData
[2025-10-09 03:42:38Z INFO RunnerServer] Catch exception during connect. 4 attempt left.
[2025-10-09 03:42:38Z ERR  RunnerServer] GitHub.Services.WebApi.VssServiceResponseException: The resource cannot be found.
   at GitHub.Services.WebApi.VssHttpClientBase.HandleResponseAsync(HttpResponseMessage response, CancellationToken cancellationToken)
   at GitHub.Services.WebApi.VssHttpClientBase.SendAsync(HttpRequestMessage message, HttpCompletionOption completionOption, Object userState, CancellationToken cancellationToken)
   at GitHub.Services.WebApi.VssHttpClientBase.SendAsync[T](HttpRequestMessage message, Object userState, CancellationToken cancellationToken)
   at GitHub.Services.Location.Client.LocationHttpClient.GetConnectionDataAsync(ConnectOptions connectOptions, Int64 lastChangeId, CancellationToken cancellationToken, Object userState)
   at GitHub.Services.WebApi.Location.VssServerDataProvider.GetConnectionDataAsync(ConnectOptions connectOptions, Int32 lastChangeId, CancellationToken cancellationToken)
   at GitHub.Services.WebApi.Location.VssServerDataProvider.ConnectAsync(ConnectOptions connectOptions, CancellationToken cancellationToken)
   at GitHub.Runner.Common.RunnerService.EstablishVssConnection(Uri serverUrl, VssCredentials credentials, TimeSpan timeout)
[2025-10-09 03:42:38Z ERR  GitHubActionsService] GET request to https://pipelinesghubeus6.actions.githubusercontent.com/hKyNd5hzQTjPqVOxuFp9CyJ2tMUr8ytJJ9FfsFju3bqhBGI0lq/_apis/connectionData?connectOptions=1&lastChangeId=258625537&lastChangeId64=258625537 failed. HTTP Status: NotFound
[2025-10-09 03:42:38Z INFO GitHubActionsService] Finished operation Location.GetConnectionData
[2025-10-09 03:42:38Z INFO RunnerServer] Catch exception during connect. 4 attempt left.
[2025-10-09 03:42:38Z ERR  RunnerServer] GitHub.Services.WebApi.VssServiceResponseException: The resource cannot be found.
   at GitHub.Services.WebApi.VssHttpClientBase.HandleResponseAsync(HttpResponseMessage response, CancellationToken cancellationToken)
   at GitHub.Services.WebApi.VssHttpClientBase.SendAsync(HttpRequestMessage message, HttpCompletionOption completionOption, Object userState, CancellationToken cancellationToken)
   at GitHub.Services.WebApi.VssHttpClientBase.SendAsync[T](HttpRequestMessage message, Object userState, CancellationToken cancellationToken)
   at GitHub.Services.Location.Client.LocationHttpClient.GetConnectionDataAsync(ConnectOptions connectOptions, Int64 lastChangeId, CancellationToken cancellationToken, Object userState)
   at GitHub.Services.WebApi.Location.VssServerDataProvider.GetConnectionDataAsync(ConnectOptions connectOptions, Int32 lastChangeId, CancellationToken cancellationToken)
   at GitHub.Services.WebApi.Location.VssServerDataProvider.ConnectAsync(ConnectOptions connectOptions, CancellationToken cancellationToken)
   at GitHub.Runner.Common.RunnerService.EstablishVssConnection(Uri serverUrl, VssCredentials credentials, TimeSpan timeout)
[2025-10-09 03:42:38Z INFO GitHubActionsService] Starting operation Location.GetConnectionData
[2025-10-09 03:42:38Z INFO GitHubActionsService] Starting operation Location.GetConnectionData
[2025-10-09 03:42:38Z INFO GitHubActionsService] Starting operation Location.GetConnectionData
[2025-10-09 03:42:39Z ERR  GitHubActionsService] GET request to https://pipelinesghubeus6.actions.githubusercontent.com/hKyNd5hzQTjPqVOxuFp9CyJ2tMUr8ytJJ9FfsFju3bqhBGI0lq/_apis/connectionData?connectOptions=1&lastChangeId=258625537&lastChangeId64=258625537 failed. HTTP Status: NotFound
[2025-10-09 03:42:39Z INFO GitHubActionsService] Finished operation Location.GetConnectionData
[2025-10-09 03:42:39Z INFO RunnerServer] Catch exception during connect. 3 attempt left.
[2025-10-09 03:42:39Z ERR  RunnerServer] GitHub.Services.WebApi.VssServiceResponseException: The resource cannot be found.
   at GitHub.Services.WebApi.VssHttpClientBase.HandleResponseAsync(HttpResponseMessage response, CancellationToken cancellationToken)
   at GitHub.Services.WebApi.VssHttpClientBase.SendAsync(HttpRequestMessage message, HttpCompletionOption completionOption, Object userState, CancellationToken cancellationToken)
   at GitHub.Services.WebApi.VssHttpClientBase.SendAsync[T](HttpRequestMessage message, Object userState, CancellationToken cancellationToken)
   at GitHub.Services.Location.Client.LocationHttpClient.GetConnectionDataAsync(ConnectOptions connectOptions, Int64 lastChangeId, CancellationToken cancellationToken, Object userState)
   at GitHub.Services.WebApi.Location.VssServerDataProvider.GetConnectionDataAsync(ConnectOptions connectOptions, Int32 lastChangeId, CancellationToken cancellationToken)
   at GitHub.Services.WebApi.Location.VssServerDataProvider.ConnectAsync(ConnectOptions connectOptions, CancellationToken cancellationToken)
   at GitHub.Runner.Common.RunnerService.EstablishVssConnection(Uri serverUrl, VssCredentials credentials, TimeSpan timeout)
[2025-10-09 03:42:39Z INFO GitHubActionsService] Starting operation Location.GetConnectionData
[2025-10-09 03:42:39Z ERR  GitHubActionsService] GET request to https://pipelinesghubeus6.actions.githubusercontent.com/hKyNd5hzQTjPqVOxuFp9CyJ2tMUr8ytJJ9FfsFju3bqhBGI0lq/_apis/connectionData?connectOptions=1&lastChangeId=258625537&lastChangeId64=258625537 failed. HTTP Status: NotFound
[2025-10-09 03:42:39Z INFO GitHubActionsService] Finished operation Location.GetConnectionData
[2025-10-09 03:42:39Z INFO RunnerServer] Catch exception during connect. 3 attempt left.
[2025-10-09 03:42:39Z ERR  RunnerServer] GitHub.Services.WebApi.VssServiceResponseException: The resource cannot be found.
   at GitHub.Services.WebApi.VssHttpClientBase.HandleResponseAsync(HttpResponseMessage response, CancellationToken cancellationToken)
   at GitHub.Services.WebApi.VssHttpClientBase.SendAsync(HttpRequestMessage message, HttpCompletionOption completionOption, Object userState, CancellationToken cancellationToken)
   at GitHub.Services.WebApi.VssHttpClientBase.SendAsync[T](HttpRequestMessage message, Object userState, CancellationToken cancellationToken)
   at GitHub.Services.Location.Client.LocationHttpClient.GetConnectionDataAsync(ConnectOptions connectOptions, Int64 lastChangeId, CancellationToken cancellationToken, Object userState)
   at GitHub.Services.WebApi.Location.VssServerDataProvider.GetConnectionDataAsync(ConnectOptions connectOptions, Int32 lastChangeId, CancellationToken cancellationToken)
   at GitHub.Services.WebApi.Location.VssServerDataProvider.ConnectAsync(ConnectOptions connectOptions, CancellationToken cancellationToken)
   at GitHub.Runner.Common.RunnerService.EstablishVssConnection(Uri serverUrl, VssCredentials credentials, TimeSpan timeout)
[2025-10-09 03:42:39Z ERR  GitHubActionsService] GET request to https://pipelinesghubeus6.actions.githubusercontent.com/hKyNd5hzQTjPqVOxuFp9CyJ2tMUr8ytJJ9FfsFju3bqhBGI0lq/_apis/connectionData?connectOptions=1&lastChangeId=258625537&lastChangeId64=258625537 failed. HTTP Status: NotFound
[2025-10-09 03:42:39Z INFO GitHubActionsService] Finished operation Location.GetConnectionData
[2025-10-09 03:42:39Z INFO RunnerServer] Catch exception during connect. 3 attempt left.
[2025-10-09 03:42:39Z ERR  RunnerServer] GitHub.Services.WebApi.VssServiceResponseException: The resource cannot be found.
   at GitHub.Services.WebApi.VssHttpClientBase.HandleResponseAsync(HttpResponseMessage response, CancellationToken cancellationToken)
   at GitHub.Services.WebApi.VssHttpClientBase.SendAsync(HttpRequestMessage message, HttpCompletionOption completionOption, Object userState, CancellationToken cancellationToken)
   at GitHub.Services.WebApi.VssHttpClientBase.SendAsync[T](HttpRequestMessage message, Object userState, CancellationToken cancellationToken)
   at GitHub.Services.Location.Client.LocationHttpClient.GetConnectionDataAsync(ConnectOptions connectOptions, Int64 lastChangeId, CancellationToken cancellationToken, Object userState)
   at GitHub.Services.WebApi.Location.VssServerDataProvider.GetConnectionDataAsync(ConnectOptions connectOptions, Int32 lastChangeId, CancellationToken cancellationToken)
   at GitHub.Services.WebApi.Location.VssServerDataProvider.ConnectAsync(ConnectOptions connectOptions, CancellationToken cancellationToken)
   at GitHub.Runner.Common.RunnerService.EstablishVssConnection(Uri serverUrl, VssCredentials credentials, TimeSpan timeout)
[2025-10-09 03:42:39Z INFO GitHubActionsService] Starting operation Location.GetConnectionData
[2025-10-09 03:42:39Z INFO GitHubActionsService] Starting operation Location.GetConnectionData
[2025-10-09 03:42:40Z ERR  GitHubActionsService] GET request to https://pipelinesghubeus6.actions.githubusercontent.com/hKyNd5hzQTjPqVOxuFp9CyJ2tMUr8ytJJ9FfsFju3bqhBGI0lq/_apis/connectionData?connectOptions=1&lastChangeId=258625537&lastChangeId64=258625537 failed. HTTP Status: NotFound
[2025-10-09 03:42:40Z INFO GitHubActionsService] Finished operation Location.GetConnectionData
[2025-10-09 03:42:40Z INFO RunnerServer] Catch exception during connect. 2 attempt left.
[2025-10-09 03:42:40Z ERR  RunnerServer] GitHub.Services.WebApi.VssServiceResponseException: The resource cannot be found.
   at GitHub.Services.WebApi.VssHttpClientBase.HandleResponseAsync(HttpResponseMessage response, CancellationToken cancellationToken)
   at GitHub.Services.WebApi.VssHttpClientBase.SendAsync(HttpRequestMessage message, HttpCompletionOption completionOption, Object userState, CancellationToken cancellationToken)
   at GitHub.Services.WebApi.VssHttpClientBase.SendAsync[T](HttpRequestMessage message, Object userState, CancellationToken cancellationToken)
   at GitHub.Services.Location.Client.LocationHttpClient.GetConnectionDataAsync(ConnectOptions connectOptions, Int64 lastChangeId, CancellationToken cancellationToken, Object userState)
   at GitHub.Services.WebApi.Location.VssServerDataProvider.GetConnectionDataAsync(ConnectOptions connectOptions, Int32 lastChangeId, CancellationToken cancellationToken)
   at GitHub.Services.WebApi.Location.VssServerDataProvider.ConnectAsync(ConnectOptions connectOptions, CancellationToken cancellationToken)
   at GitHub.Runner.Common.RunnerService.EstablishVssConnection(Uri serverUrl, VssCredentials credentials, TimeSpan timeout)
[2025-10-09 03:42:40Z INFO GitHubActionsService] Starting operation Location.GetConnectionData
[2025-10-09 03:42:40Z ERR  GitHubActionsService] GET request to https://pipelinesghubeus6.actions.githubusercontent.com/hKyNd5hzQTjPqVOxuFp9CyJ2tMUr8ytJJ9FfsFju3bqhBGI0lq/_apis/connectionData?connectOptions=1&lastChangeId=258625537&lastChangeId64=258625537 failed. HTTP Status: NotFound
[2025-10-09 03:42:40Z INFO GitHubActionsService] Finished operation Location.GetConnectionData
[2025-10-09 03:42:40Z INFO RunnerServer] Catch exception during connect. 2 attempt left.
[2025-10-09 03:42:40Z ERR  RunnerServer] GitHub.Services.WebApi.VssServiceResponseException: The resource cannot be found.
   at GitHub.Services.WebApi.VssHttpClientBase.HandleResponseAsync(HttpResponseMessage response, CancellationToken cancellationToken)
   at GitHub.Services.WebApi.VssHttpClientBase.SendAsync(HttpRequestMessage message, HttpCompletionOption completionOption, Object userState, CancellationToken cancellationToken)
   at GitHub.Services.WebApi.VssHttpClientBase.SendAsync[T](HttpRequestMessage message, Object userState, CancellationToken cancellationToken)
   at GitHub.Services.Location.Client.LocationHttpClient.GetConnectionDataAsync(ConnectOptions connectOptions, Int64 lastChangeId, CancellationToken cancellationToken, Object userState)
   at GitHub.Services.WebApi.Location.VssServerDataProvider.GetConnectionDataAsync(ConnectOptions connectOptions, Int32 lastChangeId, CancellationToken cancellationToken)
   at GitHub.Services.WebApi.Location.VssServerDataProvider.ConnectAsync(ConnectOptions connectOptions, CancellationToken cancellationToken)
   at GitHub.Runner.Common.RunnerService.EstablishVssConnection(Uri serverUrl, VssCredentials credentials, TimeSpan timeout)
[2025-10-09 03:42:40Z ERR  GitHubActionsService] GET request to https://pipelinesghubeus6.actions.githubusercontent.com/hKyNd5hzQTjPqVOxuFp9CyJ2tMUr8ytJJ9FfsFju3bqhBGI0lq/_apis/connectionData?connectOptions=1&lastChangeId=258625537&lastChangeId64=258625537 failed. HTTP Status: NotFound
[2025-10-09 03:42:40Z INFO GitHubActionsService] Finished operation Location.GetConnectionData
[2025-10-09 03:42:40Z INFO RunnerServer] Catch exception during connect. 2 attempt left.
[2025-10-09 03:42:40Z ERR  RunnerServer] GitHub.Services.WebApi.VssServiceResponseException: The resource cannot be found.
   at GitHub.Services.WebApi.VssHttpClientBase.HandleResponseAsync(HttpResponseMessage response, CancellationToken cancellationToken)
   at GitHub.Services.WebApi.VssHttpClientBase.SendAsync(HttpRequestMessage message, HttpCompletionOption completionOption, Object userState, CancellationToken cancellationToken)
   at GitHub.Services.WebApi.VssHttpClientBase.SendAsync[T](HttpRequestMessage message, Object userState, CancellationToken cancellationToken)
   at GitHub.Services.Location.Client.LocationHttpClient.GetConnectionDataAsync(ConnectOptions connectOptions, Int64 lastChangeId, CancellationToken cancellationToken, Object userState)
   at GitHub.Services.WebApi.Location.VssServerDataProvider.GetConnectionDataAsync(ConnectOptions connectOptions, Int32 lastChangeId, CancellationToken cancellationToken)
   at GitHub.Services.WebApi.Location.VssServerDataProvider.ConnectAsync(ConnectOptions connectOptions, CancellationToken cancellationToken)
   at GitHub.Runner.Common.RunnerService.EstablishVssConnection(Uri serverUrl, VssCredentials credentials, TimeSpan timeout)
[2025-10-09 03:42:40Z INFO GitHubActionsService] Starting operation Location.GetConnectionData
[2025-10-09 03:42:40Z INFO GitHubActionsService] Starting operation Location.GetConnectionData
[2025-10-09 03:42:40Z ERR  GitHubActionsService] GET request to https://pipelinesghubeus6.actions.githubusercontent.com/hKyNd5hzQTjPqVOxuFp9CyJ2tMUr8ytJJ9FfsFju3bqhBGI0lq/_apis/connectionData?connectOptions=1&lastChangeId=258625537&lastChangeId64=258625537 failed. HTTP Status: NotFound
[2025-10-09 03:42:40Z INFO GitHubActionsService] Finished operation Location.GetConnectionData
[2025-10-09 03:42:40Z INFO RunnerServer] Catch exception during connect. 1 attempt left.
[2025-10-09 03:42:40Z ERR  RunnerServer] GitHub.Services.WebApi.VssServiceResponseException: The resource cannot be found.
   at GitHub.Services.WebApi.VssHttpClientBase.HandleResponseAsync(HttpResponseMessage response, CancellationToken cancellationToken)
   at GitHub.Services.WebApi.VssHttpClientBase.SendAsync(HttpRequestMessage message, HttpCompletionOption completionOption, Object userState, CancellationToken cancellationToken)
   at GitHub.Services.WebApi.VssHttpClientBase.SendAsync[T](HttpRequestMessage message, Object userState, CancellationToken cancellationToken)
   at GitHub.Services.Location.Client.LocationHttpClient.GetConnectionDataAsync(ConnectOptions connectOptions, Int64 lastChangeId, CancellationToken cancellationToken, Object userState)
   at GitHub.Services.WebApi.Location.VssServerDataProvider.GetConnectionDataAsync(ConnectOptions connectOptions, Int32 lastChangeId, CancellationToken cancellationToken)
   at GitHub.Services.WebApi.Location.VssServerDataProvider.ConnectAsync(ConnectOptions connectOptions, CancellationToken cancellationToken)
   at GitHub.Runner.Common.RunnerService.EstablishVssConnection(Uri serverUrl, VssCredentials credentials, TimeSpan timeout)
[2025-10-09 03:42:40Z INFO GitHubActionsService] Starting operation Location.GetConnectionData
[2025-10-09 03:42:40Z ERR  GitHubActionsService] GET request to https://pipelinesghubeus6.actions.githubusercontent.com/hKyNd5hzQTjPqVOxuFp9CyJ2tMUr8ytJJ9FfsFju3bqhBGI0lq/_apis/connectionData?connectOptions=1&lastChangeId=258625537&lastChangeId64=258625537 failed. HTTP Status: NotFound
[2025-10-09 03:42:40Z INFO GitHubActionsService] Finished operation Location.GetConnectionData
[2025-10-09 03:42:40Z INFO RunnerServer] Catch exception during connect. 1 attempt left.
[2025-10-09 03:42:40Z ERR  RunnerServer] GitHub.Services.WebApi.VssServiceResponseException: The resource cannot be found.
   at GitHub.Services.WebApi.VssHttpClientBase.HandleResponseAsync(HttpResponseMessage response, CancellationToken cancellationToken)
   at GitHub.Services.WebApi.VssHttpClientBase.SendAsync(HttpRequestMessage message, HttpCompletionOption completionOption, Object userState, CancellationToken cancellationToken)
   at GitHub.Services.WebApi.VssHttpClientBase.SendAsync[T](HttpRequestMessage message, Object userState, CancellationToken cancellationToken)
   at GitHub.Services.Location.Client.LocationHttpClient.GetConnectionDataAsync(ConnectOptions connectOptions, Int64 lastChangeId, CancellationToken cancellationToken, Object userState)
   at GitHub.Services.WebApi.Location.VssServerDataProvider.GetConnectionDataAsync(ConnectOptions connectOptions, Int32 lastChangeId, CancellationToken cancellationToken)
   at GitHub.Services.WebApi.Location.VssServerDataProvider.ConnectAsync(ConnectOptions connectOptions, CancellationToken cancellationToken)
   at GitHub.Runner.Common.RunnerService.EstablishVssConnection(Uri serverUrl, VssCredentials credentials, TimeSpan timeout)
[2025-10-09 03:42:41Z INFO GitHubActionsService] Starting operation Location.GetConnectionData
[2025-10-09 03:42:41Z ERR  GitHubActionsService] GET request to https://pipelinesghubeus6.actions.githubusercontent.com/hKyNd5hzQTjPqVOxuFp9CyJ2tMUr8ytJJ9FfsFju3bqhBGI0lq/_apis/connectionData?connectOptions=1&lastChangeId=258625537&lastChangeId64=258625537 failed. HTTP Status: NotFound
[2025-10-09 03:42:41Z INFO GitHubActionsService] Finished operation Location.GetConnectionData
[2025-10-09 03:42:41Z INFO RunnerServer] Catch exception during connect. 1 attempt left.
[2025-10-09 03:42:41Z ERR  RunnerServer] GitHub.Services.WebApi.VssServiceResponseException: The resource cannot be found.
   at GitHub.Services.WebApi.VssHttpClientBase.HandleResponseAsync(HttpResponseMessage response, CancellationToken cancellationToken)
   at GitHub.Services.WebApi.VssHttpClientBase.SendAsync(HttpRequestMessage message, HttpCompletionOption completionOption, Object userState, CancellationToken cancellationToken)
   at GitHub.Services.WebApi.VssHttpClientBase.SendAsync[T](HttpRequestMessage message, Object userState, CancellationToken cancellationToken)
   at GitHub.Services.Location.Client.LocationHttpClient.GetConnectionDataAsync(ConnectOptions connectOptions, Int64 lastChangeId, CancellationToken cancellationToken, Object userState)
   at GitHub.Services.WebApi.Location.VssServerDataProvider.GetConnectionDataAsync(ConnectOptions connectOptions, Int32 lastChangeId, CancellationToken cancellationToken)
   at GitHub.Services.WebApi.Location.VssServerDataProvider.ConnectAsync(ConnectOptions connectOptions, CancellationToken cancellationToken)
   at GitHub.Runner.Common.RunnerService.EstablishVssConnection(Uri serverUrl, VssCredentials credentials, TimeSpan timeout)
[2025-10-09 03:42:41Z INFO GitHubActionsService] Starting operation Location.GetConnectionData
[2025-10-09 03:42:41Z ERR  GitHubActionsService] GET request to https://pipelinesghubeus6.actions.githubusercontent.com/hKyNd5hzQTjPqVOxuFp9CyJ2tMUr8ytJJ9FfsFju3bqhBGI0lq/_apis/connectionData?connectOptions=1&lastChangeId=258625537&lastChangeId64=258625537 failed. HTTP Status: NotFound
[2025-10-09 03:42:41Z INFO GitHubActionsService] Finished operation Location.GetConnectionData
[2025-10-09 03:42:41Z ERR  GitHubActionsService] GET request to https://pipelinesghubeus6.actions.githubusercontent.com/hKyNd5hzQTjPqVOxuFp9CyJ2tMUr8ytJJ9FfsFju3bqhBGI0lq/_apis/connectionData?connectOptions=1&lastChangeId=258625537&lastChangeId64=258625537 failed. HTTP Status: NotFound
[2025-10-09 03:42:41Z INFO GitHubActionsService] Finished operation Location.GetConnectionData
[2025-10-09 03:42:41Z ERR  GitHubActionsService] GET request to https://pipelinesghubeus6.actions.githubusercontent.com/hKyNd5hzQTjPqVOxuFp9CyJ2tMUr8ytJJ9FfsFju3bqhBGI0lq/_apis/connectionData?connectOptions=1&lastChangeId=258625537&lastChangeId64=258625537 failed. HTTP Status: NotFound
[2025-10-09 03:42:41Z INFO GitHubActionsService] Finished operation Location.GetConnectionData
[2025-10-09 03:42:41Z ERR  BrokerMessageListener] Catch exception during create session.
[2025-10-09 03:42:41Z ERR  BrokerMessageListener] GitHub.Services.WebApi.VssServiceResponseException: The resource cannot be found.
   at GitHub.Services.WebApi.VssHttpClientBase.HandleResponseAsync(HttpResponseMessage response, CancellationToken cancellationToken)
   at GitHub.Services.WebApi.VssHttpClientBase.SendAsync(HttpRequestMessage message, HttpCompletionOption completionOption, Object userState, CancellationToken cancellationToken)
   at GitHub.Services.WebApi.VssHttpClientBase.SendAsync[T](HttpRequestMessage message, Object userState, CancellationToken cancellationToken)
   at GitHub.Services.Location.Client.LocationHttpClient.GetConnectionDataAsync(ConnectOptions connectOptions, Int64 lastChangeId, CancellationToken cancellationToken, Object userState)
   at GitHub.Services.WebApi.Location.VssServerDataProvider.GetConnectionDataAsync(ConnectOptions connectOptions, Int32 lastChangeId, CancellationToken cancellationToken)
   at GitHub.Services.WebApi.Location.VssServerDataProvider.ConnectAsync(ConnectOptions connectOptions, CancellationToken cancellationToken)
   at GitHub.Runner.Common.RunnerService.EstablishVssConnection(Uri serverUrl, VssCredentials credentials, TimeSpan timeout)
   at GitHub.Runner.Common.RunnerServer.ConnectAsync(Uri serverUrl, VssCredentials credentials)
   at GitHub.Runner.Listener.BrokerMessageListener.CreateSessionAsync(CancellationToken token)
[2025-10-09 03:42:41Z INFO BrokerMessageListener] Retriable exception: The resource cannot be found.
[2025-10-09 03:42:41Z INFO BrokerMessageListener] Sleeping for 30 seconds before retrying.
[2025-10-09 03:43:11Z INFO BrokerMessageListener] Attempt to create session.
[2025-10-09 03:43:11Z INFO BrokerMessageListener] Connecting to the Broker Server...
[2025-10-09 03:43:11Z INFO ConfigurationStore] HasCredentials()
[2025-10-09 03:43:11Z INFO ConfigurationStore] stored True
[2025-10-09 03:43:11Z INFO CredentialManager] GetCredentialProvider
[2025-10-09 03:43:11Z INFO CredentialManager] Creating type OAuth
[2025-10-09 03:43:11Z INFO CredentialManager] Creating credential type: OAuth
[2025-10-09 03:43:11Z INFO RSAEncryptedFileKeyManager] Loading RSA key parameters from file G:\Brunella\actions-runner\.credentials_rsaparams
[2025-10-09 03:43:11Z INFO BrokerMessageListener] VssConnection created
[2025-10-09 03:43:11Z INFO BrokerMessageListener] Connecting to the Runner server...
[2025-10-09 03:43:11Z INFO RunnerServer] EstablishVssConnection
[2025-10-09 03:43:11Z INFO RunnerServer] Establish connection with 100 seconds timeout.
[2025-10-09 03:43:11Z INFO GitHubActionsService] Starting operation Location.GetConnectionData
[2025-10-09 03:43:11Z INFO RunnerServer] EstablishVssConnection
[2025-10-09 03:43:11Z INFO RunnerServer] Establish connection with 60 seconds timeout.
[2025-10-09 03:43:11Z INFO GitHubActionsService] Starting operation Location.GetConnectionData
[2025-10-09 03:43:11Z INFO RunnerServer] EstablishVssConnection
[2025-10-09 03:43:11Z INFO RunnerServer] Establish connection with 60 seconds timeout.
[2025-10-09 03:43:11Z INFO GitHubActionsService] Starting operation Location.GetConnectionData
[2025-10-09 03:43:12Z ERR  GitHubActionsService] GET request to https://pipelinesghubeus6.actions.githubusercontent.com/hKyNd5hzQTjPqVOxuFp9CyJ2tMUr8ytJJ9FfsFju3bqhBGI0lq/_apis/connectionData?connectOptions=1&lastChangeId=258625537&lastChangeId64=258625537 failed. HTTP Status: NotFound
[2025-10-09 03:43:12Z INFO GitHubActionsService] Finished operation Location.GetConnectionData
[2025-10-09 03:43:12Z INFO RunnerServer] Catch exception during connect. 4 attempt left.
[2025-10-09 03:43:12Z ERR  RunnerServer] GitHub.Services.WebApi.VssServiceResponseException: The resource cannot be found.
   at GitHub.Services.WebApi.VssHttpClientBase.HandleResponseAsync(HttpResponseMessage response, CancellationToken cancellationToken)
   at GitHub.Services.WebApi.VssHttpClientBase.SendAsync(HttpRequestMessage message, HttpCompletionOption completionOption, Object userState, CancellationToken cancellationToken)
   at GitHub.Services.WebApi.VssHttpClientBase.SendAsync[T](HttpRequestMessage message, Object userState, CancellationToken cancellationToken)
   at GitHub.Services.Location.Client.LocationHttpClient.GetConnectionDataAsync(ConnectOptions connectOptions, Int64 lastChangeId, CancellationToken cancellationToken, Object userState)
   at GitHub.Services.WebApi.Location.VssServerDataProvider.GetConnectionDataAsync(ConnectOptions connectOptions, Int32 lastChangeId, CancellationToken cancellationToken)
   at GitHub.Services.WebApi.Location.VssServerDataProvider.ConnectAsync(ConnectOptions connectOptions, CancellationToken cancellationToken)
   at GitHub.Runner.Common.RunnerService.EstablishVssConnection(Uri serverUrl, VssCredentials credentials, TimeSpan timeout)
[2025-10-09 03:43:12Z INFO GitHubActionsService] Starting operation Location.GetConnectionData
[2025-10-09 03:43:12Z ERR  GitHubActionsService] GET request to https://pipelinesghubeus6.actions.githubusercontent.com/hKyNd5hzQTjPqVOxuFp9CyJ2tMUr8ytJJ9FfsFju3bqhBGI0lq/_apis/connectionData?connectOptions=1&lastChangeId=258625537&lastChangeId64=258625537 failed. HTTP Status: NotFound
[2025-10-09 03:43:12Z INFO GitHubActionsService] Finished operation Location.GetConnectionData
[2025-10-09 03:43:12Z INFO RunnerServer] Catch exception during connect. 4 attempt left.
[2025-10-09 03:43:12Z ERR  RunnerServer] GitHub.Services.WebApi.VssServiceResponseException: The resource cannot be found.
   at GitHub.Services.WebApi.VssHttpClientBase.HandleResponseAsync(HttpResponseMessage response, CancellationToken cancellationToken)
   at GitHub.Services.WebApi.VssHttpClientBase.SendAsync(HttpRequestMessage message, HttpCompletionOption completionOption, Object userState, CancellationToken cancellationToken)
   at GitHub.Services.WebApi.VssHttpClientBase.SendAsync[T](HttpRequestMessage message, Object userState, CancellationToken cancellationToken)
   at GitHub.Services.Location.Client.LocationHttpClient.GetConnectionDataAsync(ConnectOptions connectOptions, Int64 lastChangeId, CancellationToken cancellationToken, Object userState)
   at GitHub.Services.WebApi.Location.VssServerDataProvider.GetConnectionDataAsync(ConnectOptions connectOptions, Int32 lastChangeId, CancellationToken cancellationToken)
   at GitHub.Services.WebApi.Location.VssServerDataProvider.ConnectAsync(ConnectOptions connectOptions, CancellationToken cancellationToken)
   at GitHub.Runner.Common.RunnerService.EstablishVssConnection(Uri serverUrl, VssCredentials credentials, TimeSpan timeout)
[2025-10-09 03:43:12Z ERR  GitHubActionsService] GET request to https://pipelinesghubeus6.actions.githubusercontent.com/hKyNd5hzQTjPqVOxuFp9CyJ2tMUr8ytJJ9FfsFju3bqhBGI0lq/_apis/connectionData?connectOptions=1&lastChangeId=258625537&lastChangeId64=258625537 failed. HTTP Status: NotFound
[2025-10-09 03:43:12Z INFO GitHubActionsService] Finished operation Location.GetConnectionData
[2025-10-09 03:43:12Z INFO RunnerServer] Catch exception during connect. 4 attempt left.
[2025-10-09 03:43:12Z ERR  RunnerServer] GitHub.Services.WebApi.VssServiceResponseException: The resource cannot be found.
   at GitHub.Services.WebApi.VssHttpClientBase.HandleResponseAsync(HttpResponseMessage response, CancellationToken cancellationToken)
   at GitHub.Services.WebApi.VssHttpClientBase.SendAsync(HttpRequestMessage message, HttpCompletionOption completionOption, Object userState, CancellationToken cancellationToken)
   at GitHub.Services.WebApi.VssHttpClientBase.SendAsync[T](HttpRequestMessage message, Object userState, CancellationToken cancellationToken)
   at GitHub.Services.Location.Client.LocationHttpClient.GetConnectionDataAsync(ConnectOptions connectOptions, Int64 lastChangeId, CancellationToken cancellationToken, Object userState)
   at GitHub.Services.WebApi.Location.VssServerDataProvider.GetConnectionDataAsync(ConnectOptions connectOptions, Int32 lastChangeId, CancellationToken cancellationToken)
   at GitHub.Services.WebApi.Location.VssServerDataProvider.ConnectAsync(ConnectOptions connectOptions, CancellationToken cancellationToken)
   at GitHub.Runner.Common.RunnerService.EstablishVssConnection(Uri serverUrl, VssCredentials credentials, TimeSpan timeout)
[2025-10-09 03:43:12Z INFO GitHubActionsService] Starting operation Location.GetConnectionData
[2025-10-09 03:43:12Z INFO GitHubActionsService] Starting operation Location.GetConnectionData
[2025-10-09 03:43:13Z ERR  GitHubActionsService] GET request to https://pipelinesghubeus6.actions.githubusercontent.com/hKyNd5hzQTjPqVOxuFp9CyJ2tMUr8ytJJ9FfsFju3bqhBGI0lq/_apis/connectionData?connectOptions=1&lastChangeId=258625537&lastChangeId64=258625537 failed. HTTP Status: NotFound
[2025-10-09 03:43:13Z INFO GitHubActionsService] Finished operation Location.GetConnectionData
[2025-10-09 03:43:13Z INFO RunnerServer] Catch exception during connect. 3 attempt left.
[2025-10-09 03:43:13Z ERR  RunnerServer] GitHub.Services.WebApi.VssServiceResponseException: The resource cannot be found.
   at GitHub.Services.WebApi.VssHttpClientBase.HandleResponseAsync(HttpResponseMessage response, CancellationToken cancellationToken)
   at GitHub.Services.WebApi.VssHttpClientBase.SendAsync(HttpRequestMessage message, HttpCompletionOption completionOption, Object userState, CancellationToken cancellationToken)
   at GitHub.Services.WebApi.VssHttpClientBase.SendAsync[T](HttpRequestMessage message, Object userState, CancellationToken cancellationToken)
   at GitHub.Services.Location.Client.LocationHttpClient.GetConnectionDataAsync(ConnectOptions connectOptions, Int64 lastChangeId, CancellationToken cancellationToken, Object userState)
   at GitHub.Services.WebApi.Location.VssServerDataProvider.GetConnectionDataAsync(ConnectOptions connectOptions, Int32 lastChangeId, CancellationToken cancellationToken)
   at GitHub.Services.WebApi.Location.VssServerDataProvider.ConnectAsync(ConnectOptions connectOptions, CancellationToken cancellationToken)
   at GitHub.Runner.Common.RunnerService.EstablishVssConnection(Uri serverUrl, VssCredentials credentials, TimeSpan timeout)
[2025-10-09 03:43:13Z INFO GitHubActionsService] Starting operation Location.GetConnectionData
[2025-10-09 03:43:13Z ERR  GitHubActionsService] GET request to https://pipelinesghubeus6.actions.githubusercontent.com/hKyNd5hzQTjPqVOxuFp9CyJ2tMUr8ytJJ9FfsFju3bqhBGI0lq/_apis/connectionData?connectOptions=1&lastChangeId=258625537&lastChangeId64=258625537 failed. HTTP Status: NotFound
[2025-10-09 03:43:13Z INFO GitHubActionsService] Finished operation Location.GetConnectionData
[2025-10-09 03:43:13Z INFO RunnerServer] Catch exception during connect. 3 attempt left.
[2025-10-09 03:43:13Z ERR  RunnerServer] GitHub.Services.WebApi.VssServiceResponseException: The resource cannot be found.
   at GitHub.Services.WebApi.VssHttpClientBase.HandleResponseAsync(HttpResponseMessage response, CancellationToken cancellationToken)
   at GitHub.Services.WebApi.VssHttpClientBase.SendAsync(HttpRequestMessage message, HttpCompletionOption completionOption, Object userState, CancellationToken cancellationToken)
   at GitHub.Services.WebApi.VssHttpClientBase.SendAsync[T](HttpRequestMessage message, Object userState, CancellationToken cancellationToken)
   at GitHub.Services.Location.Client.LocationHttpClient.GetConnectionDataAsync(ConnectOptions connectOptions, Int64 lastChangeId, CancellationToken cancellationToken, Object userState)
   at GitHub.Services.WebApi.Location.VssServerDataProvider.GetConnectionDataAsync(ConnectOptions connectOptions, Int32 lastChangeId, CancellationToken cancellationToken)
   at GitHub.Services.WebApi.Location.VssServerDataProvider.ConnectAsync(ConnectOptions connectOptions, CancellationToken cancellationToken)
   at GitHub.Runner.Common.RunnerService.EstablishVssConnection(Uri serverUrl, VssCredentials credentials, TimeSpan timeout)
[2025-10-09 03:43:13Z ERR  GitHubActionsService] GET request to https://pipelinesghubeus6.actions.githubusercontent.com/hKyNd5hzQTjPqVOxuFp9CyJ2tMUr8ytJJ9FfsFju3bqhBGI0lq/_apis/connectionData?connectOptions=1&lastChangeId=258625537&lastChangeId64=258625537 failed. HTTP Status: NotFound
[2025-10-09 03:43:13Z INFO GitHubActionsService] Finished operation Location.GetConnectionData
[2025-10-09 03:43:13Z INFO RunnerServer] Catch exception during connect. 3 attempt left.
[2025-10-09 03:43:13Z ERR  RunnerServer] GitHub.Services.WebApi.VssServiceResponseException: The resource cannot be found.
   at GitHub.Services.WebApi.VssHttpClientBase.HandleResponseAsync(HttpResponseMessage response, CancellationToken cancellationToken)
   at GitHub.Services.WebApi.VssHttpClientBase.SendAsync(HttpRequestMessage message, HttpCompletionOption completionOption, Object userState, CancellationToken cancellationToken)
   at GitHub.Services.WebApi.VssHttpClientBase.SendAsync[T](HttpRequestMessage message, Object userState, CancellationToken cancellationToken)
   at GitHub.Services.Location.Client.LocationHttpClient.GetConnectionDataAsync(ConnectOptions connectOptions, Int64 lastChangeId, CancellationToken cancellationToken, Object userState)
   at GitHub.Services.WebApi.Location.VssServerDataProvider.GetConnectionDataAsync(ConnectOptions connectOptions, Int32 lastChangeId, CancellationToken cancellationToken)
   at GitHub.Services.WebApi.Location.VssServerDataProvider.ConnectAsync(ConnectOptions connectOptions, CancellationToken cancellationToken)
   at GitHub.Runner.Common.RunnerService.EstablishVssConnection(Uri serverUrl, VssCredentials credentials, TimeSpan timeout)
[2025-10-09 03:43:13Z INFO GitHubActionsService] Starting operation Location.GetConnectionData
[2025-10-09 03:43:13Z INFO GitHubActionsService] Starting operation Location.GetConnectionData
[2025-10-09 03:43:13Z ERR  GitHubActionsService] GET request to https://pipelinesghubeus6.actions.githubusercontent.com/hKyNd5hzQTjPqVOxuFp9CyJ2tMUr8ytJJ9FfsFju3bqhBGI0lq/_apis/connectionData?connectOptions=1&lastChangeId=258625537&lastChangeId64=258625537 failed. HTTP Status: NotFound
[2025-10-09 03:43:13Z INFO GitHubActionsService] Finished operation Location.GetConnectionData
[2025-10-09 03:43:13Z INFO RunnerServer] Catch exception during connect. 2 attempt left.
[2025-10-09 03:43:13Z ERR  RunnerServer] GitHub.Services.WebApi.VssServiceResponseException: The resource cannot be found.
   at GitHub.Services.WebApi.VssHttpClientBase.HandleResponseAsync(HttpResponseMessage response, CancellationToken cancellationToken)
   at GitHub.Services.WebApi.VssHttpClientBase.SendAsync(HttpRequestMessage message, HttpCompletionOption completionOption, Object userState, CancellationToken cancellationToken)
   at GitHub.Services.WebApi.VssHttpClientBase.SendAsync[T](HttpRequestMessage message, Object userState, CancellationToken cancellationToken)
   at GitHub.Services.Location.Client.LocationHttpClient.GetConnectionDataAsync(ConnectOptions connectOptions, Int64 lastChangeId, CancellationToken cancellationToken, Object userState)
   at GitHub.Services.WebApi.Location.VssServerDataProvider.GetConnectionDataAsync(ConnectOptions connectOptions, Int32 lastChangeId, CancellationToken cancellationToken)
   at GitHub.Services.WebApi.Location.VssServerDataProvider.ConnectAsync(ConnectOptions connectOptions, CancellationToken cancellationToken)
   at GitHub.Runner.Common.RunnerService.EstablishVssConnection(Uri serverUrl, VssCredentials credentials, TimeSpan timeout)
[2025-10-09 03:43:13Z INFO GitHubActionsService] Starting operation Location.GetConnectionData
[2025-10-09 03:43:13Z ERR  GitHubActionsService] GET request to https://pipelinesghubeus6.actions.githubusercontent.com/hKyNd5hzQTjPqVOxuFp9CyJ2tMUr8ytJJ9FfsFju3bqhBGI0lq/_apis/connectionData?connectOptions=1&lastChangeId=258625537&lastChangeId64=258625537 failed. HTTP Status: NotFound
[2025-10-09 03:43:13Z INFO GitHubActionsService] Finished operation Location.GetConnectionData
[2025-10-09 03:43:13Z INFO RunnerServer] Catch exception during connect. 2 attempt left.
[2025-10-09 03:43:13Z ERR  RunnerServer] GitHub.Services.WebApi.VssServiceResponseException: The resource cannot be found.
   at GitHub.Services.WebApi.VssHttpClientBase.HandleResponseAsync(HttpResponseMessage response, CancellationToken cancellationToken)
   at GitHub.Services.WebApi.VssHttpClientBase.SendAsync(HttpRequestMessage message, HttpCompletionOption completionOption, Object userState, CancellationToken cancellationToken)
   at GitHub.Services.WebApi.VssHttpClientBase.SendAsync[T](HttpRequestMessage message, Object userState, CancellationToken cancellationToken)
   at GitHub.Services.Location.Client.LocationHttpClient.GetConnectionDataAsync(ConnectOptions connectOptions, Int64 lastChangeId, CancellationToken cancellationToken, Object userState)
   at GitHub.Services.WebApi.Location.VssServerDataProvider.GetConnectionDataAsync(ConnectOptions connectOptions, Int32 lastChangeId, CancellationToken cancellationToken)
   at GitHub.Services.WebApi.Location.VssServerDataProvider.ConnectAsync(ConnectOptions connectOptions, CancellationToken cancellationToken)
   at GitHub.Runner.Common.RunnerService.EstablishVssConnection(Uri serverUrl, VssCredentials credentials, TimeSpan timeout)
[2025-10-09 03:43:13Z INFO GitHubActionsService] Starting operation Location.GetConnectionData
[2025-10-09 03:43:13Z ERR  GitHubActionsService] GET request to https://pipelinesghubeus6.actions.githubusercontent.com/hKyNd5hzQTjPqVOxuFp9CyJ2tMUr8ytJJ9FfsFju3bqhBGI0lq/_apis/connectionData?connectOptions=1&lastChangeId=258625537&lastChangeId64=258625537 failed. HTTP Status: NotFound
[2025-10-09 03:43:13Z INFO GitHubActionsService] Finished operation Location.GetConnectionData
[2025-10-09 03:43:13Z INFO RunnerServer] Catch exception during connect. 2 attempt left.
[2025-10-09 03:43:13Z ERR  RunnerServer] GitHub.Services.WebApi.VssServiceResponseException: The resource cannot be found.
   at GitHub.Services.WebApi.VssHttpClientBase.HandleResponseAsync(HttpResponseMessage response, CancellationToken cancellationToken)
   at GitHub.Services.WebApi.VssHttpClientBase.SendAsync(HttpRequestMessage message, HttpCompletionOption completionOption, Object userState, CancellationToken cancellationToken)
   at GitHub.Services.WebApi.VssHttpClientBase.SendAsync[T](HttpRequestMessage message, Object userState, CancellationToken cancellationToken)
   at GitHub.Services.Location.Client.LocationHttpClient.GetConnectionDataAsync(ConnectOptions connectOptions, Int64 lastChangeId, CancellationToken cancellationToken, Object userState)
   at GitHub.Services.WebApi.Location.VssServerDataProvider.GetConnectionDataAsync(ConnectOptions connectOptions, Int32 lastChangeId, CancellationToken cancellationToken)
   at GitHub.Services.WebApi.Location.VssServerDataProvider.ConnectAsync(ConnectOptions connectOptions, CancellationToken cancellationToken)
   at GitHub.Runner.Common.RunnerService.EstablishVssConnection(Uri serverUrl, VssCredentials credentials, TimeSpan timeout)
[2025-10-09 03:43:14Z INFO GitHubActionsService] Starting operation Location.GetConnectionData
[2025-10-09 03:43:14Z ERR  GitHubActionsService] GET request to https://pipelinesghubeus6.actions.githubusercontent.com/hKyNd5hzQTjPqVOxuFp9CyJ2tMUr8ytJJ9FfsFju3bqhBGI0lq/_apis/connectionData?connectOptions=1&lastChangeId=258625537&lastChangeId64=258625537 failed. HTTP Status: NotFound
[2025-10-09 03:43:14Z INFO GitHubActionsService] Finished operation Location.GetConnectionData
[2025-10-09 03:43:14Z INFO RunnerServer] Catch exception during connect. 1 attempt left.
[2025-10-09 03:43:14Z ERR  RunnerServer] GitHub.Services.WebApi.VssServiceResponseException: The resource cannot be found.
   at GitHub.Services.WebApi.VssHttpClientBase.HandleResponseAsync(HttpResponseMessage response, CancellationToken cancellationToken)
   at GitHub.Services.WebApi.VssHttpClientBase.SendAsync(HttpRequestMessage message, HttpCompletionOption completionOption, Object userState, CancellationToken cancellationToken)
   at GitHub.Services.WebApi.VssHttpClientBase.SendAsync[T](HttpRequestMessage message, Object userState, CancellationToken cancellationToken)
   at GitHub.Services.Location.Client.LocationHttpClient.GetConnectionDataAsync(ConnectOptions connectOptions, Int64 lastChangeId, CancellationToken cancellationToken, Object userState)
   at GitHub.Services.WebApi.Location.VssServerDataProvider.GetConnectionDataAsync(ConnectOptions connectOptions, Int32 lastChangeId, CancellationToken cancellationToken)
   at GitHub.Services.WebApi.Location.VssServerDataProvider.ConnectAsync(ConnectOptions connectOptions, CancellationToken cancellationToken)
   at GitHub.Runner.Common.RunnerService.EstablishVssConnection(Uri serverUrl, VssCredentials credentials, TimeSpan timeout)
[2025-10-09 03:43:14Z INFO GitHubActionsService] Starting operation Location.GetConnectionData
[2025-10-09 03:43:14Z ERR  GitHubActionsService] GET request to https://pipelinesghubeus6.actions.githubusercontent.com/hKyNd5hzQTjPqVOxuFp9CyJ2tMUr8ytJJ9FfsFju3bqhBGI0lq/_apis/connectionData?connectOptions=1&lastChangeId=258625537&lastChangeId64=258625537 failed. HTTP Status: NotFound
[2025-10-09 03:43:14Z INFO GitHubActionsService] Finished operation Location.GetConnectionData
[2025-10-09 03:43:14Z INFO RunnerServer] Catch exception during connect. 1 attempt left.
[2025-10-09 03:43:14Z ERR  RunnerServer] GitHub.Services.WebApi.VssServiceResponseException: The resource cannot be found.
   at GitHub.Services.WebApi.VssHttpClientBase.HandleResponseAsync(HttpResponseMessage response, CancellationToken cancellationToken)
   at GitHub.Services.WebApi.VssHttpClientBase.SendAsync(HttpRequestMessage message, HttpCompletionOption completionOption, Object userState, CancellationToken cancellationToken)
   at GitHub.Services.WebApi.VssHttpClientBase.SendAsync[T](HttpRequestMessage message, Object userState, CancellationToken cancellationToken)
   at GitHub.Services.Location.Client.LocationHttpClient.GetConnectionDataAsync(ConnectOptions connectOptions, Int64 lastChangeId, CancellationToken cancellationToken, Object userState)
   at GitHub.Services.WebApi.Location.VssServerDataProvider.GetConnectionDataAsync(ConnectOptions connectOptions, Int32 lastChangeId, CancellationToken cancellationToken)
   at GitHub.Services.WebApi.Location.VssServerDataProvider.ConnectAsync(ConnectOptions connectOptions, CancellationToken cancellationToken)
   at GitHub.Runner.Common.RunnerService.EstablishVssConnection(Uri serverUrl, VssCredentials credentials, TimeSpan timeout)
[2025-10-09 03:43:14Z INFO GitHubActionsService] Starting operation Location.GetConnectionData
[2025-10-09 03:43:14Z ERR  GitHubActionsService] GET request to https://pipelinesghubeus6.actions.githubusercontent.com/hKyNd5hzQTjPqVOxuFp9CyJ2tMUr8ytJJ9FfsFju3bqhBGI0lq/_apis/connectionData?connectOptions=1&lastChangeId=258625537&lastChangeId64=258625537 failed. HTTP Status: NotFound
[2025-10-09 03:43:14Z INFO GitHubActionsService] Finished operation Location.GetConnectionData
[2025-10-09 03:43:14Z INFO RunnerServer] Catch exception during connect. 1 attempt left.
[2025-10-09 03:43:14Z ERR  RunnerServer] GitHub.Services.WebApi.VssServiceResponseException: The resource cannot be found.
   at GitHub.Services.WebApi.VssHttpClientBase.HandleResponseAsync(HttpResponseMessage response, CancellationToken cancellationToken)
   at GitHub.Services.WebApi.VssHttpClientBase.SendAsync(HttpRequestMessage message, HttpCompletionOption completionOption, Object userState, CancellationToken cancellationToken)
   at GitHub.Services.WebApi.VssHttpClientBase.SendAsync[T](HttpRequestMessage message, Object userState, CancellationToken cancellationToken)
   at GitHub.Services.Location.Client.LocationHttpClient.GetConnectionDataAsync(ConnectOptions connectOptions, Int64 lastChangeId, CancellationToken cancellationToken, Object userState)
   at GitHub.Services.WebApi.Location.VssServerDataProvider.GetConnectionDataAsync(ConnectOptions connectOptions, Int32 lastChangeId, CancellationToken cancellationToken)
   at GitHub.Services.WebApi.Location.VssServerDataProvider.ConnectAsync(ConnectOptions connectOptions, CancellationToken cancellationToken)
   at GitHub.Runner.Common.RunnerService.EstablishVssConnection(Uri serverUrl, VssCredentials credentials, TimeSpan timeout)
[2025-10-09 03:43:14Z INFO GitHubActionsService] Starting operation Location.GetConnectionData
[2025-10-09 03:43:15Z ERR  GitHubActionsService] GET request to https://pipelinesghubeus6.actions.githubusercontent.com/hKyNd5hzQTjPqVOxuFp9CyJ2tMUr8ytJJ9FfsFju3bqhBGI0lq/_apis/connectionData?connectOptions=1&lastChangeId=258625537&lastChangeId64=258625537 failed. HTTP Status: NotFound
[2025-10-09 03:43:15Z INFO GitHubActionsService] Finished operation Location.GetConnectionData
[2025-10-09 03:43:15Z ERR  GitHubActionsService] GET request to https://pipelinesghubeus6.actions.githubusercontent.com/hKyNd5hzQTjPqVOxuFp9CyJ2tMUr8ytJJ9FfsFju3bqhBGI0lq/_apis/connectionData?connectOptions=1&lastChangeId=258625537&lastChangeId64=258625537 failed. HTTP Status: NotFound
[2025-10-09 03:43:15Z INFO GitHubActionsService] Finished operation Location.GetConnectionData
[2025-10-09 03:43:15Z ERR  GitHubActionsService] GET request to https://pipelinesghubeus6.actions.githubusercontent.com/hKyNd5hzQTjPqVOxuFp9CyJ2tMUr8ytJJ9FfsFju3bqhBGI0lq/_apis/connectionData?connectOptions=1&lastChangeId=258625537&lastChangeId64=258625537 failed. HTTP Status: NotFound
[2025-10-09 03:43:15Z INFO GitHubActionsService] Finished operation Location.GetConnectionData
[2025-10-09 03:43:15Z ERR  BrokerMessageListener] Catch exception during create session.
[2025-10-09 03:43:15Z ERR  BrokerMessageListener] GitHub.Services.WebApi.VssServiceResponseException: The resource cannot be found.
   at GitHub.Services.WebApi.VssHttpClientBase.HandleResponseAsync(HttpResponseMessage response, CancellationToken cancellationToken)
   at GitHub.Services.WebApi.VssHttpClientBase.SendAsync(HttpRequestMessage message, HttpCompletionOption completionOption, Object userState, CancellationToken cancellationToken)
   at GitHub.Services.WebApi.VssHttpClientBase.SendAsync[T](HttpRequestMessage message, Object userState, CancellationToken cancellationToken)
   at GitHub.Services.Location.Client.LocationHttpClient.GetConnectionDataAsync(ConnectOptions connectOptions, Int64 lastChangeId, CancellationToken cancellationToken, Object userState)
   at GitHub.Services.WebApi.Location.VssServerDataProvider.GetConnectionDataAsync(ConnectOptions connectOptions, Int32 lastChangeId, CancellationToken cancellationToken)
   at GitHub.Services.WebApi.Location.VssServerDataProvider.ConnectAsync(ConnectOptions connectOptions, CancellationToken cancellationToken)
   at GitHub.Runner.Common.RunnerService.EstablishVssConnection(Uri serverUrl, VssCredentials credentials, TimeSpan timeout)
   at GitHub.Runner.Common.RunnerServer.ConnectAsync(Uri serverUrl, VssCredentials credentials)
   at GitHub.Runner.Listener.BrokerMessageListener.CreateSessionAsync(CancellationToken token)
[2025-10-09 03:43:15Z INFO BrokerMessageListener] Retriable exception: The resource cannot be found.
[2025-10-09 03:43:15Z INFO BrokerMessageListener] Sleeping for 30 seconds before retrying.
[2025-10-09 03:43:45Z INFO BrokerMessageListener] Attempt to create session.
[2025-10-09 03:43:45Z INFO BrokerMessageListener] Connecting to the Broker Server...
[2025-10-09 03:43:45Z INFO ConfigurationStore] HasCredentials()
[2025-10-09 03:43:45Z INFO ConfigurationStore] stored True
[2025-10-09 03:43:45Z INFO CredentialManager] GetCredentialProvider
[2025-10-09 03:43:45Z INFO CredentialManager] Creating type OAuth
[2025-10-09 03:43:45Z INFO CredentialManager] Creating credential type: OAuth
[2025-10-09 03:43:45Z INFO RSAEncryptedFileKeyManager] Loading RSA key parameters from file G:\Brunella\actions-runner\.credentials_rsaparams
[2025-10-09 03:43:45Z INFO BrokerMessageListener] VssConnection created
[2025-10-09 03:43:45Z INFO BrokerMessageListener] Connecting to the Runner server...
[2025-10-09 03:43:45Z INFO RunnerServer] EstablishVssConnection
[2025-10-09 03:43:45Z INFO RunnerServer] Establish connection with 100 seconds timeout.
[2025-10-09 03:43:45Z INFO GitHubActionsService] Starting operation Location.GetConnectionData
[2025-10-09 03:43:45Z INFO RunnerServer] EstablishVssConnection
[2025-10-09 03:43:45Z INFO RunnerServer] Establish connection with 60 seconds timeout.
[2025-10-09 03:43:45Z INFO GitHubActionsService] Starting operation Location.GetConnectionData
[2025-10-09 03:43:45Z INFO RunnerServer] EstablishVssConnection
[2025-10-09 03:43:45Z INFO RunnerServer] Establish connection with 60 seconds timeout.
[2025-10-09 03:43:45Z INFO GitHubActionsService] Starting operation Location.GetConnectionData
[2025-10-09 03:43:46Z ERR  GitHubActionsService] GET request to https://pipelinesghubeus6.actions.githubusercontent.com/hKyNd5hzQTjPqVOxuFp9CyJ2tMUr8ytJJ9FfsFju3bqhBGI0lq/_apis/connectionData?connectOptions=1&lastChangeId=258625537&lastChangeId64=258625537 failed. HTTP Status: NotFound
[2025-10-09 03:43:46Z ERR  GitHubActionsService] GET request to https://pipelinesghubeus6.actions.githubusercontent.com/hKyNd5hzQTjPqVOxuFp9CyJ2tMUr8ytJJ9FfsFju3bqhBGI0lq/_apis/connectionData?connectOptions=1&lastChangeId=258625537&lastChangeId64=258625537 failed. HTTP Status: NotFound
[2025-10-09 03:43:46Z ERR  GitHubActionsService] GET request to https://pipelinesghubeus6.actions.githubusercontent.com/hKyNd5hzQTjPqVOxuFp9CyJ2tMUr8ytJJ9FfsFju3bqhBGI0lq/_apis/connectionData?connectOptions=1&lastChangeId=258625537&lastChangeId64=258625537 failed. HTTP Status: NotFound
[2025-10-09 03:43:46Z INFO GitHubActionsService] Finished operation Location.GetConnectionData
[2025-10-09 03:43:46Z INFO GitHubActionsService] Finished operation Location.GetConnectionData
[2025-10-09 03:43:46Z INFO GitHubActionsService] Finished operation Location.GetConnectionData
[2025-10-09 03:43:46Z INFO RunnerServer] Catch exception during connect. 4 attempt left.
[2025-10-09 03:43:46Z INFO RunnerServer] Catch exception during connect. 4 attempt left.
[2025-10-09 03:43:46Z INFO RunnerServer] Catch exception during connect. 4 attempt left.
[2025-10-09 03:43:46Z ERR  RunnerServer] GitHub.Services.WebApi.VssServiceResponseException: The resource cannot be found.
   at GitHub.Services.WebApi.VssHttpClientBase.HandleResponseAsync(HttpResponseMessage response, CancellationToken cancellationToken)
   at GitHub.Services.WebApi.VssHttpClientBase.SendAsync(HttpRequestMessage message, HttpCompletionOption completionOption, Object userState, CancellationToken cancellationToken)
   at GitHub.Services.WebApi.VssHttpClientBase.SendAsync[T](HttpRequestMessage message, Object userState, CancellationToken cancellationToken)
   at GitHub.Services.Location.Client.LocationHttpClient.GetConnectionDataAsync(ConnectOptions connectOptions, Int64 lastChangeId, CancellationToken cancellationToken, Object userState)
   at GitHub.Services.WebApi.Location.VssServerDataProvider.GetConnectionDataAsync(ConnectOptions connectOptions, Int32 lastChangeId, CancellationToken cancellationToken)
   at GitHub.Services.WebApi.Location.VssServerDataProvider.ConnectAsync(ConnectOptions connectOptions, CancellationToken cancellationToken)
   at GitHub.Runner.Common.RunnerService.EstablishVssConnection(Uri serverUrl, VssCredentials credentials, TimeSpan timeout)
[2025-10-09 03:43:46Z ERR  RunnerServer] GitHub.Services.WebApi.VssServiceResponseException: The resource cannot be found.
   at GitHub.Services.WebApi.VssHttpClientBase.HandleResponseAsync(HttpResponseMessage response, CancellationToken cancellationToken)
   at GitHub.Services.WebApi.VssHttpClientBase.SendAsync(HttpRequestMessage message, HttpCompletionOption completionOption, Object userState, CancellationToken cancellationToken)
   at GitHub.Services.WebApi.VssHttpClientBase.SendAsync[T](HttpRequestMessage message, Object userState, CancellationToken cancellationToken)
   at GitHub.Services.Location.Client.LocationHttpClient.GetConnectionDataAsync(ConnectOptions connectOptions, Int64 lastChangeId, CancellationToken cancellationToken, Object userState)
   at GitHub.Services.WebApi.Location.VssServerDataProvider.GetConnectionDataAsync(ConnectOptions connectOptions, Int32 lastChangeId, CancellationToken cancellationToken)
   at GitHub.Services.WebApi.Location.VssServerDataProvider.ConnectAsync(ConnectOptions connectOptions, CancellationToken cancellationToken)
   at GitHub.Runner.Common.RunnerService.EstablishVssConnection(Uri serverUrl, VssCredentials credentials, TimeSpan timeout)
[2025-10-09 03:43:46Z ERR  RunnerServer] GitHub.Services.WebApi.VssServiceResponseException: The resource cannot be found.
   at GitHub.Services.WebApi.VssHttpClientBase.HandleResponseAsync(HttpResponseMessage response, CancellationToken cancellationToken)
   at GitHub.Services.WebApi.VssHttpClientBase.SendAsync(HttpRequestMessage message, HttpCompletionOption completionOption, Object userState, CancellationToken cancellationToken)
   at GitHub.Services.WebApi.VssHttpClientBase.SendAsync[T](HttpRequestMessage message, Object userState, CancellationToken cancellationToken)
   at GitHub.Services.Location.Client.LocationHttpClient.GetConnectionDataAsync(ConnectOptions connectOptions, Int64 lastChangeId, CancellationToken cancellationToken, Object userState)
   at GitHub.Services.WebApi.Location.VssServerDataProvider.GetConnectionDataAsync(ConnectOptions connectOptions, Int32 lastChangeId, CancellationToken cancellationToken)
   at GitHub.Services.WebApi.Location.VssServerDataProvider.ConnectAsync(ConnectOptions connectOptions, CancellationToken cancellationToken)
   at GitHub.Runner.Common.RunnerService.EstablishVssConnection(Uri serverUrl, VssCredentials credentials, TimeSpan timeout)
[2025-10-09 03:43:46Z INFO GitHubActionsService] Starting operation Location.GetConnectionData
[2025-10-09 03:43:46Z INFO GitHubActionsService] Starting operation Location.GetConnectionData
[2025-10-09 03:43:46Z INFO GitHubActionsService] Starting operation Location.GetConnectionData
[2025-10-09 03:43:46Z ERR  GitHubActionsService] GET request to https://pipelinesghubeus6.actions.githubusercontent.com/hKyNd5hzQTjPqVOxuFp9CyJ2tMUr8ytJJ9FfsFju3bqhBGI0lq/_apis/connectionData?connectOptions=1&lastChangeId=258625537&lastChangeId64=258625537 failed. HTTP Status: NotFound
[2025-10-09 03:43:46Z INFO GitHubActionsService] Finished operation Location.GetConnectionData
[2025-10-09 03:43:46Z INFO RunnerServer] Catch exception during connect. 3 attempt left.
[2025-10-09 03:43:46Z ERR  GitHubActionsService] GET request to https://pipelinesghubeus6.actions.githubusercontent.com/hKyNd5hzQTjPqVOxuFp9CyJ2tMUr8ytJJ9FfsFju3bqhBGI0lq/_apis/connectionData?connectOptions=1&lastChangeId=258625537&lastChangeId64=258625537 failed. HTTP Status: NotFound
[2025-10-09 03:43:46Z ERR  RunnerServer] GitHub.Services.WebApi.VssServiceResponseException: The resource cannot be found.
   at GitHub.Services.WebApi.VssHttpClientBase.HandleResponseAsync(HttpResponseMessage response, CancellationToken cancellationToken)
   at GitHub.Services.WebApi.VssHttpClientBase.SendAsync(HttpRequestMessage message, HttpCompletionOption completionOption, Object userState, CancellationToken cancellationToken)
   at GitHub.Services.WebApi.VssHttpClientBase.SendAsync[T](HttpRequestMessage message, Object userState, CancellationToken cancellationToken)
   at GitHub.Services.Location.Client.LocationHttpClient.GetConnectionDataAsync(ConnectOptions connectOptions, Int64 lastChangeId, CancellationToken cancellationToken, Object userState)
   at GitHub.Services.WebApi.Location.VssServerDataProvider.GetConnectionDataAsync(ConnectOptions connectOptions, Int32 lastChangeId, CancellationToken cancellationToken)
   at GitHub.Services.WebApi.Location.VssServerDataProvider.ConnectAsync(ConnectOptions connectOptions, CancellationToken cancellationToken)
   at GitHub.Runner.Common.RunnerService.EstablishVssConnection(Uri serverUrl, VssCredentials credentials, TimeSpan timeout)
[2025-10-09 03:43:46Z INFO GitHubActionsService] Finished operation Location.GetConnectionData
[2025-10-09 03:43:46Z INFO RunnerServer] Catch exception during connect. 3 attempt left.
[2025-10-09 03:43:46Z ERR  RunnerServer] GitHub.Services.WebApi.VssServiceResponseException: The resource cannot be found.
   at GitHub.Services.WebApi.VssHttpClientBase.HandleResponseAsync(HttpResponseMessage response, CancellationToken cancellationToken)
   at GitHub.Services.WebApi.VssHttpClientBase.SendAsync(HttpRequestMessage message, HttpCompletionOption completionOption, Object userState, CancellationToken cancellationToken)
   at GitHub.Services.WebApi.VssHttpClientBase.SendAsync[T](HttpRequestMessage message, Object userState, CancellationToken cancellationToken)
   at GitHub.Services.Location.Client.LocationHttpClient.GetConnectionDataAsync(ConnectOptions connectOptions, Int64 lastChangeId, CancellationToken cancellationToken, Object userState)
   at GitHub.Services.WebApi.Location.VssServerDataProvider.GetConnectionDataAsync(ConnectOptions connectOptions, Int32 lastChangeId, CancellationToken cancellationToken)
   at GitHub.Services.WebApi.Location.VssServerDataProvider.ConnectAsync(ConnectOptions connectOptions, CancellationToken cancellationToken)
   at GitHub.Runner.Common.RunnerService.EstablishVssConnection(Uri serverUrl, VssCredentials credentials, TimeSpan timeout)
[2025-10-09 03:43:46Z ERR  GitHubActionsService] GET request to https://pipelinesghubeus6.actions.githubusercontent.com/hKyNd5hzQTjPqVOxuFp9CyJ2tMUr8ytJJ9FfsFju3bqhBGI0lq/_apis/connectionData?connectOptions=1&lastChangeId=258625537&lastChangeId64=258625537 failed. HTTP Status: NotFound
[2025-10-09 03:43:46Z INFO GitHubActionsService] Finished operation Location.GetConnectionData
[2025-10-09 03:43:46Z INFO RunnerServer] Catch exception during connect. 3 attempt left.
[2025-10-09 03:43:46Z ERR  RunnerServer] GitHub.Services.WebApi.VssServiceResponseException: The resource cannot be found.
   at GitHub.Services.WebApi.VssHttpClientBase.HandleResponseAsync(HttpResponseMessage response, CancellationToken cancellationToken)
   at GitHub.Services.WebApi.VssHttpClientBase.SendAsync(HttpRequestMessage message, HttpCompletionOption completionOption, Object userState, CancellationToken cancellationToken)
   at GitHub.Services.WebApi.VssHttpClientBase.SendAsync[T](HttpRequestMessage message, Object userState, CancellationToken cancellationToken)
   at GitHub.Services.Location.Client.LocationHttpClient.GetConnectionDataAsync(ConnectOptions connectOptions, Int64 lastChangeId, CancellationToken cancellationToken, Object userState)
   at GitHub.Services.WebApi.Location.VssServerDataProvider.GetConnectionDataAsync(ConnectOptions connectOptions, Int32 lastChangeId, CancellationToken cancellationToken)
   at GitHub.Services.WebApi.Location.VssServerDataProvider.ConnectAsync(ConnectOptions connectOptions, CancellationToken cancellationToken)
   at GitHub.Runner.Common.RunnerService.EstablishVssConnection(Uri serverUrl, VssCredentials credentials, TimeSpan timeout)
[2025-10-09 03:43:47Z INFO GitHubActionsService] Starting operation Location.GetConnectionData
[2025-10-09 03:43:47Z INFO GitHubActionsService] Starting operation Location.GetConnectionData
[2025-10-09 03:43:47Z INFO GitHubActionsService] Starting operation Location.GetConnectionData
[2025-10-09 03:43:47Z ERR  GitHubActionsService] GET request to https://pipelinesghubeus6.actions.githubusercontent.com/hKyNd5hzQTjPqVOxuFp9CyJ2tMUr8ytJJ9FfsFju3bqhBGI0lq/_apis/connectionData?connectOptions=1&lastChangeId=258625537&lastChangeId64=258625537 failed. HTTP Status: NotFound
[2025-10-09 03:43:47Z INFO GitHubActionsService] Finished operation Location.GetConnectionData
[2025-10-09 03:43:47Z INFO RunnerServer] Catch exception during connect. 2 attempt left.
[2025-10-09 03:43:47Z ERR  RunnerServer] GitHub.Services.WebApi.VssServiceResponseException: The resource cannot be found.
   at GitHub.Services.WebApi.VssHttpClientBase.HandleResponseAsync(HttpResponseMessage response, CancellationToken cancellationToken)
   at GitHub.Services.WebApi.VssHttpClientBase.SendAsync(HttpRequestMessage message, HttpCompletionOption completionOption, Object userState, CancellationToken cancellationToken)
   at GitHub.Services.WebApi.VssHttpClientBase.SendAsync[T](HttpRequestMessage message, Object userState, CancellationToken cancellationToken)
   at GitHub.Services.Location.Client.LocationHttpClient.GetConnectionDataAsync(ConnectOptions connectOptions, Int64 lastChangeId, CancellationToken cancellationToken, Object userState)
   at GitHub.Services.WebApi.Location.VssServerDataProvider.GetConnectionDataAsync(ConnectOptions connectOptions, Int32 lastChangeId, CancellationToken cancellationToken)
   at GitHub.Services.WebApi.Location.VssServerDataProvider.ConnectAsync(ConnectOptions connectOptions, CancellationToken cancellationToken)
   at GitHub.Runner.Common.RunnerService.EstablishVssConnection(Uri serverUrl, VssCredentials credentials, TimeSpan timeout)
[2025-10-09 03:43:47Z ERR  GitHubActionsService] GET request to https://pipelinesghubeus6.actions.githubusercontent.com/hKyNd5hzQTjPqVOxuFp9CyJ2tMUr8ytJJ9FfsFju3bqhBGI0lq/_apis/connectionData?connectOptions=1&lastChangeId=258625537&lastChangeId64=258625537 failed. HTTP Status: NotFound
[2025-10-09 03:43:47Z INFO GitHubActionsService] Finished operation Location.GetConnectionData
[2025-10-09 03:43:47Z INFO RunnerServer] Catch exception during connect. 2 attempt left.
[2025-10-09 03:43:47Z ERR  RunnerServer] GitHub.Services.WebApi.VssServiceResponseException: The resource cannot be found.
   at GitHub.Services.WebApi.VssHttpClientBase.HandleResponseAsync(HttpResponseMessage response, CancellationToken cancellationToken)
   at GitHub.Services.WebApi.VssHttpClientBase.SendAsync(HttpRequestMessage message, HttpCompletionOption completionOption, Object userState, CancellationToken cancellationToken)
   at GitHub.Services.WebApi.VssHttpClientBase.SendAsync[T](HttpRequestMessage message, Object userState, CancellationToken cancellationToken)
   at GitHub.Services.Location.Client.LocationHttpClient.GetConnectionDataAsync(ConnectOptions connectOptions, Int64 lastChangeId, CancellationToken cancellationToken, Object userState)
   at GitHub.Services.WebApi.Location.VssServerDataProvider.GetConnectionDataAsync(ConnectOptions connectOptions, Int32 lastChangeId, CancellationToken cancellationToken)
   at GitHub.Services.WebApi.Location.VssServerDataProvider.ConnectAsync(ConnectOptions connectOptions, CancellationToken cancellationToken)
   at GitHub.Runner.Common.RunnerService.EstablishVssConnection(Uri serverUrl, VssCredentials credentials, TimeSpan timeout)
[2025-10-09 03:43:47Z ERR  GitHubActionsService] GET request to https://pipelinesghubeus6.actions.githubusercontent.com/hKyNd5hzQTjPqVOxuFp9CyJ2tMUr8ytJJ9FfsFju3bqhBGI0lq/_apis/connectionData?connectOptions=1&lastChangeId=258625537&lastChangeId64=258625537 failed. HTTP Status: NotFound
[2025-10-09 03:43:47Z INFO GitHubActionsService] Finished operation Location.GetConnectionData
[2025-10-09 03:43:47Z INFO RunnerServer] Catch exception during connect. 2 attempt left.
[2025-10-09 03:43:47Z ERR  RunnerServer] GitHub.Services.WebApi.VssServiceResponseException: The resource cannot be found.
   at GitHub.Services.WebApi.VssHttpClientBase.HandleResponseAsync(HttpResponseMessage response, CancellationToken cancellationToken)
   at GitHub.Services.WebApi.VssHttpClientBase.SendAsync(HttpRequestMessage message, HttpCompletionOption completionOption, Object userState, CancellationToken cancellationToken)
   at GitHub.Services.WebApi.VssHttpClientBase.SendAsync[T](HttpRequestMessage message, Object userState, CancellationToken cancellationToken)
   at GitHub.Services.Location.Client.LocationHttpClient.GetConnectionDataAsync(ConnectOptions connectOptions, Int64 lastChangeId, CancellationToken cancellationToken, Object userState)
   at GitHub.Services.WebApi.Location.VssServerDataProvider.GetConnectionDataAsync(ConnectOptions connectOptions, Int32 lastChangeId, CancellationToken cancellationToken)
   at GitHub.Services.WebApi.Location.VssServerDataProvider.ConnectAsync(ConnectOptions connectOptions, CancellationToken cancellationToken)
   at GitHub.Runner.Common.RunnerService.EstablishVssConnection(Uri serverUrl, VssCredentials credentials, TimeSpan timeout)
[2025-10-09 03:43:47Z INFO GitHubActionsService] Starting operation Location.GetConnectionData
[2025-10-09 03:43:47Z INFO GitHubActionsService] Starting operation Location.GetConnectionData
[2025-10-09 03:43:47Z INFO GitHubActionsService] Starting operation Location.GetConnectionData
[2025-10-09 03:43:48Z ERR  GitHubActionsService] GET request to https://pipelinesghubeus6.actions.githubusercontent.com/hKyNd5hzQTjPqVOxuFp9CyJ2tMUr8ytJJ9FfsFju3bqhBGI0lq/_apis/connectionData?connectOptions=1&lastChangeId=258625537&lastChangeId64=258625537 failed. HTTP Status: NotFound
[2025-10-09 03:43:48Z INFO GitHubActionsService] Finished operation Location.GetConnectionData
[2025-10-09 03:43:48Z INFO RunnerServer] Catch exception during connect. 1 attempt left.
[2025-10-09 03:43:48Z ERR  RunnerServer] GitHub.Services.WebApi.VssServiceResponseException: The resource cannot be found.
   at GitHub.Services.WebApi.VssHttpClientBase.HandleResponseAsync(HttpResponseMessage response, CancellationToken cancellationToken)
   at GitHub.Services.WebApi.VssHttpClientBase.SendAsync(HttpRequestMessage message, HttpCompletionOption completionOption, Object userState, CancellationToken cancellationToken)
   at GitHub.Services.WebApi.VssHttpClientBase.SendAsync[T](HttpRequestMessage message, Object userState, CancellationToken cancellationToken)
   at GitHub.Services.Location.Client.LocationHttpClient.GetConnectionDataAsync(ConnectOptions connectOptions, Int64 lastChangeId, CancellationToken cancellationToken, Object userState)
   at GitHub.Services.WebApi.Location.VssServerDataProvider.GetConnectionDataAsync(ConnectOptions connectOptions, Int32 lastChangeId, CancellationToken cancellationToken)
   at GitHub.Services.WebApi.Location.VssServerDataProvider.ConnectAsync(ConnectOptions connectOptions, CancellationToken cancellationToken)
   at GitHub.Runner.Common.RunnerService.EstablishVssConnection(Uri serverUrl, VssCredentials credentials, TimeSpan timeout)
[2025-10-09 03:43:48Z ERR  GitHubActionsService] GET request to https://pipelinesghubeus6.actions.githubusercontent.com/hKyNd5hzQTjPqVOxuFp9CyJ2tMUr8ytJJ9FfsFju3bqhBGI0lq/_apis/connectionData?connectOptions=1&lastChangeId=258625537&lastChangeId64=258625537 failed. HTTP Status: NotFound
[2025-10-09 03:43:48Z INFO GitHubActionsService] Finished operation Location.GetConnectionData
[2025-10-09 03:43:48Z INFO RunnerServer] Catch exception during connect. 1 attempt left.
[2025-10-09 03:43:48Z ERR  GitHubActionsService] GET request to https://pipelinesghubeus6.actions.githubusercontent.com/hKyNd5hzQTjPqVOxuFp9CyJ2tMUr8ytJJ9FfsFju3bqhBGI0lq/_apis/connectionData?connectOptions=1&lastChangeId=258625537&lastChangeId64=258625537 failed. HTTP Status: NotFound
[2025-10-09 03:43:48Z INFO GitHubActionsService] Finished operation Location.GetConnectionData
[2025-10-09 03:43:48Z INFO RunnerServer] Catch exception during connect. 1 attempt left.
[2025-10-09 03:43:48Z ERR  RunnerServer] GitHub.Services.WebApi.VssServiceResponseException: The resource cannot be found.
   at GitHub.Services.WebApi.VssHttpClientBase.HandleResponseAsync(HttpResponseMessage response, CancellationToken cancellationToken)
   at GitHub.Services.WebApi.VssHttpClientBase.SendAsync(HttpRequestMessage message, HttpCompletionOption completionOption, Object userState, CancellationToken cancellationToken)
   at GitHub.Services.WebApi.VssHttpClientBase.SendAsync[T](HttpRequestMessage message, Object userState, CancellationToken cancellationToken)
   at GitHub.Services.Location.Client.LocationHttpClient.GetConnectionDataAsync(ConnectOptions connectOptions, Int64 lastChangeId, CancellationToken cancellationToken, Object userState)
   at GitHub.Services.WebApi.Location.VssServerDataProvider.GetConnectionDataAsync(ConnectOptions connectOptions, Int32 lastChangeId, CancellationToken cancellationToken)
   at GitHub.Services.WebApi.Location.VssServerDataProvider.ConnectAsync(ConnectOptions connectOptions, CancellationToken cancellationToken)
   at GitHub.Runner.Common.RunnerService.EstablishVssConnection(Uri serverUrl, VssCredentials credentials, TimeSpan timeout)
[2025-10-09 03:43:48Z ERR  RunnerServer] GitHub.Services.WebApi.VssServiceResponseException: The resource cannot be found.
   at GitHub.Services.WebApi.VssHttpClientBase.HandleResponseAsync(HttpResponseMessage response, CancellationToken cancellationToken)
   at GitHub.Services.WebApi.VssHttpClientBase.SendAsync(HttpRequestMessage message, HttpCompletionOption completionOption, Object userState, CancellationToken cancellationToken)
   at GitHub.Services.WebApi.VssHttpClientBase.SendAsync[T](HttpRequestMessage message, Object userState, CancellationToken cancellationToken)
   at GitHub.Services.Location.Client.LocationHttpClient.GetConnectionDataAsync(ConnectOptions connectOptions, Int64 lastChangeId, CancellationToken cancellationToken, Object userState)
   at GitHub.Services.WebApi.Location.VssServerDataProvider.GetConnectionDataAsync(ConnectOptions connectOptions, Int32 lastChangeId, CancellationToken cancellationToken)
   at GitHub.Services.WebApi.Location.VssServerDataProvider.ConnectAsync(ConnectOptions connectOptions, CancellationToken cancellationToken)
   at GitHub.Runner.Common.RunnerService.EstablishVssConnection(Uri serverUrl, VssCredentials credentials, TimeSpan timeout)
[2025-10-09 03:43:48Z INFO GitHubActionsService] Starting operation Location.GetConnectionData
[2025-10-09 03:43:48Z INFO GitHubActionsService] Starting operation Location.GetConnectionData
[2025-10-09 03:43:48Z INFO GitHubActionsService] Starting operation Location.GetConnectionData
[2025-10-09 03:43:49Z ERR  GitHubActionsService] GET request to https://pipelinesghubeus6.actions.githubusercontent.com/hKyNd5hzQTjPqVOxuFp9CyJ2tMUr8ytJJ9FfsFju3bqhBGI0lq/_apis/connectionData?connectOptions=1&lastChangeId=258625537&lastChangeId64=258625537 failed. HTTP Status: NotFound
[2025-10-09 03:43:49Z ERR  GitHubActionsService] GET request to https://pipelinesghubeus6.actions.githubusercontent.com/hKyNd5hzQTjPqVOxuFp9CyJ2tMUr8ytJJ9FfsFju3bqhBGI0lq/_apis/connectionData?connectOptions=1&lastChangeId=258625537&lastChangeId64=258625537 failed. HTTP Status: NotFound
[2025-10-09 03:43:49Z INFO GitHubActionsService] Finished operation Location.GetConnectionData
[2025-10-09 03:43:49Z INFO GitHubActionsService] Finished operation Location.GetConnectionData
[2025-10-09 03:43:49Z ERR  GitHubActionsService] GET request to https://pipelinesghubeus6.actions.githubusercontent.com/hKyNd5hzQTjPqVOxuFp9CyJ2tMUr8ytJJ9FfsFju3bqhBGI0lq/_apis/connectionData?connectOptions=1&lastChangeId=258625537&lastChangeId64=258625537 failed. HTTP Status: NotFound
[2025-10-09 03:43:49Z INFO GitHubActionsService] Finished operation Location.GetConnectionData
[2025-10-09 03:43:49Z ERR  BrokerMessageListener] Catch exception during create session.
[2025-10-09 03:43:49Z ERR  BrokerMessageListener] GitHub.Services.WebApi.VssServiceResponseException: The resource cannot be found.
   at GitHub.Services.WebApi.VssHttpClientBase.HandleResponseAsync(HttpResponseMessage response, CancellationToken cancellationToken)
   at GitHub.Services.WebApi.VssHttpClientBase.SendAsync(HttpRequestMessage message, HttpCompletionOption completionOption, Object userState, CancellationToken cancellationToken)
   at GitHub.Services.WebApi.VssHttpClientBase.SendAsync[T](HttpRequestMessage message, Object userState, CancellationToken cancellationToken)
   at GitHub.Services.Location.Client.LocationHttpClient.GetConnectionDataAsync(ConnectOptions connectOptions, Int64 lastChangeId, CancellationToken cancellationToken, Object userState)
   at GitHub.Services.WebApi.Location.VssServerDataProvider.GetConnectionDataAsync(ConnectOptions connectOptions, Int32 lastChangeId, CancellationToken cancellationToken)
   at GitHub.Services.WebApi.Location.VssServerDataProvider.ConnectAsync(ConnectOptions connectOptions, CancellationToken cancellationToken)
   at GitHub.Runner.Common.RunnerService.EstablishVssConnection(Uri serverUrl, VssCredentials credentials, TimeSpan timeout)
   at GitHub.Runner.Common.RunnerServer.ConnectAsync(Uri serverUrl, VssCredentials credentials)
   at GitHub.Runner.Listener.BrokerMessageListener.CreateSessionAsync(CancellationToken token)
[2025-10-09 03:43:49Z INFO BrokerMessageListener] Retriable exception: The resource cannot be found.
[2025-10-09 03:43:49Z INFO BrokerMessageListener] Sleeping for 30 seconds before retrying.
[2025-10-09 03:44:19Z INFO BrokerMessageListener] Attempt to create session.
[2025-10-09 03:44:19Z INFO BrokerMessageListener] Connecting to the Broker Server...
[2025-10-09 03:44:19Z INFO ConfigurationStore] HasCredentials()
[2025-10-09 03:44:19Z INFO ConfigurationStore] stored True
[2025-10-09 03:44:19Z INFO CredentialManager] GetCredentialProvider
[2025-10-09 03:44:19Z INFO CredentialManager] Creating type OAuth
[2025-10-09 03:44:19Z INFO CredentialManager] Creating credential type: OAuth
[2025-10-09 03:44:19Z INFO RSAEncryptedFileKeyManager] Loading RSA key parameters from file G:\Brunella\actions-runner\.credentials_rsaparams
[2025-10-09 03:44:19Z INFO BrokerMessageListener] VssConnection created
[2025-10-09 03:44:19Z INFO BrokerMessageListener] Connecting to the Runner server...
[2025-10-09 03:44:19Z INFO RunnerServer] EstablishVssConnection
[2025-10-09 03:44:19Z INFO RunnerServer] Establish connection with 100 seconds timeout.
[2025-10-09 03:44:19Z INFO GitHubActionsService] Starting operation Location.GetConnectionData
[2025-10-09 03:44:19Z INFO RunnerServer] EstablishVssConnection
[2025-10-09 03:44:19Z INFO RunnerServer] Establish connection with 60 seconds timeout.
[2025-10-09 03:44:19Z INFO GitHubActionsService] Starting operation Location.GetConnectionData
[2025-10-09 03:44:19Z INFO RunnerServer] EstablishVssConnection
[2025-10-09 03:44:19Z INFO RunnerServer] Establish connection with 60 seconds timeout.
[2025-10-09 03:44:19Z INFO GitHubActionsService] Starting operation Location.GetConnectionData
[2025-10-09 03:44:19Z ERR  GitHubActionsService] GET request to https://pipelinesghubeus6.actions.githubusercontent.com/hKyNd5hzQTjPqVOxuFp9CyJ2tMUr8ytJJ9FfsFju3bqhBGI0lq/_apis/connectionData?connectOptions=1&lastChangeId=258625537&lastChangeId64=258625537 failed. HTTP Status: NotFound
[2025-10-09 03:44:19Z ERR  GitHubActionsService] GET request to https://pipelinesghubeus6.actions.githubusercontent.com/hKyNd5hzQTjPqVOxuFp9CyJ2tMUr8ytJJ9FfsFju3bqhBGI0lq/_apis/connectionData?connectOptions=1&lastChangeId=258625537&lastChangeId64=258625537 failed. HTTP Status: NotFound
[2025-10-09 03:44:19Z INFO GitHubActionsService] Finished operation Location.GetConnectionData
[2025-10-09 03:44:19Z INFO GitHubActionsService] Finished operation Location.GetConnectionData
[2025-10-09 03:44:19Z INFO RunnerServer] Catch exception during connect. 4 attempt left.
[2025-10-09 03:44:19Z INFO RunnerServer] Catch exception during connect. 4 attempt left.
[2025-10-09 03:44:19Z ERR  RunnerServer] GitHub.Services.WebApi.VssServiceResponseException: The resource cannot be found.
   at GitHub.Services.WebApi.VssHttpClientBase.HandleResponseAsync(HttpResponseMessage response, CancellationToken cancellationToken)
   at GitHub.Services.WebApi.VssHttpClientBase.SendAsync(HttpRequestMessage message, HttpCompletionOption completionOption, Object userState, CancellationToken cancellationToken)
   at GitHub.Services.WebApi.VssHttpClientBase.SendAsync[T](HttpRequestMessage message, Object userState, CancellationToken cancellationToken)
   at GitHub.Services.Location.Client.LocationHttpClient.GetConnectionDataAsync(ConnectOptions connectOptions, Int64 lastChangeId, CancellationToken cancellationToken, Object userState)
   at GitHub.Services.WebApi.Location.VssServerDataProvider.GetConnectionDataAsync(ConnectOptions connectOptions, Int32 lastChangeId, CancellationToken cancellationToken)
   at GitHub.Services.WebApi.Location.VssServerDataProvider.ConnectAsync(ConnectOptions connectOptions, CancellationToken cancellationToken)
   at GitHub.Runner.Common.RunnerService.EstablishVssConnection(Uri serverUrl, VssCredentials credentials, TimeSpan timeout)
[2025-10-09 03:44:19Z ERR  RunnerServer] GitHub.Services.WebApi.VssServiceResponseException: The resource cannot be found.
   at GitHub.Services.WebApi.VssHttpClientBase.HandleResponseAsync(HttpResponseMessage response, CancellationToken cancellationToken)
   at GitHub.Services.WebApi.VssHttpClientBase.SendAsync(HttpRequestMessage message, HttpCompletionOption completionOption, Object userState, CancellationToken cancellationToken)
   at GitHub.Services.WebApi.VssHttpClientBase.SendAsync[T](HttpRequestMessage message, Object userState, CancellationToken cancellationToken)
   at GitHub.Services.Location.Client.LocationHttpClient.GetConnectionDataAsync(ConnectOptions connectOptions, Int64 lastChangeId, CancellationToken cancellationToken, Object userState)
   at GitHub.Services.WebApi.Location.VssServerDataProvider.GetConnectionDataAsync(ConnectOptions connectOptions, Int32 lastChangeId, CancellationToken cancellationToken)
   at GitHub.Services.WebApi.Location.VssServerDataProvider.ConnectAsync(ConnectOptions connectOptions, CancellationToken cancellationToken)
   at GitHub.Runner.Common.RunnerService.EstablishVssConnection(Uri serverUrl, VssCredentials credentials, TimeSpan timeout)
[2025-10-09 03:44:19Z INFO GitHubActionsService] Starting operation Location.GetConnectionData
[2025-10-09 03:44:19Z INFO GitHubActionsService] Starting operation Location.GetConnectionData
[2025-10-09 03:44:19Z ERR  GitHubActionsService] GET request to https://pipelinesghubeus6.actions.githubusercontent.com/hKyNd5hzQTjPqVOxuFp9CyJ2tMUr8ytJJ9FfsFju3bqhBGI0lq/_apis/connectionData?connectOptions=1&lastChangeId=258625537&lastChangeId64=258625537 failed. HTTP Status: NotFound
[2025-10-09 03:44:19Z INFO GitHubActionsService] Finished operation Location.GetConnectionData
[2025-10-09 03:44:19Z INFO RunnerServer] Catch exception during connect. 4 attempt left.
[2025-10-09 03:44:19Z ERR  RunnerServer] GitHub.Services.WebApi.VssServiceResponseException: The resource cannot be found.
   at GitHub.Services.WebApi.VssHttpClientBase.HandleResponseAsync(HttpResponseMessage response, CancellationToken cancellationToken)
   at GitHub.Services.WebApi.VssHttpClientBase.SendAsync(HttpRequestMessage message, HttpCompletionOption completionOption, Object userState, CancellationToken cancellationToken)
   at GitHub.Services.WebApi.VssHttpClientBase.SendAsync[T](HttpRequestMessage message, Object userState, CancellationToken cancellationToken)
   at GitHub.Services.Location.Client.LocationHttpClient.GetConnectionDataAsync(ConnectOptions connectOptions, Int64 lastChangeId, CancellationToken cancellationToken, Object userState)
   at GitHub.Services.WebApi.Location.VssServerDataProvider.GetConnectionDataAsync(ConnectOptions connectOptions, Int32 lastChangeId, CancellationToken cancellationToken)
   at GitHub.Services.WebApi.Location.VssServerDataProvider.ConnectAsync(ConnectOptions connectOptions, CancellationToken cancellationToken)
   at GitHub.Runner.Common.RunnerService.EstablishVssConnection(Uri serverUrl, VssCredentials credentials, TimeSpan timeout)
[2025-10-09 03:44:20Z INFO GitHubActionsService] Starting operation Location.GetConnectionData
[2025-10-09 03:44:20Z ERR  GitHubActionsService] GET request to https://pipelinesghubeus6.actions.githubusercontent.com/hKyNd5hzQTjPqVOxuFp9CyJ2tMUr8ytJJ9FfsFju3bqhBGI0lq/_apis/connectionData?connectOptions=1&lastChangeId=258625537&lastChangeId64=258625537 failed. HTTP Status: NotFound
[2025-10-09 03:44:20Z INFO GitHubActionsService] Finished operation Location.GetConnectionData
[2025-10-09 03:44:20Z INFO RunnerServer] Catch exception during connect. 3 attempt left.
[2025-10-09 03:44:20Z ERR  RunnerServer] GitHub.Services.WebApi.VssServiceResponseException: The resource cannot be found.
   at GitHub.Services.WebApi.VssHttpClientBase.HandleResponseAsync(HttpResponseMessage response, CancellationToken cancellationToken)
   at GitHub.Services.WebApi.VssHttpClientBase.SendAsync(HttpRequestMessage message, HttpCompletionOption completionOption, Object userState, CancellationToken cancellationToken)
   at GitHub.Services.WebApi.VssHttpClientBase.SendAsync[T](HttpRequestMessage message, Object userState, CancellationToken cancellationToken)
   at GitHub.Services.Location.Client.LocationHttpClient.GetConnectionDataAsync(ConnectOptions connectOptions, Int64 lastChangeId, CancellationToken cancellationToken, Object userState)
   at GitHub.Services.WebApi.Location.VssServerDataProvider.GetConnectionDataAsync(ConnectOptions connectOptions, Int32 lastChangeId, CancellationToken cancellationToken)
   at GitHub.Services.WebApi.Location.VssServerDataProvider.ConnectAsync(ConnectOptions connectOptions, CancellationToken cancellationToken)
   at GitHub.Runner.Common.RunnerService.EstablishVssConnection(Uri serverUrl, VssCredentials credentials, TimeSpan timeout)
[2025-10-09 03:44:20Z ERR  GitHubActionsService] GET request to https://pipelinesghubeus6.actions.githubusercontent.com/hKyNd5hzQTjPqVOxuFp9CyJ2tMUr8ytJJ9FfsFju3bqhBGI0lq/_apis/connectionData?connectOptions=1&lastChangeId=258625537&lastChangeId64=258625537 failed. HTTP Status: NotFound
[2025-10-09 03:44:20Z INFO GitHubActionsService] Finished operation Location.GetConnectionData
[2025-10-09 03:44:20Z INFO RunnerServer] Catch exception during connect. 3 attempt left.
[2025-10-09 03:44:20Z ERR  RunnerServer] GitHub.Services.WebApi.VssServiceResponseException: The resource cannot be found.
   at GitHub.Services.WebApi.VssHttpClientBase.HandleResponseAsync(HttpResponseMessage response, CancellationToken cancellationToken)
   at GitHub.Services.WebApi.VssHttpClientBase.SendAsync(HttpRequestMessage message, HttpCompletionOption completionOption, Object userState, CancellationToken cancellationToken)
   at GitHub.Services.WebApi.VssHttpClientBase.SendAsync[T](HttpRequestMessage message, Object userState, CancellationToken cancellationToken)
   at GitHub.Services.Location.Client.LocationHttpClient.GetConnectionDataAsync(ConnectOptions connectOptions, Int64 lastChangeId, CancellationToken cancellationToken, Object userState)
   at GitHub.Services.WebApi.Location.VssServerDataProvider.GetConnectionDataAsync(ConnectOptions connectOptions, Int32 lastChangeId, CancellationToken cancellationToken)
   at GitHub.Services.WebApi.Location.VssServerDataProvider.ConnectAsync(ConnectOptions connectOptions, CancellationToken cancellationToken)
   at GitHub.Runner.Common.RunnerService.EstablishVssConnection(Uri serverUrl, VssCredentials credentials, TimeSpan timeout)
[2025-10-09 03:44:20Z INFO GitHubActionsService] Starting operation Location.GetConnectionData
[2025-10-09 03:44:20Z ERR  GitHubActionsService] GET request to https://pipelinesghubeus6.actions.githubusercontent.com/hKyNd5hzQTjPqVOxuFp9CyJ2tMUr8ytJJ9FfsFju3bqhBGI0lq/_apis/connectionData?connectOptions=1&lastChangeId=258625537&lastChangeId64=258625537 failed. HTTP Status: NotFound
[2025-10-09 03:44:20Z INFO GitHubActionsService] Finished operation Location.GetConnectionData
[2025-10-09 03:44:20Z INFO RunnerServer] Catch exception during connect. 3 attempt left.
[2025-10-09 03:44:20Z ERR  RunnerServer] GitHub.Services.WebApi.VssServiceResponseException: The resource cannot be found.
   at GitHub.Services.WebApi.VssHttpClientBase.HandleResponseAsync(HttpResponseMessage response, CancellationToken cancellationToken)
   at GitHub.Services.WebApi.VssHttpClientBase.SendAsync(HttpRequestMessage message, HttpCompletionOption completionOption, Object userState, CancellationToken cancellationToken)
   at GitHub.Services.WebApi.VssHttpClientBase.SendAsync[T](HttpRequestMessage message, Object userState, CancellationToken cancellationToken)
   at GitHub.Services.Location.Client.LocationHttpClient.GetConnectionDataAsync(ConnectOptions connectOptions, Int64 lastChangeId, CancellationToken cancellationToken, Object userState)
   at GitHub.Services.WebApi.Location.VssServerDataProvider.GetConnectionDataAsync(ConnectOptions connectOptions, Int32 lastChangeId, CancellationToken cancellationToken)
   at GitHub.Services.WebApi.Location.VssServerDataProvider.ConnectAsync(ConnectOptions connectOptions, CancellationToken cancellationToken)
   at GitHub.Runner.Common.RunnerService.EstablishVssConnection(Uri serverUrl, VssCredentials credentials, TimeSpan timeout)
[2025-10-09 03:44:20Z INFO GitHubActionsService] Starting operation Location.GetConnectionData
[2025-10-09 03:44:20Z INFO GitHubActionsService] Starting operation Location.GetConnectionData
[2025-10-09 03:44:21Z ERR  GitHubActionsService] GET request to https://pipelinesghubeus6.actions.githubusercontent.com/hKyNd5hzQTjPqVOxuFp9CyJ2tMUr8ytJJ9FfsFju3bqhBGI0lq/_apis/connectionData?connectOptions=1&lastChangeId=258625537&lastChangeId64=258625537 failed. HTTP Status: NotFound
[2025-10-09 03:44:21Z INFO GitHubActionsService] Finished operation Location.GetConnectionData
[2025-10-09 03:44:21Z INFO RunnerServer] Catch exception during connect. 2 attempt left.
[2025-10-09 03:44:21Z ERR  RunnerServer] GitHub.Services.WebApi.VssServiceResponseException: The resource cannot be found.
   at GitHub.Services.WebApi.VssHttpClientBase.HandleResponseAsync(HttpResponseMessage response, CancellationToken cancellationToken)
   at GitHub.Services.WebApi.VssHttpClientBase.SendAsync(HttpRequestMessage message, HttpCompletionOption completionOption, Object userState, CancellationToken cancellationToken)
   at GitHub.Services.WebApi.VssHttpClientBase.SendAsync[T](HttpRequestMessage message, Object userState, CancellationToken cancellationToken)
   at GitHub.Services.Location.Client.LocationHttpClient.GetConnectionDataAsync(ConnectOptions connectOptions, Int64 lastChangeId, CancellationToken cancellationToken, Object userState)
   at GitHub.Services.WebApi.Location.VssServerDataProvider.GetConnectionDataAsync(ConnectOptions connectOptions, Int32 lastChangeId, CancellationToken cancellationToken)
   at GitHub.Services.WebApi.Location.VssServerDataProvider.ConnectAsync(ConnectOptions connectOptions, CancellationToken cancellationToken)
   at GitHub.Runner.Common.RunnerService.EstablishVssConnection(Uri serverUrl, VssCredentials credentials, TimeSpan timeout)
[2025-10-09 03:44:21Z ERR  GitHubActionsService] GET request to https://pipelinesghubeus6.actions.githubusercontent.com/hKyNd5hzQTjPqVOxuFp9CyJ2tMUr8ytJJ9FfsFju3bqhBGI0lq/_apis/connectionData?connectOptions=1&lastChangeId=258625537&lastChangeId64=258625537 failed. HTTP Status: NotFound
[2025-10-09 03:44:21Z INFO GitHubActionsService] Finished operation Location.GetConnectionData
[2025-10-09 03:44:21Z INFO RunnerServer] Catch exception during connect. 2 attempt left.
[2025-10-09 03:44:21Z ERR  RunnerServer] GitHub.Services.WebApi.VssServiceResponseException: The resource cannot be found.
   at GitHub.Services.WebApi.VssHttpClientBase.HandleResponseAsync(HttpResponseMessage response, CancellationToken cancellationToken)
   at GitHub.Services.WebApi.VssHttpClientBase.SendAsync(HttpRequestMessage message, HttpCompletionOption completionOption, Object userState, CancellationToken cancellationToken)
   at GitHub.Services.WebApi.VssHttpClientBase.SendAsync[T](HttpRequestMessage message, Object userState, CancellationToken cancellationToken)
   at GitHub.Services.Location.Client.LocationHttpClient.GetConnectionDataAsync(ConnectOptions connectOptions, Int64 lastChangeId, CancellationToken cancellationToken, Object userState)
   at GitHub.Services.WebApi.Location.VssServerDataProvider.GetConnectionDataAsync(ConnectOptions connectOptions, Int32 lastChangeId, CancellationToken cancellationToken)
   at GitHub.Services.WebApi.Location.VssServerDataProvider.ConnectAsync(ConnectOptions connectOptions, CancellationToken cancellationToken)
   at GitHub.Runner.Common.RunnerService.EstablishVssConnection(Uri serverUrl, VssCredentials credentials, TimeSpan timeout)
[2025-10-09 03:44:21Z INFO GitHubActionsService] Starting operation Location.GetConnectionData
[2025-10-09 03:44:21Z ERR  GitHubActionsService] GET request to https://pipelinesghubeus6.actions.githubusercontent.com/hKyNd5hzQTjPqVOxuFp9CyJ2tMUr8ytJJ9FfsFju3bqhBGI0lq/_apis/connectionData?connectOptions=1&lastChangeId=258625537&lastChangeId64=258625537 failed. HTTP Status: NotFound
[2025-10-09 03:44:21Z INFO GitHubActionsService] Finished operation Location.GetConnectionData
[2025-10-09 03:44:21Z INFO RunnerServer] Catch exception during connect. 2 attempt left.
[2025-10-09 03:44:21Z ERR  RunnerServer] GitHub.Services.WebApi.VssServiceResponseException: The resource cannot be found.
   at GitHub.Services.WebApi.VssHttpClientBase.HandleResponseAsync(HttpResponseMessage response, CancellationToken cancellationToken)
   at GitHub.Services.WebApi.VssHttpClientBase.SendAsync(HttpRequestMessage message, HttpCompletionOption completionOption, Object userState, CancellationToken cancellationToken)
   at GitHub.Services.WebApi.VssHttpClientBase.SendAsync[T](HttpRequestMessage message, Object userState, CancellationToken cancellationToken)
   at GitHub.Services.Location.Client.LocationHttpClient.GetConnectionDataAsync(ConnectOptions connectOptions, Int64 lastChangeId, CancellationToken cancellationToken, Object userState)
   at GitHub.Services.WebApi.Location.VssServerDataProvider.GetConnectionDataAsync(ConnectOptions connectOptions, Int32 lastChangeId, CancellationToken cancellationToken)
   at GitHub.Services.WebApi.Location.VssServerDataProvider.ConnectAsync(ConnectOptions connectOptions, CancellationToken cancellationToken)
   at GitHub.Runner.Common.RunnerService.EstablishVssConnection(Uri serverUrl, VssCredentials credentials, TimeSpan timeout)
[2025-10-09 03:44:21Z INFO GitHubActionsService] Starting operation Location.GetConnectionData
[2025-10-09 03:44:21Z INFO GitHubActionsService] Starting operation Location.GetConnectionData
[2025-10-09 03:44:22Z ERR  GitHubActionsService] GET request to https://pipelinesghubeus6.actions.githubusercontent.com/hKyNd5hzQTjPqVOxuFp9CyJ2tMUr8ytJJ9FfsFju3bqhBGI0lq/_apis/connectionData?connectOptions=1&lastChangeId=258625537&lastChangeId64=258625537 failed. HTTP Status: NotFound
[2025-10-09 03:44:22Z INFO GitHubActionsService] Finished operation Location.GetConnectionData
[2025-10-09 03:44:22Z INFO RunnerServer] Catch exception during connect. 1 attempt left.
[2025-10-09 03:44:22Z ERR  RunnerServer] GitHub.Services.WebApi.VssServiceResponseException: The resource cannot be found.
   at GitHub.Services.WebApi.VssHttpClientBase.HandleResponseAsync(HttpResponseMessage response, CancellationToken cancellationToken)
   at GitHub.Services.WebApi.VssHttpClientBase.SendAsync(HttpRequestMessage message, HttpCompletionOption completionOption, Object userState, CancellationToken cancellationToken)
   at GitHub.Services.WebApi.VssHttpClientBase.SendAsync[T](HttpRequestMessage message, Object userState, CancellationToken cancellationToken)
   at GitHub.Services.Location.Client.LocationHttpClient.GetConnectionDataAsync(ConnectOptions connectOptions, Int64 lastChangeId, CancellationToken cancellationToken, Object userState)
   at GitHub.Services.WebApi.Location.VssServerDataProvider.GetConnectionDataAsync(ConnectOptions connectOptions, Int32 lastChangeId, CancellationToken cancellationToken)
   at GitHub.Services.WebApi.Location.VssServerDataProvider.ConnectAsync(ConnectOptions connectOptions, CancellationToken cancellationToken)
   at GitHub.Runner.Common.RunnerService.EstablishVssConnection(Uri serverUrl, VssCredentials credentials, TimeSpan timeout)
[2025-10-09 03:44:22Z ERR  GitHubActionsService] GET request to https://pipelinesghubeus6.actions.githubusercontent.com/hKyNd5hzQTjPqVOxuFp9CyJ2tMUr8ytJJ9FfsFju3bqhBGI0lq/_apis/connectionData?connectOptions=1&lastChangeId=258625537&lastChangeId64=258625537 failed. HTTP Status: NotFound
[2025-10-09 03:44:22Z INFO GitHubActionsService] Finished operation Location.GetConnectionData
[2025-10-09 03:44:22Z INFO RunnerServer] Catch exception during connect. 1 attempt left.
[2025-10-09 03:44:22Z ERR  RunnerServer] GitHub.Services.WebApi.VssServiceResponseException: The resource cannot be found.
   at GitHub.Services.WebApi.VssHttpClientBase.HandleResponseAsync(HttpResponseMessage response, CancellationToken cancellationToken)
   at GitHub.Services.WebApi.VssHttpClientBase.SendAsync(HttpRequestMessage message, HttpCompletionOption completionOption, Object userState, CancellationToken cancellationToken)
   at GitHub.Services.WebApi.VssHttpClientBase.SendAsync[T](HttpRequestMessage message, Object userState, CancellationToken cancellationToken)
   at GitHub.Services.Location.Client.LocationHttpClient.GetConnectionDataAsync(ConnectOptions connectOptions, Int64 lastChangeId, CancellationToken cancellationToken, Object userState)
   at GitHub.Services.WebApi.Location.VssServerDataProvider.GetConnectionDataAsync(ConnectOptions connectOptions, Int32 lastChangeId, CancellationToken cancellationToken)
   at GitHub.Services.WebApi.Location.VssServerDataProvider.ConnectAsync(ConnectOptions connectOptions, CancellationToken cancellationToken)
   at GitHub.Runner.Common.RunnerService.EstablishVssConnection(Uri serverUrl, VssCredentials credentials, TimeSpan timeout)
[2025-10-09 03:44:22Z INFO GitHubActionsService] Starting operation Location.GetConnectionData
[2025-10-09 03:44:22Z ERR  GitHubActionsService] GET request to https://pipelinesghubeus6.actions.githubusercontent.com/hKyNd5hzQTjPqVOxuFp9CyJ2tMUr8ytJJ9FfsFju3bqhBGI0lq/_apis/connectionData?connectOptions=1&lastChangeId=258625537&lastChangeId64=258625537 failed. HTTP Status: NotFound
[2025-10-09 03:44:22Z INFO GitHubActionsService] Finished operation Location.GetConnectionData
[2025-10-09 03:44:22Z INFO RunnerServer] Catch exception during connect. 1 attempt left.
[2025-10-09 03:44:22Z ERR  RunnerServer] GitHub.Services.WebApi.VssServiceResponseException: The resource cannot be found.
   at GitHub.Services.WebApi.VssHttpClientBase.HandleResponseAsync(HttpResponseMessage response, CancellationToken cancellationToken)
   at GitHub.Services.WebApi.VssHttpClientBase.SendAsync(HttpRequestMessage message, HttpCompletionOption completionOption, Object userState, CancellationToken cancellationToken)
   at GitHub.Services.WebApi.VssHttpClientBase.SendAsync[T](HttpRequestMessage message, Object userState, CancellationToken cancellationToken)
   at GitHub.Services.Location.Client.LocationHttpClient.GetConnectionDataAsync(ConnectOptions connectOptions, Int64 lastChangeId, CancellationToken cancellationToken, Object userState)
   at GitHub.Services.WebApi.Location.VssServerDataProvider.GetConnectionDataAsync(ConnectOptions connectOptions, Int32 lastChangeId, CancellationToken cancellationToken)
   at GitHub.Services.WebApi.Location.VssServerDataProvider.ConnectAsync(ConnectOptions connectOptions, CancellationToken cancellationToken)
   at GitHub.Runner.Common.RunnerService.EstablishVssConnection(Uri serverUrl, VssCredentials credentials, TimeSpan timeout)
[2025-10-09 03:44:22Z INFO GitHubActionsService] Starting operation Location.GetConnectionData
[2025-10-09 03:44:22Z INFO GitHubActionsService] Starting operation Location.GetConnectionData
[2025-10-09 03:44:22Z ERR  GitHubActionsService] GET request to https://pipelinesghubeus6.actions.githubusercontent.com/hKyNd5hzQTjPqVOxuFp9CyJ2tMUr8ytJJ9FfsFju3bqhBGI0lq/_apis/connectionData?connectOptions=1&lastChangeId=258625537&lastChangeId64=258625537 failed. HTTP Status: NotFound
[2025-10-09 03:44:22Z INFO GitHubActionsService] Finished operation Location.GetConnectionData
[2025-10-09 03:44:22Z ERR  GitHubActionsService] GET request to https://pipelinesghubeus6.actions.githubusercontent.com/hKyNd5hzQTjPqVOxuFp9CyJ2tMUr8ytJJ9FfsFju3bqhBGI0lq/_apis/connectionData?connectOptions=1&lastChangeId=258625537&lastChangeId64=258625537 failed. HTTP Status: NotFound
[2025-10-09 03:44:22Z INFO GitHubActionsService] Finished operation Location.GetConnectionData
[2025-10-09 03:44:22Z ERR  GitHubActionsService] GET request to https://pipelinesghubeus6.actions.githubusercontent.com/hKyNd5hzQTjPqVOxuFp9CyJ2tMUr8ytJJ9FfsFju3bqhBGI0lq/_apis/connectionData?connectOptions=1&lastChangeId=258625537&lastChangeId64=258625537 failed. HTTP Status: NotFound
[2025-10-09 03:44:22Z INFO GitHubActionsService] Finished operation Location.GetConnectionData
[2025-10-09 03:44:22Z ERR  BrokerMessageListener] Catch exception during create session.
[2025-10-09 03:44:22Z ERR  BrokerMessageListener] GitHub.Services.WebApi.VssServiceResponseException: The resource cannot be found.
   at GitHub.Services.WebApi.VssHttpClientBase.HandleResponseAsync(HttpResponseMessage response, CancellationToken cancellationToken)
   at GitHub.Services.WebApi.VssHttpClientBase.SendAsync(HttpRequestMessage message, HttpCompletionOption completionOption, Object userState, CancellationToken cancellationToken)
   at GitHub.Services.WebApi.VssHttpClientBase.SendAsync[T](HttpRequestMessage message, Object userState, CancellationToken cancellationToken)
   at GitHub.Services.Location.Client.LocationHttpClient.GetConnectionDataAsync(ConnectOptions connectOptions, Int64 lastChangeId, CancellationToken cancellationToken, Object userState)
   at GitHub.Services.WebApi.Location.VssServerDataProvider.GetConnectionDataAsync(ConnectOptions connectOptions, Int32 lastChangeId, CancellationToken cancellationToken)
   at GitHub.Services.WebApi.Location.VssServerDataProvider.ConnectAsync(ConnectOptions connectOptions, CancellationToken cancellationToken)
   at GitHub.Runner.Common.RunnerService.EstablishVssConnection(Uri serverUrl, VssCredentials credentials, TimeSpan timeout)
   at GitHub.Runner.Common.RunnerServer.ConnectAsync(Uri serverUrl, VssCredentials credentials)
   at GitHub.Runner.Listener.BrokerMessageListener.CreateSessionAsync(CancellationToken token)
[2025-10-09 03:44:22Z INFO BrokerMessageListener] Retriable exception: The resource cannot be found.
[2025-10-09 03:44:22Z INFO BrokerMessageListener] Sleeping for 30 seconds before retrying.
[2025-10-09 03:44:52Z INFO BrokerMessageListener] Attempt to create session.
[2025-10-09 03:44:52Z INFO BrokerMessageListener] Connecting to the Broker Server...
[2025-10-09 03:44:52Z INFO ConfigurationStore] HasCredentials()
[2025-10-09 03:44:52Z INFO ConfigurationStore] stored True
[2025-10-09 03:44:52Z INFO CredentialManager] GetCredentialProvider
[2025-10-09 03:44:52Z INFO CredentialManager] Creating type OAuth
[2025-10-09 03:44:52Z INFO CredentialManager] Creating credential type: OAuth
[2025-10-09 03:44:52Z INFO RSAEncryptedFileKeyManager] Loading RSA key parameters from file G:\Brunella\actions-runner\.credentials_rsaparams
[2025-10-09 03:44:52Z INFO BrokerMessageListener] VssConnection created
[2025-10-09 03:44:52Z INFO BrokerMessageListener] Connecting to the Runner server...
[2025-10-09 03:44:52Z INFO RunnerServer] EstablishVssConnection
[2025-10-09 03:44:52Z INFO RunnerServer] Establish connection with 100 seconds timeout.
[2025-10-09 03:44:52Z INFO GitHubActionsService] Starting operation Location.GetConnectionData
[2025-10-09 03:44:52Z INFO RunnerServer] EstablishVssConnection
[2025-10-09 03:44:52Z INFO RunnerServer] Establish connection with 60 seconds timeout.
[2025-10-09 03:44:52Z INFO GitHubActionsService] Starting operation Location.GetConnectionData
[2025-10-09 03:44:52Z INFO RunnerServer] EstablishVssConnection
[2025-10-09 03:44:52Z INFO RunnerServer] Establish connection with 60 seconds timeout.
[2025-10-09 03:44:52Z INFO GitHubActionsService] Starting operation Location.GetConnectionData
[2025-10-09 03:44:53Z ERR  GitHubActionsService] GET request to https://pipelinesghubeus6.actions.githubusercontent.com/hKyNd5hzQTjPqVOxuFp9CyJ2tMUr8ytJJ9FfsFju3bqhBGI0lq/_apis/connectionData?connectOptions=1&lastChangeId=258625537&lastChangeId64=258625537 failed. HTTP Status: NotFound
[2025-10-09 03:44:53Z INFO GitHubActionsService] Finished operation Location.GetConnectionData
[2025-10-09 03:44:53Z INFO RunnerServer] Catch exception during connect. 4 attempt left.
[2025-10-09 03:44:53Z ERR  RunnerServer] GitHub.Services.WebApi.VssServiceResponseException: The resource cannot be found.
   at GitHub.Services.WebApi.VssHttpClientBase.HandleResponseAsync(HttpResponseMessage response, CancellationToken cancellationToken)
   at GitHub.Services.WebApi.VssHttpClientBase.SendAsync(HttpRequestMessage message, HttpCompletionOption completionOption, Object userState, CancellationToken cancellationToken)
   at GitHub.Services.WebApi.VssHttpClientBase.SendAsync[T](HttpRequestMessage message, Object userState, CancellationToken cancellationToken)
   at GitHub.Services.Location.Client.LocationHttpClient.GetConnectionDataAsync(ConnectOptions connectOptions, Int64 lastChangeId, CancellationToken cancellationToken, Object userState)
   at GitHub.Services.WebApi.Location.VssServerDataProvider.GetConnectionDataAsync(ConnectOptions connectOptions, Int32 lastChangeId, CancellationToken cancellationToken)
   at GitHub.Services.WebApi.Location.VssServerDataProvider.ConnectAsync(ConnectOptions connectOptions, CancellationToken cancellationToken)
   at GitHub.Runner.Common.RunnerService.EstablishVssConnection(Uri serverUrl, VssCredentials credentials, TimeSpan timeout)
[2025-10-09 03:44:53Z ERR  GitHubActionsService] GET request to https://pipelinesghubeus6.actions.githubusercontent.com/hKyNd5hzQTjPqVOxuFp9CyJ2tMUr8ytJJ9FfsFju3bqhBGI0lq/_apis/connectionData?connectOptions=1&lastChangeId=258625537&lastChangeId64=258625537 failed. HTTP Status: NotFound
[2025-10-09 03:44:53Z INFO GitHubActionsService] Finished operation Location.GetConnectionData
[2025-10-09 03:44:53Z INFO RunnerServer] Catch exception during connect. 4 attempt left.
[2025-10-09 03:44:53Z ERR  RunnerServer] GitHub.Services.WebApi.VssServiceResponseException: The resource cannot be found.
   at GitHub.Services.WebApi.VssHttpClientBase.HandleResponseAsync(HttpResponseMessage response, CancellationToken cancellationToken)
   at GitHub.Services.WebApi.VssHttpClientBase.SendAsync(HttpRequestMessage message, HttpCompletionOption completionOption, Object userState, CancellationToken cancellationToken)
   at GitHub.Services.WebApi.VssHttpClientBase.SendAsync[T](HttpRequestMessage message, Object userState, CancellationToken cancellationToken)
   at GitHub.Services.Location.Client.LocationHttpClient.GetConnectionDataAsync(ConnectOptions connectOptions, Int64 lastChangeId, CancellationToken cancellationToken, Object userState)
   at GitHub.Services.WebApi.Location.VssServerDataProvider.GetConnectionDataAsync(ConnectOptions connectOptions, Int32 lastChangeId, CancellationToken cancellationToken)
   at GitHub.Services.WebApi.Location.VssServerDataProvider.ConnectAsync(ConnectOptions connectOptions, CancellationToken cancellationToken)
   at GitHub.Runner.Common.RunnerService.EstablishVssConnection(Uri serverUrl, VssCredentials credentials, TimeSpan timeout)
[2025-10-09 03:44:53Z ERR  GitHubActionsService] GET request to https://pipelinesghubeus6.actions.githubusercontent.com/hKyNd5hzQTjPqVOxuFp9CyJ2tMUr8ytJJ9FfsFju3bqhBGI0lq/_apis/connectionData?connectOptions=1&lastChangeId=258625537&lastChangeId64=258625537 failed. HTTP Status: NotFound
[2025-10-09 03:44:53Z INFO GitHubActionsService] Finished operation Location.GetConnectionData
[2025-10-09 03:44:53Z INFO RunnerServer] Catch exception during connect. 4 attempt left.
[2025-10-09 03:44:53Z ERR  RunnerServer] GitHub.Services.WebApi.VssServiceResponseException: The resource cannot be found.
   at GitHub.Services.WebApi.VssHttpClientBase.HandleResponseAsync(HttpResponseMessage response, CancellationToken cancellationToken)
   at GitHub.Services.WebApi.VssHttpClientBase.SendAsync(HttpRequestMessage message, HttpCompletionOption completionOption, Object userState, CancellationToken cancellationToken)
   at GitHub.Services.WebApi.VssHttpClientBase.SendAsync[T](HttpRequestMessage message, Object userState, CancellationToken cancellationToken)
   at GitHub.Services.Location.Client.LocationHttpClient.GetConnectionDataAsync(ConnectOptions connectOptions, Int64 lastChangeId, CancellationToken cancellationToken, Object userState)
   at GitHub.Services.WebApi.Location.VssServerDataProvider.GetConnectionDataAsync(ConnectOptions connectOptions, Int32 lastChangeId, CancellationToken cancellationToken)
   at GitHub.Services.WebApi.Location.VssServerDataProvider.ConnectAsync(ConnectOptions connectOptions, CancellationToken cancellationToken)
   at GitHub.Runner.Common.RunnerService.EstablishVssConnection(Uri serverUrl, VssCredentials credentials, TimeSpan timeout)
[2025-10-09 03:44:53Z INFO GitHubActionsService] Starting operation Location.GetConnectionData
[2025-10-09 03:44:53Z INFO GitHubActionsService] Starting operation Location.GetConnectionData
[2025-10-09 03:44:53Z INFO GitHubActionsService] Starting operation Location.GetConnectionData
[2025-10-09 03:44:54Z ERR  GitHubActionsService] GET request to https://pipelinesghubeus6.actions.githubusercontent.com/hKyNd5hzQTjPqVOxuFp9CyJ2tMUr8ytJJ9FfsFju3bqhBGI0lq/_apis/connectionData?connectOptions=1&lastChangeId=258625537&lastChangeId64=258625537 failed. HTTP Status: NotFound
[2025-10-09 03:44:54Z INFO GitHubActionsService] Finished operation Location.GetConnectionData
[2025-10-09 03:44:54Z INFO RunnerServer] Catch exception during connect. 3 attempt left.
[2025-10-09 03:44:54Z ERR  RunnerServer] GitHub.Services.WebApi.VssServiceResponseException: The resource cannot be found.
   at GitHub.Services.WebApi.VssHttpClientBase.HandleResponseAsync(HttpResponseMessage response, CancellationToken cancellationToken)
   at GitHub.Services.WebApi.VssHttpClientBase.SendAsync(HttpRequestMessage message, HttpCompletionOption completionOption, Object userState, CancellationToken cancellationToken)
   at GitHub.Services.WebApi.VssHttpClientBase.SendAsync[T](HttpRequestMessage message, Object userState, CancellationToken cancellationToken)
   at GitHub.Services.Location.Client.LocationHttpClient.GetConnectionDataAsync(ConnectOptions connectOptions, Int64 lastChangeId, CancellationToken cancellationToken, Object userState)
   at GitHub.Services.WebApi.Location.VssServerDataProvider.GetConnectionDataAsync(ConnectOptions connectOptions, Int32 lastChangeId, CancellationToken cancellationToken)
   at GitHub.Services.WebApi.Location.VssServerDataProvider.ConnectAsync(ConnectOptions connectOptions, CancellationToken cancellationToken)
   at GitHub.Runner.Common.RunnerService.EstablishVssConnection(Uri serverUrl, VssCredentials credentials, TimeSpan timeout)
[2025-10-09 03:44:54Z INFO GitHubActionsService] Starting operation Location.GetConnectionData
[2025-10-09 03:44:54Z ERR  GitHubActionsService] GET request to https://pipelinesghubeus6.actions.githubusercontent.com/hKyNd5hzQTjPqVOxuFp9CyJ2tMUr8ytJJ9FfsFju3bqhBGI0lq/_apis/connectionData?connectOptions=1&lastChangeId=258625537&lastChangeId64=258625537 failed. HTTP Status: NotFound
[2025-10-09 03:44:54Z INFO GitHubActionsService] Finished operation Location.GetConnectionData
[2025-10-09 03:44:54Z INFO RunnerServer] Catch exception during connect. 3 attempt left.
[2025-10-09 03:44:54Z ERR  RunnerServer] GitHub.Services.WebApi.VssServiceResponseException: The resource cannot be found.
   at GitHub.Services.WebApi.VssHttpClientBase.HandleResponseAsync(HttpResponseMessage response, CancellationToken cancellationToken)
   at GitHub.Services.WebApi.VssHttpClientBase.SendAsync(HttpRequestMessage message, HttpCompletionOption completionOption, Object userState, CancellationToken cancellationToken)
   at GitHub.Services.WebApi.VssHttpClientBase.SendAsync[T](HttpRequestMessage message, Object userState, CancellationToken cancellationToken)
   at GitHub.Services.Location.Client.LocationHttpClient.GetConnectionDataAsync(ConnectOptions connectOptions, Int64 lastChangeId, CancellationToken cancellationToken, Object userState)
   at GitHub.Services.WebApi.Location.VssServerDataProvider.GetConnectionDataAsync(ConnectOptions connectOptions, Int32 lastChangeId, CancellationToken cancellationToken)
   at GitHub.Services.WebApi.Location.VssServerDataProvider.ConnectAsync(ConnectOptions connectOptions, CancellationToken cancellationToken)
   at GitHub.Runner.Common.RunnerService.EstablishVssConnection(Uri serverUrl, VssCredentials credentials, TimeSpan timeout)
[2025-10-09 03:44:54Z ERR  GitHubActionsService] GET request to https://pipelinesghubeus6.actions.githubusercontent.com/hKyNd5hzQTjPqVOxuFp9CyJ2tMUr8ytJJ9FfsFju3bqhBGI0lq/_apis/connectionData?connectOptions=1&lastChangeId=258625537&lastChangeId64=258625537 failed. HTTP Status: NotFound
[2025-10-09 03:44:54Z INFO GitHubActionsService] Finished operation Location.GetConnectionData
[2025-10-09 03:44:54Z INFO RunnerServer] Catch exception during connect. 3 attempt left.
[2025-10-09 03:44:54Z ERR  RunnerServer] GitHub.Services.WebApi.VssServiceResponseException: The resource cannot be found.
   at GitHub.Services.WebApi.VssHttpClientBase.HandleResponseAsync(HttpResponseMessage response, CancellationToken cancellationToken)
   at GitHub.Services.WebApi.VssHttpClientBase.SendAsync(HttpRequestMessage message, HttpCompletionOption completionOption, Object userState, CancellationToken cancellationToken)
   at GitHub.Services.WebApi.VssHttpClientBase.SendAsync[T](HttpRequestMessage message, Object userState, CancellationToken cancellationToken)
   at GitHub.Services.Location.Client.LocationHttpClient.GetConnectionDataAsync(ConnectOptions connectOptions, Int64 lastChangeId, CancellationToken cancellationToken, Object userState)
   at GitHub.Services.WebApi.Location.VssServerDataProvider.GetConnectionDataAsync(ConnectOptions connectOptions, Int32 lastChangeId, CancellationToken cancellationToken)
   at GitHub.Services.WebApi.Location.VssServerDataProvider.ConnectAsync(ConnectOptions connectOptions, CancellationToken cancellationToken)
   at GitHub.Runner.Common.RunnerService.EstablishVssConnection(Uri serverUrl, VssCredentials credentials, TimeSpan timeout)
[2025-10-09 03:44:54Z INFO GitHubActionsService] Starting operation Location.GetConnectionData
[2025-10-09 03:44:54Z INFO GitHubActionsService] Starting operation Location.GetConnectionData
[2025-10-09 03:44:55Z ERR  GitHubActionsService] GET request to https://pipelinesghubeus6.actions.githubusercontent.com/hKyNd5hzQTjPqVOxuFp9CyJ2tMUr8ytJJ9FfsFju3bqhBGI0lq/_apis/connectionData?connectOptions=1&lastChangeId=258625537&lastChangeId64=258625537 failed. HTTP Status: NotFound
[2025-10-09 03:44:55Z INFO GitHubActionsService] Finished operation Location.GetConnectionData
[2025-10-09 03:44:55Z INFO RunnerServer] Catch exception during connect. 2 attempt left.
[2025-10-09 03:44:55Z ERR  RunnerServer] GitHub.Services.WebApi.VssServiceResponseException: The resource cannot be found.
   at GitHub.Services.WebApi.VssHttpClientBase.HandleResponseAsync(HttpResponseMessage response, CancellationToken cancellationToken)
   at GitHub.Services.WebApi.VssHttpClientBase.SendAsync(HttpRequestMessage message, HttpCompletionOption completionOption, Object userState, CancellationToken cancellationToken)
   at GitHub.Services.WebApi.VssHttpClientBase.SendAsync[T](HttpRequestMessage message, Object userState, CancellationToken cancellationToken)
   at GitHub.Services.Location.Client.LocationHttpClient.GetConnectionDataAsync(ConnectOptions connectOptions, Int64 lastChangeId, CancellationToken cancellationToken, Object userState)
   at GitHub.Services.WebApi.Location.VssServerDataProvider.GetConnectionDataAsync(ConnectOptions connectOptions, Int32 lastChangeId, CancellationToken cancellationToken)
   at GitHub.Services.WebApi.Location.VssServerDataProvider.ConnectAsync(ConnectOptions connectOptions, CancellationToken cancellationToken)
   at GitHub.Runner.Common.RunnerService.EstablishVssConnection(Uri serverUrl, VssCredentials credentials, TimeSpan timeout)
[2025-10-09 03:44:55Z ERR  GitHubActionsService] GET request to https://pipelinesghubeus6.actions.githubusercontent.com/hKyNd5hzQTjPqVOxuFp9CyJ2tMUr8ytJJ9FfsFju3bqhBGI0lq/_apis/connectionData?connectOptions=1&lastChangeId=258625537&lastChangeId64=258625537 failed. HTTP Status: NotFound
[2025-10-09 03:44:55Z INFO GitHubActionsService] Finished operation Location.GetConnectionData
[2025-10-09 03:44:55Z INFO RunnerServer] Catch exception during connect. 2 attempt left.
[2025-10-09 03:44:55Z ERR  RunnerServer] GitHub.Services.WebApi.VssServiceResponseException: The resource cannot be found.
   at GitHub.Services.WebApi.VssHttpClientBase.HandleResponseAsync(HttpResponseMessage response, CancellationToken cancellationToken)
   at GitHub.Services.WebApi.VssHttpClientBase.SendAsync(HttpRequestMessage message, HttpCompletionOption completionOption, Object userState, CancellationToken cancellationToken)
   at GitHub.Services.WebApi.VssHttpClientBase.SendAsync[T](HttpRequestMessage message, Object userState, CancellationToken cancellationToken)
   at GitHub.Services.Location.Client.LocationHttpClient.GetConnectionDataAsync(ConnectOptions connectOptions, Int64 lastChangeId, CancellationToken cancellationToken, Object userState)
   at GitHub.Services.WebApi.Location.VssServerDataProvider.GetConnectionDataAsync(ConnectOptions connectOptions, Int32 lastChangeId, CancellationToken cancellationToken)
   at GitHub.Services.WebApi.Location.VssServerDataProvider.ConnectAsync(ConnectOptions connectOptions, CancellationToken cancellationToken)
   at GitHub.Runner.Common.RunnerService.EstablishVssConnection(Uri serverUrl, VssCredentials credentials, TimeSpan timeout)
[2025-10-09 03:44:55Z ERR  GitHubActionsService] GET request to https://pipelinesghubeus6.actions.githubusercontent.com/hKyNd5hzQTjPqVOxuFp9CyJ2tMUr8ytJJ9FfsFju3bqhBGI0lq/_apis/connectionData?connectOptions=1&lastChangeId=258625537&lastChangeId64=258625537 failed. HTTP Status: NotFound
[2025-10-09 03:44:55Z INFO GitHubActionsService] Finished operation Location.GetConnectionData
[2025-10-09 03:44:55Z INFO RunnerServer] Catch exception during connect. 2 attempt left.
[2025-10-09 03:44:55Z ERR  RunnerServer] GitHub.Services.WebApi.VssServiceResponseException: The resource cannot be found.
   at GitHub.Services.WebApi.VssHttpClientBase.HandleResponseAsync(HttpResponseMessage response, CancellationToken cancellationToken)
   at GitHub.Services.WebApi.VssHttpClientBase.SendAsync(HttpRequestMessage message, HttpCompletionOption completionOption, Object userState, CancellationToken cancellationToken)
   at GitHub.Services.WebApi.VssHttpClientBase.SendAsync[T](HttpRequestMessage message, Object userState, CancellationToken cancellationToken)
   at GitHub.Services.Location.Client.LocationHttpClient.GetConnectionDataAsync(ConnectOptions connectOptions, Int64 lastChangeId, CancellationToken cancellationToken, Object userState)
   at GitHub.Services.WebApi.Location.VssServerDataProvider.GetConnectionDataAsync(ConnectOptions connectOptions, Int32 lastChangeId, CancellationToken cancellationToken)
   at GitHub.Services.WebApi.Location.VssServerDataProvider.ConnectAsync(ConnectOptions connectOptions, CancellationToken cancellationToken)
   at GitHub.Runner.Common.RunnerService.EstablishVssConnection(Uri serverUrl, VssCredentials credentials, TimeSpan timeout)
[2025-10-09 03:44:55Z INFO GitHubActionsService] Starting operation Location.GetConnectionData
[2025-10-09 03:44:55Z INFO GitHubActionsService] Starting operation Location.GetConnectionData
[2025-10-09 03:44:55Z INFO GitHubActionsService] Starting operation Location.GetConnectionData
[2025-10-09 03:44:55Z ERR  GitHubActionsService] GET request to https://pipelinesghubeus6.actions.githubusercontent.com/hKyNd5hzQTjPqVOxuFp9CyJ2tMUr8ytJJ9FfsFju3bqhBGI0lq/_apis/connectionData?connectOptions=1&lastChangeId=258625537&lastChangeId64=258625537 failed. HTTP Status: NotFound
[2025-10-09 03:44:55Z INFO GitHubActionsService] Finished operation Location.GetConnectionData
[2025-10-09 03:44:55Z INFO RunnerServer] Catch exception during connect. 1 attempt left.
[2025-10-09 03:44:55Z ERR  RunnerServer] GitHub.Services.WebApi.VssServiceResponseException: The resource cannot be found.
   at GitHub.Services.WebApi.VssHttpClientBase.HandleResponseAsync(HttpResponseMessage response, CancellationToken cancellationToken)
   at GitHub.Services.WebApi.VssHttpClientBase.SendAsync(HttpRequestMessage message, HttpCompletionOption completionOption, Object userState, CancellationToken cancellationToken)
   at GitHub.Services.WebApi.VssHttpClientBase.SendAsync[T](HttpRequestMessage message, Object userState, CancellationToken cancellationToken)
   at GitHub.Services.Location.Client.LocationHttpClient.GetConnectionDataAsync(ConnectOptions connectOptions, Int64 lastChangeId, CancellationToken cancellationToken, Object userState)
   at GitHub.Services.WebApi.Location.VssServerDataProvider.GetConnectionDataAsync(ConnectOptions connectOptions, Int32 lastChangeId, CancellationToken cancellationToken)
   at GitHub.Services.WebApi.Location.VssServerDataProvider.ConnectAsync(ConnectOptions connectOptions, CancellationToken cancellationToken)
   at GitHub.Runner.Common.RunnerService.EstablishVssConnection(Uri serverUrl, VssCredentials credentials, TimeSpan timeout)
[2025-10-09 03:44:55Z ERR  GitHubActionsService] GET request to https://pipelinesghubeus6.actions.githubusercontent.com/hKyNd5hzQTjPqVOxuFp9CyJ2tMUr8ytJJ9FfsFju3bqhBGI0lq/_apis/connectionData?connectOptions=1&lastChangeId=258625537&lastChangeId64=258625537 failed. HTTP Status: NotFound
[2025-10-09 03:44:55Z INFO GitHubActionsService] Finished operation Location.GetConnectionData
[2025-10-09 03:44:55Z INFO RunnerServer] Catch exception during connect. 1 attempt left.
[2025-10-09 03:44:55Z ERR  RunnerServer] GitHub.Services.WebApi.VssServiceResponseException: The resource cannot be found.
   at GitHub.Services.WebApi.VssHttpClientBase.HandleResponseAsync(HttpResponseMessage response, CancellationToken cancellationToken)
   at GitHub.Services.WebApi.VssHttpClientBase.SendAsync(HttpRequestMessage message, HttpCompletionOption completionOption, Object userState, CancellationToken cancellationToken)
   at GitHub.Services.WebApi.VssHttpClientBase.SendAsync[T](HttpRequestMessage message, Object userState, CancellationToken cancellationToken)
   at GitHub.Services.Location.Client.LocationHttpClient.GetConnectionDataAsync(ConnectOptions connectOptions, Int64 lastChangeId, CancellationToken cancellationToken, Object userState)
   at GitHub.Services.WebApi.Location.VssServerDataProvider.GetConnectionDataAsync(ConnectOptions connectOptions, Int32 lastChangeId, CancellationToken cancellationToken)
   at GitHub.Services.WebApi.Location.VssServerDataProvider.ConnectAsync(ConnectOptions connectOptions, CancellationToken cancellationToken)
   at GitHub.Runner.Common.RunnerService.EstablishVssConnection(Uri serverUrl, VssCredentials credentials, TimeSpan timeout)
[2025-10-09 03:44:55Z ERR  GitHubActionsService] GET request to https://pipelinesghubeus6.actions.githubusercontent.com/hKyNd5hzQTjPqVOxuFp9CyJ2tMUr8ytJJ9FfsFju3bqhBGI0lq/_apis/connectionData?connectOptions=1&lastChangeId=258625537&lastChangeId64=258625537 failed. HTTP Status: NotFound
[2025-10-09 03:44:55Z INFO GitHubActionsService] Finished operation Location.GetConnectionData
[2025-10-09 03:44:55Z INFO RunnerServer] Catch exception during connect. 1 attempt left.
[2025-10-09 03:44:55Z ERR  RunnerServer] GitHub.Services.WebApi.VssServiceResponseException: The resource cannot be found.
   at GitHub.Services.WebApi.VssHttpClientBase.HandleResponseAsync(HttpResponseMessage response, CancellationToken cancellationToken)
   at GitHub.Services.WebApi.VssHttpClientBase.SendAsync(HttpRequestMessage message, HttpCompletionOption completionOption, Object userState, CancellationToken cancellationToken)
   at GitHub.Services.WebApi.VssHttpClientBase.SendAsync[T](HttpRequestMessage message, Object userState, CancellationToken cancellationToken)
   at GitHub.Services.Location.Client.LocationHttpClient.GetConnectionDataAsync(ConnectOptions connectOptions, Int64 lastChangeId, CancellationToken cancellationToken, Object userState)
   at GitHub.Services.WebApi.Location.VssServerDataProvider.GetConnectionDataAsync(ConnectOptions connectOptions, Int32 lastChangeId, CancellationToken cancellationToken)
   at GitHub.Services.WebApi.Location.VssServerDataProvider.ConnectAsync(ConnectOptions connectOptions, CancellationToken cancellationToken)
   at GitHub.Runner.Common.RunnerService.EstablishVssConnection(Uri serverUrl, VssCredentials credentials, TimeSpan timeout)
[2025-10-09 03:44:55Z INFO GitHubActionsService] Starting operation Location.GetConnectionData
[2025-10-09 03:44:55Z INFO GitHubActionsService] Starting operation Location.GetConnectionData
[2025-10-09 03:44:55Z INFO GitHubActionsService] Starting operation Location.GetConnectionData
[2025-10-09 03:44:56Z ERR  GitHubActionsService] GET request to https://pipelinesghubeus6.actions.githubusercontent.com/hKyNd5hzQTjPqVOxuFp9CyJ2tMUr8ytJJ9FfsFju3bqhBGI0lq/_apis/connectionData?connectOptions=1&lastChangeId=258625537&lastChangeId64=258625537 failed. HTTP Status: NotFound
[2025-10-09 03:44:56Z INFO GitHubActionsService] Finished operation Location.GetConnectionData
[2025-10-09 03:44:56Z ERR  GitHubActionsService] GET request to https://pipelinesghubeus6.actions.githubusercontent.com/hKyNd5hzQTjPqVOxuFp9CyJ2tMUr8ytJJ9FfsFju3bqhBGI0lq/_apis/connectionData?connectOptions=1&lastChangeId=258625537&lastChangeId64=258625537 failed. HTTP Status: NotFound
[2025-10-09 03:44:56Z INFO GitHubActionsService] Finished operation Location.GetConnectionData
[2025-10-09 03:44:56Z ERR  GitHubActionsService] GET request to https://pipelinesghubeus6.actions.githubusercontent.com/hKyNd5hzQTjPqVOxuFp9CyJ2tMUr8ytJJ9FfsFju3bqhBGI0lq/_apis/connectionData?connectOptions=1&lastChangeId=258625537&lastChangeId64=258625537 failed. HTTP Status: NotFound
[2025-10-09 03:44:56Z INFO GitHubActionsService] Finished operation Location.GetConnectionData
[2025-10-09 03:44:56Z ERR  BrokerMessageListener] Catch exception during create session.
[2025-10-09 03:44:56Z ERR  BrokerMessageListener] GitHub.Services.WebApi.VssServiceResponseException: The resource cannot be found.
   at GitHub.Services.WebApi.VssHttpClientBase.HandleResponseAsync(HttpResponseMessage response, CancellationToken cancellationToken)
   at GitHub.Services.WebApi.VssHttpClientBase.SendAsync(HttpRequestMessage message, HttpCompletionOption completionOption, Object userState, CancellationToken cancellationToken)
   at GitHub.Services.WebApi.VssHttpClientBase.SendAsync[T](HttpRequestMessage message, Object userState, CancellationToken cancellationToken)
   at GitHub.Services.Location.Client.LocationHttpClient.GetConnectionDataAsync(ConnectOptions connectOptions, Int64 lastChangeId, CancellationToken cancellationToken, Object userState)
   at GitHub.Services.WebApi.Location.VssServerDataProvider.GetConnectionDataAsync(ConnectOptions connectOptions, Int32 lastChangeId, CancellationToken cancellationToken)
   at GitHub.Services.WebApi.Location.VssServerDataProvider.ConnectAsync(ConnectOptions connectOptions, CancellationToken cancellationToken)
   at GitHub.Runner.Common.RunnerService.EstablishVssConnection(Uri serverUrl, VssCredentials credentials, TimeSpan timeout)
   at GitHub.Runner.Common.RunnerServer.ConnectAsync(Uri serverUrl, VssCredentials credentials)
   at GitHub.Runner.Listener.BrokerMessageListener.CreateSessionAsync(CancellationToken token)
[2025-10-09 03:44:56Z INFO BrokerMessageListener] Retriable exception: The resource cannot be found.
[2025-10-09 03:44:56Z INFO BrokerMessageListener] Sleeping for 30 seconds before retrying.
[2025-10-09 03:45:26Z INFO BrokerMessageListener] Attempt to create session.
[2025-10-09 03:45:26Z INFO BrokerMessageListener] Connecting to the Broker Server...
[2025-10-09 03:45:26Z INFO ConfigurationStore] HasCredentials()
[2025-10-09 03:45:26Z INFO ConfigurationStore] stored True
[2025-10-09 03:45:26Z INFO CredentialManager] GetCredentialProvider
[2025-10-09 03:45:26Z INFO CredentialManager] Creating type OAuth
[2025-10-09 03:45:26Z INFO CredentialManager] Creating credential type: OAuth
[2025-10-09 03:45:26Z INFO RSAEncryptedFileKeyManager] Loading RSA key parameters from file G:\Brunella\actions-runner\.credentials_rsaparams
[2025-10-09 03:45:26Z INFO BrokerMessageListener] VssConnection created
[2025-10-09 03:45:26Z INFO BrokerMessageListener] Connecting to the Runner server...
[2025-10-09 03:45:26Z INFO RunnerServer] EstablishVssConnection
[2025-10-09 03:45:26Z INFO RunnerServer] Establish connection with 100 seconds timeout.
[2025-10-09 03:45:26Z INFO GitHubActionsService] Starting operation Location.GetConnectionData
[2025-10-09 03:45:26Z INFO RunnerServer] EstablishVssConnection
[2025-10-09 03:45:26Z INFO RunnerServer] Establish connection with 60 seconds timeout.
[2025-10-09 03:45:26Z INFO GitHubActionsService] Starting operation Location.GetConnectionData
[2025-10-09 03:45:26Z INFO RunnerServer] EstablishVssConnection
[2025-10-09 03:45:26Z INFO RunnerServer] Establish connection with 60 seconds timeout.
[2025-10-09 03:45:26Z INFO GitHubActionsService] Starting operation Location.GetConnectionData
[2025-10-09 03:45:27Z ERR  GitHubActionsService] GET request to https://pipelinesghubeus6.actions.githubusercontent.com/hKyNd5hzQTjPqVOxuFp9CyJ2tMUr8ytJJ9FfsFju3bqhBGI0lq/_apis/connectionData?connectOptions=1&lastChangeId=258625537&lastChangeId64=258625537 failed. HTTP Status: NotFound
[2025-10-09 03:45:27Z INFO GitHubActionsService] Finished operation Location.GetConnectionData
[2025-10-09 03:45:27Z INFO RunnerServer] Catch exception during connect. 4 attempt left.
[2025-10-09 03:45:27Z ERR  RunnerServer] GitHub.Services.WebApi.VssServiceResponseException: The resource cannot be found.
   at GitHub.Services.WebApi.VssHttpClientBase.HandleResponseAsync(HttpResponseMessage response, CancellationToken cancellationToken)
   at GitHub.Services.WebApi.VssHttpClientBase.SendAsync(HttpRequestMessage message, HttpCompletionOption completionOption, Object userState, CancellationToken cancellationToken)
   at GitHub.Services.WebApi.VssHttpClientBase.SendAsync[T](HttpRequestMessage message, Object userState, CancellationToken cancellationToken)
   at GitHub.Services.Location.Client.LocationHttpClient.GetConnectionDataAsync(ConnectOptions connectOptions, Int64 lastChangeId, CancellationToken cancellationToken, Object userState)
   at GitHub.Services.WebApi.Location.VssServerDataProvider.GetConnectionDataAsync(ConnectOptions connectOptions, Int32 lastChangeId, CancellationToken cancellationToken)
   at GitHub.Services.WebApi.Location.VssServerDataProvider.ConnectAsync(ConnectOptions connectOptions, CancellationToken cancellationToken)
   at GitHub.Runner.Common.RunnerService.EstablishVssConnection(Uri serverUrl, VssCredentials credentials, TimeSpan timeout)
[2025-10-09 03:45:27Z ERR  GitHubActionsService] GET request to https://pipelinesghubeus6.actions.githubusercontent.com/hKyNd5hzQTjPqVOxuFp9CyJ2tMUr8ytJJ9FfsFju3bqhBGI0lq/_apis/connectionData?connectOptions=1&lastChangeId=258625537&lastChangeId64=258625537 failed. HTTP Status: NotFound
[2025-10-09 03:45:27Z INFO GitHubActionsService] Finished operation Location.GetConnectionData
[2025-10-09 03:45:27Z ERR  GitHubActionsService] GET request to https://pipelinesghubeus6.actions.githubusercontent.com/hKyNd5hzQTjPqVOxuFp9CyJ2tMUr8ytJJ9FfsFju3bqhBGI0lq/_apis/connectionData?connectOptions=1&lastChangeId=258625537&lastChangeId64=258625537 failed. HTTP Status: NotFound
[2025-10-09 03:45:27Z INFO RunnerServer] Catch exception during connect. 4 attempt left.
[2025-10-09 03:45:27Z INFO GitHubActionsService] Finished operation Location.GetConnectionData
[2025-10-09 03:45:27Z INFO RunnerServer] Catch exception during connect. 4 attempt left.
[2025-10-09 03:45:27Z ERR  RunnerServer] GitHub.Services.WebApi.VssServiceResponseException: The resource cannot be found.
   at GitHub.Services.WebApi.VssHttpClientBase.HandleResponseAsync(HttpResponseMessage response, CancellationToken cancellationToken)
   at GitHub.Services.WebApi.VssHttpClientBase.SendAsync(HttpRequestMessage message, HttpCompletionOption completionOption, Object userState, CancellationToken cancellationToken)
   at GitHub.Services.WebApi.VssHttpClientBase.SendAsync[T](HttpRequestMessage message, Object userState, CancellationToken cancellationToken)
   at GitHub.Services.Location.Client.LocationHttpClient.GetConnectionDataAsync(ConnectOptions connectOptions, Int64 lastChangeId, CancellationToken cancellationToken, Object userState)
   at GitHub.Services.WebApi.Location.VssServerDataProvider.GetConnectionDataAsync(ConnectOptions connectOptions, Int32 lastChangeId, CancellationToken cancellationToken)
   at GitHub.Services.WebApi.Location.VssServerDataProvider.ConnectAsync(ConnectOptions connectOptions, CancellationToken cancellationToken)
   at GitHub.Runner.Common.RunnerService.EstablishVssConnection(Uri serverUrl, VssCredentials credentials, TimeSpan timeout)
[2025-10-09 03:45:27Z ERR  RunnerServer] GitHub.Services.WebApi.VssServiceResponseException: The resource cannot be found.
   at GitHub.Services.WebApi.VssHttpClientBase.HandleResponseAsync(HttpResponseMessage response, CancellationToken cancellationToken)
   at GitHub.Services.WebApi.VssHttpClientBase.SendAsync(HttpRequestMessage message, HttpCompletionOption completionOption, Object userState, CancellationToken cancellationToken)
   at GitHub.Services.WebApi.VssHttpClientBase.SendAsync[T](HttpRequestMessage message, Object userState, CancellationToken cancellationToken)
   at GitHub.Services.Location.Client.LocationHttpClient.GetConnectionDataAsync(ConnectOptions connectOptions, Int64 lastChangeId, CancellationToken cancellationToken, Object userState)
   at GitHub.Services.WebApi.Location.VssServerDataProvider.GetConnectionDataAsync(ConnectOptions connectOptions, Int32 lastChangeId, CancellationToken cancellationToken)
   at GitHub.Services.WebApi.Location.VssServerDataProvider.ConnectAsync(ConnectOptions connectOptions, CancellationToken cancellationToken)
   at GitHub.Runner.Common.RunnerService.EstablishVssConnection(Uri serverUrl, VssCredentials credentials, TimeSpan timeout)
[2025-10-09 03:45:27Z INFO GitHubActionsService] Starting operation Location.GetConnectionData
[2025-10-09 03:45:27Z INFO GitHubActionsService] Starting operation Location.GetConnectionData
[2025-10-09 03:45:27Z INFO GitHubActionsService] Starting operation Location.GetConnectionData
[2025-10-09 03:45:27Z ERR  GitHubActionsService] GET request to https://pipelinesghubeus6.actions.githubusercontent.com/hKyNd5hzQTjPqVOxuFp9CyJ2tMUr8ytJJ9FfsFju3bqhBGI0lq/_apis/connectionData?connectOptions=1&lastChangeId=258625537&lastChangeId64=258625537 failed. HTTP Status: NotFound
[2025-10-09 03:45:27Z INFO GitHubActionsService] Finished operation Location.GetConnectionData
[2025-10-09 03:45:27Z INFO RunnerServer] Catch exception during connect. 3 attempt left.
[2025-10-09 03:45:27Z ERR  RunnerServer] GitHub.Services.WebApi.VssServiceResponseException: The resource cannot be found.
   at GitHub.Services.WebApi.VssHttpClientBase.HandleResponseAsync(HttpResponseMessage response, CancellationToken cancellationToken)
   at GitHub.Services.WebApi.VssHttpClientBase.SendAsync(HttpRequestMessage message, HttpCompletionOption completionOption, Object userState, CancellationToken cancellationToken)
   at GitHub.Services.WebApi.VssHttpClientBase.SendAsync[T](HttpRequestMessage message, Object userState, CancellationToken cancellationToken)
   at GitHub.Services.Location.Client.LocationHttpClient.GetConnectionDataAsync(ConnectOptions connectOptions, Int64 lastChangeId, CancellationToken cancellationToken, Object userState)
   at GitHub.Services.WebApi.Location.VssServerDataProvider.GetConnectionDataAsync(ConnectOptions connectOptions, Int32 lastChangeId, CancellationToken cancellationToken)
   at GitHub.Services.WebApi.Location.VssServerDataProvider.ConnectAsync(ConnectOptions connectOptions, CancellationToken cancellationToken)
   at GitHub.Runner.Common.RunnerService.EstablishVssConnection(Uri serverUrl, VssCredentials credentials, TimeSpan timeout)
[2025-10-09 03:45:28Z ERR  GitHubActionsService] GET request to https://pipelinesghubeus6.actions.githubusercontent.com/hKyNd5hzQTjPqVOxuFp9CyJ2tMUr8ytJJ9FfsFju3bqhBGI0lq/_apis/connectionData?connectOptions=1&lastChangeId=258625537&lastChangeId64=258625537 failed. HTTP Status: NotFound
[2025-10-09 03:45:28Z INFO GitHubActionsService] Finished operation Location.GetConnectionData
[2025-10-09 03:45:28Z INFO RunnerServer] Catch exception during connect. 3 attempt left.
[2025-10-09 03:45:28Z ERR  RunnerServer] GitHub.Services.WebApi.VssServiceResponseException: The resource cannot be found.
   at GitHub.Services.WebApi.VssHttpClientBase.HandleResponseAsync(HttpResponseMessage response, CancellationToken cancellationToken)
   at GitHub.Services.WebApi.VssHttpClientBase.SendAsync(HttpRequestMessage message, HttpCompletionOption completionOption, Object userState, CancellationToken cancellationToken)
   at GitHub.Services.WebApi.VssHttpClientBase.SendAsync[T](HttpRequestMessage message, Object userState, CancellationToken cancellationToken)
   at GitHub.Services.Location.Client.LocationHttpClient.GetConnectionDataAsync(ConnectOptions connectOptions, Int64 lastChangeId, CancellationToken cancellationToken, Object userState)
   at GitHub.Services.WebApi.Location.VssServerDataProvider.GetConnectionDataAsync(ConnectOptions connectOptions, Int32 lastChangeId, CancellationToken cancellationToken)
   at GitHub.Services.WebApi.Location.VssServerDataProvider.ConnectAsync(ConnectOptions connectOptions, CancellationToken cancellationToken)
   at GitHub.Runner.Common.RunnerService.EstablishVssConnection(Uri serverUrl, VssCredentials credentials, TimeSpan timeout)
[2025-10-09 03:45:28Z INFO GitHubActionsService] Starting operation Location.GetConnectionData
[2025-10-09 03:45:28Z ERR  GitHubActionsService] GET request to https://pipelinesghubeus6.actions.githubusercontent.com/hKyNd5hzQTjPqVOxuFp9CyJ2tMUr8ytJJ9FfsFju3bqhBGI0lq/_apis/connectionData?connectOptions=1&lastChangeId=258625537&lastChangeId64=258625537 failed. HTTP Status: NotFound
[2025-10-09 03:45:28Z INFO GitHubActionsService] Finished operation Location.GetConnectionData
[2025-10-09 03:45:28Z INFO RunnerServer] Catch exception during connect. 3 attempt left.
[2025-10-09 03:45:28Z ERR  RunnerServer] GitHub.Services.WebApi.VssServiceResponseException: The resource cannot be found.
   at GitHub.Services.WebApi.VssHttpClientBase.HandleResponseAsync(HttpResponseMessage response, CancellationToken cancellationToken)
   at GitHub.Services.WebApi.VssHttpClientBase.SendAsync(HttpRequestMessage message, HttpCompletionOption completionOption, Object userState, CancellationToken cancellationToken)
   at GitHub.Services.WebApi.VssHttpClientBase.SendAsync[T](HttpRequestMessage message, Object userState, CancellationToken cancellationToken)
   at GitHub.Services.Location.Client.LocationHttpClient.GetConnectionDataAsync(ConnectOptions connectOptions, Int64 lastChangeId, CancellationToken cancellationToken, Object userState)
   at GitHub.Services.WebApi.Location.VssServerDataProvider.GetConnectionDataAsync(ConnectOptions connectOptions, Int32 lastChangeId, CancellationToken cancellationToken)
   at GitHub.Services.WebApi.Location.VssServerDataProvider.ConnectAsync(ConnectOptions connectOptions, CancellationToken cancellationToken)
   at GitHub.Runner.Common.RunnerService.EstablishVssConnection(Uri serverUrl, VssCredentials credentials, TimeSpan timeout)
[2025-10-09 03:45:28Z INFO GitHubActionsService] Starting operation Location.GetConnectionData
[2025-10-09 03:45:28Z INFO GitHubActionsService] Starting operation Location.GetConnectionData
[2025-10-09 03:45:28Z ERR  GitHubActionsService] GET request to https://pipelinesghubeus6.actions.githubusercontent.com/hKyNd5hzQTjPqVOxuFp9CyJ2tMUr8ytJJ9FfsFju3bqhBGI0lq/_apis/connectionData?connectOptions=1&lastChangeId=258625537&lastChangeId64=258625537 failed. HTTP Status: NotFound
[2025-10-09 03:45:28Z INFO GitHubActionsService] Finished operation Location.GetConnectionData
[2025-10-09 03:45:28Z INFO RunnerServer] Catch exception during connect. 2 attempt left.
[2025-10-09 03:45:28Z ERR  RunnerServer] GitHub.Services.WebApi.VssServiceResponseException: The resource cannot be found.
   at GitHub.Services.WebApi.VssHttpClientBase.HandleResponseAsync(HttpResponseMessage response, CancellationToken cancellationToken)
   at GitHub.Services.WebApi.VssHttpClientBase.SendAsync(HttpRequestMessage message, HttpCompletionOption completionOption, Object userState, CancellationToken cancellationToken)
   at GitHub.Services.WebApi.VssHttpClientBase.SendAsync[T](HttpRequestMessage message, Object userState, CancellationToken cancellationToken)
   at GitHub.Services.Location.Client.LocationHttpClient.GetConnectionDataAsync(ConnectOptions connectOptions, Int64 lastChangeId, CancellationToken cancellationToken, Object userState)
   at GitHub.Services.WebApi.Location.VssServerDataProvider.GetConnectionDataAsync(ConnectOptions connectOptions, Int32 lastChangeId, CancellationToken cancellationToken)
   at GitHub.Services.WebApi.Location.VssServerDataProvider.ConnectAsync(ConnectOptions connectOptions, CancellationToken cancellationToken)
   at GitHub.Runner.Common.RunnerService.EstablishVssConnection(Uri serverUrl, VssCredentials credentials, TimeSpan timeout)
[2025-10-09 03:45:28Z ERR  GitHubActionsService] GET request to https://pipelinesghubeus6.actions.githubusercontent.com/hKyNd5hzQTjPqVOxuFp9CyJ2tMUr8ytJJ9FfsFju3bqhBGI0lq/_apis/connectionData?connectOptions=1&lastChangeId=258625537&lastChangeId64=258625537 failed. HTTP Status: NotFound
[2025-10-09 03:45:28Z INFO GitHubActionsService] Finished operation Location.GetConnectionData
[2025-10-09 03:45:28Z INFO RunnerServer] Catch exception during connect. 2 attempt left.
[2025-10-09 03:45:28Z ERR  RunnerServer] GitHub.Services.WebApi.VssServiceResponseException: The resource cannot be found.
   at GitHub.Services.WebApi.VssHttpClientBase.HandleResponseAsync(HttpResponseMessage response, CancellationToken cancellationToken)
   at GitHub.Services.WebApi.VssHttpClientBase.SendAsync(HttpRequestMessage message, HttpCompletionOption completionOption, Object userState, CancellationToken cancellationToken)
   at GitHub.Services.WebApi.VssHttpClientBase.SendAsync[T](HttpRequestMessage message, Object userState, CancellationToken cancellationToken)
   at GitHub.Services.Location.Client.LocationHttpClient.GetConnectionDataAsync(ConnectOptions connectOptions, Int64 lastChangeId, CancellationToken cancellationToken, Object userState)
   at GitHub.Services.WebApi.Location.VssServerDataProvider.GetConnectionDataAsync(ConnectOptions connectOptions, Int32 lastChangeId, CancellationToken cancellationToken)
   at GitHub.Services.WebApi.Location.VssServerDataProvider.ConnectAsync(ConnectOptions connectOptions, CancellationToken cancellationToken)
   at GitHub.Runner.Common.RunnerService.EstablishVssConnection(Uri serverUrl, VssCredentials credentials, TimeSpan timeout)
[2025-10-09 03:45:28Z INFO GitHubActionsService] Starting operation Location.GetConnectionData
[2025-10-09 03:45:28Z ERR  GitHubActionsService] GET request to https://pipelinesghubeus6.actions.githubusercontent.com/hKyNd5hzQTjPqVOxuFp9CyJ2tMUr8ytJJ9FfsFju3bqhBGI0lq/_apis/connectionData?connectOptions=1&lastChangeId=258625537&lastChangeId64=258625537 failed. HTTP Status: NotFound
[2025-10-09 03:45:28Z INFO GitHubActionsService] Finished operation Location.GetConnectionData
[2025-10-09 03:45:28Z INFO RunnerServer] Catch exception during connect. 2 attempt left.
[2025-10-09 03:45:28Z ERR  RunnerServer] GitHub.Services.WebApi.VssServiceResponseException: The resource cannot be found.
   at GitHub.Services.WebApi.VssHttpClientBase.HandleResponseAsync(HttpResponseMessage response, CancellationToken cancellationToken)
   at GitHub.Services.WebApi.VssHttpClientBase.SendAsync(HttpRequestMessage message, HttpCompletionOption completionOption, Object userState, CancellationToken cancellationToken)
   at GitHub.Services.WebApi.VssHttpClientBase.SendAsync[T](HttpRequestMessage message, Object userState, CancellationToken cancellationToken)
   at GitHub.Services.Location.Client.LocationHttpClient.GetConnectionDataAsync(ConnectOptions connectOptions, Int64 lastChangeId, CancellationToken cancellationToken, Object userState)
   at GitHub.Services.WebApi.Location.VssServerDataProvider.GetConnectionDataAsync(ConnectOptions connectOptions, Int32 lastChangeId, CancellationToken cancellationToken)
   at GitHub.Services.WebApi.Location.VssServerDataProvider.ConnectAsync(ConnectOptions connectOptions, CancellationToken cancellationToken)
   at GitHub.Runner.Common.RunnerService.EstablishVssConnection(Uri serverUrl, VssCredentials credentials, TimeSpan timeout)
[2025-10-09 03:45:28Z INFO GitHubActionsService] Starting operation Location.GetConnectionData
[2025-10-09 03:45:28Z INFO GitHubActionsService] Starting operation Location.GetConnectionData
[2025-10-09 03:45:29Z ERR  GitHubActionsService] GET request to https://pipelinesghubeus6.actions.githubusercontent.com/hKyNd5hzQTjPqVOxuFp9CyJ2tMUr8ytJJ9FfsFju3bqhBGI0lq/_apis/connectionData?connectOptions=1&lastChangeId=258625537&lastChangeId64=258625537 failed. HTTP Status: NotFound
[2025-10-09 03:45:29Z INFO GitHubActionsService] Finished operation Location.GetConnectionData
[2025-10-09 03:45:29Z INFO RunnerServer] Catch exception during connect. 1 attempt left.
[2025-10-09 03:45:29Z ERR  RunnerServer] GitHub.Services.WebApi.VssServiceResponseException: The resource cannot be found.
   at GitHub.Services.WebApi.VssHttpClientBase.HandleResponseAsync(HttpResponseMessage response, CancellationToken cancellationToken)
   at GitHub.Services.WebApi.VssHttpClientBase.SendAsync(HttpRequestMessage message, HttpCompletionOption completionOption, Object userState, CancellationToken cancellationToken)
   at GitHub.Services.WebApi.VssHttpClientBase.SendAsync[T](HttpRequestMessage message, Object userState, CancellationToken cancellationToken)
   at GitHub.Services.Location.Client.LocationHttpClient.GetConnectionDataAsync(ConnectOptions connectOptions, Int64 lastChangeId, CancellationToken cancellationToken, Object userState)
   at GitHub.Services.WebApi.Location.VssServerDataProvider.GetConnectionDataAsync(ConnectOptions connectOptions, Int32 lastChangeId, CancellationToken cancellationToken)
   at GitHub.Services.WebApi.Location.VssServerDataProvider.ConnectAsync(ConnectOptions connectOptions, CancellationToken cancellationToken)
   at GitHub.Runner.Common.RunnerService.EstablishVssConnection(Uri serverUrl, VssCredentials credentials, TimeSpan timeout)
[2025-10-09 03:45:29Z ERR  GitHubActionsService] GET request to https://pipelinesghubeus6.actions.githubusercontent.com/hKyNd5hzQTjPqVOxuFp9CyJ2tMUr8ytJJ9FfsFju3bqhBGI0lq/_apis/connectionData?connectOptions=1&lastChangeId=258625537&lastChangeId64=258625537 failed. HTTP Status: NotFound
[2025-10-09 03:45:29Z INFO GitHubActionsService] Finished operation Location.GetConnectionData
[2025-10-09 03:45:29Z INFO RunnerServer] Catch exception during connect. 1 attempt left.
[2025-10-09 03:45:29Z ERR  RunnerServer] GitHub.Services.WebApi.VssServiceResponseException: The resource cannot be found.
   at GitHub.Services.WebApi.VssHttpClientBase.HandleResponseAsync(HttpResponseMessage response, CancellationToken cancellationToken)
   at GitHub.Services.WebApi.VssHttpClientBase.SendAsync(HttpRequestMessage message, HttpCompletionOption completionOption, Object userState, CancellationToken cancellationToken)
   at GitHub.Services.WebApi.VssHttpClientBase.SendAsync[T](HttpRequestMessage message, Object userState, CancellationToken cancellationToken)
   at GitHub.Services.Location.Client.LocationHttpClient.GetConnectionDataAsync(ConnectOptions connectOptions, Int64 lastChangeId, CancellationToken cancellationToken, Object userState)
   at GitHub.Services.WebApi.Location.VssServerDataProvider.GetConnectionDataAsync(ConnectOptions connectOptions, Int32 lastChangeId, CancellationToken cancellationToken)
   at GitHub.Services.WebApi.Location.VssServerDataProvider.ConnectAsync(ConnectOptions connectOptions, CancellationToken cancellationToken)
   at GitHub.Runner.Common.RunnerService.EstablishVssConnection(Uri serverUrl, VssCredentials credentials, TimeSpan timeout)
[2025-10-09 03:45:29Z INFO GitHubActionsService] Starting operation Location.GetConnectionData
[2025-10-09 03:45:29Z INFO GitHubActionsService] Starting operation Location.GetConnectionData
[2025-10-09 03:45:29Z ERR  GitHubActionsService] GET request to https://pipelinesghubeus6.actions.githubusercontent.com/hKyNd5hzQTjPqVOxuFp9CyJ2tMUr8ytJJ9FfsFju3bqhBGI0lq/_apis/connectionData?connectOptions=1&lastChangeId=258625537&lastChangeId64=258625537 failed. HTTP Status: NotFound
[2025-10-09 03:45:29Z INFO GitHubActionsService] Finished operation Location.GetConnectionData
[2025-10-09 03:45:29Z INFO RunnerServer] Catch exception during connect. 1 attempt left.
[2025-10-09 03:45:29Z ERR  RunnerServer] GitHub.Services.WebApi.VssServiceResponseException: The resource cannot be found.
   at GitHub.Services.WebApi.VssHttpClientBase.HandleResponseAsync(HttpResponseMessage response, CancellationToken cancellationToken)
   at GitHub.Services.WebApi.VssHttpClientBase.SendAsync(HttpRequestMessage message, HttpCompletionOption completionOption, Object userState, CancellationToken cancellationToken)
   at GitHub.Services.WebApi.VssHttpClientBase.SendAsync[T](HttpRequestMessage message, Object userState, CancellationToken cancellationToken)
   at GitHub.Services.Location.Client.LocationHttpClient.GetConnectionDataAsync(ConnectOptions connectOptions, Int64 lastChangeId, CancellationToken cancellationToken, Object userState)
   at GitHub.Services.WebApi.Location.VssServerDataProvider.GetConnectionDataAsync(ConnectOptions connectOptions, Int32 lastChangeId, CancellationToken cancellationToken)
   at GitHub.Services.WebApi.Location.VssServerDataProvider.ConnectAsync(ConnectOptions connectOptions, CancellationToken cancellationToken)
   at GitHub.Runner.Common.RunnerService.EstablishVssConnection(Uri serverUrl, VssCredentials credentials, TimeSpan timeout)
[2025-10-09 03:45:29Z INFO GitHubActionsService] Starting operation Location.GetConnectionData
[2025-10-09 03:45:30Z ERR  GitHubActionsService] GET request to https://pipelinesghubeus6.actions.githubusercontent.com/hKyNd5hzQTjPqVOxuFp9CyJ2tMUr8ytJJ9FfsFju3bqhBGI0lq/_apis/connectionData?connectOptions=1&lastChangeId=258625537&lastChangeId64=258625537 failed. HTTP Status: NotFound
[2025-10-09 03:45:30Z INFO GitHubActionsService] Finished operation Location.GetConnectionData
[2025-10-09 03:45:30Z ERR  GitHubActionsService] GET request to https://pipelinesghubeus6.actions.githubusercontent.com/hKyNd5hzQTjPqVOxuFp9CyJ2tMUr8ytJJ9FfsFju3bqhBGI0lq/_apis/connectionData?connectOptions=1&lastChangeId=258625537&lastChangeId64=258625537 failed. HTTP Status: NotFound
[2025-10-09 03:45:30Z INFO GitHubActionsService] Finished operation Location.GetConnectionData
[2025-10-09 03:45:30Z ERR  GitHubActionsService] GET request to https://pipelinesghubeus6.actions.githubusercontent.com/hKyNd5hzQTjPqVOxuFp9CyJ2tMUr8ytJJ9FfsFju3bqhBGI0lq/_apis/connectionData?connectOptions=1&lastChangeId=258625537&lastChangeId64=258625537 failed. HTTP Status: NotFound
[2025-10-09 03:45:30Z INFO GitHubActionsService] Finished operation Location.GetConnectionData
[2025-10-09 03:45:30Z ERR  BrokerMessageListener] Catch exception during create session.
[2025-10-09 03:45:30Z ERR  BrokerMessageListener] GitHub.Services.WebApi.VssServiceResponseException: The resource cannot be found.
   at GitHub.Services.WebApi.VssHttpClientBase.HandleResponseAsync(HttpResponseMessage response, CancellationToken cancellationToken)
   at GitHub.Services.WebApi.VssHttpClientBase.SendAsync(HttpRequestMessage message, HttpCompletionOption completionOption, Object userState, CancellationToken cancellationToken)
   at GitHub.Services.WebApi.VssHttpClientBase.SendAsync[T](HttpRequestMessage message, Object userState, CancellationToken cancellationToken)
   at GitHub.Services.Location.Client.LocationHttpClient.GetConnectionDataAsync(ConnectOptions connectOptions, Int64 lastChangeId, CancellationToken cancellationToken, Object userState)
   at GitHub.Services.WebApi.Location.VssServerDataProvider.GetConnectionDataAsync(ConnectOptions connectOptions, Int32 lastChangeId, CancellationToken cancellationToken)
   at GitHub.Services.WebApi.Location.VssServerDataProvider.ConnectAsync(ConnectOptions connectOptions, CancellationToken cancellationToken)
   at GitHub.Runner.Common.RunnerService.EstablishVssConnection(Uri serverUrl, VssCredentials credentials, TimeSpan timeout)
   at GitHub.Runner.Common.RunnerServer.ConnectAsync(Uri serverUrl, VssCredentials credentials)
   at GitHub.Runner.Listener.BrokerMessageListener.CreateSessionAsync(CancellationToken token)
[2025-10-09 03:45:30Z INFO BrokerMessageListener] Retriable exception: The resource cannot be found.
[2025-10-09 03:45:30Z INFO BrokerMessageListener] Sleeping for 30 seconds before retrying.
[2025-10-09 03:46:00Z INFO BrokerMessageListener] Attempt to create session.
[2025-10-09 03:46:00Z INFO BrokerMessageListener] Connecting to the Broker Server...
[2025-10-09 03:46:00Z INFO ConfigurationStore] HasCredentials()
[2025-10-09 03:46:00Z INFO ConfigurationStore] stored True
[2025-10-09 03:46:00Z INFO CredentialManager] GetCredentialProvider
[2025-10-09 03:46:00Z INFO CredentialManager] Creating type OAuth
[2025-10-09 03:46:00Z INFO CredentialManager] Creating credential type: OAuth
[2025-10-09 03:46:00Z INFO RSAEncryptedFileKeyManager] Loading RSA key parameters from file G:\Brunella\actions-runner\.credentials_rsaparams
[2025-10-09 03:46:00Z INFO BrokerMessageListener] VssConnection created
[2025-10-09 03:46:00Z INFO BrokerMessageListener] Connecting to the Runner server...
[2025-10-09 03:46:00Z INFO RunnerServer] EstablishVssConnection
[2025-10-09 03:46:00Z INFO RunnerServer] Establish connection with 100 seconds timeout.
[2025-10-09 03:46:00Z INFO GitHubActionsService] Starting operation Location.GetConnectionData
[2025-10-09 03:46:00Z INFO RunnerServer] EstablishVssConnection
[2025-10-09 03:46:00Z INFO RunnerServer] Establish connection with 60 seconds timeout.
[2025-10-09 03:46:00Z INFO GitHubActionsService] Starting operation Location.GetConnectionData
[2025-10-09 03:46:00Z INFO RunnerServer] EstablishVssConnection
[2025-10-09 03:46:00Z INFO RunnerServer] Establish connection with 60 seconds timeout.
[2025-10-09 03:46:00Z INFO GitHubActionsService] Starting operation Location.GetConnectionData
[2025-10-09 03:46:01Z ERR  GitHubActionsService] GET request to https://pipelinesghubeus6.actions.githubusercontent.com/hKyNd5hzQTjPqVOxuFp9CyJ2tMUr8ytJJ9FfsFju3bqhBGI0lq/_apis/connectionData?connectOptions=1&lastChangeId=258625537&lastChangeId64=258625537 failed. HTTP Status: NotFound
[2025-10-09 03:46:01Z INFO GitHubActionsService] Finished operation Location.GetConnectionData
[2025-10-09 03:46:01Z INFO RunnerServer] Catch exception during connect. 4 attempt left.
[2025-10-09 03:46:01Z ERR  RunnerServer] GitHub.Services.WebApi.VssServiceResponseException: The resource cannot be found.
   at GitHub.Services.WebApi.VssHttpClientBase.HandleResponseAsync(HttpResponseMessage response, CancellationToken cancellationToken)
   at GitHub.Services.WebApi.VssHttpClientBase.SendAsync(HttpRequestMessage message, HttpCompletionOption completionOption, Object userState, CancellationToken cancellationToken)
   at GitHub.Services.WebApi.VssHttpClientBase.SendAsync[T](HttpRequestMessage message, Object userState, CancellationToken cancellationToken)
   at GitHub.Services.Location.Client.LocationHttpClient.GetConnectionDataAsync(ConnectOptions connectOptions, Int64 lastChangeId, CancellationToken cancellationToken, Object userState)
   at GitHub.Services.WebApi.Location.VssServerDataProvider.GetConnectionDataAsync(ConnectOptions connectOptions, Int32 lastChangeId, CancellationToken cancellationToken)
   at GitHub.Services.WebApi.Location.VssServerDataProvider.ConnectAsync(ConnectOptions connectOptions, CancellationToken cancellationToken)
   at GitHub.Runner.Common.RunnerService.EstablishVssConnection(Uri serverUrl, VssCredentials credentials, TimeSpan timeout)
[2025-10-09 03:46:01Z ERR  GitHubActionsService] GET request to https://pipelinesghubeus6.actions.githubusercontent.com/hKyNd5hzQTjPqVOxuFp9CyJ2tMUr8ytJJ9FfsFju3bqhBGI0lq/_apis/connectionData?connectOptions=1&lastChangeId=258625537&lastChangeId64=258625537 failed. HTTP Status: NotFound
[2025-10-09 03:46:01Z INFO GitHubActionsService] Finished operation Location.GetConnectionData
[2025-10-09 03:46:01Z INFO RunnerServer] Catch exception during connect. 4 attempt left.
[2025-10-09 03:46:01Z ERR  RunnerServer] GitHub.Services.WebApi.VssServiceResponseException: The resource cannot be found.
   at GitHub.Services.WebApi.VssHttpClientBase.HandleResponseAsync(HttpResponseMessage response, CancellationToken cancellationToken)
   at GitHub.Services.WebApi.VssHttpClientBase.SendAsync(HttpRequestMessage message, HttpCompletionOption completionOption, Object userState, CancellationToken cancellationToken)
   at GitHub.Services.WebApi.VssHttpClientBase.SendAsync[T](HttpRequestMessage message, Object userState, CancellationToken cancellationToken)
   at GitHub.Services.Location.Client.LocationHttpClient.GetConnectionDataAsync(ConnectOptions connectOptions, Int64 lastChangeId, CancellationToken cancellationToken, Object userState)
   at GitHub.Services.WebApi.Location.VssServerDataProvider.GetConnectionDataAsync(ConnectOptions connectOptions, Int32 lastChangeId, CancellationToken cancellationToken)
   at GitHub.Services.WebApi.Location.VssServerDataProvider.ConnectAsync(ConnectOptions connectOptions, CancellationToken cancellationToken)
   at GitHub.Runner.Common.RunnerService.EstablishVssConnection(Uri serverUrl, VssCredentials credentials, TimeSpan timeout)
[2025-10-09 03:46:01Z ERR  GitHubActionsService] GET request to https://pipelinesghubeus6.actions.githubusercontent.com/hKyNd5hzQTjPqVOxuFp9CyJ2tMUr8ytJJ9FfsFju3bqhBGI0lq/_apis/connectionData?connectOptions=1&lastChangeId=258625537&lastChangeId64=258625537 failed. HTTP Status: NotFound
[2025-10-09 03:46:01Z INFO GitHubActionsService] Finished operation Location.GetConnectionData
[2025-10-09 03:46:01Z INFO RunnerServer] Catch exception during connect. 4 attempt left.
[2025-10-09 03:46:01Z ERR  RunnerServer] GitHub.Services.WebApi.VssServiceResponseException: The resource cannot be found.
   at GitHub.Services.WebApi.VssHttpClientBase.HandleResponseAsync(HttpResponseMessage response, CancellationToken cancellationToken)
   at GitHub.Services.WebApi.VssHttpClientBase.SendAsync(HttpRequestMessage message, HttpCompletionOption completionOption, Object userState, CancellationToken cancellationToken)
   at GitHub.Services.WebApi.VssHttpClientBase.SendAsync[T](HttpRequestMessage message, Object userState, CancellationToken cancellationToken)
   at GitHub.Services.Location.Client.LocationHttpClient.GetConnectionDataAsync(ConnectOptions connectOptions, Int64 lastChangeId, CancellationToken cancellationToken, Object userState)
   at GitHub.Services.WebApi.Location.VssServerDataProvider.GetConnectionDataAsync(ConnectOptions connectOptions, Int32 lastChangeId, CancellationToken cancellationToken)
   at GitHub.Services.WebApi.Location.VssServerDataProvider.ConnectAsync(ConnectOptions connectOptions, CancellationToken cancellationToken)
   at GitHub.Runner.Common.RunnerService.EstablishVssConnection(Uri serverUrl, VssCredentials credentials, TimeSpan timeout)
[2025-10-09 03:46:01Z INFO GitHubActionsService] Starting operation Location.GetConnectionData
[2025-10-09 03:46:01Z INFO GitHubActionsService] Starting operation Location.GetConnectionData
[2025-10-09 03:46:01Z INFO GitHubActionsService] Starting operation Location.GetConnectionData
[2025-10-09 03:46:01Z ERR  GitHubActionsService] GET request to https://pipelinesghubeus6.actions.githubusercontent.com/hKyNd5hzQTjPqVOxuFp9CyJ2tMUr8ytJJ9FfsFju3bqhBGI0lq/_apis/connectionData?connectOptions=1&lastChangeId=258625537&lastChangeId64=258625537 failed. HTTP Status: NotFound
[2025-10-09 03:46:01Z INFO GitHubActionsService] Finished operation Location.GetConnectionData
[2025-10-09 03:46:01Z INFO RunnerServer] Catch exception during connect. 3 attempt left.
[2025-10-09 03:46:01Z ERR  RunnerServer] GitHub.Services.WebApi.VssServiceResponseException: The resource cannot be found.
   at GitHub.Services.WebApi.VssHttpClientBase.HandleResponseAsync(HttpResponseMessage response, CancellationToken cancellationToken)
   at GitHub.Services.WebApi.VssHttpClientBase.SendAsync(HttpRequestMessage message, HttpCompletionOption completionOption, Object userState, CancellationToken cancellationToken)
   at GitHub.Services.WebApi.VssHttpClientBase.SendAsync[T](HttpRequestMessage message, Object userState, CancellationToken cancellationToken)
   at GitHub.Services.Location.Client.LocationHttpClient.GetConnectionDataAsync(ConnectOptions connectOptions, Int64 lastChangeId, CancellationToken cancellationToken, Object userState)
   at GitHub.Services.WebApi.Location.VssServerDataProvider.GetConnectionDataAsync(ConnectOptions connectOptions, Int32 lastChangeId, CancellationToken cancellationToken)
   at GitHub.Services.WebApi.Location.VssServerDataProvider.ConnectAsync(ConnectOptions connectOptions, CancellationToken cancellationToken)
   at GitHub.Runner.Common.RunnerService.EstablishVssConnection(Uri serverUrl, VssCredentials credentials, TimeSpan timeout)
[2025-10-09 03:46:01Z ERR  GitHubActionsService] GET request to https://pipelinesghubeus6.actions.githubusercontent.com/hKyNd5hzQTjPqVOxuFp9CyJ2tMUr8ytJJ9FfsFju3bqhBGI0lq/_apis/connectionData?connectOptions=1&lastChangeId=258625537&lastChangeId64=258625537 failed. HTTP Status: NotFound
[2025-10-09 03:46:01Z INFO GitHubActionsService] Finished operation Location.GetConnectionData
[2025-10-09 03:46:01Z INFO RunnerServer] Catch exception during connect. 3 attempt left.
[2025-10-09 03:46:01Z ERR  RunnerServer] GitHub.Services.WebApi.VssServiceResponseException: The resource cannot be found.
   at GitHub.Services.WebApi.VssHttpClientBase.HandleResponseAsync(HttpResponseMessage response, CancellationToken cancellationToken)
   at GitHub.Services.WebApi.VssHttpClientBase.SendAsync(HttpRequestMessage message, HttpCompletionOption completionOption, Object userState, CancellationToken cancellationToken)
   at GitHub.Services.WebApi.VssHttpClientBase.SendAsync[T](HttpRequestMessage message, Object userState, CancellationToken cancellationToken)
   at GitHub.Services.Location.Client.LocationHttpClient.GetConnectionDataAsync(ConnectOptions connectOptions, Int64 lastChangeId, CancellationToken cancellationToken, Object userState)
   at GitHub.Services.WebApi.Location.VssServerDataProvider.GetConnectionDataAsync(ConnectOptions connectOptions, Int32 lastChangeId, CancellationToken cancellationToken)
   at GitHub.Services.WebApi.Location.VssServerDataProvider.ConnectAsync(ConnectOptions connectOptions, CancellationToken cancellationToken)
   at GitHub.Runner.Common.RunnerService.EstablishVssConnection(Uri serverUrl, VssCredentials credentials, TimeSpan timeout)
[2025-10-09 03:46:01Z ERR  GitHubActionsService] GET request to https://pipelinesghubeus6.actions.githubusercontent.com/hKyNd5hzQTjPqVOxuFp9CyJ2tMUr8ytJJ9FfsFju3bqhBGI0lq/_apis/connectionData?connectOptions=1&lastChangeId=258625537&lastChangeId64=258625537 failed. HTTP Status: NotFound
[2025-10-09 03:46:01Z INFO GitHubActionsService] Finished operation Location.GetConnectionData
[2025-10-09 03:46:01Z INFO RunnerServer] Catch exception during connect. 3 attempt left.
[2025-10-09 03:46:01Z ERR  RunnerServer] GitHub.Services.WebApi.VssServiceResponseException: The resource cannot be found.
   at GitHub.Services.WebApi.VssHttpClientBase.HandleResponseAsync(HttpResponseMessage response, CancellationToken cancellationToken)
   at GitHub.Services.WebApi.VssHttpClientBase.SendAsync(HttpRequestMessage message, HttpCompletionOption completionOption, Object userState, CancellationToken cancellationToken)
   at GitHub.Services.WebApi.VssHttpClientBase.SendAsync[T](HttpRequestMessage message, Object userState, CancellationToken cancellationToken)
   at GitHub.Services.Location.Client.LocationHttpClient.GetConnectionDataAsync(ConnectOptions connectOptions, Int64 lastChangeId, CancellationToken cancellationToken, Object userState)
   at GitHub.Services.WebApi.Location.VssServerDataProvider.GetConnectionDataAsync(ConnectOptions connectOptions, Int32 lastChangeId, CancellationToken cancellationToken)
   at GitHub.Services.WebApi.Location.VssServerDataProvider.ConnectAsync(ConnectOptions connectOptions, CancellationToken cancellationToken)
   at GitHub.Runner.Common.RunnerService.EstablishVssConnection(Uri serverUrl, VssCredentials credentials, TimeSpan timeout)
[2025-10-09 03:46:01Z INFO GitHubActionsService] Starting operation Location.GetConnectionData
[2025-10-09 03:46:01Z INFO GitHubActionsService] Starting operation Location.GetConnectionData
[2025-10-09 03:46:01Z INFO GitHubActionsService] Starting operation Location.GetConnectionData
[2025-10-09 03:46:02Z ERR  GitHubActionsService] GET request to https://pipelinesghubeus6.actions.githubusercontent.com/hKyNd5hzQTjPqVOxuFp9CyJ2tMUr8ytJJ9FfsFju3bqhBGI0lq/_apis/connectionData?connectOptions=1&lastChangeId=258625537&lastChangeId64=258625537 failed. HTTP Status: NotFound
[2025-10-09 03:46:02Z INFO GitHubActionsService] Finished operation Location.GetConnectionData
[2025-10-09 03:46:02Z INFO RunnerServer] Catch exception during connect. 2 attempt left.
[2025-10-09 03:46:02Z ERR  RunnerServer] GitHub.Services.WebApi.VssServiceResponseException: The resource cannot be found.
   at GitHub.Services.WebApi.VssHttpClientBase.HandleResponseAsync(HttpResponseMessage response, CancellationToken cancellationToken)
   at GitHub.Services.WebApi.VssHttpClientBase.SendAsync(HttpRequestMessage message, HttpCompletionOption completionOption, Object userState, CancellationToken cancellationToken)
   at GitHub.Services.WebApi.VssHttpClientBase.SendAsync[T](HttpRequestMessage message, Object userState, CancellationToken cancellationToken)
   at GitHub.Services.Location.Client.LocationHttpClient.GetConnectionDataAsync(ConnectOptions connectOptions, Int64 lastChangeId, CancellationToken cancellationToken, Object userState)
   at GitHub.Services.WebApi.Location.VssServerDataProvider.GetConnectionDataAsync(ConnectOptions connectOptions, Int32 lastChangeId, CancellationToken cancellationToken)
   at GitHub.Services.WebApi.Location.VssServerDataProvider.ConnectAsync(ConnectOptions connectOptions, CancellationToken cancellationToken)
   at GitHub.Runner.Common.RunnerService.EstablishVssConnection(Uri serverUrl, VssCredentials credentials, TimeSpan timeout)
[2025-10-09 03:46:02Z ERR  GitHubActionsService] GET request to https://pipelinesghubeus6.actions.githubusercontent.com/hKyNd5hzQTjPqVOxuFp9CyJ2tMUr8ytJJ9FfsFju3bqhBGI0lq/_apis/connectionData?connectOptions=1&lastChangeId=258625537&lastChangeId64=258625537 failed. HTTP Status: NotFound
[2025-10-09 03:46:02Z INFO GitHubActionsService] Finished operation Location.GetConnectionData
[2025-10-09 03:46:02Z INFO RunnerServer] Catch exception during connect. 2 attempt left.
[2025-10-09 03:46:02Z ERR  RunnerServer] GitHub.Services.WebApi.VssServiceResponseException: The resource cannot be found.
   at GitHub.Services.WebApi.VssHttpClientBase.HandleResponseAsync(HttpResponseMessage response, CancellationToken cancellationToken)
   at GitHub.Services.WebApi.VssHttpClientBase.SendAsync(HttpRequestMessage message, HttpCompletionOption completionOption, Object userState, CancellationToken cancellationToken)
   at GitHub.Services.WebApi.VssHttpClientBase.SendAsync[T](HttpRequestMessage message, Object userState, CancellationToken cancellationToken)
   at GitHub.Services.Location.Client.LocationHttpClient.GetConnectionDataAsync(ConnectOptions connectOptions, Int64 lastChangeId, CancellationToken cancellationToken, Object userState)
   at GitHub.Services.WebApi.Location.VssServerDataProvider.GetConnectionDataAsync(ConnectOptions connectOptions, Int32 lastChangeId, CancellationToken cancellationToken)
   at GitHub.Services.WebApi.Location.VssServerDataProvider.ConnectAsync(ConnectOptions connectOptions, CancellationToken cancellationToken)
   at GitHub.Runner.Common.RunnerService.EstablishVssConnection(Uri serverUrl, VssCredentials credentials, TimeSpan timeout)
[2025-10-09 03:46:02Z ERR  GitHubActionsService] GET request to https://pipelinesghubeus6.actions.githubusercontent.com/hKyNd5hzQTjPqVOxuFp9CyJ2tMUr8ytJJ9FfsFju3bqhBGI0lq/_apis/connectionData?connectOptions=1&lastChangeId=258625537&lastChangeId64=258625537 failed. HTTP Status: NotFound
[2025-10-09 03:46:02Z INFO GitHubActionsService] Finished operation Location.GetConnectionData
[2025-10-09 03:46:02Z INFO RunnerServer] Catch exception during connect. 2 attempt left.
[2025-10-09 03:46:02Z ERR  RunnerServer] GitHub.Services.WebApi.VssServiceResponseException: The resource cannot be found.
   at GitHub.Services.WebApi.VssHttpClientBase.HandleResponseAsync(HttpResponseMessage response, CancellationToken cancellationToken)
   at GitHub.Services.WebApi.VssHttpClientBase.SendAsync(HttpRequestMessage message, HttpCompletionOption completionOption, Object userState, CancellationToken cancellationToken)
   at GitHub.Services.WebApi.VssHttpClientBase.SendAsync[T](HttpRequestMessage message, Object userState, CancellationToken cancellationToken)
   at GitHub.Services.Location.Client.LocationHttpClient.GetConnectionDataAsync(ConnectOptions connectOptions, Int64 lastChangeId, CancellationToken cancellationToken, Object userState)
   at GitHub.Services.WebApi.Location.VssServerDataProvider.GetConnectionDataAsync(ConnectOptions connectOptions, Int32 lastChangeId, CancellationToken cancellationToken)
   at GitHub.Services.WebApi.Location.VssServerDataProvider.ConnectAsync(ConnectOptions connectOptions, CancellationToken cancellationToken)
   at GitHub.Runner.Common.RunnerService.EstablishVssConnection(Uri serverUrl, VssCredentials credentials, TimeSpan timeout)
[2025-10-09 03:46:02Z INFO GitHubActionsService] Starting operation Location.GetConnectionData
[2025-10-09 03:46:02Z INFO GitHubActionsService] Starting operation Location.GetConnectionData
[2025-10-09 03:46:02Z INFO GitHubActionsService] Starting operation Location.GetConnectionData
[2025-10-09 03:46:03Z ERR  GitHubActionsService] GET request to https://pipelinesghubeus6.actions.githubusercontent.com/hKyNd5hzQTjPqVOxuFp9CyJ2tMUr8ytJJ9FfsFju3bqhBGI0lq/_apis/connectionData?connectOptions=1&lastChangeId=258625537&lastChangeId64=258625537 failed. HTTP Status: NotFound
[2025-10-09 03:46:03Z INFO GitHubActionsService] Finished operation Location.GetConnectionData
[2025-10-09 03:46:03Z INFO RunnerServer] Catch exception during connect. 1 attempt left.
[2025-10-09 03:46:03Z ERR  RunnerServer] GitHub.Services.WebApi.VssServiceResponseException: The resource cannot be found.
   at GitHub.Services.WebApi.VssHttpClientBase.HandleResponseAsync(HttpResponseMessage response, CancellationToken cancellationToken)
   at GitHub.Services.WebApi.VssHttpClientBase.SendAsync(HttpRequestMessage message, HttpCompletionOption completionOption, Object userState, CancellationToken cancellationToken)
   at GitHub.Services.WebApi.VssHttpClientBase.SendAsync[T](HttpRequestMessage message, Object userState, CancellationToken cancellationToken)
   at GitHub.Services.Location.Client.LocationHttpClient.GetConnectionDataAsync(ConnectOptions connectOptions, Int64 lastChangeId, CancellationToken cancellationToken, Object userState)
   at GitHub.Services.WebApi.Location.VssServerDataProvider.GetConnectionDataAsync(ConnectOptions connectOptions, Int32 lastChangeId, CancellationToken cancellationToken)
   at GitHub.Services.WebApi.Location.VssServerDataProvider.ConnectAsync(ConnectOptions connectOptions, CancellationToken cancellationToken)
   at GitHub.Runner.Common.RunnerService.EstablishVssConnection(Uri serverUrl, VssCredentials credentials, TimeSpan timeout)
[2025-10-09 03:46:03Z ERR  GitHubActionsService] GET request to https://pipelinesghubeus6.actions.githubusercontent.com/hKyNd5hzQTjPqVOxuFp9CyJ2tMUr8ytJJ9FfsFju3bqhBGI0lq/_apis/connectionData?connectOptions=1&lastChangeId=258625537&lastChangeId64=258625537 failed. HTTP Status: NotFound
[2025-10-09 03:46:03Z INFO GitHubActionsService] Finished operation Location.GetConnectionData
[2025-10-09 03:46:03Z INFO RunnerServer] Catch exception during connect. 1 attempt left.
[2025-10-09 03:46:03Z ERR  RunnerServer] GitHub.Services.WebApi.VssServiceResponseException: The resource cannot be found.
   at GitHub.Services.WebApi.VssHttpClientBase.HandleResponseAsync(HttpResponseMessage response, CancellationToken cancellationToken)
   at GitHub.Services.WebApi.VssHttpClientBase.SendAsync(HttpRequestMessage message, HttpCompletionOption completionOption, Object userState, CancellationToken cancellationToken)
   at GitHub.Services.WebApi.VssHttpClientBase.SendAsync[T](HttpRequestMessage message, Object userState, CancellationToken cancellationToken)
   at GitHub.Services.Location.Client.LocationHttpClient.GetConnectionDataAsync(ConnectOptions connectOptions, Int64 lastChangeId, CancellationToken cancellationToken, Object userState)
   at GitHub.Services.WebApi.Location.VssServerDataProvider.GetConnectionDataAsync(ConnectOptions connectOptions, Int32 lastChangeId, CancellationToken cancellationToken)
   at GitHub.Services.WebApi.Location.VssServerDataProvider.ConnectAsync(ConnectOptions connectOptions, CancellationToken cancellationToken)
   at GitHub.Runner.Common.RunnerService.EstablishVssConnection(Uri serverUrl, VssCredentials credentials, TimeSpan timeout)
[2025-10-09 03:46:03Z ERR  GitHubActionsService] GET request to https://pipelinesghubeus6.actions.githubusercontent.com/hKyNd5hzQTjPqVOxuFp9CyJ2tMUr8ytJJ9FfsFju3bqhBGI0lq/_apis/connectionData?connectOptions=1&lastChangeId=258625537&lastChangeId64=258625537 failed. HTTP Status: NotFound
[2025-10-09 03:46:03Z INFO GitHubActionsService] Finished operation Location.GetConnectionData
[2025-10-09 03:46:03Z INFO RunnerServer] Catch exception during connect. 1 attempt left.
[2025-10-09 03:46:03Z ERR  RunnerServer] GitHub.Services.WebApi.VssServiceResponseException: The resource cannot be found.
   at GitHub.Services.WebApi.VssHttpClientBase.HandleResponseAsync(HttpResponseMessage response, CancellationToken cancellationToken)
   at GitHub.Services.WebApi.VssHttpClientBase.SendAsync(HttpRequestMessage message, HttpCompletionOption completionOption, Object userState, CancellationToken cancellationToken)
   at GitHub.Services.WebApi.VssHttpClientBase.SendAsync[T](HttpRequestMessage message, Object userState, CancellationToken cancellationToken)
   at GitHub.Services.Location.Client.LocationHttpClient.GetConnectionDataAsync(ConnectOptions connectOptions, Int64 lastChangeId, CancellationToken cancellationToken, Object userState)
   at GitHub.Services.WebApi.Location.VssServerDataProvider.GetConnectionDataAsync(ConnectOptions connectOptions, Int32 lastChangeId, CancellationToken cancellationToken)
   at GitHub.Services.WebApi.Location.VssServerDataProvider.ConnectAsync(ConnectOptions connectOptions, CancellationToken cancellationToken)
   at GitHub.Runner.Common.RunnerService.EstablishVssConnection(Uri serverUrl, VssCredentials credentials, TimeSpan timeout)
[2025-10-09 03:46:03Z INFO GitHubActionsService] Starting operation Location.GetConnectionData
[2025-10-09 03:46:03Z INFO GitHubActionsService] Starting operation Location.GetConnectionData
[2025-10-09 03:46:03Z INFO GitHubActionsService] Starting operation Location.GetConnectionData
[2025-10-09 03:46:04Z ERR  GitHubActionsService] GET request to https://pipelinesghubeus6.actions.githubusercontent.com/hKyNd5hzQTjPqVOxuFp9CyJ2tMUr8ytJJ9FfsFju3bqhBGI0lq/_apis/connectionData?connectOptions=1&lastChangeId=258625537&lastChangeId64=258625537 failed. HTTP Status: NotFound
[2025-10-09 03:46:04Z INFO GitHubActionsService] Finished operation Location.GetConnectionData
[2025-10-09 03:46:04Z ERR  GitHubActionsService] GET request to https://pipelinesghubeus6.actions.githubusercontent.com/hKyNd5hzQTjPqVOxuFp9CyJ2tMUr8ytJJ9FfsFju3bqhBGI0lq/_apis/connectionData?connectOptions=1&lastChangeId=258625537&lastChangeId64=258625537 failed. HTTP Status: NotFound
[2025-10-09 03:46:04Z INFO GitHubActionsService] Finished operation Location.GetConnectionData
[2025-10-09 03:46:04Z ERR  GitHubActionsService] GET request to https://pipelinesghubeus6.actions.githubusercontent.com/hKyNd5hzQTjPqVOxuFp9CyJ2tMUr8ytJJ9FfsFju3bqhBGI0lq/_apis/connectionData?connectOptions=1&lastChangeId=258625537&lastChangeId64=258625537 failed. HTTP Status: NotFound
[2025-10-09 03:46:04Z INFO GitHubActionsService] Finished operation Location.GetConnectionData
[2025-10-09 03:46:04Z ERR  BrokerMessageListener] Catch exception during create session.
[2025-10-09 03:46:04Z ERR  BrokerMessageListener] GitHub.Services.WebApi.VssServiceResponseException: The resource cannot be found.
   at GitHub.Services.WebApi.VssHttpClientBase.HandleResponseAsync(HttpResponseMessage response, CancellationToken cancellationToken)
   at GitHub.Services.WebApi.VssHttpClientBase.SendAsync(HttpRequestMessage message, HttpCompletionOption completionOption, Object userState, CancellationToken cancellationToken)
   at GitHub.Services.WebApi.VssHttpClientBase.SendAsync[T](HttpRequestMessage message, Object userState, CancellationToken cancellationToken)
   at GitHub.Services.Location.Client.LocationHttpClient.GetConnectionDataAsync(ConnectOptions connectOptions, Int64 lastChangeId, CancellationToken cancellationToken, Object userState)
   at GitHub.Services.WebApi.Location.VssServerDataProvider.GetConnectionDataAsync(ConnectOptions connectOptions, Int32 lastChangeId, CancellationToken cancellationToken)
   at GitHub.Services.WebApi.Location.VssServerDataProvider.ConnectAsync(ConnectOptions connectOptions, CancellationToken cancellationToken)
   at GitHub.Runner.Common.RunnerService.EstablishVssConnection(Uri serverUrl, VssCredentials credentials, TimeSpan timeout)
   at GitHub.Runner.Common.RunnerServer.ConnectAsync(Uri serverUrl, VssCredentials credentials)
   at GitHub.Runner.Listener.BrokerMessageListener.CreateSessionAsync(CancellationToken token)
[2025-10-09 03:46:04Z INFO BrokerMessageListener] Retriable exception: The resource cannot be found.
[2025-10-09 03:46:04Z INFO BrokerMessageListener] Sleeping for 30 seconds before retrying.
[2025-10-09 03:46:34Z INFO BrokerMessageListener] Attempt to create session.
[2025-10-09 03:46:34Z INFO BrokerMessageListener] Connecting to the Broker Server...
[2025-10-09 03:46:34Z INFO ConfigurationStore] HasCredentials()
[2025-10-09 03:46:34Z INFO ConfigurationStore] stored True
[2025-10-09 03:46:34Z INFO CredentialManager] GetCredentialProvider
[2025-10-09 03:46:34Z INFO CredentialManager] Creating type OAuth
[2025-10-09 03:46:34Z INFO CredentialManager] Creating credential type: OAuth
[2025-10-09 03:46:34Z INFO RSAEncryptedFileKeyManager] Loading RSA key parameters from file G:\Brunella\actions-runner\.credentials_rsaparams
[2025-10-09 03:46:34Z INFO BrokerMessageListener] VssConnection created
[2025-10-09 03:46:34Z INFO BrokerMessageListener] Connecting to the Runner server...
[2025-10-09 03:46:34Z INFO RunnerServer] EstablishVssConnection
[2025-10-09 03:46:34Z INFO RunnerServer] Establish connection with 100 seconds timeout.
[2025-10-09 03:46:34Z INFO GitHubActionsService] Starting operation Location.GetConnectionData
[2025-10-09 03:46:34Z INFO RunnerServer] EstablishVssConnection
[2025-10-09 03:46:34Z INFO RunnerServer] Establish connection with 60 seconds timeout.
[2025-10-09 03:46:34Z INFO GitHubActionsService] Starting operation Location.GetConnectionData
[2025-10-09 03:46:34Z INFO RunnerServer] EstablishVssConnection
[2025-10-09 03:46:34Z INFO RunnerServer] Establish connection with 60 seconds timeout.
[2025-10-09 03:46:34Z INFO GitHubActionsService] Starting operation Location.GetConnectionData
[2025-10-09 03:46:34Z ERR  GitHubActionsService] GET request to https://pipelinesghubeus6.actions.githubusercontent.com/hKyNd5hzQTjPqVOxuFp9CyJ2tMUr8ytJJ9FfsFju3bqhBGI0lq/_apis/connectionData?connectOptions=1&lastChangeId=258625537&lastChangeId64=258625537 failed. HTTP Status: NotFound
[2025-10-09 03:46:34Z INFO GitHubActionsService] Finished operation Location.GetConnectionData
[2025-10-09 03:46:34Z INFO RunnerServer] Catch exception during connect. 4 attempt left.
[2025-10-09 03:46:34Z ERR  RunnerServer] GitHub.Services.WebApi.VssServiceResponseException: The resource cannot be found.
   at GitHub.Services.WebApi.VssHttpClientBase.HandleResponseAsync(HttpResponseMessage response, CancellationToken cancellationToken)
   at GitHub.Services.WebApi.VssHttpClientBase.SendAsync(HttpRequestMessage message, HttpCompletionOption completionOption, Object userState, CancellationToken cancellationToken)
   at GitHub.Services.WebApi.VssHttpClientBase.SendAsync[T](HttpRequestMessage message, Object userState, CancellationToken cancellationToken)
   at GitHub.Services.Location.Client.LocationHttpClient.GetConnectionDataAsync(ConnectOptions connectOptions, Int64 lastChangeId, CancellationToken cancellationToken, Object userState)
   at GitHub.Services.WebApi.Location.VssServerDataProvider.GetConnectionDataAsync(ConnectOptions connectOptions, Int32 lastChangeId, CancellationToken cancellationToken)
   at GitHub.Services.WebApi.Location.VssServerDataProvider.ConnectAsync(ConnectOptions connectOptions, CancellationToken cancellationToken)
   at GitHub.Runner.Common.RunnerService.EstablishVssConnection(Uri serverUrl, VssCredentials credentials, TimeSpan timeout)
[2025-10-09 03:46:34Z ERR  GitHubActionsService] GET request to https://pipelinesghubeus6.actions.githubusercontent.com/hKyNd5hzQTjPqVOxuFp9CyJ2tMUr8ytJJ9FfsFju3bqhBGI0lq/_apis/connectionData?connectOptions=1&lastChangeId=258625537&lastChangeId64=258625537 failed. HTTP Status: NotFound
[2025-10-09 03:46:34Z INFO GitHubActionsService] Finished operation Location.GetConnectionData
[2025-10-09 03:46:34Z INFO RunnerServer] Catch exception during connect. 4 attempt left.
[2025-10-09 03:46:34Z ERR  RunnerServer] GitHub.Services.WebApi.VssServiceResponseException: The resource cannot be found.
   at GitHub.Services.WebApi.VssHttpClientBase.HandleResponseAsync(HttpResponseMessage response, CancellationToken cancellationToken)
   at GitHub.Services.WebApi.VssHttpClientBase.SendAsync(HttpRequestMessage message, HttpCompletionOption completionOption, Object userState, CancellationToken cancellationToken)
   at GitHub.Services.WebApi.VssHttpClientBase.SendAsync[T](HttpRequestMessage message, Object userState, CancellationToken cancellationToken)
   at GitHub.Services.Location.Client.LocationHttpClient.GetConnectionDataAsync(ConnectOptions connectOptions, Int64 lastChangeId, CancellationToken cancellationToken, Object userState)
   at GitHub.Services.WebApi.Location.VssServerDataProvider.GetConnectionDataAsync(ConnectOptions connectOptions, Int32 lastChangeId, CancellationToken cancellationToken)
   at GitHub.Services.WebApi.Location.VssServerDataProvider.ConnectAsync(ConnectOptions connectOptions, CancellationToken cancellationToken)
   at GitHub.Runner.Common.RunnerService.EstablishVssConnection(Uri serverUrl, VssCredentials credentials, TimeSpan timeout)
[2025-10-09 03:46:34Z ERR  GitHubActionsService] GET request to https://pipelinesghubeus6.actions.githubusercontent.com/hKyNd5hzQTjPqVOxuFp9CyJ2tMUr8ytJJ9FfsFju3bqhBGI0lq/_apis/connectionData?connectOptions=1&lastChangeId=258625537&lastChangeId64=258625537 failed. HTTP Status: NotFound
[2025-10-09 03:46:34Z INFO GitHubActionsService] Finished operation Location.GetConnectionData
[2025-10-09 03:46:34Z INFO RunnerServer] Catch exception during connect. 4 attempt left.
[2025-10-09 03:46:34Z ERR  RunnerServer] GitHub.Services.WebApi.VssServiceResponseException: The resource cannot be found.
   at GitHub.Services.WebApi.VssHttpClientBase.HandleResponseAsync(HttpResponseMessage response, CancellationToken cancellationToken)
   at GitHub.Services.WebApi.VssHttpClientBase.SendAsync(HttpRequestMessage message, HttpCompletionOption completionOption, Object userState, CancellationToken cancellationToken)
   at GitHub.Services.WebApi.VssHttpClientBase.SendAsync[T](HttpRequestMessage message, Object userState, CancellationToken cancellationToken)
   at GitHub.Services.Location.Client.LocationHttpClient.GetConnectionDataAsync(ConnectOptions connectOptions, Int64 lastChangeId, CancellationToken cancellationToken, Object userState)
   at GitHub.Services.WebApi.Location.VssServerDataProvider.GetConnectionDataAsync(ConnectOptions connectOptions, Int32 lastChangeId, CancellationToken cancellationToken)
   at GitHub.Services.WebApi.Location.VssServerDataProvider.ConnectAsync(ConnectOptions connectOptions, CancellationToken cancellationToken)
   at GitHub.Runner.Common.RunnerService.EstablishVssConnection(Uri serverUrl, VssCredentials credentials, TimeSpan timeout)
[2025-10-09 03:46:34Z INFO GitHubActionsService] Starting operation Location.GetConnectionData
[2025-10-09 03:46:34Z INFO GitHubActionsService] Starting operation Location.GetConnectionData
[2025-10-09 03:46:34Z INFO GitHubActionsService] Starting operation Location.GetConnectionData
[2025-10-09 03:46:35Z ERR  GitHubActionsService] GET request to https://pipelinesghubeus6.actions.githubusercontent.com/hKyNd5hzQTjPqVOxuFp9CyJ2tMUr8ytJJ9FfsFju3bqhBGI0lq/_apis/connectionData?connectOptions=1&lastChangeId=258625537&lastChangeId64=258625537 failed. HTTP Status: NotFound
[2025-10-09 03:46:35Z INFO GitHubActionsService] Finished operation Location.GetConnectionData
[2025-10-09 03:46:35Z INFO RunnerServer] Catch exception during connect. 3 attempt left.
[2025-10-09 03:46:35Z ERR  RunnerServer] GitHub.Services.WebApi.VssServiceResponseException: The resource cannot be found.
   at GitHub.Services.WebApi.VssHttpClientBase.HandleResponseAsync(HttpResponseMessage response, CancellationToken cancellationToken)
   at GitHub.Services.WebApi.VssHttpClientBase.SendAsync(HttpRequestMessage message, HttpCompletionOption completionOption, Object userState, CancellationToken cancellationToken)
   at GitHub.Services.WebApi.VssHttpClientBase.SendAsync[T](HttpRequestMessage message, Object userState, CancellationToken cancellationToken)
   at GitHub.Services.Location.Client.LocationHttpClient.GetConnectionDataAsync(ConnectOptions connectOptions, Int64 lastChangeId, CancellationToken cancellationToken, Object userState)
   at GitHub.Services.WebApi.Location.VssServerDataProvider.GetConnectionDataAsync(ConnectOptions connectOptions, Int32 lastChangeId, CancellationToken cancellationToken)
   at GitHub.Services.WebApi.Location.VssServerDataProvider.ConnectAsync(ConnectOptions connectOptions, CancellationToken cancellationToken)
   at GitHub.Runner.Common.RunnerService.EstablishVssConnection(Uri serverUrl, VssCredentials credentials, TimeSpan timeout)
[2025-10-09 03:46:35Z ERR  GitHubActionsService] GET request to https://pipelinesghubeus6.actions.githubusercontent.com/hKyNd5hzQTjPqVOxuFp9CyJ2tMUr8ytJJ9FfsFju3bqhBGI0lq/_apis/connectionData?connectOptions=1&lastChangeId=258625537&lastChangeId64=258625537 failed. HTTP Status: NotFound
[2025-10-09 03:46:35Z INFO GitHubActionsService] Finished operation Location.GetConnectionData
[2025-10-09 03:46:35Z INFO RunnerServer] Catch exception during connect. 3 attempt left.
[2025-10-09 03:46:35Z ERR  RunnerServer] GitHub.Services.WebApi.VssServiceResponseException: The resource cannot be found.
   at GitHub.Services.WebApi.VssHttpClientBase.HandleResponseAsync(HttpResponseMessage response, CancellationToken cancellationToken)
   at GitHub.Services.WebApi.VssHttpClientBase.SendAsync(HttpRequestMessage message, HttpCompletionOption completionOption, Object userState, CancellationToken cancellationToken)
   at GitHub.Services.WebApi.VssHttpClientBase.SendAsync[T](HttpRequestMessage message, Object userState, CancellationToken cancellationToken)
   at GitHub.Services.Location.Client.LocationHttpClient.GetConnectionDataAsync(ConnectOptions connectOptions, Int64 lastChangeId, CancellationToken cancellationToken, Object userState)
   at GitHub.Services.WebApi.Location.VssServerDataProvider.GetConnectionDataAsync(ConnectOptions connectOptions, Int32 lastChangeId, CancellationToken cancellationToken)
   at GitHub.Services.WebApi.Location.VssServerDataProvider.ConnectAsync(ConnectOptions connectOptions, CancellationToken cancellationToken)
   at GitHub.Runner.Common.RunnerService.EstablishVssConnection(Uri serverUrl, VssCredentials credentials, TimeSpan timeout)
[2025-10-09 03:46:35Z INFO GitHubActionsService] Starting operation Location.GetConnectionData
[2025-10-09 03:46:35Z ERR  GitHubActionsService] GET request to https://pipelinesghubeus6.actions.githubusercontent.com/hKyNd5hzQTjPqVOxuFp9CyJ2tMUr8ytJJ9FfsFju3bqhBGI0lq/_apis/connectionData?connectOptions=1&lastChangeId=258625537&lastChangeId64=258625537 failed. HTTP Status: NotFound
[2025-10-09 03:46:35Z INFO GitHubActionsService] Finished operation Location.GetConnectionData
[2025-10-09 03:46:35Z INFO RunnerServer] Catch exception during connect. 3 attempt left.
[2025-10-09 03:46:35Z ERR  RunnerServer] GitHub.Services.WebApi.VssServiceResponseException: The resource cannot be found.
   at GitHub.Services.WebApi.VssHttpClientBase.HandleResponseAsync(HttpResponseMessage response, CancellationToken cancellationToken)
   at GitHub.Services.WebApi.VssHttpClientBase.SendAsync(HttpRequestMessage message, HttpCompletionOption completionOption, Object userState, CancellationToken cancellationToken)
   at GitHub.Services.WebApi.VssHttpClientBase.SendAsync[T](HttpRequestMessage message, Object userState, CancellationToken cancellationToken)
   at GitHub.Services.Location.Client.LocationHttpClient.GetConnectionDataAsync(ConnectOptions connectOptions, Int64 lastChangeId, CancellationToken cancellationToken, Object userState)
   at GitHub.Services.WebApi.Location.VssServerDataProvider.GetConnectionDataAsync(ConnectOptions connectOptions, Int32 lastChangeId, CancellationToken cancellationToken)
   at GitHub.Services.WebApi.Location.VssServerDataProvider.ConnectAsync(ConnectOptions connectOptions, CancellationToken cancellationToken)
   at GitHub.Runner.Common.RunnerService.EstablishVssConnection(Uri serverUrl, VssCredentials credentials, TimeSpan timeout)
[2025-10-09 03:46:35Z INFO GitHubActionsService] Starting operation Location.GetConnectionData
[2025-10-09 03:46:35Z INFO GitHubActionsService] Starting operation Location.GetConnectionData
[2025-10-09 03:46:36Z ERR  GitHubActionsService] GET request to https://pipelinesghubeus6.actions.githubusercontent.com/hKyNd5hzQTjPqVOxuFp9CyJ2tMUr8ytJJ9FfsFju3bqhBGI0lq/_apis/connectionData?connectOptions=1&lastChangeId=258625537&lastChangeId64=258625537 failed. HTTP Status: NotFound
[2025-10-09 03:46:36Z INFO GitHubActionsService] Finished operation Location.GetConnectionData
[2025-10-09 03:46:36Z INFO RunnerServer] Catch exception during connect. 2 attempt left.
[2025-10-09 03:46:36Z ERR  RunnerServer] GitHub.Services.WebApi.VssServiceResponseException: The resource cannot be found.
   at GitHub.Services.WebApi.VssHttpClientBase.HandleResponseAsync(HttpResponseMessage response, CancellationToken cancellationToken)
   at GitHub.Services.WebApi.VssHttpClientBase.SendAsync(HttpRequestMessage message, HttpCompletionOption completionOption, Object userState, CancellationToken cancellationToken)
   at GitHub.Services.WebApi.VssHttpClientBase.SendAsync[T](HttpRequestMessage message, Object userState, CancellationToken cancellationToken)
   at GitHub.Services.Location.Client.LocationHttpClient.GetConnectionDataAsync(ConnectOptions connectOptions, Int64 lastChangeId, CancellationToken cancellationToken, Object userState)
   at GitHub.Services.WebApi.Location.VssServerDataProvider.GetConnectionDataAsync(ConnectOptions connectOptions, Int32 lastChangeId, CancellationToken cancellationToken)
   at GitHub.Services.WebApi.Location.VssServerDataProvider.ConnectAsync(ConnectOptions connectOptions, CancellationToken cancellationToken)
   at GitHub.Runner.Common.RunnerService.EstablishVssConnection(Uri serverUrl, VssCredentials credentials, TimeSpan timeout)
[2025-10-09 03:46:36Z ERR  GitHubActionsService] GET request to https://pipelinesghubeus6.actions.githubusercontent.com/hKyNd5hzQTjPqVOxuFp9CyJ2tMUr8ytJJ9FfsFju3bqhBGI0lq/_apis/connectionData?connectOptions=1&lastChangeId=258625537&lastChangeId64=258625537 failed. HTTP Status: NotFound
[2025-10-09 03:46:36Z INFO GitHubActionsService] Finished operation Location.GetConnectionData
[2025-10-09 03:46:36Z INFO RunnerServer] Catch exception during connect. 2 attempt left.
[2025-10-09 03:46:36Z ERR  RunnerServer] GitHub.Services.WebApi.VssServiceResponseException: The resource cannot be found.
   at GitHub.Services.WebApi.VssHttpClientBase.HandleResponseAsync(HttpResponseMessage response, CancellationToken cancellationToken)
   at GitHub.Services.WebApi.VssHttpClientBase.SendAsync(HttpRequestMessage message, HttpCompletionOption completionOption, Object userState, CancellationToken cancellationToken)
   at GitHub.Services.WebApi.VssHttpClientBase.SendAsync[T](HttpRequestMessage message, Object userState, CancellationToken cancellationToken)
   at GitHub.Services.Location.Client.LocationHttpClient.GetConnectionDataAsync(ConnectOptions connectOptions, Int64 lastChangeId, CancellationToken cancellationToken, Object userState)
   at GitHub.Services.WebApi.Location.VssServerDataProvider.GetConnectionDataAsync(ConnectOptions connectOptions, Int32 lastChangeId, CancellationToken cancellationToken)
   at GitHub.Services.WebApi.Location.VssServerDataProvider.ConnectAsync(ConnectOptions connectOptions, CancellationToken cancellationToken)
   at GitHub.Runner.Common.RunnerService.EstablishVssConnection(Uri serverUrl, VssCredentials credentials, TimeSpan timeout)
[2025-10-09 03:46:36Z INFO GitHubActionsService] Starting operation Location.GetConnectionData
[2025-10-09 03:46:36Z INFO GitHubActionsService] Starting operation Location.GetConnectionData
[2025-10-09 03:46:36Z ERR  GitHubActionsService] GET request to https://pipelinesghubeus6.actions.githubusercontent.com/hKyNd5hzQTjPqVOxuFp9CyJ2tMUr8ytJJ9FfsFju3bqhBGI0lq/_apis/connectionData?connectOptions=1&lastChangeId=258625537&lastChangeId64=258625537 failed. HTTP Status: NotFound
[2025-10-09 03:46:36Z INFO GitHubActionsService] Finished operation Location.GetConnectionData
[2025-10-09 03:46:36Z INFO RunnerServer] Catch exception during connect. 2 attempt left.
[2025-10-09 03:46:36Z ERR  RunnerServer] GitHub.Services.WebApi.VssServiceResponseException: The resource cannot be found.
   at GitHub.Services.WebApi.VssHttpClientBase.HandleResponseAsync(HttpResponseMessage response, CancellationToken cancellationToken)
   at GitHub.Services.WebApi.VssHttpClientBase.SendAsync(HttpRequestMessage message, HttpCompletionOption completionOption, Object userState, CancellationToken cancellationToken)
   at GitHub.Services.WebApi.VssHttpClientBase.SendAsync[T](HttpRequestMessage message, Object userState, CancellationToken cancellationToken)
   at GitHub.Services.Location.Client.LocationHttpClient.GetConnectionDataAsync(ConnectOptions connectOptions, Int64 lastChangeId, CancellationToken cancellationToken, Object userState)
   at GitHub.Services.WebApi.Location.VssServerDataProvider.GetConnectionDataAsync(ConnectOptions connectOptions, Int32 lastChangeId, CancellationToken cancellationToken)
   at GitHub.Services.WebApi.Location.VssServerDataProvider.ConnectAsync(ConnectOptions connectOptions, CancellationToken cancellationToken)
   at GitHub.Runner.Common.RunnerService.EstablishVssConnection(Uri serverUrl, VssCredentials credentials, TimeSpan timeout)
[2025-10-09 03:46:36Z INFO GitHubActionsService] Starting operation Location.GetConnectionData
[2025-10-09 03:46:36Z ERR  GitHubActionsService] GET request to https://pipelinesghubeus6.actions.githubusercontent.com/hKyNd5hzQTjPqVOxuFp9CyJ2tMUr8ytJJ9FfsFju3bqhBGI0lq/_apis/connectionData?connectOptions=1&lastChangeId=258625537&lastChangeId64=258625537 failed. HTTP Status: NotFound
[2025-10-09 03:46:36Z INFO GitHubActionsService] Finished operation Location.GetConnectionData
[2025-10-09 03:46:36Z INFO RunnerServer] Catch exception during connect. 1 attempt left.
[2025-10-09 03:46:36Z ERR  RunnerServer] GitHub.Services.WebApi.VssServiceResponseException: The resource cannot be found.
   at GitHub.Services.WebApi.VssHttpClientBase.HandleResponseAsync(HttpResponseMessage response, CancellationToken cancellationToken)
   at GitHub.Services.WebApi.VssHttpClientBase.SendAsync(HttpRequestMessage message, HttpCompletionOption completionOption, Object userState, CancellationToken cancellationToken)
   at GitHub.Services.WebApi.VssHttpClientBase.SendAsync[T](HttpRequestMessage message, Object userState, CancellationToken cancellationToken)
   at GitHub.Services.Location.Client.LocationHttpClient.GetConnectionDataAsync(ConnectOptions connectOptions, Int64 lastChangeId, CancellationToken cancellationToken, Object userState)
   at GitHub.Services.WebApi.Location.VssServerDataProvider.GetConnectionDataAsync(ConnectOptions connectOptions, Int32 lastChangeId, CancellationToken cancellationToken)
   at GitHub.Services.WebApi.Location.VssServerDataProvider.ConnectAsync(ConnectOptions connectOptions, CancellationToken cancellationToken)
   at GitHub.Runner.Common.RunnerService.EstablishVssConnection(Uri serverUrl, VssCredentials credentials, TimeSpan timeout)
[2025-10-09 03:46:36Z ERR  GitHubActionsService] GET request to https://pipelinesghubeus6.actions.githubusercontent.com/hKyNd5hzQTjPqVOxuFp9CyJ2tMUr8ytJJ9FfsFju3bqhBGI0lq/_apis/connectionData?connectOptions=1&lastChangeId=258625537&lastChangeId64=258625537 failed. HTTP Status: NotFound
[2025-10-09 03:46:36Z INFO GitHubActionsService] Finished operation Location.GetConnectionData
[2025-10-09 03:46:36Z INFO RunnerServer] Catch exception during connect. 1 attempt left.
[2025-10-09 03:46:36Z ERR  RunnerServer] GitHub.Services.WebApi.VssServiceResponseException: The resource cannot be found.
   at GitHub.Services.WebApi.VssHttpClientBase.HandleResponseAsync(HttpResponseMessage response, CancellationToken cancellationToken)
   at GitHub.Services.WebApi.VssHttpClientBase.SendAsync(HttpRequestMessage message, HttpCompletionOption completionOption, Object userState, CancellationToken cancellationToken)
   at GitHub.Services.WebApi.VssHttpClientBase.SendAsync[T](HttpRequestMessage message, Object userState, CancellationToken cancellationToken)
   at GitHub.Services.Location.Client.LocationHttpClient.GetConnectionDataAsync(ConnectOptions connectOptions, Int64 lastChangeId, CancellationToken cancellationToken, Object userState)
   at GitHub.Services.WebApi.Location.VssServerDataProvider.GetConnectionDataAsync(ConnectOptions connectOptions, Int32 lastChangeId, CancellationToken cancellationToken)
   at GitHub.Services.WebApi.Location.VssServerDataProvider.ConnectAsync(ConnectOptions connectOptions, CancellationToken cancellationToken)
   at GitHub.Runner.Common.RunnerService.EstablishVssConnection(Uri serverUrl, VssCredentials credentials, TimeSpan timeout)
[2025-10-09 03:46:37Z INFO GitHubActionsService] Starting operation Location.GetConnectionData
[2025-10-09 03:46:37Z INFO GitHubActionsService] Starting operation Location.GetConnectionData
[2025-10-09 03:46:37Z ERR  GitHubActionsService] GET request to https://pipelinesghubeus6.actions.githubusercontent.com/hKyNd5hzQTjPqVOxuFp9CyJ2tMUr8ytJJ9FfsFju3bqhBGI0lq/_apis/connectionData?connectOptions=1&lastChangeId=258625537&lastChangeId64=258625537 failed. HTTP Status: NotFound
[2025-10-09 03:46:37Z INFO GitHubActionsService] Finished operation Location.GetConnectionData
[2025-10-09 03:46:37Z INFO RunnerServer] Catch exception during connect. 1 attempt left.
[2025-10-09 03:46:37Z ERR  RunnerServer] GitHub.Services.WebApi.VssServiceResponseException: The resource cannot be found.
   at GitHub.Services.WebApi.VssHttpClientBase.HandleResponseAsync(HttpResponseMessage response, CancellationToken cancellationToken)
   at GitHub.Services.WebApi.VssHttpClientBase.SendAsync(HttpRequestMessage message, HttpCompletionOption completionOption, Object userState, CancellationToken cancellationToken)
   at GitHub.Services.WebApi.VssHttpClientBase.SendAsync[T](HttpRequestMessage message, Object userState, CancellationToken cancellationToken)
   at GitHub.Services.Location.Client.LocationHttpClient.GetConnectionDataAsync(ConnectOptions connectOptions, Int64 lastChangeId, CancellationToken cancellationToken, Object userState)
   at GitHub.Services.WebApi.Location.VssServerDataProvider.GetConnectionDataAsync(ConnectOptions connectOptions, Int32 lastChangeId, CancellationToken cancellationToken)
   at GitHub.Services.WebApi.Location.VssServerDataProvider.ConnectAsync(ConnectOptions connectOptions, CancellationToken cancellationToken)
   at GitHub.Runner.Common.RunnerService.EstablishVssConnection(Uri serverUrl, VssCredentials credentials, TimeSpan timeout)
[2025-10-09 03:46:37Z INFO GitHubActionsService] Starting operation Location.GetConnectionData
[2025-10-09 03:46:37Z ERR  GitHubActionsService] GET request to https://pipelinesghubeus6.actions.githubusercontent.com/hKyNd5hzQTjPqVOxuFp9CyJ2tMUr8ytJJ9FfsFju3bqhBGI0lq/_apis/connectionData?connectOptions=1&lastChangeId=258625537&lastChangeId64=258625537 failed. HTTP Status: NotFound
[2025-10-09 03:46:37Z INFO GitHubActionsService] Finished operation Location.GetConnectionData
[2025-10-09 03:46:37Z ERR  GitHubActionsService] GET request to https://pipelinesghubeus6.actions.githubusercontent.com/hKyNd5hzQTjPqVOxuFp9CyJ2tMUr8ytJJ9FfsFju3bqhBGI0lq/_apis/connectionData?connectOptions=1&lastChangeId=258625537&lastChangeId64=258625537 failed. HTTP Status: NotFound
[2025-10-09 03:46:37Z INFO GitHubActionsService] Finished operation Location.GetConnectionData
[2025-10-09 03:46:37Z ERR  GitHubActionsService] GET request to https://pipelinesghubeus6.actions.githubusercontent.com/hKyNd5hzQTjPqVOxuFp9CyJ2tMUr8ytJJ9FfsFju3bqhBGI0lq/_apis/connectionData?connectOptions=1&lastChangeId=258625537&lastChangeId64=258625537 failed. HTTP Status: NotFound
[2025-10-09 03:46:37Z INFO GitHubActionsService] Finished operation Location.GetConnectionData
[2025-10-09 03:46:37Z ERR  BrokerMessageListener] Catch exception during create session.
[2025-10-09 03:46:37Z ERR  BrokerMessageListener] GitHub.Services.WebApi.VssServiceResponseException: The resource cannot be found.
   at GitHub.Services.WebApi.VssHttpClientBase.HandleResponseAsync(HttpResponseMessage response, CancellationToken cancellationToken)
   at GitHub.Services.WebApi.VssHttpClientBase.SendAsync(HttpRequestMessage message, HttpCompletionOption completionOption, Object userState, CancellationToken cancellationToken)
   at GitHub.Services.WebApi.VssHttpClientBase.SendAsync[T](HttpRequestMessage message, Object userState, CancellationToken cancellationToken)
   at GitHub.Services.Location.Client.LocationHttpClient.GetConnectionDataAsync(ConnectOptions connectOptions, Int64 lastChangeId, CancellationToken cancellationToken, Object userState)
   at GitHub.Services.WebApi.Location.VssServerDataProvider.GetConnectionDataAsync(ConnectOptions connectOptions, Int32 lastChangeId, CancellationToken cancellationToken)
   at GitHub.Services.WebApi.Location.VssServerDataProvider.ConnectAsync(ConnectOptions connectOptions, CancellationToken cancellationToken)
   at GitHub.Runner.Common.RunnerService.EstablishVssConnection(Uri serverUrl, VssCredentials credentials, TimeSpan timeout)
   at GitHub.Runner.Common.RunnerServer.ConnectAsync(Uri serverUrl, VssCredentials credentials)
   at GitHub.Runner.Listener.BrokerMessageListener.CreateSessionAsync(CancellationToken token)
[2025-10-09 03:46:37Z INFO BrokerMessageListener] Retriable exception: The resource cannot be found.
[2025-10-09 03:46:37Z INFO BrokerMessageListener] Sleeping for 30 seconds before retrying.
[2025-10-09 03:47:07Z INFO BrokerMessageListener] Attempt to create session.
[2025-10-09 03:47:07Z INFO BrokerMessageListener] Connecting to the Broker Server...
[2025-10-09 03:47:07Z INFO ConfigurationStore] HasCredentials()
[2025-10-09 03:47:07Z INFO ConfigurationStore] stored True
[2025-10-09 03:47:07Z INFO CredentialManager] GetCredentialProvider
[2025-10-09 03:47:07Z INFO CredentialManager] Creating type OAuth
[2025-10-09 03:47:07Z INFO CredentialManager] Creating credential type: OAuth
[2025-10-09 03:47:07Z INFO RSAEncryptedFileKeyManager] Loading RSA key parameters from file G:\Brunella\actions-runner\.credentials_rsaparams
[2025-10-09 03:47:07Z INFO BrokerMessageListener] VssConnection created
[2025-10-09 03:47:07Z INFO BrokerMessageListener] Connecting to the Runner server...
[2025-10-09 03:47:07Z INFO RunnerServer] EstablishVssConnection
[2025-10-09 03:47:07Z INFO RunnerServer] Establish connection with 100 seconds timeout.
[2025-10-09 03:47:07Z INFO GitHubActionsService] Starting operation Location.GetConnectionData
[2025-10-09 03:47:07Z INFO RunnerServer] EstablishVssConnection
[2025-10-09 03:47:07Z INFO RunnerServer] Establish connection with 60 seconds timeout.
[2025-10-09 03:47:07Z INFO GitHubActionsService] Starting operation Location.GetConnectionData
[2025-10-09 03:47:07Z INFO RunnerServer] EstablishVssConnection
[2025-10-09 03:47:07Z INFO RunnerServer] Establish connection with 60 seconds timeout.
[2025-10-09 03:47:07Z INFO GitHubActionsService] Starting operation Location.GetConnectionData
[2025-10-09 03:47:08Z ERR  GitHubActionsService] GET request to https://pipelinesghubeus6.actions.githubusercontent.com/hKyNd5hzQTjPqVOxuFp9CyJ2tMUr8ytJJ9FfsFju3bqhBGI0lq/_apis/connectionData?connectOptions=1&lastChangeId=258625537&lastChangeId64=258625537 failed. HTTP Status: NotFound
[2025-10-09 03:47:08Z INFO GitHubActionsService] Finished operation Location.GetConnectionData
[2025-10-09 03:47:08Z INFO RunnerServer] Catch exception during connect. 4 attempt left.
[2025-10-09 03:47:08Z ERR  RunnerServer] GitHub.Services.WebApi.VssServiceResponseException: The resource cannot be found.
   at GitHub.Services.WebApi.VssHttpClientBase.HandleResponseAsync(HttpResponseMessage response, CancellationToken cancellationToken)
   at GitHub.Services.WebApi.VssHttpClientBase.SendAsync(HttpRequestMessage message, HttpCompletionOption completionOption, Object userState, CancellationToken cancellationToken)
   at GitHub.Services.WebApi.VssHttpClientBase.SendAsync[T](HttpRequestMessage message, Object userState, CancellationToken cancellationToken)
   at GitHub.Services.Location.Client.LocationHttpClient.GetConnectionDataAsync(ConnectOptions connectOptions, Int64 lastChangeId, CancellationToken cancellationToken, Object userState)
   at GitHub.Services.WebApi.Location.VssServerDataProvider.GetConnectionDataAsync(ConnectOptions connectOptions, Int32 lastChangeId, CancellationToken cancellationToken)
   at GitHub.Services.WebApi.Location.VssServerDataProvider.ConnectAsync(ConnectOptions connectOptions, CancellationToken cancellationToken)
   at GitHub.Runner.Common.RunnerService.EstablishVssConnection(Uri serverUrl, VssCredentials credentials, TimeSpan timeout)
[2025-10-09 03:47:08Z ERR  GitHubActionsService] GET request to https://pipelinesghubeus6.actions.githubusercontent.com/hKyNd5hzQTjPqVOxuFp9CyJ2tMUr8ytJJ9FfsFju3bqhBGI0lq/_apis/connectionData?connectOptions=1&lastChangeId=258625537&lastChangeId64=258625537 failed. HTTP Status: NotFound
[2025-10-09 03:47:08Z INFO GitHubActionsService] Finished operation Location.GetConnectionData
[2025-10-09 03:47:08Z INFO RunnerServer] Catch exception during connect. 4 attempt left.
[2025-10-09 03:47:08Z INFO GitHubActionsService] Starting operation Location.GetConnectionData
[2025-10-09 03:47:08Z ERR  RunnerServer] GitHub.Services.WebApi.VssServiceResponseException: The resource cannot be found.
   at GitHub.Services.WebApi.VssHttpClientBase.HandleResponseAsync(HttpResponseMessage response, CancellationToken cancellationToken)
   at GitHub.Services.WebApi.VssHttpClientBase.SendAsync(HttpRequestMessage message, HttpCompletionOption completionOption, Object userState, CancellationToken cancellationToken)
   at GitHub.Services.WebApi.VssHttpClientBase.SendAsync[T](HttpRequestMessage message, Object userState, CancellationToken cancellationToken)
   at GitHub.Services.Location.Client.LocationHttpClient.GetConnectionDataAsync(ConnectOptions connectOptions, Int64 lastChangeId, CancellationToken cancellationToken, Object userState)
   at GitHub.Services.WebApi.Location.VssServerDataProvider.GetConnectionDataAsync(ConnectOptions connectOptions, Int32 lastChangeId, CancellationToken cancellationToken)
   at GitHub.Services.WebApi.Location.VssServerDataProvider.ConnectAsync(ConnectOptions connectOptions, CancellationToken cancellationToken)
   at GitHub.Runner.Common.RunnerService.EstablishVssConnection(Uri serverUrl, VssCredentials credentials, TimeSpan timeout)
[2025-10-09 03:47:08Z INFO GitHubActionsService] Starting operation Location.GetConnectionData
[2025-10-09 03:47:08Z ERR  GitHubActionsService] GET request to https://pipelinesghubeus6.actions.githubusercontent.com/hKyNd5hzQTjPqVOxuFp9CyJ2tMUr8ytJJ9FfsFju3bqhBGI0lq/_apis/connectionData?connectOptions=1&lastChangeId=258625537&lastChangeId64=258625537 failed. HTTP Status: NotFound
[2025-10-09 03:47:08Z INFO GitHubActionsService] Finished operation Location.GetConnectionData
[2025-10-09 03:47:08Z INFO RunnerServer] Catch exception during connect. 4 attempt left.
[2025-10-09 03:47:08Z ERR  RunnerServer] GitHub.Services.WebApi.VssServiceResponseException: The resource cannot be found.
   at GitHub.Services.WebApi.VssHttpClientBase.HandleResponseAsync(HttpResponseMessage response, CancellationToken cancellationToken)
   at GitHub.Services.WebApi.VssHttpClientBase.SendAsync(HttpRequestMessage message, HttpCompletionOption completionOption, Object userState, CancellationToken cancellationToken)
   at GitHub.Services.WebApi.VssHttpClientBase.SendAsync[T](HttpRequestMessage message, Object userState, CancellationToken cancellationToken)
   at GitHub.Services.Location.Client.LocationHttpClient.GetConnectionDataAsync(ConnectOptions connectOptions, Int64 lastChangeId, CancellationToken cancellationToken, Object userState)
   at GitHub.Services.WebApi.Location.VssServerDataProvider.GetConnectionDataAsync(ConnectOptions connectOptions, Int32 lastChangeId, CancellationToken cancellationToken)
   at GitHub.Services.WebApi.Location.VssServerDataProvider.ConnectAsync(ConnectOptions connectOptions, CancellationToken cancellationToken)
   at GitHub.Runner.Common.RunnerService.EstablishVssConnection(Uri serverUrl, VssCredentials credentials, TimeSpan timeout)
[2025-10-09 03:47:09Z INFO GitHubActionsService] Starting operation Location.GetConnectionData
[2025-10-09 03:47:09Z ERR  GitHubActionsService] GET request to https://pipelinesghubeus6.actions.githubusercontent.com/hKyNd5hzQTjPqVOxuFp9CyJ2tMUr8ytJJ9FfsFju3bqhBGI0lq/_apis/connectionData?connectOptions=1&lastChangeId=258625537&lastChangeId64=258625537 failed. HTTP Status: NotFound
[2025-10-09 03:47:09Z INFO GitHubActionsService] Finished operation Location.GetConnectionData
[2025-10-09 03:47:09Z INFO RunnerServer] Catch exception during connect. 3 attempt left.
[2025-10-09 03:47:09Z ERR  RunnerServer] GitHub.Services.WebApi.VssServiceResponseException: The resource cannot be found.
   at GitHub.Services.WebApi.VssHttpClientBase.HandleResponseAsync(HttpResponseMessage response, CancellationToken cancellationToken)
   at GitHub.Services.WebApi.VssHttpClientBase.SendAsync(HttpRequestMessage message, HttpCompletionOption completionOption, Object userState, CancellationToken cancellationToken)
   at GitHub.Services.WebApi.VssHttpClientBase.SendAsync[T](HttpRequestMessage message, Object userState, CancellationToken cancellationToken)
   at GitHub.Services.Location.Client.LocationHttpClient.GetConnectionDataAsync(ConnectOptions connectOptions, Int64 lastChangeId, CancellationToken cancellationToken, Object userState)
   at GitHub.Services.WebApi.Location.VssServerDataProvider.GetConnectionDataAsync(ConnectOptions connectOptions, Int32 lastChangeId, CancellationToken cancellationToken)
   at GitHub.Services.WebApi.Location.VssServerDataProvider.ConnectAsync(ConnectOptions connectOptions, CancellationToken cancellationToken)
   at GitHub.Runner.Common.RunnerService.EstablishVssConnection(Uri serverUrl, VssCredentials credentials, TimeSpan timeout)
[2025-10-09 03:47:09Z ERR  GitHubActionsService] GET request to https://pipelinesghubeus6.actions.githubusercontent.com/hKyNd5hzQTjPqVOxuFp9CyJ2tMUr8ytJJ9FfsFju3bqhBGI0lq/_apis/connectionData?connectOptions=1&lastChangeId=258625537&lastChangeId64=258625537 failed. HTTP Status: NotFound
[2025-10-09 03:47:09Z INFO GitHubActionsService] Finished operation Location.GetConnectionData
[2025-10-09 03:47:09Z INFO RunnerServer] Catch exception during connect. 3 attempt left.
[2025-10-09 03:47:09Z ERR  RunnerServer] GitHub.Services.WebApi.VssServiceResponseException: The resource cannot be found.
   at GitHub.Services.WebApi.VssHttpClientBase.HandleResponseAsync(HttpResponseMessage response, CancellationToken cancellationToken)
   at GitHub.Services.WebApi.VssHttpClientBase.SendAsync(HttpRequestMessage message, HttpCompletionOption completionOption, Object userState, CancellationToken cancellationToken)
   at GitHub.Services.WebApi.VssHttpClientBase.SendAsync[T](HttpRequestMessage message, Object userState, CancellationToken cancellationToken)
   at GitHub.Services.Location.Client.LocationHttpClient.GetConnectionDataAsync(ConnectOptions connectOptions, Int64 lastChangeId, CancellationToken cancellationToken, Object userState)
   at GitHub.Services.WebApi.Location.VssServerDataProvider.GetConnectionDataAsync(ConnectOptions connectOptions, Int32 lastChangeId, CancellationToken cancellationToken)
   at GitHub.Services.WebApi.Location.VssServerDataProvider.ConnectAsync(ConnectOptions connectOptions, CancellationToken cancellationToken)
   at GitHub.Runner.Common.RunnerService.EstablishVssConnection(Uri serverUrl, VssCredentials credentials, TimeSpan timeout)
[2025-10-09 03:47:09Z INFO GitHubActionsService] Starting operation Location.GetConnectionData
[2025-10-09 03:47:09Z INFO GitHubActionsService] Starting operation Location.GetConnectionData
[2025-10-09 03:47:09Z ERR  GitHubActionsService] GET request to https://pipelinesghubeus6.actions.githubusercontent.com/hKyNd5hzQTjPqVOxuFp9CyJ2tMUr8ytJJ9FfsFju3bqhBGI0lq/_apis/connectionData?connectOptions=1&lastChangeId=258625537&lastChangeId64=258625537 failed. HTTP Status: NotFound
[2025-10-09 03:47:09Z INFO GitHubActionsService] Finished operation Location.GetConnectionData
[2025-10-09 03:47:09Z INFO RunnerServer] Catch exception during connect. 2 attempt left.
[2025-10-09 03:47:09Z ERR  RunnerServer] GitHub.Services.WebApi.VssServiceResponseException: The resource cannot be found.
   at GitHub.Services.WebApi.VssHttpClientBase.HandleResponseAsync(HttpResponseMessage response, CancellationToken cancellationToken)
   at GitHub.Services.WebApi.VssHttpClientBase.SendAsync(HttpRequestMessage message, HttpCompletionOption completionOption, Object userState, CancellationToken cancellationToken)
   at GitHub.Services.WebApi.VssHttpClientBase.SendAsync[T](HttpRequestMessage message, Object userState, CancellationToken cancellationToken)
   at GitHub.Services.Location.Client.LocationHttpClient.GetConnectionDataAsync(ConnectOptions connectOptions, Int64 lastChangeId, CancellationToken cancellationToken, Object userState)
   at GitHub.Services.WebApi.Location.VssServerDataProvider.GetConnectionDataAsync(ConnectOptions connectOptions, Int32 lastChangeId, CancellationToken cancellationToken)
   at GitHub.Services.WebApi.Location.VssServerDataProvider.ConnectAsync(ConnectOptions connectOptions, CancellationToken cancellationToken)
   at GitHub.Runner.Common.RunnerService.EstablishVssConnection(Uri serverUrl, VssCredentials credentials, TimeSpan timeout)
[2025-10-09 03:47:09Z ERR  GitHubActionsService] GET request to https://pipelinesghubeus6.actions.githubusercontent.com/hKyNd5hzQTjPqVOxuFp9CyJ2tMUr8ytJJ9FfsFju3bqhBGI0lq/_apis/connectionData?connectOptions=1&lastChangeId=258625537&lastChangeId64=258625537 failed. HTTP Status: NotFound
[2025-10-09 03:47:09Z INFO GitHubActionsService] Finished operation Location.GetConnectionData
[2025-10-09 03:47:09Z INFO RunnerServer] Catch exception during connect. 2 attempt left.
[2025-10-09 03:47:09Z ERR  RunnerServer] GitHub.Services.WebApi.VssServiceResponseException: The resource cannot be found.
   at GitHub.Services.WebApi.VssHttpClientBase.HandleResponseAsync(HttpResponseMessage response, CancellationToken cancellationToken)
   at GitHub.Services.WebApi.VssHttpClientBase.SendAsync(HttpRequestMessage message, HttpCompletionOption completionOption, Object userState, CancellationToken cancellationToken)
   at GitHub.Services.WebApi.VssHttpClientBase.SendAsync[T](HttpRequestMessage message, Object userState, CancellationToken cancellationToken)
   at GitHub.Services.Location.Client.LocationHttpClient.GetConnectionDataAsync(ConnectOptions connectOptions, Int64 lastChangeId, CancellationToken cancellationToken, Object userState)
   at GitHub.Services.WebApi.Location.VssServerDataProvider.GetConnectionDataAsync(ConnectOptions connectOptions, Int32 lastChangeId, CancellationToken cancellationToken)
   at GitHub.Services.WebApi.Location.VssServerDataProvider.ConnectAsync(ConnectOptions connectOptions, CancellationToken cancellationToken)
   at GitHub.Runner.Common.RunnerService.EstablishVssConnection(Uri serverUrl, VssCredentials credentials, TimeSpan timeout)
[2025-10-09 03:47:10Z INFO GitHubActionsService] Starting operation Location.GetConnectionData
[2025-10-09 03:47:10Z INFO GitHubActionsService] Starting operation Location.GetConnectionData
[2025-10-09 03:47:10Z ERR  GitHubActionsService] GET request to https://pipelinesghubeus6.actions.githubusercontent.com/hKyNd5hzQTjPqVOxuFp9CyJ2tMUr8ytJJ9FfsFju3bqhBGI0lq/_apis/connectionData?connectOptions=1&lastChangeId=258625537&lastChangeId64=258625537 failed. HTTP Status: NotFound
[2025-10-09 03:47:10Z INFO GitHubActionsService] Finished operation Location.GetConnectionData
[2025-10-09 03:47:10Z INFO RunnerServer] Catch exception during connect. 3 attempt left.
[2025-10-09 03:47:10Z ERR  RunnerServer] GitHub.Services.WebApi.VssServiceResponseException: The resource cannot be found.
   at GitHub.Services.WebApi.VssHttpClientBase.HandleResponseAsync(HttpResponseMessage response, CancellationToken cancellationToken)
   at GitHub.Services.WebApi.VssHttpClientBase.SendAsync(HttpRequestMessage message, HttpCompletionOption completionOption, Object userState, CancellationToken cancellationToken)
   at GitHub.Services.WebApi.VssHttpClientBase.SendAsync[T](HttpRequestMessage message, Object userState, CancellationToken cancellationToken)
   at GitHub.Services.Location.Client.LocationHttpClient.GetConnectionDataAsync(ConnectOptions connectOptions, Int64 lastChangeId, CancellationToken cancellationToken, Object userState)
   at GitHub.Services.WebApi.Location.VssServerDataProvider.GetConnectionDataAsync(ConnectOptions connectOptions, Int32 lastChangeId, CancellationToken cancellationToken)
   at GitHub.Services.WebApi.Location.VssServerDataProvider.ConnectAsync(ConnectOptions connectOptions, CancellationToken cancellationToken)
   at GitHub.Runner.Common.RunnerService.EstablishVssConnection(Uri serverUrl, VssCredentials credentials, TimeSpan timeout)
[2025-10-09 03:47:10Z INFO GitHubActionsService] Starting operation Location.GetConnectionData
[2025-10-09 03:47:10Z ERR  GitHubActionsService] GET request to https://pipelinesghubeus6.actions.githubusercontent.com/hKyNd5hzQTjPqVOxuFp9CyJ2tMUr8ytJJ9FfsFju3bqhBGI0lq/_apis/connectionData?connectOptions=1&lastChangeId=258625537&lastChangeId64=258625537 failed. HTTP Status: NotFound
[2025-10-09 03:47:10Z INFO GitHubActionsService] Finished operation Location.GetConnectionData
[2025-10-09 03:47:10Z INFO RunnerServer] Catch exception during connect. 1 attempt left.
[2025-10-09 03:47:10Z ERR  RunnerServer] GitHub.Services.WebApi.VssServiceResponseException: The resource cannot be found.
   at GitHub.Services.WebApi.VssHttpClientBase.HandleResponseAsync(HttpResponseMessage response, CancellationToken cancellationToken)
   at GitHub.Services.WebApi.VssHttpClientBase.SendAsync(HttpRequestMessage message, HttpCompletionOption completionOption, Object userState, CancellationToken cancellationToken)
   at GitHub.Services.WebApi.VssHttpClientBase.SendAsync[T](HttpRequestMessage message, Object userState, CancellationToken cancellationToken)
   at GitHub.Services.Location.Client.LocationHttpClient.GetConnectionDataAsync(ConnectOptions connectOptions, Int64 lastChangeId, CancellationToken cancellationToken, Object userState)
   at GitHub.Services.WebApi.Location.VssServerDataProvider.GetConnectionDataAsync(ConnectOptions connectOptions, Int32 lastChangeId, CancellationToken cancellationToken)
   at GitHub.Services.WebApi.Location.VssServerDataProvider.ConnectAsync(ConnectOptions connectOptions, CancellationToken cancellationToken)
   at GitHub.Runner.Common.RunnerService.EstablishVssConnection(Uri serverUrl, VssCredentials credentials, TimeSpan timeout)
[2025-10-09 03:47:10Z ERR  GitHubActionsService] GET request to https://pipelinesghubeus6.actions.githubusercontent.com/hKyNd5hzQTjPqVOxuFp9CyJ2tMUr8ytJJ9FfsFju3bqhBGI0lq/_apis/connectionData?connectOptions=1&lastChangeId=258625537&lastChangeId64=258625537 failed. HTTP Status: NotFound
[2025-10-09 03:47:10Z INFO GitHubActionsService] Finished operation Location.GetConnectionData
[2025-10-09 03:47:10Z INFO RunnerServer] Catch exception during connect. 1 attempt left.
[2025-10-09 03:47:10Z ERR  RunnerServer] GitHub.Services.WebApi.VssServiceResponseException: The resource cannot be found.
   at GitHub.Services.WebApi.VssHttpClientBase.HandleResponseAsync(HttpResponseMessage response, CancellationToken cancellationToken)
   at GitHub.Services.WebApi.VssHttpClientBase.SendAsync(HttpRequestMessage message, HttpCompletionOption completionOption, Object userState, CancellationToken cancellationToken)
   at GitHub.Services.WebApi.VssHttpClientBase.SendAsync[T](HttpRequestMessage message, Object userState, CancellationToken cancellationToken)
   at GitHub.Services.Location.Client.LocationHttpClient.GetConnectionDataAsync(ConnectOptions connectOptions, Int64 lastChangeId, CancellationToken cancellationToken, Object userState)
   at GitHub.Services.WebApi.Location.VssServerDataProvider.GetConnectionDataAsync(ConnectOptions connectOptions, Int32 lastChangeId, CancellationToken cancellationToken)
   at GitHub.Services.WebApi.Location.VssServerDataProvider.ConnectAsync(ConnectOptions connectOptions, CancellationToken cancellationToken)
   at GitHub.Runner.Common.RunnerService.EstablishVssConnection(Uri serverUrl, VssCredentials credentials, TimeSpan timeout)
[2025-10-09 03:47:10Z INFO GitHubActionsService] Starting operation Location.GetConnectionData
[2025-10-09 03:47:10Z INFO GitHubActionsService] Starting operation Location.GetConnectionData
[2025-10-09 03:47:11Z ERR  GitHubActionsService] GET request to https://pipelinesghubeus6.actions.githubusercontent.com/hKyNd5hzQTjPqVOxuFp9CyJ2tMUr8ytJJ9FfsFju3bqhBGI0lq/_apis/connectionData?connectOptions=1&lastChangeId=258625537&lastChangeId64=258625537 failed. HTTP Status: NotFound
[2025-10-09 03:47:11Z INFO GitHubActionsService] Finished operation Location.GetConnectionData
[2025-10-09 03:47:11Z INFO RunnerServer] Catch exception during connect. 2 attempt left.
[2025-10-09 03:47:11Z ERR  RunnerServer] GitHub.Services.WebApi.VssServiceResponseException: The resource cannot be found.
   at GitHub.Services.WebApi.VssHttpClientBase.HandleResponseAsync(HttpResponseMessage response, CancellationToken cancellationToken)
   at GitHub.Services.WebApi.VssHttpClientBase.SendAsync(HttpRequestMessage message, HttpCompletionOption completionOption, Object userState, CancellationToken cancellationToken)
   at GitHub.Services.WebApi.VssHttpClientBase.SendAsync[T](HttpRequestMessage message, Object userState, CancellationToken cancellationToken)
   at GitHub.Services.Location.Client.LocationHttpClient.GetConnectionDataAsync(ConnectOptions connectOptions, Int64 lastChangeId, CancellationToken cancellationToken, Object userState)
   at GitHub.Services.WebApi.Location.VssServerDataProvider.GetConnectionDataAsync(ConnectOptions connectOptions, Int32 lastChangeId, CancellationToken cancellationToken)
   at GitHub.Services.WebApi.Location.VssServerDataProvider.ConnectAsync(ConnectOptions connectOptions, CancellationToken cancellationToken)
   at GitHub.Runner.Common.RunnerService.EstablishVssConnection(Uri serverUrl, VssCredentials credentials, TimeSpan timeout)
[2025-10-09 03:47:11Z INFO GitHubActionsService] Starting operation Location.GetConnectionData
[2025-10-09 03:47:11Z ERR  GitHubActionsService] GET request to https://pipelinesghubeus6.actions.githubusercontent.com/hKyNd5hzQTjPqVOxuFp9CyJ2tMUr8ytJJ9FfsFju3bqhBGI0lq/_apis/connectionData?connectOptions=1&lastChangeId=258625537&lastChangeId64=258625537 failed. HTTP Status: NotFound
[2025-10-09 03:47:11Z INFO GitHubActionsService] Finished operation Location.GetConnectionData
[2025-10-09 03:47:11Z ERR  GitHubActionsService] GET request to https://pipelinesghubeus6.actions.githubusercontent.com/hKyNd5hzQTjPqVOxuFp9CyJ2tMUr8ytJJ9FfsFju3bqhBGI0lq/_apis/connectionData?connectOptions=1&lastChangeId=258625537&lastChangeId64=258625537 failed. HTTP Status: NotFound
[2025-10-09 03:47:11Z INFO GitHubActionsService] Finished operation Location.GetConnectionData
[2025-10-09 03:47:12Z ERR  GitHubActionsService] GET request to https://pipelinesghubeus6.actions.githubusercontent.com/hKyNd5hzQTjPqVOxuFp9CyJ2tMUr8ytJJ9FfsFju3bqhBGI0lq/_apis/connectionData?connectOptions=1&lastChangeId=258625537&lastChangeId64=258625537 failed. HTTP Status: NotFound
[2025-10-09 03:47:12Z INFO GitHubActionsService] Finished operation Location.GetConnectionData
[2025-10-09 03:47:12Z INFO RunnerServer] Catch exception during connect. 1 attempt left.
[2025-10-09 03:47:12Z ERR  RunnerServer] GitHub.Services.WebApi.VssServiceResponseException: The resource cannot be found.
   at GitHub.Services.WebApi.VssHttpClientBase.HandleResponseAsync(HttpResponseMessage response, CancellationToken cancellationToken)
   at GitHub.Services.WebApi.VssHttpClientBase.SendAsync(HttpRequestMessage message, HttpCompletionOption completionOption, Object userState, CancellationToken cancellationToken)
   at GitHub.Services.WebApi.VssHttpClientBase.SendAsync[T](HttpRequestMessage message, Object userState, CancellationToken cancellationToken)
   at GitHub.Services.Location.Client.LocationHttpClient.GetConnectionDataAsync(ConnectOptions connectOptions, Int64 lastChangeId, CancellationToken cancellationToken, Object userState)
   at GitHub.Services.WebApi.Location.VssServerDataProvider.GetConnectionDataAsync(ConnectOptions connectOptions, Int32 lastChangeId, CancellationToken cancellationToken)
   at GitHub.Services.WebApi.Location.VssServerDataProvider.ConnectAsync(ConnectOptions connectOptions, CancellationToken cancellationToken)
   at GitHub.Runner.Common.RunnerService.EstablishVssConnection(Uri serverUrl, VssCredentials credentials, TimeSpan timeout)
[2025-10-09 03:47:12Z INFO GitHubActionsService] Starting operation Location.GetConnectionData
[2025-10-09 03:47:12Z ERR  GitHubActionsService] GET request to https://pipelinesghubeus6.actions.githubusercontent.com/hKyNd5hzQTjPqVOxuFp9CyJ2tMUr8ytJJ9FfsFju3bqhBGI0lq/_apis/connectionData?connectOptions=1&lastChangeId=258625537&lastChangeId64=258625537 failed. HTTP Status: NotFound
[2025-10-09 03:47:12Z INFO GitHubActionsService] Finished operation Location.GetConnectionData
[2025-10-09 03:47:12Z ERR  BrokerMessageListener] Catch exception during create session.
[2025-10-09 03:47:12Z ERR  BrokerMessageListener] GitHub.Services.WebApi.VssServiceResponseException: The resource cannot be found.
   at GitHub.Services.WebApi.VssHttpClientBase.HandleResponseAsync(HttpResponseMessage response, CancellationToken cancellationToken)
   at GitHub.Services.WebApi.VssHttpClientBase.SendAsync(HttpRequestMessage message, HttpCompletionOption completionOption, Object userState, CancellationToken cancellationToken)
   at GitHub.Services.WebApi.VssHttpClientBase.SendAsync[T](HttpRequestMessage message, Object userState, CancellationToken cancellationToken)
   at GitHub.Services.Location.Client.LocationHttpClient.GetConnectionDataAsync(ConnectOptions connectOptions, Int64 lastChangeId, CancellationToken cancellationToken, Object userState)
   at GitHub.Services.WebApi.Location.VssServerDataProvider.GetConnectionDataAsync(ConnectOptions connectOptions, Int32 lastChangeId, CancellationToken cancellationToken)
   at GitHub.Services.WebApi.Location.VssServerDataProvider.ConnectAsync(ConnectOptions connectOptions, CancellationToken cancellationToken)
   at GitHub.Runner.Common.RunnerService.EstablishVssConnection(Uri serverUrl, VssCredentials credentials, TimeSpan timeout)
   at GitHub.Runner.Common.RunnerServer.ConnectAsync(Uri serverUrl, VssCredentials credentials)
   at GitHub.Runner.Listener.BrokerMessageListener.CreateSessionAsync(CancellationToken token)
[2025-10-09 03:47:12Z INFO BrokerMessageListener] Retriable exception: The resource cannot be found.
[2025-10-09 03:47:12Z INFO BrokerMessageListener] Sleeping for 30 seconds before retrying.
[2025-10-09 03:47:42Z INFO BrokerMessageListener] Attempt to create session.
[2025-10-09 03:47:42Z INFO BrokerMessageListener] Connecting to the Broker Server...
[2025-10-09 03:47:42Z INFO ConfigurationStore] HasCredentials()
[2025-10-09 03:47:42Z INFO ConfigurationStore] stored True
[2025-10-09 03:47:42Z INFO CredentialManager] GetCredentialProvider
[2025-10-09 03:47:42Z INFO CredentialManager] Creating type OAuth
[2025-10-09 03:47:42Z INFO CredentialManager] Creating credential type: OAuth
[2025-10-09 03:47:42Z INFO RSAEncryptedFileKeyManager] Loading RSA key parameters from file G:\Brunella\actions-runner\.credentials_rsaparams
[2025-10-09 03:47:42Z INFO BrokerMessageListener] VssConnection created
[2025-10-09 03:47:42Z INFO BrokerMessageListener] Connecting to the Runner server...
[2025-10-09 03:47:42Z INFO RunnerServer] EstablishVssConnection
[2025-10-09 03:47:42Z INFO RunnerServer] Establish connection with 100 seconds timeout.
[2025-10-09 03:47:42Z INFO GitHubActionsService] Starting operation Location.GetConnectionData
[2025-10-09 03:47:42Z INFO RunnerServer] EstablishVssConnection
[2025-10-09 03:47:42Z INFO RunnerServer] Establish connection with 60 seconds timeout.
[2025-10-09 03:47:42Z INFO GitHubActionsService] Starting operation Location.GetConnectionData
[2025-10-09 03:47:42Z INFO RunnerServer] EstablishVssConnection
[2025-10-09 03:47:42Z INFO RunnerServer] Establish connection with 60 seconds timeout.
[2025-10-09 03:47:42Z INFO GitHubActionsService] Starting operation Location.GetConnectionData
[2025-10-09 03:47:43Z ERR  GitHubActionsService] GET request to https://pipelinesghubeus6.actions.githubusercontent.com/hKyNd5hzQTjPqVOxuFp9CyJ2tMUr8ytJJ9FfsFju3bqhBGI0lq/_apis/connectionData?connectOptions=1&lastChangeId=258625537&lastChangeId64=258625537 failed. HTTP Status: NotFound
[2025-10-09 03:47:43Z INFO GitHubActionsService] Finished operation Location.GetConnectionData
[2025-10-09 03:47:43Z INFO RunnerServer] Catch exception during connect. 4 attempt left.
[2025-10-09 03:47:43Z ERR  RunnerServer] GitHub.Services.WebApi.VssServiceResponseException: The resource cannot be found.
   at GitHub.Services.WebApi.VssHttpClientBase.HandleResponseAsync(HttpResponseMessage response, CancellationToken cancellationToken)
   at GitHub.Services.WebApi.VssHttpClientBase.SendAsync(HttpRequestMessage message, HttpCompletionOption completionOption, Object userState, CancellationToken cancellationToken)
   at GitHub.Services.WebApi.VssHttpClientBase.SendAsync[T](HttpRequestMessage message, Object userState, CancellationToken cancellationToken)
   at GitHub.Services.Location.Client.LocationHttpClient.GetConnectionDataAsync(ConnectOptions connectOptions, Int64 lastChangeId, CancellationToken cancellationToken, Object userState)
   at GitHub.Services.WebApi.Location.VssServerDataProvider.GetConnectionDataAsync(ConnectOptions connectOptions, Int32 lastChangeId, CancellationToken cancellationToken)
   at GitHub.Services.WebApi.Location.VssServerDataProvider.ConnectAsync(ConnectOptions connectOptions, CancellationToken cancellationToken)
   at GitHub.Runner.Common.RunnerService.EstablishVssConnection(Uri serverUrl, VssCredentials credentials, TimeSpan timeout)
[2025-10-09 03:47:43Z ERR  GitHubActionsService] GET request to https://pipelinesghubeus6.actions.githubusercontent.com/hKyNd5hzQTjPqVOxuFp9CyJ2tMUr8ytJJ9FfsFju3bqhBGI0lq/_apis/connectionData?connectOptions=1&lastChangeId=258625537&lastChangeId64=258625537 failed. HTTP Status: NotFound
[2025-10-09 03:47:43Z INFO GitHubActionsService] Finished operation Location.GetConnectionData
[2025-10-09 03:47:43Z INFO RunnerServer] Catch exception during connect. 4 attempt left.
[2025-10-09 03:47:43Z ERR  RunnerServer] GitHub.Services.WebApi.VssServiceResponseException: The resource cannot be found.
   at GitHub.Services.WebApi.VssHttpClientBase.HandleResponseAsync(HttpResponseMessage response, CancellationToken cancellationToken)
   at GitHub.Services.WebApi.VssHttpClientBase.SendAsync(HttpRequestMessage message, HttpCompletionOption completionOption, Object userState, CancellationToken cancellationToken)
   at GitHub.Services.WebApi.VssHttpClientBase.SendAsync[T](HttpRequestMessage message, Object userState, CancellationToken cancellationToken)
   at GitHub.Services.Location.Client.LocationHttpClient.GetConnectionDataAsync(ConnectOptions connectOptions, Int64 lastChangeId, CancellationToken cancellationToken, Object userState)
   at GitHub.Services.WebApi.Location.VssServerDataProvider.GetConnectionDataAsync(ConnectOptions connectOptions, Int32 lastChangeId, CancellationToken cancellationToken)
   at GitHub.Services.WebApi.Location.VssServerDataProvider.ConnectAsync(ConnectOptions connectOptions, CancellationToken cancellationToken)
   at GitHub.Runner.Common.RunnerService.EstablishVssConnection(Uri serverUrl, VssCredentials credentials, TimeSpan timeout)
[2025-10-09 03:47:43Z ERR  GitHubActionsService] GET request to https://pipelinesghubeus6.actions.githubusercontent.com/hKyNd5hzQTjPqVOxuFp9CyJ2tMUr8ytJJ9FfsFju3bqhBGI0lq/_apis/connectionData?connectOptions=1&lastChangeId=258625537&lastChangeId64=258625537 failed. HTTP Status: NotFound
[2025-10-09 03:47:43Z INFO GitHubActionsService] Finished operation Location.GetConnectionData
[2025-10-09 03:47:43Z INFO RunnerServer] Catch exception during connect. 4 attempt left.
[2025-10-09 03:47:43Z ERR  RunnerServer] GitHub.Services.WebApi.VssServiceResponseException: The resource cannot be found.
   at GitHub.Services.WebApi.VssHttpClientBase.HandleResponseAsync(HttpResponseMessage response, CancellationToken cancellationToken)
   at GitHub.Services.WebApi.VssHttpClientBase.SendAsync(HttpRequestMessage message, HttpCompletionOption completionOption, Object userState, CancellationToken cancellationToken)
   at GitHub.Services.WebApi.VssHttpClientBase.SendAsync[T](HttpRequestMessage message, Object userState, CancellationToken cancellationToken)
   at GitHub.Services.Location.Client.LocationHttpClient.GetConnectionDataAsync(ConnectOptions connectOptions, Int64 lastChangeId, CancellationToken cancellationToken, Object userState)
   at GitHub.Services.WebApi.Location.VssServerDataProvider.GetConnectionDataAsync(ConnectOptions connectOptions, Int32 lastChangeId, CancellationToken cancellationToken)
   at GitHub.Services.WebApi.Location.VssServerDataProvider.ConnectAsync(ConnectOptions connectOptions, CancellationToken cancellationToken)
   at GitHub.Runner.Common.RunnerService.EstablishVssConnection(Uri serverUrl, VssCredentials credentials, TimeSpan timeout)
[2025-10-09 03:47:43Z INFO GitHubActionsService] Starting operation Location.GetConnectionData
[2025-10-09 03:47:43Z INFO GitHubActionsService] Starting operation Location.GetConnectionData
[2025-10-09 03:47:43Z INFO GitHubActionsService] Starting operation Location.GetConnectionData
[2025-10-09 03:47:43Z ERR  GitHubActionsService] GET request to https://pipelinesghubeus6.actions.githubusercontent.com/hKyNd5hzQTjPqVOxuFp9CyJ2tMUr8ytJJ9FfsFju3bqhBGI0lq/_apis/connectionData?connectOptions=1&lastChangeId=258625537&lastChangeId64=258625537 failed. HTTP Status: NotFound
[2025-10-09 03:47:50Z ERR  GitHubActionsService] GET request to https://pipelinesghubeus6.actions.githubusercontent.com/hKyNd5hzQTjPqVOxuFp9CyJ2tMUr8ytJJ9FfsFju3bqhBGI0lq/_apis/connectionData?connectOptions=1&lastChangeId=258625537&lastChangeId64=258625537 failed. HTTP Status: NotFound
[2025-10-09 03:47:50Z ERR  GitHubActionsService] GET request to https://pipelinesghubeus6.actions.githubusercontent.com/hKyNd5hzQTjPqVOxuFp9CyJ2tMUr8ytJJ9FfsFju3bqhBGI0lq/_apis/connectionData?connectOptions=1&lastChangeId=258625537&lastChangeId64=258625537 failed. HTTP Status: NotFound
[2025-10-09 03:47:50Z INFO GitHubActionsService] Finished operation Location.GetConnectionData
[2025-10-09 03:47:50Z INFO GitHubActionsService] Finished operation Location.GetConnectionData
[2025-10-09 03:47:50Z INFO GitHubActionsService] Finished operation Location.GetConnectionData
[2025-10-09 03:47:50Z INFO RunnerServer] Catch exception during connect. 3 attempt left.
[2025-10-09 03:47:50Z INFO RunnerServer] Catch exception during connect. 3 attempt left.
[2025-10-09 03:47:50Z INFO RunnerServer] Catch exception during connect. 3 attempt left.
[2025-10-09 03:47:50Z ERR  RunnerServer] GitHub.Services.WebApi.VssServiceResponseException: The resource cannot be found.
   at GitHub.Services.WebApi.VssHttpClientBase.HandleResponseAsync(HttpResponseMessage response, CancellationToken cancellationToken)
   at GitHub.Services.WebApi.VssHttpClientBase.SendAsync(HttpRequestMessage message, HttpCompletionOption completionOption, Object userState, CancellationToken cancellationToken)
   at GitHub.Services.WebApi.VssHttpClientBase.SendAsync[T](HttpRequestMessage message, Object userState, CancellationToken cancellationToken)
   at GitHub.Services.Location.Client.LocationHttpClient.GetConnectionDataAsync(ConnectOptions connectOptions, Int64 lastChangeId, CancellationToken cancellationToken, Object userState)
   at GitHub.Services.WebApi.Location.VssServerDataProvider.GetConnectionDataAsync(ConnectOptions connectOptions, Int32 lastChangeId, CancellationToken cancellationToken)
   at GitHub.Services.WebApi.Location.VssServerDataProvider.ConnectAsync(ConnectOptions connectOptions, CancellationToken cancellationToken)
   at GitHub.Runner.Common.RunnerService.EstablishVssConnection(Uri serverUrl, VssCredentials credentials, TimeSpan timeout)
[2025-10-09 03:47:50Z ERR  RunnerServer] GitHub.Services.WebApi.VssServiceResponseException: The resource cannot be found.
   at GitHub.Services.WebApi.VssHttpClientBase.HandleResponseAsync(HttpResponseMessage response, CancellationToken cancellationToken)
   at GitHub.Services.WebApi.VssHttpClientBase.SendAsync(HttpRequestMessage message, HttpCompletionOption completionOption, Object userState, CancellationToken cancellationToken)
   at GitHub.Services.WebApi.VssHttpClientBase.SendAsync[T](HttpRequestMessage message, Object userState, CancellationToken cancellationToken)
   at GitHub.Services.Location.Client.LocationHttpClient.GetConnectionDataAsync(ConnectOptions connectOptions, Int64 lastChangeId, CancellationToken cancellationToken, Object userState)
   at GitHub.Services.WebApi.Location.VssServerDataProvider.GetConnectionDataAsync(ConnectOptions connectOptions, Int32 lastChangeId, CancellationToken cancellationToken)
   at GitHub.Services.WebApi.Location.VssServerDataProvider.ConnectAsync(ConnectOptions connectOptions, CancellationToken cancellationToken)
   at GitHub.Runner.Common.RunnerService.EstablishVssConnection(Uri serverUrl, VssCredentials credentials, TimeSpan timeout)
[2025-10-09 03:47:50Z ERR  RunnerServer] GitHub.Services.WebApi.VssServiceResponseException: The resource cannot be found.
   at GitHub.Services.WebApi.VssHttpClientBase.HandleResponseAsync(HttpResponseMessage response, CancellationToken cancellationToken)
   at GitHub.Services.WebApi.VssHttpClientBase.SendAsync(HttpRequestMessage message, HttpCompletionOption completionOption, Object userState, CancellationToken cancellationToken)
   at GitHub.Services.WebApi.VssHttpClientBase.SendAsync[T](HttpRequestMessage message, Object userState, CancellationToken cancellationToken)
   at GitHub.Services.Location.Client.LocationHttpClient.GetConnectionDataAsync(ConnectOptions connectOptions, Int64 lastChangeId, CancellationToken cancellationToken, Object userState)
   at GitHub.Services.WebApi.Location.VssServerDataProvider.GetConnectionDataAsync(ConnectOptions connectOptions, Int32 lastChangeId, CancellationToken cancellationToken)
   at GitHub.Services.WebApi.Location.VssServerDataProvider.ConnectAsync(ConnectOptions connectOptions, CancellationToken cancellationToken)
   at GitHub.Runner.Common.RunnerService.EstablishVssConnection(Uri serverUrl, VssCredentials credentials, TimeSpan timeout)
[2025-10-09 03:47:50Z INFO GitHubActionsService] Starting operation Location.GetConnectionData
[2025-10-09 03:47:50Z INFO GitHubActionsService] Starting operation Location.GetConnectionData
[2025-10-09 03:47:50Z INFO GitHubActionsService] Starting operation Location.GetConnectionData
[2025-10-09 03:47:51Z ERR  GitHubActionsService] GET request to https://pipelinesghubeus6.actions.githubusercontent.com/hKyNd5hzQTjPqVOxuFp9CyJ2tMUr8ytJJ9FfsFju3bqhBGI0lq/_apis/connectionData?connectOptions=1&lastChangeId=258625537&lastChangeId64=258625537 failed. HTTP Status: NotFound
[2025-10-09 03:47:51Z INFO GitHubActionsService] Finished operation Location.GetConnectionData
[2025-10-09 03:47:51Z INFO RunnerServer] Catch exception during connect. 2 attempt left.
[2025-10-09 03:47:51Z ERR  RunnerServer] GitHub.Services.WebApi.VssServiceResponseException: The resource cannot be found.
   at GitHub.Services.WebApi.VssHttpClientBase.HandleResponseAsync(HttpResponseMessage response, CancellationToken cancellationToken)
   at GitHub.Services.WebApi.VssHttpClientBase.SendAsync(HttpRequestMessage message, HttpCompletionOption completionOption, Object userState, CancellationToken cancellationToken)
   at GitHub.Services.WebApi.VssHttpClientBase.SendAsync[T](HttpRequestMessage message, Object userState, CancellationToken cancellationToken)
   at GitHub.Services.Location.Client.LocationHttpClient.GetConnectionDataAsync(ConnectOptions connectOptions, Int64 lastChangeId, CancellationToken cancellationToken, Object userState)
   at GitHub.Services.WebApi.Location.VssServerDataProvider.GetConnectionDataAsync(ConnectOptions connectOptions, Int32 lastChangeId, CancellationToken cancellationToken)
   at GitHub.Services.WebApi.Location.VssServerDataProvider.ConnectAsync(ConnectOptions connectOptions, CancellationToken cancellationToken)
   at GitHub.Runner.Common.RunnerService.EstablishVssConnection(Uri serverUrl, VssCredentials credentials, TimeSpan timeout)
[2025-10-09 03:47:51Z ERR  GitHubActionsService] GET request to https://pipelinesghubeus6.actions.githubusercontent.com/hKyNd5hzQTjPqVOxuFp9CyJ2tMUr8ytJJ9FfsFju3bqhBGI0lq/_apis/connectionData?connectOptions=1&lastChangeId=258625537&lastChangeId64=258625537 failed. HTTP Status: NotFound
[2025-10-09 03:47:51Z ERR  GitHubActionsService] GET request to https://pipelinesghubeus6.actions.githubusercontent.com/hKyNd5hzQTjPqVOxuFp9CyJ2tMUr8ytJJ9FfsFju3bqhBGI0lq/_apis/connectionData?connectOptions=1&lastChangeId=258625537&lastChangeId64=258625537 failed. HTTP Status: NotFound
[2025-10-09 03:47:51Z INFO GitHubActionsService] Finished operation Location.GetConnectionData
[2025-10-09 03:47:51Z INFO RunnerServer] Catch exception during connect. 2 attempt left.
[2025-10-09 03:47:51Z INFO GitHubActionsService] Finished operation Location.GetConnectionData
[2025-10-09 03:47:51Z INFO RunnerServer] Catch exception during connect. 2 attempt left.
[2025-10-09 03:47:51Z ERR  RunnerServer] GitHub.Services.WebApi.VssServiceResponseException: The resource cannot be found.
   at GitHub.Services.WebApi.VssHttpClientBase.HandleResponseAsync(HttpResponseMessage response, CancellationToken cancellationToken)
   at GitHub.Services.WebApi.VssHttpClientBase.SendAsync(HttpRequestMessage message, HttpCompletionOption completionOption, Object userState, CancellationToken cancellationToken)
   at GitHub.Services.WebApi.VssHttpClientBase.SendAsync[T](HttpRequestMessage message, Object userState, CancellationToken cancellationToken)
   at GitHub.Services.Location.Client.LocationHttpClient.GetConnectionDataAsync(ConnectOptions connectOptions, Int64 lastChangeId, CancellationToken cancellationToken, Object userState)
   at GitHub.Services.WebApi.Location.VssServerDataProvider.GetConnectionDataAsync(ConnectOptions connectOptions, Int32 lastChangeId, CancellationToken cancellationToken)
   at GitHub.Services.WebApi.Location.VssServerDataProvider.ConnectAsync(ConnectOptions connectOptions, CancellationToken cancellationToken)
   at GitHub.Runner.Common.RunnerService.EstablishVssConnection(Uri serverUrl, VssCredentials credentials, TimeSpan timeout)
[2025-10-09 03:47:51Z ERR  RunnerServer] GitHub.Services.WebApi.VssServiceResponseException: The resource cannot be found.
   at GitHub.Services.WebApi.VssHttpClientBase.HandleResponseAsync(HttpResponseMessage response, CancellationToken cancellationToken)
   at GitHub.Services.WebApi.VssHttpClientBase.SendAsync(HttpRequestMessage message, HttpCompletionOption completionOption, Object userState, CancellationToken cancellationToken)
   at GitHub.Services.WebApi.VssHttpClientBase.SendAsync[T](HttpRequestMessage message, Object userState, CancellationToken cancellationToken)
   at GitHub.Services.Location.Client.LocationHttpClient.GetConnectionDataAsync(ConnectOptions connectOptions, Int64 lastChangeId, CancellationToken cancellationToken, Object userState)
   at GitHub.Services.WebApi.Location.VssServerDataProvider.GetConnectionDataAsync(ConnectOptions connectOptions, Int32 lastChangeId, CancellationToken cancellationToken)
   at GitHub.Services.WebApi.Location.VssServerDataProvider.ConnectAsync(ConnectOptions connectOptions, CancellationToken cancellationToken)
   at GitHub.Runner.Common.RunnerService.EstablishVssConnection(Uri serverUrl, VssCredentials credentials, TimeSpan timeout)
[2025-10-09 03:47:51Z INFO GitHubActionsService] Starting operation Location.GetConnectionData
[2025-10-09 03:47:51Z INFO GitHubActionsService] Starting operation Location.GetConnectionData
[2025-10-09 03:47:51Z INFO GitHubActionsService] Starting operation Location.GetConnectionData
[2025-10-09 03:47:52Z ERR  GitHubActionsService] GET request to https://pipelinesghubeus6.actions.githubusercontent.com/hKyNd5hzQTjPqVOxuFp9CyJ2tMUr8ytJJ9FfsFju3bqhBGI0lq/_apis/connectionData?connectOptions=1&lastChangeId=258625537&lastChangeId64=258625537 failed. HTTP Status: NotFound
[2025-10-09 03:47:52Z INFO GitHubActionsService] Finished operation Location.GetConnectionData
[2025-10-09 03:47:52Z INFO RunnerServer] Catch exception during connect. 1 attempt left.
[2025-10-09 03:47:52Z ERR  RunnerServer] GitHub.Services.WebApi.VssServiceResponseException: The resource cannot be found.
   at GitHub.Services.WebApi.VssHttpClientBase.HandleResponseAsync(HttpResponseMessage response, CancellationToken cancellationToken)
   at GitHub.Services.WebApi.VssHttpClientBase.SendAsync(HttpRequestMessage message, HttpCompletionOption completionOption, Object userState, CancellationToken cancellationToken)
   at GitHub.Services.WebApi.VssHttpClientBase.SendAsync[T](HttpRequestMessage message, Object userState, CancellationToken cancellationToken)
   at GitHub.Services.Location.Client.LocationHttpClient.GetConnectionDataAsync(ConnectOptions connectOptions, Int64 lastChangeId, CancellationToken cancellationToken, Object userState)
   at GitHub.Services.WebApi.Location.VssServerDataProvider.GetConnectionDataAsync(ConnectOptions connectOptions, Int32 lastChangeId, CancellationToken cancellationToken)
   at GitHub.Services.WebApi.Location.VssServerDataProvider.ConnectAsync(ConnectOptions connectOptions, CancellationToken cancellationToken)
   at GitHub.Runner.Common.RunnerService.EstablishVssConnection(Uri serverUrl, VssCredentials credentials, TimeSpan timeout)
[2025-10-09 03:47:52Z ERR  GitHubActionsService] GET request to https://pipelinesghubeus6.actions.githubusercontent.com/hKyNd5hzQTjPqVOxuFp9CyJ2tMUr8ytJJ9FfsFju3bqhBGI0lq/_apis/connectionData?connectOptions=1&lastChangeId=258625537&lastChangeId64=258625537 failed. HTTP Status: NotFound
[2025-10-09 03:47:52Z INFO GitHubActionsService] Finished operation Location.GetConnectionData
[2025-10-09 03:47:52Z INFO RunnerServer] Catch exception during connect. 1 attempt left.
[2025-10-09 03:47:52Z ERR  RunnerServer] GitHub.Services.WebApi.VssServiceResponseException: The resource cannot be found.
   at GitHub.Services.WebApi.VssHttpClientBase.HandleResponseAsync(HttpResponseMessage response, CancellationToken cancellationToken)
   at GitHub.Services.WebApi.VssHttpClientBase.SendAsync(HttpRequestMessage message, HttpCompletionOption completionOption, Object userState, CancellationToken cancellationToken)
   at GitHub.Services.WebApi.VssHttpClientBase.SendAsync[T](HttpRequestMessage message, Object userState, CancellationToken cancellationToken)
   at GitHub.Services.Location.Client.LocationHttpClient.GetConnectionDataAsync(ConnectOptions connectOptions, Int64 lastChangeId, CancellationToken cancellationToken, Object userState)
   at GitHub.Services.WebApi.Location.VssServerDataProvider.GetConnectionDataAsync(ConnectOptions connectOptions, Int32 lastChangeId, CancellationToken cancellationToken)
   at GitHub.Services.WebApi.Location.VssServerDataProvider.ConnectAsync(ConnectOptions connectOptions, CancellationToken cancellationToken)
   at GitHub.Runner.Common.RunnerService.EstablishVssConnection(Uri serverUrl, VssCredentials credentials, TimeSpan timeout)
[2025-10-09 03:47:52Z ERR  GitHubActionsService] GET request to https://pipelinesghubeus6.actions.githubusercontent.com/hKyNd5hzQTjPqVOxuFp9CyJ2tMUr8ytJJ9FfsFju3bqhBGI0lq/_apis/connectionData?connectOptions=1&lastChangeId=258625537&lastChangeId64=258625537 failed. HTTP Status: NotFound
[2025-10-09 03:47:52Z INFO GitHubActionsService] Finished operation Location.GetConnectionData
[2025-10-09 03:47:52Z INFO RunnerServer] Catch exception during connect. 1 attempt left.
[2025-10-09 03:47:52Z ERR  RunnerServer] GitHub.Services.WebApi.VssServiceResponseException: The resource cannot be found.
   at GitHub.Services.WebApi.VssHttpClientBase.HandleResponseAsync(HttpResponseMessage response, CancellationToken cancellationToken)
   at GitHub.Services.WebApi.VssHttpClientBase.SendAsync(HttpRequestMessage message, HttpCompletionOption completionOption, Object userState, CancellationToken cancellationToken)
   at GitHub.Services.WebApi.VssHttpClientBase.SendAsync[T](HttpRequestMessage message, Object userState, CancellationToken cancellationToken)
   at GitHub.Services.Location.Client.LocationHttpClient.GetConnectionDataAsync(ConnectOptions connectOptions, Int64 lastChangeId, CancellationToken cancellationToken, Object userState)
   at GitHub.Services.WebApi.Location.VssServerDataProvider.GetConnectionDataAsync(ConnectOptions connectOptions, Int32 lastChangeId, CancellationToken cancellationToken)
   at GitHub.Services.WebApi.Location.VssServerDataProvider.ConnectAsync(ConnectOptions connectOptions, CancellationToken cancellationToken)
   at GitHub.Runner.Common.RunnerService.EstablishVssConnection(Uri serverUrl, VssCredentials credentials, TimeSpan timeout)
[2025-10-09 03:47:52Z INFO GitHubActionsService] Starting operation Location.GetConnectionData
[2025-10-09 03:47:52Z INFO GitHubActionsService] Starting operation Location.GetConnectionData
[2025-10-09 03:47:52Z INFO GitHubActionsService] Starting operation Location.GetConnectionData
[2025-10-09 03:47:52Z ERR  GitHubActionsService] GET request to https://pipelinesghubeus6.actions.githubusercontent.com/hKyNd5hzQTjPqVOxuFp9CyJ2tMUr8ytJJ9FfsFju3bqhBGI0lq/_apis/connectionData?connectOptions=1&lastChangeId=258625537&lastChangeId64=258625537 failed. HTTP Status: NotFound
[2025-10-09 03:47:52Z INFO GitHubActionsService] Finished operation Location.GetConnectionData
[2025-10-09 03:47:52Z ERR  GitHubActionsService] GET request to https://pipelinesghubeus6.actions.githubusercontent.com/hKyNd5hzQTjPqVOxuFp9CyJ2tMUr8ytJJ9FfsFju3bqhBGI0lq/_apis/connectionData?connectOptions=1&lastChangeId=258625537&lastChangeId64=258625537 failed. HTTP Status: NotFound
[2025-10-09 03:47:52Z INFO GitHubActionsService] Finished operation Location.GetConnectionData
[2025-10-09 03:47:52Z ERR  GitHubActionsService] GET request to https://pipelinesghubeus6.actions.githubusercontent.com/hKyNd5hzQTjPqVOxuFp9CyJ2tMUr8ytJJ9FfsFju3bqhBGI0lq/_apis/connectionData?connectOptions=1&lastChangeId=258625537&lastChangeId64=258625537 failed. HTTP Status: NotFound
[2025-10-09 03:47:52Z INFO GitHubActionsService] Finished operation Location.GetConnectionData
[2025-10-09 03:47:52Z ERR  BrokerMessageListener] Catch exception during create session.
[2025-10-09 03:47:52Z ERR  BrokerMessageListener] GitHub.Services.WebApi.VssServiceResponseException: The resource cannot be found.
   at GitHub.Services.WebApi.VssHttpClientBase.HandleResponseAsync(HttpResponseMessage response, CancellationToken cancellationToken)
   at GitHub.Services.WebApi.VssHttpClientBase.SendAsync(HttpRequestMessage message, HttpCompletionOption completionOption, Object userState, CancellationToken cancellationToken)
   at GitHub.Services.WebApi.VssHttpClientBase.SendAsync[T](HttpRequestMessage message, Object userState, CancellationToken cancellationToken)
   at GitHub.Services.Location.Client.LocationHttpClient.GetConnectionDataAsync(ConnectOptions connectOptions, Int64 lastChangeId, CancellationToken cancellationToken, Object userState)
   at GitHub.Services.WebApi.Location.VssServerDataProvider.GetConnectionDataAsync(ConnectOptions connectOptions, Int32 lastChangeId, CancellationToken cancellationToken)
   at GitHub.Services.WebApi.Location.VssServerDataProvider.ConnectAsync(ConnectOptions connectOptions, CancellationToken cancellationToken)
   at GitHub.Runner.Common.RunnerService.EstablishVssConnection(Uri serverUrl, VssCredentials credentials, TimeSpan timeout)
   at GitHub.Runner.Common.RunnerServer.ConnectAsync(Uri serverUrl, VssCredentials credentials)
   at GitHub.Runner.Listener.BrokerMessageListener.CreateSessionAsync(CancellationToken token)
[2025-10-09 03:47:52Z INFO BrokerMessageListener] Retriable exception: The resource cannot be found.
[2025-10-09 03:47:52Z INFO BrokerMessageListener] Sleeping for 30 seconds before retrying.
[2025-10-09 03:48:22Z INFO BrokerMessageListener] Attempt to create session.
[2025-10-09 03:48:22Z INFO BrokerMessageListener] Connecting to the Broker Server...
[2025-10-09 03:48:22Z INFO ConfigurationStore] HasCredentials()
[2025-10-09 03:48:22Z INFO ConfigurationStore] stored True
[2025-10-09 03:48:22Z INFO CredentialManager] GetCredentialProvider
[2025-10-09 03:48:22Z INFO CredentialManager] Creating type OAuth
[2025-10-09 03:48:22Z INFO CredentialManager] Creating credential type: OAuth
[2025-10-09 03:48:22Z INFO RSAEncryptedFileKeyManager] Loading RSA key parameters from file G:\Brunella\actions-runner\.credentials_rsaparams
[2025-10-09 03:48:22Z INFO BrokerMessageListener] VssConnection created
[2025-10-09 03:48:22Z INFO BrokerMessageListener] Connecting to the Runner server...
[2025-10-09 03:48:22Z INFO RunnerServer] EstablishVssConnection
[2025-10-09 03:48:22Z INFO RunnerServer] Establish connection with 100 seconds timeout.
[2025-10-09 03:48:22Z INFO GitHubActionsService] Starting operation Location.GetConnectionData
[2025-10-09 03:48:22Z INFO RunnerServer] EstablishVssConnection
[2025-10-09 03:48:22Z INFO RunnerServer] Establish connection with 60 seconds timeout.
[2025-10-09 03:48:22Z INFO GitHubActionsService] Starting operation Location.GetConnectionData
[2025-10-09 03:48:22Z INFO RunnerServer] EstablishVssConnection
[2025-10-09 03:48:22Z INFO RunnerServer] Establish connection with 60 seconds timeout.
[2025-10-09 03:48:22Z INFO GitHubActionsService] Starting operation Location.GetConnectionData
[2025-10-09 03:48:23Z ERR  GitHubActionsService] GET request to https://pipelinesghubeus6.actions.githubusercontent.com/hKyNd5hzQTjPqVOxuFp9CyJ2tMUr8ytJJ9FfsFju3bqhBGI0lq/_apis/connectionData?connectOptions=1&lastChangeId=258625537&lastChangeId64=258625537 failed. HTTP Status: NotFound
[2025-10-09 03:48:23Z INFO GitHubActionsService] Finished operation Location.GetConnectionData
[2025-10-09 03:48:23Z INFO RunnerServer] Catch exception during connect. 4 attempt left.
[2025-10-09 03:48:23Z ERR  RunnerServer] GitHub.Services.WebApi.VssServiceResponseException: The resource cannot be found.
   at GitHub.Services.WebApi.VssHttpClientBase.HandleResponseAsync(HttpResponseMessage response, CancellationToken cancellationToken)
   at GitHub.Services.WebApi.VssHttpClientBase.SendAsync(HttpRequestMessage message, HttpCompletionOption completionOption, Object userState, CancellationToken cancellationToken)
   at GitHub.Services.WebApi.VssHttpClientBase.SendAsync[T](HttpRequestMessage message, Object userState, CancellationToken cancellationToken)
   at GitHub.Services.Location.Client.LocationHttpClient.GetConnectionDataAsync(ConnectOptions connectOptions, Int64 lastChangeId, CancellationToken cancellationToken, Object userState)
   at GitHub.Services.WebApi.Location.VssServerDataProvider.GetConnectionDataAsync(ConnectOptions connectOptions, Int32 lastChangeId, CancellationToken cancellationToken)
   at GitHub.Services.WebApi.Location.VssServerDataProvider.ConnectAsync(ConnectOptions connectOptions, CancellationToken cancellationToken)
   at GitHub.Runner.Common.RunnerService.EstablishVssConnection(Uri serverUrl, VssCredentials credentials, TimeSpan timeout)
[2025-10-09 03:48:23Z INFO GitHubActionsService] Starting operation Location.GetConnectionData
[2025-10-09 03:48:23Z ERR  GitHubActionsService] GET request to https://pipelinesghubeus6.actions.githubusercontent.com/hKyNd5hzQTjPqVOxuFp9CyJ2tMUr8ytJJ9FfsFju3bqhBGI0lq/_apis/connectionData?connectOptions=1&lastChangeId=258625537&lastChangeId64=258625537 failed. HTTP Status: NotFound
[2025-10-09 03:48:23Z INFO GitHubActionsService] Finished operation Location.GetConnectionData
[2025-10-09 03:48:23Z INFO RunnerServer] Catch exception during connect. 4 attempt left.
[2025-10-09 03:48:23Z ERR  RunnerServer] GitHub.Services.WebApi.VssServiceResponseException: The resource cannot be found.
   at GitHub.Services.WebApi.VssHttpClientBase.HandleResponseAsync(HttpResponseMessage response, CancellationToken cancellationToken)
   at GitHub.Services.WebApi.VssHttpClientBase.SendAsync(HttpRequestMessage message, HttpCompletionOption completionOption, Object userState, CancellationToken cancellationToken)
   at GitHub.Services.WebApi.VssHttpClientBase.SendAsync[T](HttpRequestMessage message, Object userState, CancellationToken cancellationToken)
   at GitHub.Services.Location.Client.LocationHttpClient.GetConnectionDataAsync(ConnectOptions connectOptions, Int64 lastChangeId, CancellationToken cancellationToken, Object userState)
   at GitHub.Services.WebApi.Location.VssServerDataProvider.GetConnectionDataAsync(ConnectOptions connectOptions, Int32 lastChangeId, CancellationToken cancellationToken)
   at GitHub.Services.WebApi.Location.VssServerDataProvider.ConnectAsync(ConnectOptions connectOptions, CancellationToken cancellationToken)
   at GitHub.Runner.Common.RunnerService.EstablishVssConnection(Uri serverUrl, VssCredentials credentials, TimeSpan timeout)
[2025-10-09 03:48:23Z ERR  GitHubActionsService] GET request to https://pipelinesghubeus6.actions.githubusercontent.com/hKyNd5hzQTjPqVOxuFp9CyJ2tMUr8ytJJ9FfsFju3bqhBGI0lq/_apis/connectionData?connectOptions=1&lastChangeId=258625537&lastChangeId64=258625537 failed. HTTP Status: NotFound
[2025-10-09 03:48:23Z INFO GitHubActionsService] Finished operation Location.GetConnectionData
[2025-10-09 03:48:23Z INFO RunnerServer] Catch exception during connect. 4 attempt left.
[2025-10-09 03:48:23Z ERR  RunnerServer] GitHub.Services.WebApi.VssServiceResponseException: The resource cannot be found.
   at GitHub.Services.WebApi.VssHttpClientBase.HandleResponseAsync(HttpResponseMessage response, CancellationToken cancellationToken)
   at GitHub.Services.WebApi.VssHttpClientBase.SendAsync(HttpRequestMessage message, HttpCompletionOption completionOption, Object userState, CancellationToken cancellationToken)
   at GitHub.Services.WebApi.VssHttpClientBase.SendAsync[T](HttpRequestMessage message, Object userState, CancellationToken cancellationToken)
   at GitHub.Services.Location.Client.LocationHttpClient.GetConnectionDataAsync(ConnectOptions connectOptions, Int64 lastChangeId, CancellationToken cancellationToken, Object userState)
   at GitHub.Services.WebApi.Location.VssServerDataProvider.GetConnectionDataAsync(ConnectOptions connectOptions, Int32 lastChangeId, CancellationToken cancellationToken)
   at GitHub.Services.WebApi.Location.VssServerDataProvider.ConnectAsync(ConnectOptions connectOptions, CancellationToken cancellationToken)
   at GitHub.Runner.Common.RunnerService.EstablishVssConnection(Uri serverUrl, VssCredentials credentials, TimeSpan timeout)
[2025-10-09 03:48:23Z INFO GitHubActionsService] Starting operation Location.GetConnectionData
[2025-10-09 03:48:23Z INFO GitHubActionsService] Starting operation Location.GetConnectionData
[2025-10-09 03:48:24Z ERR  GitHubActionsService] GET request to https://pipelinesghubeus6.actions.githubusercontent.com/hKyNd5hzQTjPqVOxuFp9CyJ2tMUr8ytJJ9FfsFju3bqhBGI0lq/_apis/connectionData?connectOptions=1&lastChangeId=258625537&lastChangeId64=258625537 failed. HTTP Status: NotFound
[2025-10-09 03:48:24Z INFO GitHubActionsService] Finished operation Location.GetConnectionData
[2025-10-09 03:48:24Z INFO RunnerServer] Catch exception during connect. 3 attempt left.
[2025-10-09 03:48:24Z ERR  RunnerServer] GitHub.Services.WebApi.VssServiceResponseException: The resource cannot be found.
   at GitHub.Services.WebApi.VssHttpClientBase.HandleResponseAsync(HttpResponseMessage response, CancellationToken cancellationToken)
   at GitHub.Services.WebApi.VssHttpClientBase.SendAsync(HttpRequestMessage message, HttpCompletionOption completionOption, Object userState, CancellationToken cancellationToken)
   at GitHub.Services.WebApi.VssHttpClientBase.SendAsync[T](HttpRequestMessage message, Object userState, CancellationToken cancellationToken)
   at GitHub.Services.Location.Client.LocationHttpClient.GetConnectionDataAsync(ConnectOptions connectOptions, Int64 lastChangeId, CancellationToken cancellationToken, Object userState)
   at GitHub.Services.WebApi.Location.VssServerDataProvider.GetConnectionDataAsync(ConnectOptions connectOptions, Int32 lastChangeId, CancellationToken cancellationToken)
   at GitHub.Services.WebApi.Location.VssServerDataProvider.ConnectAsync(ConnectOptions connectOptions, CancellationToken cancellationToken)
   at GitHub.Runner.Common.RunnerService.EstablishVssConnection(Uri serverUrl, VssCredentials credentials, TimeSpan timeout)
[2025-10-09 03:48:24Z INFO GitHubActionsService] Starting operation Location.GetConnectionData
[2025-10-09 03:48:24Z ERR  GitHubActionsService] GET request to https://pipelinesghubeus6.actions.githubusercontent.com/hKyNd5hzQTjPqVOxuFp9CyJ2tMUr8ytJJ9FfsFju3bqhBGI0lq/_apis/connectionData?connectOptions=1&lastChangeId=258625537&lastChangeId64=258625537 failed. HTTP Status: NotFound
[2025-10-09 03:48:24Z INFO GitHubActionsService] Finished operation Location.GetConnectionData
[2025-10-09 03:48:24Z INFO RunnerServer] Catch exception during connect. 3 attempt left.
[2025-10-09 03:48:24Z ERR  GitHubActionsService] GET request to https://pipelinesghubeus6.actions.githubusercontent.com/hKyNd5hzQTjPqVOxuFp9CyJ2tMUr8ytJJ9FfsFju3bqhBGI0lq/_apis/connectionData?connectOptions=1&lastChangeId=258625537&lastChangeId64=258625537 failed. HTTP Status: NotFound
[2025-10-09 03:48:24Z ERR  RunnerServer] GitHub.Services.WebApi.VssServiceResponseException: The resource cannot be found.
   at GitHub.Services.WebApi.VssHttpClientBase.HandleResponseAsync(HttpResponseMessage response, CancellationToken cancellationToken)
   at GitHub.Services.WebApi.VssHttpClientBase.SendAsync(HttpRequestMessage message, HttpCompletionOption completionOption, Object userState, CancellationToken cancellationToken)
   at GitHub.Services.WebApi.VssHttpClientBase.SendAsync[T](HttpRequestMessage message, Object userState, CancellationToken cancellationToken)
   at GitHub.Services.Location.Client.LocationHttpClient.GetConnectionDataAsync(ConnectOptions connectOptions, Int64 lastChangeId, CancellationToken cancellationToken, Object userState)
   at GitHub.Services.WebApi.Location.VssServerDataProvider.GetConnectionDataAsync(ConnectOptions connectOptions, Int32 lastChangeId, CancellationToken cancellationToken)
   at GitHub.Services.WebApi.Location.VssServerDataProvider.ConnectAsync(ConnectOptions connectOptions, CancellationToken cancellationToken)
   at GitHub.Runner.Common.RunnerService.EstablishVssConnection(Uri serverUrl, VssCredentials credentials, TimeSpan timeout)
[2025-10-09 03:48:24Z INFO GitHubActionsService] Finished operation Location.GetConnectionData
[2025-10-09 03:48:24Z INFO RunnerServer] Catch exception during connect. 3 attempt left.
[2025-10-09 03:48:24Z ERR  RunnerServer] GitHub.Services.WebApi.VssServiceResponseException: The resource cannot be found.
   at GitHub.Services.WebApi.VssHttpClientBase.HandleResponseAsync(HttpResponseMessage response, CancellationToken cancellationToken)
   at GitHub.Services.WebApi.VssHttpClientBase.SendAsync(HttpRequestMessage message, HttpCompletionOption completionOption, Object userState, CancellationToken cancellationToken)
   at GitHub.Services.WebApi.VssHttpClientBase.SendAsync[T](HttpRequestMessage message, Object userState, CancellationToken cancellationToken)
   at GitHub.Services.Location.Client.LocationHttpClient.GetConnectionDataAsync(ConnectOptions connectOptions, Int64 lastChangeId, CancellationToken cancellationToken, Object userState)
   at GitHub.Services.WebApi.Location.VssServerDataProvider.GetConnectionDataAsync(ConnectOptions connectOptions, Int32 lastChangeId, CancellationToken cancellationToken)
   at GitHub.Services.WebApi.Location.VssServerDataProvider.ConnectAsync(ConnectOptions connectOptions, CancellationToken cancellationToken)
   at GitHub.Runner.Common.RunnerService.EstablishVssConnection(Uri serverUrl, VssCredentials credentials, TimeSpan timeout)
[2025-10-09 03:48:24Z INFO GitHubActionsService] Starting operation Location.GetConnectionData
[2025-10-09 03:48:24Z INFO GitHubActionsService] Starting operation Location.GetConnectionData
[2025-10-09 03:48:24Z ERR  GitHubActionsService] GET request to https://pipelinesghubeus6.actions.githubusercontent.com/hKyNd5hzQTjPqVOxuFp9CyJ2tMUr8ytJJ9FfsFju3bqhBGI0lq/_apis/connectionData?connectOptions=1&lastChangeId=258625537&lastChangeId64=258625537 failed. HTTP Status: NotFound
[2025-10-09 03:48:24Z INFO GitHubActionsService] Finished operation Location.GetConnectionData
[2025-10-09 03:48:24Z INFO RunnerServer] Catch exception during connect. 2 attempt left.
[2025-10-09 03:48:24Z ERR  RunnerServer] GitHub.Services.WebApi.VssServiceResponseException: The resource cannot be found.
   at GitHub.Services.WebApi.VssHttpClientBase.HandleResponseAsync(HttpResponseMessage response, CancellationToken cancellationToken)
   at GitHub.Services.WebApi.VssHttpClientBase.SendAsync(HttpRequestMessage message, HttpCompletionOption completionOption, Object userState, CancellationToken cancellationToken)
   at GitHub.Services.WebApi.VssHttpClientBase.SendAsync[T](HttpRequestMessage message, Object userState, CancellationToken cancellationToken)
   at GitHub.Services.Location.Client.LocationHttpClient.GetConnectionDataAsync(ConnectOptions connectOptions, Int64 lastChangeId, CancellationToken cancellationToken, Object userState)
   at GitHub.Services.WebApi.Location.VssServerDataProvider.GetConnectionDataAsync(ConnectOptions connectOptions, Int32 lastChangeId, CancellationToken cancellationToken)
   at GitHub.Services.WebApi.Location.VssServerDataProvider.ConnectAsync(ConnectOptions connectOptions, CancellationToken cancellationToken)
   at GitHub.Runner.Common.RunnerService.EstablishVssConnection(Uri serverUrl, VssCredentials credentials, TimeSpan timeout)
[2025-10-09 03:48:24Z INFO GitHubActionsService] Starting operation Location.GetConnectionData
[2025-10-09 03:48:25Z ERR  GitHubActionsService] GET request to https://pipelinesghubeus6.actions.githubusercontent.com/hKyNd5hzQTjPqVOxuFp9CyJ2tMUr8ytJJ9FfsFju3bqhBGI0lq/_apis/connectionData?connectOptions=1&lastChangeId=258625537&lastChangeId64=258625537 failed. HTTP Status: NotFound
[2025-10-09 03:48:25Z INFO GitHubActionsService] Finished operation Location.GetConnectionData
[2025-10-09 03:48:25Z INFO RunnerServer] Catch exception during connect. 2 attempt left.
[2025-10-09 03:48:25Z ERR  RunnerServer] GitHub.Services.WebApi.VssServiceResponseException: The resource cannot be found.
   at GitHub.Services.WebApi.VssHttpClientBase.HandleResponseAsync(HttpResponseMessage response, CancellationToken cancellationToken)
   at GitHub.Services.WebApi.VssHttpClientBase.SendAsync(HttpRequestMessage message, HttpCompletionOption completionOption, Object userState, CancellationToken cancellationToken)
   at GitHub.Services.WebApi.VssHttpClientBase.SendAsync[T](HttpRequestMessage message, Object userState, CancellationToken cancellationToken)
   at GitHub.Services.Location.Client.LocationHttpClient.GetConnectionDataAsync(ConnectOptions connectOptions, Int64 lastChangeId, CancellationToken cancellationToken, Object userState)
   at GitHub.Services.WebApi.Location.VssServerDataProvider.GetConnectionDataAsync(ConnectOptions connectOptions, Int32 lastChangeId, CancellationToken cancellationToken)
   at GitHub.Services.WebApi.Location.VssServerDataProvider.ConnectAsync(ConnectOptions connectOptions, CancellationToken cancellationToken)
   at GitHub.Runner.Common.RunnerService.EstablishVssConnection(Uri serverUrl, VssCredentials credentials, TimeSpan timeout)
[2025-10-09 03:48:25Z ERR  GitHubActionsService] GET request to https://pipelinesghubeus6.actions.githubusercontent.com/hKyNd5hzQTjPqVOxuFp9CyJ2tMUr8ytJJ9FfsFju3bqhBGI0lq/_apis/connectionData?connectOptions=1&lastChangeId=258625537&lastChangeId64=258625537 failed. HTTP Status: NotFound
[2025-10-09 03:48:25Z INFO GitHubActionsService] Finished operation Location.GetConnectionData
[2025-10-09 03:48:25Z INFO RunnerServer] Catch exception during connect. 2 attempt left.
[2025-10-09 03:48:25Z ERR  RunnerServer] GitHub.Services.WebApi.VssServiceResponseException: The resource cannot be found.
   at GitHub.Services.WebApi.VssHttpClientBase.HandleResponseAsync(HttpResponseMessage response, CancellationToken cancellationToken)
   at GitHub.Services.WebApi.VssHttpClientBase.SendAsync(HttpRequestMessage message, HttpCompletionOption completionOption, Object userState, CancellationToken cancellationToken)
   at GitHub.Services.WebApi.VssHttpClientBase.SendAsync[T](HttpRequestMessage message, Object userState, CancellationToken cancellationToken)
   at GitHub.Services.Location.Client.LocationHttpClient.GetConnectionDataAsync(ConnectOptions connectOptions, Int64 lastChangeId, CancellationToken cancellationToken, Object userState)
   at GitHub.Services.WebApi.Location.VssServerDataProvider.GetConnectionDataAsync(ConnectOptions connectOptions, Int32 lastChangeId, CancellationToken cancellationToken)
   at GitHub.Services.WebApi.Location.VssServerDataProvider.ConnectAsync(ConnectOptions connectOptions, CancellationToken cancellationToken)
   at GitHub.Runner.Common.RunnerService.EstablishVssConnection(Uri serverUrl, VssCredentials credentials, TimeSpan timeout)
[2025-10-09 03:48:25Z INFO GitHubActionsService] Starting operation Location.GetConnectionData
[2025-10-09 03:48:25Z INFO GitHubActionsService] Starting operation Location.GetConnectionData
[2025-10-09 03:48:25Z ERR  GitHubActionsService] GET request to https://pipelinesghubeus6.actions.githubusercontent.com/hKyNd5hzQTjPqVOxuFp9CyJ2tMUr8ytJJ9FfsFju3bqhBGI0lq/_apis/connectionData?connectOptions=1&lastChangeId=258625537&lastChangeId64=258625537 failed. HTTP Status: NotFound
[2025-10-09 03:48:25Z INFO GitHubActionsService] Finished operation Location.GetConnectionData
[2025-10-09 03:48:25Z INFO RunnerServer] Catch exception during connect. 1 attempt left.
[2025-10-09 03:48:25Z ERR  RunnerServer] GitHub.Services.WebApi.VssServiceResponseException: The resource cannot be found.
   at GitHub.Services.WebApi.VssHttpClientBase.HandleResponseAsync(HttpResponseMessage response, CancellationToken cancellationToken)
   at GitHub.Services.WebApi.VssHttpClientBase.SendAsync(HttpRequestMessage message, HttpCompletionOption completionOption, Object userState, CancellationToken cancellationToken)
   at GitHub.Services.WebApi.VssHttpClientBase.SendAsync[T](HttpRequestMessage message, Object userState, CancellationToken cancellationToken)
   at GitHub.Services.Location.Client.LocationHttpClient.GetConnectionDataAsync(ConnectOptions connectOptions, Int64 lastChangeId, CancellationToken cancellationToken, Object userState)
   at GitHub.Services.WebApi.Location.VssServerDataProvider.GetConnectionDataAsync(ConnectOptions connectOptions, Int32 lastChangeId, CancellationToken cancellationToken)
   at GitHub.Services.WebApi.Location.VssServerDataProvider.ConnectAsync(ConnectOptions connectOptions, CancellationToken cancellationToken)
   at GitHub.Runner.Common.RunnerService.EstablishVssConnection(Uri serverUrl, VssCredentials credentials, TimeSpan timeout)
[2025-10-09 03:48:25Z INFO GitHubActionsService] Starting operation Location.GetConnectionData
[2025-10-09 03:48:25Z ERR  GitHubActionsService] GET request to https://pipelinesghubeus6.actions.githubusercontent.com/hKyNd5hzQTjPqVOxuFp9CyJ2tMUr8ytJJ9FfsFju3bqhBGI0lq/_apis/connectionData?connectOptions=1&lastChangeId=258625537&lastChangeId64=258625537 failed. HTTP Status: NotFound
[2025-10-09 03:48:25Z INFO GitHubActionsService] Finished operation Location.GetConnectionData
[2025-10-09 03:48:25Z INFO RunnerServer] Catch exception during connect. 1 attempt left.
[2025-10-09 03:48:25Z ERR  RunnerServer] GitHub.Services.WebApi.VssServiceResponseException: The resource cannot be found.
   at GitHub.Services.WebApi.VssHttpClientBase.HandleResponseAsync(HttpResponseMessage response, CancellationToken cancellationToken)
   at GitHub.Services.WebApi.VssHttpClientBase.SendAsync(HttpRequestMessage message, HttpCompletionOption completionOption, Object userState, CancellationToken cancellationToken)
   at GitHub.Services.WebApi.VssHttpClientBase.SendAsync[T](HttpRequestMessage message, Object userState, CancellationToken cancellationToken)
   at GitHub.Services.Location.Client.LocationHttpClient.GetConnectionDataAsync(ConnectOptions connectOptions, Int64 lastChangeId, CancellationToken cancellationToken, Object userState)
   at GitHub.Services.WebApi.Location.VssServerDataProvider.GetConnectionDataAsync(ConnectOptions connectOptions, Int32 lastChangeId, CancellationToken cancellationToken)
   at GitHub.Services.WebApi.Location.VssServerDataProvider.ConnectAsync(ConnectOptions connectOptions, CancellationToken cancellationToken)
   at GitHub.Runner.Common.RunnerService.EstablishVssConnection(Uri serverUrl, VssCredentials credentials, TimeSpan timeout)
[2025-10-09 03:48:25Z INFO GitHubActionsService] Starting operation Location.GetConnectionData
[2025-10-09 03:48:25Z ERR  GitHubActionsService] GET request to https://pipelinesghubeus6.actions.githubusercontent.com/hKyNd5hzQTjPqVOxuFp9CyJ2tMUr8ytJJ9FfsFju3bqhBGI0lq/_apis/connectionData?connectOptions=1&lastChangeId=258625537&lastChangeId64=258625537 failed. HTTP Status: NotFound
[2025-10-09 03:48:25Z INFO GitHubActionsService] Finished operation Location.GetConnectionData
[2025-10-09 03:48:25Z INFO RunnerServer] Catch exception during connect. 1 attempt left.
[2025-10-09 03:48:25Z ERR  RunnerServer] GitHub.Services.WebApi.VssServiceResponseException: The resource cannot be found.
   at GitHub.Services.WebApi.VssHttpClientBase.HandleResponseAsync(HttpResponseMessage response, CancellationToken cancellationToken)
   at GitHub.Services.WebApi.VssHttpClientBase.SendAsync(HttpRequestMessage message, HttpCompletionOption completionOption, Object userState, CancellationToken cancellationToken)
   at GitHub.Services.WebApi.VssHttpClientBase.SendAsync[T](HttpRequestMessage message, Object userState, CancellationToken cancellationToken)
   at GitHub.Services.Location.Client.LocationHttpClient.GetConnectionDataAsync(ConnectOptions connectOptions, Int64 lastChangeId, CancellationToken cancellationToken, Object userState)
   at GitHub.Services.WebApi.Location.VssServerDataProvider.GetConnectionDataAsync(ConnectOptions connectOptions, Int32 lastChangeId, CancellationToken cancellationToken)
   at GitHub.Services.WebApi.Location.VssServerDataProvider.ConnectAsync(ConnectOptions connectOptions, CancellationToken cancellationToken)
   at GitHub.Runner.Common.RunnerService.EstablishVssConnection(Uri serverUrl, VssCredentials credentials, TimeSpan timeout)
[2025-10-09 03:48:25Z INFO GitHubActionsService] Starting operation Location.GetConnectionData
[2025-10-09 03:48:26Z ERR  GitHubActionsService] GET request to https://pipelinesghubeus6.actions.githubusercontent.com/hKyNd5hzQTjPqVOxuFp9CyJ2tMUr8ytJJ9FfsFju3bqhBGI0lq/_apis/connectionData?connectOptions=1&lastChangeId=258625537&lastChangeId64=258625537 failed. HTTP Status: NotFound
[2025-10-09 03:48:26Z INFO GitHubActionsService] Finished operation Location.GetConnectionData
[2025-10-09 03:48:26Z ERR  GitHubActionsService] GET request to https://pipelinesghubeus6.actions.githubusercontent.com/hKyNd5hzQTjPqVOxuFp9CyJ2tMUr8ytJJ9FfsFju3bqhBGI0lq/_apis/connectionData?connectOptions=1&lastChangeId=258625537&lastChangeId64=258625537 failed. HTTP Status: NotFound
[2025-10-09 03:48:26Z INFO GitHubActionsService] Finished operation Location.GetConnectionData
[2025-10-09 03:48:26Z ERR  GitHubActionsService] GET request to https://pipelinesghubeus6.actions.githubusercontent.com/hKyNd5hzQTjPqVOxuFp9CyJ2tMUr8ytJJ9FfsFju3bqhBGI0lq/_apis/connectionData?connectOptions=1&lastChangeId=258625537&lastChangeId64=258625537 failed. HTTP Status: NotFound
[2025-10-09 03:48:26Z INFO GitHubActionsService] Finished operation Location.GetConnectionData
[2025-10-09 03:48:26Z ERR  BrokerMessageListener] Catch exception during create session.
[2025-10-09 03:48:26Z ERR  BrokerMessageListener] GitHub.Services.WebApi.VssServiceResponseException: The resource cannot be found.
   at GitHub.Services.WebApi.VssHttpClientBase.HandleResponseAsync(HttpResponseMessage response, CancellationToken cancellationToken)
   at GitHub.Services.WebApi.VssHttpClientBase.SendAsync(HttpRequestMessage message, HttpCompletionOption completionOption, Object userState, CancellationToken cancellationToken)
   at GitHub.Services.WebApi.VssHttpClientBase.SendAsync[T](HttpRequestMessage message, Object userState, CancellationToken cancellationToken)
   at GitHub.Services.Location.Client.LocationHttpClient.GetConnectionDataAsync(ConnectOptions connectOptions, Int64 lastChangeId, CancellationToken cancellationToken, Object userState)
   at GitHub.Services.WebApi.Location.VssServerDataProvider.GetConnectionDataAsync(ConnectOptions connectOptions, Int32 lastChangeId, CancellationToken cancellationToken)
   at GitHub.Services.WebApi.Location.VssServerDataProvider.ConnectAsync(ConnectOptions connectOptions, CancellationToken cancellationToken)
   at GitHub.Runner.Common.RunnerService.EstablishVssConnection(Uri serverUrl, VssCredentials credentials, TimeSpan timeout)
   at GitHub.Runner.Common.RunnerServer.ConnectAsync(Uri serverUrl, VssCredentials credentials)
   at GitHub.Runner.Listener.BrokerMessageListener.CreateSessionAsync(CancellationToken token)
[2025-10-09 03:48:26Z INFO BrokerMessageListener] Retriable exception: The resource cannot be found.
[2025-10-09 03:48:26Z INFO BrokerMessageListener] Sleeping for 30 seconds before retrying.
[2025-10-09 03:48:56Z INFO BrokerMessageListener] Attempt to create session.
[2025-10-09 03:48:56Z INFO BrokerMessageListener] Connecting to the Broker Server...
[2025-10-09 03:48:56Z INFO ConfigurationStore] HasCredentials()
[2025-10-09 03:48:56Z INFO ConfigurationStore] stored True
[2025-10-09 03:48:56Z INFO CredentialManager] GetCredentialProvider
[2025-10-09 03:48:56Z INFO CredentialManager] Creating type OAuth
[2025-10-09 03:48:56Z INFO CredentialManager] Creating credential type: OAuth
[2025-10-09 03:48:56Z INFO RSAEncryptedFileKeyManager] Loading RSA key parameters from file G:\Brunella\actions-runner\.credentials_rsaparams
[2025-10-09 03:48:56Z INFO BrokerMessageListener] VssConnection created
[2025-10-09 03:48:56Z INFO BrokerMessageListener] Connecting to the Runner server...
[2025-10-09 03:48:56Z INFO RunnerServer] EstablishVssConnection
[2025-10-09 03:48:56Z INFO RunnerServer] Establish connection with 100 seconds timeout.
[2025-10-09 03:48:56Z INFO GitHubActionsService] Starting operation Location.GetConnectionData
[2025-10-09 03:48:56Z INFO RunnerServer] EstablishVssConnection
[2025-10-09 03:48:56Z INFO RunnerServer] Establish connection with 60 seconds timeout.
[2025-10-09 03:48:56Z INFO GitHubActionsService] Starting operation Location.GetConnectionData
[2025-10-09 03:48:56Z INFO RunnerServer] EstablishVssConnection
[2025-10-09 03:48:56Z INFO RunnerServer] Establish connection with 60 seconds timeout.
[2025-10-09 03:48:56Z INFO GitHubActionsService] Starting operation Location.GetConnectionData
[2025-10-09 03:48:57Z ERR  GitHubActionsService] GET request to https://pipelinesghubeus6.actions.githubusercontent.com/hKyNd5hzQTjPqVOxuFp9CyJ2tMUr8ytJJ9FfsFju3bqhBGI0lq/_apis/connectionData?connectOptions=1&lastChangeId=258625537&lastChangeId64=258625537 failed. HTTP Status: NotFound
[2025-10-09 03:48:57Z INFO GitHubActionsService] Finished operation Location.GetConnectionData
[2025-10-09 03:48:57Z INFO RunnerServer] Catch exception during connect. 4 attempt left.
[2025-10-09 03:48:57Z ERR  RunnerServer] GitHub.Services.WebApi.VssServiceResponseException: The resource cannot be found.
   at GitHub.Services.WebApi.VssHttpClientBase.HandleResponseAsync(HttpResponseMessage response, CancellationToken cancellationToken)
   at GitHub.Services.WebApi.VssHttpClientBase.SendAsync(HttpRequestMessage message, HttpCompletionOption completionOption, Object userState, CancellationToken cancellationToken)
   at GitHub.Services.WebApi.VssHttpClientBase.SendAsync[T](HttpRequestMessage message, Object userState, CancellationToken cancellationToken)
   at GitHub.Services.Location.Client.LocationHttpClient.GetConnectionDataAsync(ConnectOptions connectOptions, Int64 lastChangeId, CancellationToken cancellationToken, Object userState)
   at GitHub.Services.WebApi.Location.VssServerDataProvider.GetConnectionDataAsync(ConnectOptions connectOptions, Int32 lastChangeId, CancellationToken cancellationToken)
   at GitHub.Services.WebApi.Location.VssServerDataProvider.ConnectAsync(ConnectOptions connectOptions, CancellationToken cancellationToken)
   at GitHub.Runner.Common.RunnerService.EstablishVssConnection(Uri serverUrl, VssCredentials credentials, TimeSpan timeout)
[2025-10-09 03:48:57Z ERR  GitHubActionsService] GET request to https://pipelinesghubeus6.actions.githubusercontent.com/hKyNd5hzQTjPqVOxuFp9CyJ2tMUr8ytJJ9FfsFju3bqhBGI0lq/_apis/connectionData?connectOptions=1&lastChangeId=258625537&lastChangeId64=258625537 failed. HTTP Status: NotFound
[2025-10-09 03:48:57Z INFO GitHubActionsService] Finished operation Location.GetConnectionData
[2025-10-09 03:48:57Z INFO RunnerServer] Catch exception during connect. 4 attempt left.
[2025-10-09 03:48:57Z ERR  RunnerServer] GitHub.Services.WebApi.VssServiceResponseException: The resource cannot be found.
   at GitHub.Services.WebApi.VssHttpClientBase.HandleResponseAsync(HttpResponseMessage response, CancellationToken cancellationToken)
   at GitHub.Services.WebApi.VssHttpClientBase.SendAsync(HttpRequestMessage message, HttpCompletionOption completionOption, Object userState, CancellationToken cancellationToken)
   at GitHub.Services.WebApi.VssHttpClientBase.SendAsync[T](HttpRequestMessage message, Object userState, CancellationToken cancellationToken)
   at GitHub.Services.Location.Client.LocationHttpClient.GetConnectionDataAsync(ConnectOptions connectOptions, Int64 lastChangeId, CancellationToken cancellationToken, Object userState)
   at GitHub.Services.WebApi.Location.VssServerDataProvider.GetConnectionDataAsync(ConnectOptions connectOptions, Int32 lastChangeId, CancellationToken cancellationToken)
   at GitHub.Services.WebApi.Location.VssServerDataProvider.ConnectAsync(ConnectOptions connectOptions, CancellationToken cancellationToken)
   at GitHub.Runner.Common.RunnerService.EstablishVssConnection(Uri serverUrl, VssCredentials credentials, TimeSpan timeout)
[2025-10-09 03:48:57Z INFO GitHubActionsService] Starting operation Location.GetConnectionData
[2025-10-09 03:48:57Z ERR  GitHubActionsService] GET request to https://pipelinesghubeus6.actions.githubusercontent.com/hKyNd5hzQTjPqVOxuFp9CyJ2tMUr8ytJJ9FfsFju3bqhBGI0lq/_apis/connectionData?connectOptions=1&lastChangeId=258625537&lastChangeId64=258625537 failed. HTTP Status: NotFound
[2025-10-09 03:48:57Z INFO GitHubActionsService] Finished operation Location.GetConnectionData
[2025-10-09 03:48:57Z INFO RunnerServer] Catch exception during connect. 4 attempt left.
[2025-10-09 03:48:57Z ERR  RunnerServer] GitHub.Services.WebApi.VssServiceResponseException: The resource cannot be found.
   at GitHub.Services.WebApi.VssHttpClientBase.HandleResponseAsync(HttpResponseMessage response, CancellationToken cancellationToken)
   at GitHub.Services.WebApi.VssHttpClientBase.SendAsync(HttpRequestMessage message, HttpCompletionOption completionOption, Object userState, CancellationToken cancellationToken)
   at GitHub.Services.WebApi.VssHttpClientBase.SendAsync[T](HttpRequestMessage message, Object userState, CancellationToken cancellationToken)
   at GitHub.Services.Location.Client.LocationHttpClient.GetConnectionDataAsync(ConnectOptions connectOptions, Int64 lastChangeId, CancellationToken cancellationToken, Object userState)
   at GitHub.Services.WebApi.Location.VssServerDataProvider.GetConnectionDataAsync(ConnectOptions connectOptions, Int32 lastChangeId, CancellationToken cancellationToken)
   at GitHub.Services.WebApi.Location.VssServerDataProvider.ConnectAsync(ConnectOptions connectOptions, CancellationToken cancellationToken)
   at GitHub.Runner.Common.RunnerService.EstablishVssConnection(Uri serverUrl, VssCredentials credentials, TimeSpan timeout)
[2025-10-09 03:48:57Z INFO GitHubActionsService] Starting operation Location.GetConnectionData
[2025-10-09 03:48:57Z INFO GitHubActionsService] Starting operation Location.GetConnectionData
[2025-10-09 03:48:57Z ERR  GitHubActionsService] GET request to https://pipelinesghubeus6.actions.githubusercontent.com/hKyNd5hzQTjPqVOxuFp9CyJ2tMUr8ytJJ9FfsFju3bqhBGI0lq/_apis/connectionData?connectOptions=1&lastChangeId=258625537&lastChangeId64=258625537 failed. HTTP Status: NotFound
[2025-10-09 03:48:57Z INFO GitHubActionsService] Finished operation Location.GetConnectionData
[2025-10-09 03:48:57Z INFO RunnerServer] Catch exception during connect. 3 attempt left.
[2025-10-09 03:48:57Z ERR  RunnerServer] GitHub.Services.WebApi.VssServiceResponseException: The resource cannot be found.
   at GitHub.Services.WebApi.VssHttpClientBase.HandleResponseAsync(HttpResponseMessage response, CancellationToken cancellationToken)
   at GitHub.Services.WebApi.VssHttpClientBase.SendAsync(HttpRequestMessage message, HttpCompletionOption completionOption, Object userState, CancellationToken cancellationToken)
   at GitHub.Services.WebApi.VssHttpClientBase.SendAsync[T](HttpRequestMessage message, Object userState, CancellationToken cancellationToken)
   at GitHub.Services.Location.Client.LocationHttpClient.GetConnectionDataAsync(ConnectOptions connectOptions, Int64 lastChangeId, CancellationToken cancellationToken, Object userState)
   at GitHub.Services.WebApi.Location.VssServerDataProvider.GetConnectionDataAsync(ConnectOptions connectOptions, Int32 lastChangeId, CancellationToken cancellationToken)
   at GitHub.Services.WebApi.Location.VssServerDataProvider.ConnectAsync(ConnectOptions connectOptions, CancellationToken cancellationToken)
   at GitHub.Runner.Common.RunnerService.EstablishVssConnection(Uri serverUrl, VssCredentials credentials, TimeSpan timeout)
[2025-10-09 03:48:58Z ERR  GitHubActionsService] GET request to https://pipelinesghubeus6.actions.githubusercontent.com/hKyNd5hzQTjPqVOxuFp9CyJ2tMUr8ytJJ9FfsFju3bqhBGI0lq/_apis/connectionData?connectOptions=1&lastChangeId=258625537&lastChangeId64=258625537 failed. HTTP Status: NotFound
[2025-10-09 03:48:58Z INFO GitHubActionsService] Finished operation Location.GetConnectionData
[2025-10-09 03:48:58Z INFO RunnerServer] Catch exception during connect. 3 attempt left.
[2025-10-09 03:48:58Z ERR  RunnerServer] GitHub.Services.WebApi.VssServiceResponseException: The resource cannot be found.
   at GitHub.Services.WebApi.VssHttpClientBase.HandleResponseAsync(HttpResponseMessage response, CancellationToken cancellationToken)
   at GitHub.Services.WebApi.VssHttpClientBase.SendAsync(HttpRequestMessage message, HttpCompletionOption completionOption, Object userState, CancellationToken cancellationToken)
   at GitHub.Services.WebApi.VssHttpClientBase.SendAsync[T](HttpRequestMessage message, Object userState, CancellationToken cancellationToken)
   at GitHub.Services.Location.Client.LocationHttpClient.GetConnectionDataAsync(ConnectOptions connectOptions, Int64 lastChangeId, CancellationToken cancellationToken, Object userState)
   at GitHub.Services.WebApi.Location.VssServerDataProvider.GetConnectionDataAsync(ConnectOptions connectOptions, Int32 lastChangeId, CancellationToken cancellationToken)
   at GitHub.Services.WebApi.Location.VssServerDataProvider.ConnectAsync(ConnectOptions connectOptions, CancellationToken cancellationToken)
   at GitHub.Runner.Common.RunnerService.EstablishVssConnection(Uri serverUrl, VssCredentials credentials, TimeSpan timeout)
[2025-10-09 03:48:58Z INFO GitHubActionsService] Starting operation Location.GetConnectionData
[2025-10-09 03:48:58Z ERR  GitHubActionsService] GET request to https://pipelinesghubeus6.actions.githubusercontent.com/hKyNd5hzQTjPqVOxuFp9CyJ2tMUr8ytJJ9FfsFju3bqhBGI0lq/_apis/connectionData?connectOptions=1&lastChangeId=258625537&lastChangeId64=258625537 failed. HTTP Status: NotFound
[2025-10-09 03:48:58Z INFO GitHubActionsService] Finished operation Location.GetConnectionData
[2025-10-09 03:48:58Z INFO RunnerServer] Catch exception during connect. 3 attempt left.
[2025-10-09 03:48:58Z ERR  RunnerServer] GitHub.Services.WebApi.VssServiceResponseException: The resource cannot be found.
   at GitHub.Services.WebApi.VssHttpClientBase.HandleResponseAsync(HttpResponseMessage response, CancellationToken cancellationToken)
   at GitHub.Services.WebApi.VssHttpClientBase.SendAsync(HttpRequestMessage message, HttpCompletionOption completionOption, Object userState, CancellationToken cancellationToken)
   at GitHub.Services.WebApi.VssHttpClientBase.SendAsync[T](HttpRequestMessage message, Object userState, CancellationToken cancellationToken)
   at GitHub.Services.Location.Client.LocationHttpClient.GetConnectionDataAsync(ConnectOptions connectOptions, Int64 lastChangeId, CancellationToken cancellationToken, Object userState)
   at GitHub.Services.WebApi.Location.VssServerDataProvider.GetConnectionDataAsync(ConnectOptions connectOptions, Int32 lastChangeId, CancellationToken cancellationToken)
   at GitHub.Services.WebApi.Location.VssServerDataProvider.ConnectAsync(ConnectOptions connectOptions, CancellationToken cancellationToken)
   at GitHub.Runner.Common.RunnerService.EstablishVssConnection(Uri serverUrl, VssCredentials credentials, TimeSpan timeout)
[2025-10-09 03:48:58Z INFO GitHubActionsService] Starting operation Location.GetConnectionData
[2025-10-09 03:48:58Z INFO GitHubActionsService] Starting operation Location.GetConnectionData
[2025-10-09 03:48:58Z ERR  GitHubActionsService] GET request to https://pipelinesghubeus6.actions.githubusercontent.com/hKyNd5hzQTjPqVOxuFp9CyJ2tMUr8ytJJ9FfsFju3bqhBGI0lq/_apis/connectionData?connectOptions=1&lastChangeId=258625537&lastChangeId64=258625537 failed. HTTP Status: NotFound
[2025-10-09 03:48:58Z INFO GitHubActionsService] Finished operation Location.GetConnectionData
[2025-10-09 03:48:58Z INFO RunnerServer] Catch exception during connect. 2 attempt left.
[2025-10-09 03:48:58Z ERR  RunnerServer] GitHub.Services.WebApi.VssServiceResponseException: The resource cannot be found.
   at GitHub.Services.WebApi.VssHttpClientBase.HandleResponseAsync(HttpResponseMessage response, CancellationToken cancellationToken)
   at GitHub.Services.WebApi.VssHttpClientBase.SendAsync(HttpRequestMessage message, HttpCompletionOption completionOption, Object userState, CancellationToken cancellationToken)
   at GitHub.Services.WebApi.VssHttpClientBase.SendAsync[T](HttpRequestMessage message, Object userState, CancellationToken cancellationToken)
   at GitHub.Services.Location.Client.LocationHttpClient.GetConnectionDataAsync(ConnectOptions connectOptions, Int64 lastChangeId, CancellationToken cancellationToken, Object userState)
   at GitHub.Services.WebApi.Location.VssServerDataProvider.GetConnectionDataAsync(ConnectOptions connectOptions, Int32 lastChangeId, CancellationToken cancellationToken)
   at GitHub.Services.WebApi.Location.VssServerDataProvider.ConnectAsync(ConnectOptions connectOptions, CancellationToken cancellationToken)
   at GitHub.Runner.Common.RunnerService.EstablishVssConnection(Uri serverUrl, VssCredentials credentials, TimeSpan timeout)
[2025-10-09 03:48:58Z ERR  GitHubActionsService] GET request to https://pipelinesghubeus6.actions.githubusercontent.com/hKyNd5hzQTjPqVOxuFp9CyJ2tMUr8ytJJ9FfsFju3bqhBGI0lq/_apis/connectionData?connectOptions=1&lastChangeId=258625537&lastChangeId64=258625537 failed. HTTP Status: NotFound
[2025-10-09 03:48:58Z INFO GitHubActionsService] Finished operation Location.GetConnectionData
[2025-10-09 03:48:58Z INFO RunnerServer] Catch exception during connect. 2 attempt left.
[2025-10-09 03:48:58Z ERR  RunnerServer] GitHub.Services.WebApi.VssServiceResponseException: The resource cannot be found.
   at GitHub.Services.WebApi.VssHttpClientBase.HandleResponseAsync(HttpResponseMessage response, CancellationToken cancellationToken)
   at GitHub.Services.WebApi.VssHttpClientBase.SendAsync(HttpRequestMessage message, HttpCompletionOption completionOption, Object userState, CancellationToken cancellationToken)
   at GitHub.Services.WebApi.VssHttpClientBase.SendAsync[T](HttpRequestMessage message, Object userState, CancellationToken cancellationToken)
   at GitHub.Services.Location.Client.LocationHttpClient.GetConnectionDataAsync(ConnectOptions connectOptions, Int64 lastChangeId, CancellationToken cancellationToken, Object userState)
   at GitHub.Services.WebApi.Location.VssServerDataProvider.GetConnectionDataAsync(ConnectOptions connectOptions, Int32 lastChangeId, CancellationToken cancellationToken)
   at GitHub.Services.WebApi.Location.VssServerDataProvider.ConnectAsync(ConnectOptions connectOptions, CancellationToken cancellationToken)
   at GitHub.Runner.Common.RunnerService.EstablishVssConnection(Uri serverUrl, VssCredentials credentials, TimeSpan timeout)
[2025-10-09 03:48:58Z INFO GitHubActionsService] Starting operation Location.GetConnectionData
[2025-10-09 03:48:58Z ERR  GitHubActionsService] GET request to https://pipelinesghubeus6.actions.githubusercontent.com/hKyNd5hzQTjPqVOxuFp9CyJ2tMUr8ytJJ9FfsFju3bqhBGI0lq/_apis/connectionData?connectOptions=1&lastChangeId=258625537&lastChangeId64=258625537 failed. HTTP Status: NotFound
[2025-10-09 03:48:58Z INFO GitHubActionsService] Finished operation Location.GetConnectionData
[2025-10-09 03:48:58Z INFO RunnerServer] Catch exception during connect. 2 attempt left.
[2025-10-09 03:48:58Z ERR  RunnerServer] GitHub.Services.WebApi.VssServiceResponseException: The resource cannot be found.
   at GitHub.Services.WebApi.VssHttpClientBase.HandleResponseAsync(HttpResponseMessage response, CancellationToken cancellationToken)
   at GitHub.Services.WebApi.VssHttpClientBase.SendAsync(HttpRequestMessage message, HttpCompletionOption completionOption, Object userState, CancellationToken cancellationToken)
   at GitHub.Services.WebApi.VssHttpClientBase.SendAsync[T](HttpRequestMessage message, Object userState, CancellationToken cancellationToken)
   at GitHub.Services.Location.Client.LocationHttpClient.GetConnectionDataAsync(ConnectOptions connectOptions, Int64 lastChangeId, CancellationToken cancellationToken, Object userState)
   at GitHub.Services.WebApi.Location.VssServerDataProvider.GetConnectionDataAsync(ConnectOptions connectOptions, Int32 lastChangeId, CancellationToken cancellationToken)
   at GitHub.Services.WebApi.Location.VssServerDataProvider.ConnectAsync(ConnectOptions connectOptions, CancellationToken cancellationToken)
   at GitHub.Runner.Common.RunnerService.EstablishVssConnection(Uri serverUrl, VssCredentials credentials, TimeSpan timeout)
[2025-10-09 03:48:58Z INFO GitHubActionsService] Starting operation Location.GetConnectionData
[2025-10-09 03:48:58Z INFO GitHubActionsService] Starting operation Location.GetConnectionData
[2025-10-09 03:48:59Z ERR  GitHubActionsService] GET request to https://pipelinesghubeus6.actions.githubusercontent.com/hKyNd5hzQTjPqVOxuFp9CyJ2tMUr8ytJJ9FfsFju3bqhBGI0lq/_apis/connectionData?connectOptions=1&lastChangeId=258625537&lastChangeId64=258625537 failed. HTTP Status: NotFound
[2025-10-09 03:48:59Z INFO GitHubActionsService] Finished operation Location.GetConnectionData
[2025-10-09 03:48:59Z INFO RunnerServer] Catch exception during connect. 1 attempt left.
[2025-10-09 03:48:59Z ERR  RunnerServer] GitHub.Services.WebApi.VssServiceResponseException: The resource cannot be found.
   at GitHub.Services.WebApi.VssHttpClientBase.HandleResponseAsync(HttpResponseMessage response, CancellationToken cancellationToken)
   at GitHub.Services.WebApi.VssHttpClientBase.SendAsync(HttpRequestMessage message, HttpCompletionOption completionOption, Object userState, CancellationToken cancellationToken)
   at GitHub.Services.WebApi.VssHttpClientBase.SendAsync[T](HttpRequestMessage message, Object userState, CancellationToken cancellationToken)
   at GitHub.Services.Location.Client.LocationHttpClient.GetConnectionDataAsync(ConnectOptions connectOptions, Int64 lastChangeId, CancellationToken cancellationToken, Object userState)
   at GitHub.Services.WebApi.Location.VssServerDataProvider.GetConnectionDataAsync(ConnectOptions connectOptions, Int32 lastChangeId, CancellationToken cancellationToken)
   at GitHub.Services.WebApi.Location.VssServerDataProvider.ConnectAsync(ConnectOptions connectOptions, CancellationToken cancellationToken)
   at GitHub.Runner.Common.RunnerService.EstablishVssConnection(Uri serverUrl, VssCredentials credentials, TimeSpan timeout)
[2025-10-09 03:48:59Z ERR  GitHubActionsService] GET request to https://pipelinesghubeus6.actions.githubusercontent.com/hKyNd5hzQTjPqVOxuFp9CyJ2tMUr8ytJJ9FfsFju3bqhBGI0lq/_apis/connectionData?connectOptions=1&lastChangeId=258625537&lastChangeId64=258625537 failed. HTTP Status: NotFound
[2025-10-09 03:48:59Z INFO GitHubActionsService] Finished operation Location.GetConnectionData
[2025-10-09 03:48:59Z INFO RunnerServer] Catch exception during connect. 1 attempt left.
[2025-10-09 03:48:59Z ERR  RunnerServer] GitHub.Services.WebApi.VssServiceResponseException: The resource cannot be found.
   at GitHub.Services.WebApi.VssHttpClientBase.HandleResponseAsync(HttpResponseMessage response, CancellationToken cancellationToken)
   at GitHub.Services.WebApi.VssHttpClientBase.SendAsync(HttpRequestMessage message, HttpCompletionOption completionOption, Object userState, CancellationToken cancellationToken)
   at GitHub.Services.WebApi.VssHttpClientBase.SendAsync[T](HttpRequestMessage message, Object userState, CancellationToken cancellationToken)
   at GitHub.Services.Location.Client.LocationHttpClient.GetConnectionDataAsync(ConnectOptions connectOptions, Int64 lastChangeId, CancellationToken cancellationToken, Object userState)
   at GitHub.Services.WebApi.Location.VssServerDataProvider.GetConnectionDataAsync(ConnectOptions connectOptions, Int32 lastChangeId, CancellationToken cancellationToken)
   at GitHub.Services.WebApi.Location.VssServerDataProvider.ConnectAsync(ConnectOptions connectOptions, CancellationToken cancellationToken)
   at GitHub.Runner.Common.RunnerService.EstablishVssConnection(Uri serverUrl, VssCredentials credentials, TimeSpan timeout)
[2025-10-09 03:48:59Z INFO GitHubActionsService] Starting operation Location.GetConnectionData
[2025-10-09 03:49:14Z INFO GitHubActionsService] Starting operation Location.GetConnectionData
[2025-10-09 03:49:15Z ERR  GitHubActionsService] GET request to https://pipelinesghubeus6.actions.githubusercontent.com/hKyNd5hzQTjPqVOxuFp9CyJ2tMUr8ytJJ9FfsFju3bqhBGI0lq/_apis/connectionData?connectOptions=1&lastChangeId=258625537&lastChangeId64=258625537 failed. HTTP Status: NotFound
[2025-10-09 03:49:15Z INFO GitHubActionsService] Finished operation Location.GetConnectionData
[2025-10-09 03:49:15Z ERR  GitHubActionsService] GET request to https://pipelinesghubeus6.actions.githubusercontent.com/hKyNd5hzQTjPqVOxuFp9CyJ2tMUr8ytJJ9FfsFju3bqhBGI0lq/_apis/connectionData?connectOptions=1&lastChangeId=258625537&lastChangeId64=258625537 failed. HTTP Status: NotFound
[2025-10-09 03:49:15Z INFO GitHubActionsService] Finished operation Location.GetConnectionData
[2025-10-09 03:49:19Z WARN GitHubActionsService] Attempt 1 of GET request to https://pipelinesghubeus6.actions.githubusercontent.com/hKyNd5hzQTjPqVOxuFp9CyJ2tMUr8ytJJ9FfsFju3bqhBGI0lq/_apis/connectionData?connectOptions=1&lastChangeId=258625537&lastChangeId64=258625537 failed (Socket Error: TimedOut). The operation will be retried in 11,08 seconds.
[2025-10-09 03:49:31Z ERR  GitHubActionsService] GET request to https://pipelinesghubeus6.actions.githubusercontent.com/hKyNd5hzQTjPqVOxuFp9CyJ2tMUr8ytJJ9FfsFju3bqhBGI0lq/_apis/connectionData?connectOptions=1&lastChangeId=258625537&lastChangeId64=258625537 failed. HTTP Status: NotFound
[2025-10-09 03:49:31Z INFO GitHubActionsService] Finished operation Location.GetConnectionData
[2025-10-09 03:49:31Z INFO RunnerServer] Catch exception during connect. 1 attempt left.
[2025-10-09 03:49:31Z ERR  RunnerServer] GitHub.Services.WebApi.VssServiceResponseException: The resource cannot be found.
   at GitHub.Services.WebApi.VssHttpClientBase.HandleResponseAsync(HttpResponseMessage response, CancellationToken cancellationToken)
   at GitHub.Services.WebApi.VssHttpClientBase.SendAsync(HttpRequestMessage message, HttpCompletionOption completionOption, Object userState, CancellationToken cancellationToken)
   at GitHub.Services.WebApi.VssHttpClientBase.SendAsync[T](HttpRequestMessage message, Object userState, CancellationToken cancellationToken)
   at GitHub.Services.Location.Client.LocationHttpClient.GetConnectionDataAsync(ConnectOptions connectOptions, Int64 lastChangeId, CancellationToken cancellationToken, Object userState)
   at GitHub.Services.WebApi.Location.VssServerDataProvider.GetConnectionDataAsync(ConnectOptions connectOptions, Int32 lastChangeId, CancellationToken cancellationToken)
   at GitHub.Services.WebApi.Location.VssServerDataProvider.ConnectAsync(ConnectOptions connectOptions, CancellationToken cancellationToken)
   at GitHub.Runner.Common.RunnerService.EstablishVssConnection(Uri serverUrl, VssCredentials credentials, TimeSpan timeout)
[2025-10-09 03:49:31Z INFO GitHubActionsService] Starting operation Location.GetConnectionData
[2025-10-09 03:49:32Z ERR  GitHubActionsService] GET request to https://pipelinesghubeus6.actions.githubusercontent.com/hKyNd5hzQTjPqVOxuFp9CyJ2tMUr8ytJJ9FfsFju3bqhBGI0lq/_apis/connectionData?connectOptions=1&lastChangeId=258625537&lastChangeId64=258625537 failed. HTTP Status: NotFound
[2025-10-09 03:49:32Z INFO GitHubActionsService] Finished operation Location.GetConnectionData
[2025-10-09 03:49:32Z ERR  BrokerMessageListener] Catch exception during create session.
[2025-10-09 03:49:32Z ERR  BrokerMessageListener] GitHub.Services.WebApi.VssServiceResponseException: The resource cannot be found.
   at GitHub.Services.WebApi.VssHttpClientBase.HandleResponseAsync(HttpResponseMessage response, CancellationToken cancellationToken)
   at GitHub.Services.WebApi.VssHttpClientBase.SendAsync(HttpRequestMessage message, HttpCompletionOption completionOption, Object userState, CancellationToken cancellationToken)
   at GitHub.Services.WebApi.VssHttpClientBase.SendAsync[T](HttpRequestMessage message, Object userState, CancellationToken cancellationToken)
   at GitHub.Services.Location.Client.LocationHttpClient.GetConnectionDataAsync(ConnectOptions connectOptions, Int64 lastChangeId, CancellationToken cancellationToken, Object userState)
   at GitHub.Services.WebApi.Location.VssServerDataProvider.GetConnectionDataAsync(ConnectOptions connectOptions, Int32 lastChangeId, CancellationToken cancellationToken)
   at GitHub.Services.WebApi.Location.VssServerDataProvider.ConnectAsync(ConnectOptions connectOptions, CancellationToken cancellationToken)
   at GitHub.Runner.Common.RunnerService.EstablishVssConnection(Uri serverUrl, VssCredentials credentials, TimeSpan timeout)
   at GitHub.Runner.Common.RunnerServer.ConnectAsync(Uri serverUrl, VssCredentials credentials)
   at GitHub.Runner.Listener.BrokerMessageListener.CreateSessionAsync(CancellationToken token)
[2025-10-09 03:49:32Z INFO BrokerMessageListener] Retriable exception: The resource cannot be found.
[2025-10-09 03:49:32Z INFO BrokerMessageListener] Sleeping for 30 seconds before retrying.
[2025-10-09 03:50:02Z INFO BrokerMessageListener] Attempt to create session.
[2025-10-09 03:50:02Z INFO BrokerMessageListener] Connecting to the Broker Server...
[2025-10-09 03:50:02Z INFO ConfigurationStore] HasCredentials()
[2025-10-09 03:50:02Z INFO ConfigurationStore] stored True
[2025-10-09 03:50:02Z INFO CredentialManager] GetCredentialProvider
[2025-10-09 03:50:02Z INFO CredentialManager] Creating type OAuth
[2025-10-09 03:50:02Z INFO CredentialManager] Creating credential type: OAuth
[2025-10-09 03:50:02Z INFO RSAEncryptedFileKeyManager] Loading RSA key parameters from file G:\Brunella\actions-runner\.credentials_rsaparams
[2025-10-09 03:50:02Z INFO BrokerMessageListener] VssConnection created
[2025-10-09 03:50:02Z INFO BrokerMessageListener] Connecting to the Runner server...
[2025-10-09 03:50:02Z INFO RunnerServer] EstablishVssConnection
[2025-10-09 03:50:02Z INFO RunnerServer] Establish connection with 100 seconds timeout.
[2025-10-09 03:50:02Z INFO GitHubActionsService] Starting operation Location.GetConnectionData
[2025-10-09 03:50:02Z INFO RunnerServer] EstablishVssConnection
[2025-10-09 03:50:02Z INFO RunnerServer] Establish connection with 60 seconds timeout.
[2025-10-09 03:50:02Z INFO GitHubActionsService] Starting operation Location.GetConnectionData
[2025-10-09 03:50:02Z INFO RunnerServer] EstablishVssConnection
[2025-10-09 03:50:02Z INFO RunnerServer] Establish connection with 60 seconds timeout.
[2025-10-09 03:50:02Z INFO GitHubActionsService] Starting operation Location.GetConnectionData
[2025-10-09 03:50:02Z ERR  GitHubActionsService] GET request to https://pipelinesghubeus6.actions.githubusercontent.com/hKyNd5hzQTjPqVOxuFp9CyJ2tMUr8ytJJ9FfsFju3bqhBGI0lq/_apis/connectionData?connectOptions=1&lastChangeId=258625537&lastChangeId64=258625537 failed. HTTP Status: NotFound
[2025-10-09 03:50:02Z INFO GitHubActionsService] Finished operation Location.GetConnectionData
[2025-10-09 03:50:02Z INFO RunnerServer] Catch exception during connect. 4 attempt left.
[2025-10-09 03:50:02Z ERR  RunnerServer] GitHub.Services.WebApi.VssServiceResponseException: The resource cannot be found.
   at GitHub.Services.WebApi.VssHttpClientBase.HandleResponseAsync(HttpResponseMessage response, CancellationToken cancellationToken)
   at GitHub.Services.WebApi.VssHttpClientBase.SendAsync(HttpRequestMessage message, HttpCompletionOption completionOption, Object userState, CancellationToken cancellationToken)
   at GitHub.Services.WebApi.VssHttpClientBase.SendAsync[T](HttpRequestMessage message, Object userState, CancellationToken cancellationToken)
   at GitHub.Services.Location.Client.LocationHttpClient.GetConnectionDataAsync(ConnectOptions connectOptions, Int64 lastChangeId, CancellationToken cancellationToken, Object userState)
   at GitHub.Services.WebApi.Location.VssServerDataProvider.GetConnectionDataAsync(ConnectOptions connectOptions, Int32 lastChangeId, CancellationToken cancellationToken)
   at GitHub.Services.WebApi.Location.VssServerDataProvider.ConnectAsync(ConnectOptions connectOptions, CancellationToken cancellationToken)
   at GitHub.Runner.Common.RunnerService.EstablishVssConnection(Uri serverUrl, VssCredentials credentials, TimeSpan timeout)
[2025-10-09 03:50:02Z INFO GitHubActionsService] Starting operation Location.GetConnectionData
[2025-10-09 03:50:02Z ERR  GitHubActionsService] GET request to https://pipelinesghubeus6.actions.githubusercontent.com/hKyNd5hzQTjPqVOxuFp9CyJ2tMUr8ytJJ9FfsFju3bqhBGI0lq/_apis/connectionData?connectOptions=1&lastChangeId=258625537&lastChangeId64=258625537 failed. HTTP Status: NotFound
[2025-10-09 03:50:02Z INFO GitHubActionsService] Finished operation Location.GetConnectionData
[2025-10-09 03:50:02Z INFO RunnerServer] Catch exception during connect. 4 attempt left.
[2025-10-09 03:50:02Z ERR  GitHubActionsService] GET request to https://pipelinesghubeus6.actions.githubusercontent.com/hKyNd5hzQTjPqVOxuFp9CyJ2tMUr8ytJJ9FfsFju3bqhBGI0lq/_apis/connectionData?connectOptions=1&lastChangeId=258625537&lastChangeId64=258625537 failed. HTTP Status: NotFound
[2025-10-09 03:50:02Z INFO GitHubActionsService] Finished operation Location.GetConnectionData
[2025-10-09 03:50:02Z INFO RunnerServer] Catch exception during connect. 4 attempt left.
[2025-10-09 03:50:02Z ERR  RunnerServer] GitHub.Services.WebApi.VssServiceResponseException: The resource cannot be found.
   at GitHub.Services.WebApi.VssHttpClientBase.HandleResponseAsync(HttpResponseMessage response, CancellationToken cancellationToken)
   at GitHub.Services.WebApi.VssHttpClientBase.SendAsync(HttpRequestMessage message, HttpCompletionOption completionOption, Object userState, CancellationToken cancellationToken)
   at GitHub.Services.WebApi.VssHttpClientBase.SendAsync[T](HttpRequestMessage message, Object userState, CancellationToken cancellationToken)
   at GitHub.Services.Location.Client.LocationHttpClient.GetConnectionDataAsync(ConnectOptions connectOptions, Int64 lastChangeId, CancellationToken cancellationToken, Object userState)
   at GitHub.Services.WebApi.Location.VssServerDataProvider.GetConnectionDataAsync(ConnectOptions connectOptions, Int32 lastChangeId, CancellationToken cancellationToken)
   at GitHub.Services.WebApi.Location.VssServerDataProvider.ConnectAsync(ConnectOptions connectOptions, CancellationToken cancellationToken)
   at GitHub.Runner.Common.RunnerService.EstablishVssConnection(Uri serverUrl, VssCredentials credentials, TimeSpan timeout)
[2025-10-09 03:50:02Z ERR  RunnerServer] GitHub.Services.WebApi.VssServiceResponseException: The resource cannot be found.
   at GitHub.Services.WebApi.VssHttpClientBase.HandleResponseAsync(HttpResponseMessage response, CancellationToken cancellationToken)
   at GitHub.Services.WebApi.VssHttpClientBase.SendAsync(HttpRequestMessage message, HttpCompletionOption completionOption, Object userState, CancellationToken cancellationToken)
   at GitHub.Services.WebApi.VssHttpClientBase.SendAsync[T](HttpRequestMessage message, Object userState, CancellationToken cancellationToken)
   at GitHub.Services.Location.Client.LocationHttpClient.GetConnectionDataAsync(ConnectOptions connectOptions, Int64 lastChangeId, CancellationToken cancellationToken, Object userState)
   at GitHub.Services.WebApi.Location.VssServerDataProvider.GetConnectionDataAsync(ConnectOptions connectOptions, Int32 lastChangeId, CancellationToken cancellationToken)
   at GitHub.Services.WebApi.Location.VssServerDataProvider.ConnectAsync(ConnectOptions connectOptions, CancellationToken cancellationToken)
   at GitHub.Runner.Common.RunnerService.EstablishVssConnection(Uri serverUrl, VssCredentials credentials, TimeSpan timeout)
[2025-10-09 03:50:03Z INFO GitHubActionsService] Starting operation Location.GetConnectionData
[2025-10-09 03:50:03Z INFO GitHubActionsService] Starting operation Location.GetConnectionData
[2025-10-09 03:50:03Z ERR  GitHubActionsService] GET request to https://pipelinesghubeus6.actions.githubusercontent.com/hKyNd5hzQTjPqVOxuFp9CyJ2tMUr8ytJJ9FfsFju3bqhBGI0lq/_apis/connectionData?connectOptions=1&lastChangeId=258625537&lastChangeId64=258625537 failed. HTTP Status: NotFound
[2025-10-09 03:50:03Z INFO GitHubActionsService] Finished operation Location.GetConnectionData
[2025-10-09 03:50:03Z INFO RunnerServer] Catch exception during connect. 3 attempt left.
[2025-10-09 03:50:03Z ERR  RunnerServer] GitHub.Services.WebApi.VssServiceResponseException: The resource cannot be found.
   at GitHub.Services.WebApi.VssHttpClientBase.HandleResponseAsync(HttpResponseMessage response, CancellationToken cancellationToken)
   at GitHub.Services.WebApi.VssHttpClientBase.SendAsync(HttpRequestMessage message, HttpCompletionOption completionOption, Object userState, CancellationToken cancellationToken)
   at GitHub.Services.WebApi.VssHttpClientBase.SendAsync[T](HttpRequestMessage message, Object userState, CancellationToken cancellationToken)
   at GitHub.Services.Location.Client.LocationHttpClient.GetConnectionDataAsync(ConnectOptions connectOptions, Int64 lastChangeId, CancellationToken cancellationToken, Object userState)
   at GitHub.Services.WebApi.Location.VssServerDataProvider.GetConnectionDataAsync(ConnectOptions connectOptions, Int32 lastChangeId, CancellationToken cancellationToken)
   at GitHub.Services.WebApi.Location.VssServerDataProvider.ConnectAsync(ConnectOptions connectOptions, CancellationToken cancellationToken)
   at GitHub.Runner.Common.RunnerService.EstablishVssConnection(Uri serverUrl, VssCredentials credentials, TimeSpan timeout)
[2025-10-09 03:50:03Z INFO GitHubActionsService] Starting operation Location.GetConnectionData
[2025-10-09 03:50:03Z ERR  GitHubActionsService] GET request to https://pipelinesghubeus6.actions.githubusercontent.com/hKyNd5hzQTjPqVOxuFp9CyJ2tMUr8ytJJ9FfsFju3bqhBGI0lq/_apis/connectionData?connectOptions=1&lastChangeId=258625537&lastChangeId64=258625537 failed. HTTP Status: NotFound
[2025-10-09 03:50:03Z INFO GitHubActionsService] Finished operation Location.GetConnectionData
[2025-10-09 03:50:03Z INFO RunnerServer] Catch exception during connect. 3 attempt left.
[2025-10-09 03:50:03Z ERR  RunnerServer] GitHub.Services.WebApi.VssServiceResponseException: The resource cannot be found.
   at GitHub.Services.WebApi.VssHttpClientBase.HandleResponseAsync(HttpResponseMessage response, CancellationToken cancellationToken)
   at GitHub.Services.WebApi.VssHttpClientBase.SendAsync(HttpRequestMessage message, HttpCompletionOption completionOption, Object userState, CancellationToken cancellationToken)
   at GitHub.Services.WebApi.VssHttpClientBase.SendAsync[T](HttpRequestMessage message, Object userState, CancellationToken cancellationToken)
   at GitHub.Services.Location.Client.LocationHttpClient.GetConnectionDataAsync(ConnectOptions connectOptions, Int64 lastChangeId, CancellationToken cancellationToken, Object userState)
   at GitHub.Services.WebApi.Location.VssServerDataProvider.GetConnectionDataAsync(ConnectOptions connectOptions, Int32 lastChangeId, CancellationToken cancellationToken)
   at GitHub.Services.WebApi.Location.VssServerDataProvider.ConnectAsync(ConnectOptions connectOptions, CancellationToken cancellationToken)
   at GitHub.Runner.Common.RunnerService.EstablishVssConnection(Uri serverUrl, VssCredentials credentials, TimeSpan timeout)
[2025-10-09 03:50:03Z ERR  GitHubActionsService] GET request to https://pipelinesghubeus6.actions.githubusercontent.com/hKyNd5hzQTjPqVOxuFp9CyJ2tMUr8ytJJ9FfsFju3bqhBGI0lq/_apis/connectionData?connectOptions=1&lastChangeId=258625537&lastChangeId64=258625537 failed. HTTP Status: NotFound
[2025-10-09 03:50:03Z INFO GitHubActionsService] Finished operation Location.GetConnectionData
[2025-10-09 03:50:03Z INFO RunnerServer] Catch exception during connect. 3 attempt left.
[2025-10-09 03:50:03Z ERR  RunnerServer] GitHub.Services.WebApi.VssServiceResponseException: The resource cannot be found.
   at GitHub.Services.WebApi.VssHttpClientBase.HandleResponseAsync(HttpResponseMessage response, CancellationToken cancellationToken)
   at GitHub.Services.WebApi.VssHttpClientBase.SendAsync(HttpRequestMessage message, HttpCompletionOption completionOption, Object userState, CancellationToken cancellationToken)
   at GitHub.Services.WebApi.VssHttpClientBase.SendAsync[T](HttpRequestMessage message, Object userState, CancellationToken cancellationToken)
   at GitHub.Services.Location.Client.LocationHttpClient.GetConnectionDataAsync(ConnectOptions connectOptions, Int64 lastChangeId, CancellationToken cancellationToken, Object userState)
   at GitHub.Services.WebApi.Location.VssServerDataProvider.GetConnectionDataAsync(ConnectOptions connectOptions, Int32 lastChangeId, CancellationToken cancellationToken)
   at GitHub.Services.WebApi.Location.VssServerDataProvider.ConnectAsync(ConnectOptions connectOptions, CancellationToken cancellationToken)
   at GitHub.Runner.Common.RunnerService.EstablishVssConnection(Uri serverUrl, VssCredentials credentials, TimeSpan timeout)
[2025-10-09 03:50:03Z INFO GitHubActionsService] Starting operation Location.GetConnectionData
[2025-10-09 03:50:03Z INFO GitHubActionsService] Starting operation Location.GetConnectionData
[2025-10-09 03:50:04Z ERR  GitHubActionsService] GET request to https://pipelinesghubeus6.actions.githubusercontent.com/hKyNd5hzQTjPqVOxuFp9CyJ2tMUr8ytJJ9FfsFju3bqhBGI0lq/_apis/connectionData?connectOptions=1&lastChangeId=258625537&lastChangeId64=258625537 failed. HTTP Status: NotFound
[2025-10-09 03:50:04Z ERR  GitHubActionsService] GET request to https://pipelinesghubeus6.actions.githubusercontent.com/hKyNd5hzQTjPqVOxuFp9CyJ2tMUr8ytJJ9FfsFju3bqhBGI0lq/_apis/connectionData?connectOptions=1&lastChangeId=258625537&lastChangeId64=258625537 failed. HTTP Status: NotFound
[2025-10-09 03:50:04Z INFO GitHubActionsService] Finished operation Location.GetConnectionData
[2025-10-09 03:50:04Z INFO GitHubActionsService] Finished operation Location.GetConnectionData
[2025-10-09 03:50:04Z INFO RunnerServer] Catch exception during connect. 2 attempt left.
[2025-10-09 03:50:04Z INFO RunnerServer] Catch exception during connect. 2 attempt left.
[2025-10-09 03:50:04Z ERR  RunnerServer] GitHub.Services.WebApi.VssServiceResponseException: The resource cannot be found.
   at GitHub.Services.WebApi.VssHttpClientBase.HandleResponseAsync(HttpResponseMessage response, CancellationToken cancellationToken)
   at GitHub.Services.WebApi.VssHttpClientBase.SendAsync(HttpRequestMessage message, HttpCompletionOption completionOption, Object userState, CancellationToken cancellationToken)
   at GitHub.Services.WebApi.VssHttpClientBase.SendAsync[T](HttpRequestMessage message, Object userState, CancellationToken cancellationToken)
   at GitHub.Services.Location.Client.LocationHttpClient.GetConnectionDataAsync(ConnectOptions connectOptions, Int64 lastChangeId, CancellationToken cancellationToken, Object userState)
   at GitHub.Services.WebApi.Location.VssServerDataProvider.GetConnectionDataAsync(ConnectOptions connectOptions, Int32 lastChangeId, CancellationToken cancellationToken)
   at GitHub.Services.WebApi.Location.VssServerDataProvider.ConnectAsync(ConnectOptions connectOptions, CancellationToken cancellationToken)
   at GitHub.Runner.Common.RunnerService.EstablishVssConnection(Uri serverUrl, VssCredentials credentials, TimeSpan timeout)
[2025-10-09 03:50:04Z ERR  RunnerServer] GitHub.Services.WebApi.VssServiceResponseException: The resource cannot be found.
   at GitHub.Services.WebApi.VssHttpClientBase.HandleResponseAsync(HttpResponseMessage response, CancellationToken cancellationToken)
   at GitHub.Services.WebApi.VssHttpClientBase.SendAsync(HttpRequestMessage message, HttpCompletionOption completionOption, Object userState, CancellationToken cancellationToken)
   at GitHub.Services.WebApi.VssHttpClientBase.SendAsync[T](HttpRequestMessage message, Object userState, CancellationToken cancellationToken)
   at GitHub.Services.Location.Client.LocationHttpClient.GetConnectionDataAsync(ConnectOptions connectOptions, Int64 lastChangeId, CancellationToken cancellationToken, Object userState)
   at GitHub.Services.WebApi.Location.VssServerDataProvider.GetConnectionDataAsync(ConnectOptions connectOptions, Int32 lastChangeId, CancellationToken cancellationToken)
   at GitHub.Services.WebApi.Location.VssServerDataProvider.ConnectAsync(ConnectOptions connectOptions, CancellationToken cancellationToken)
   at GitHub.Runner.Common.RunnerService.EstablishVssConnection(Uri serverUrl, VssCredentials credentials, TimeSpan timeout)
[2025-10-09 03:50:04Z INFO GitHubActionsService] Starting operation Location.GetConnectionData
[2025-10-09 03:50:04Z INFO GitHubActionsService] Starting operation Location.GetConnectionData
[2025-10-09 03:50:04Z ERR  GitHubActionsService] GET request to https://pipelinesghubeus6.actions.githubusercontent.com/hKyNd5hzQTjPqVOxuFp9CyJ2tMUr8ytJJ9FfsFju3bqhBGI0lq/_apis/connectionData?connectOptions=1&lastChangeId=258625537&lastChangeId64=258625537 failed. HTTP Status: NotFound
[2025-10-09 03:50:04Z INFO GitHubActionsService] Finished operation Location.GetConnectionData
[2025-10-09 03:50:04Z INFO RunnerServer] Catch exception during connect. 2 attempt left.
[2025-10-09 03:50:04Z ERR  RunnerServer] GitHub.Services.WebApi.VssServiceResponseException: The resource cannot be found.
   at GitHub.Services.WebApi.VssHttpClientBase.HandleResponseAsync(HttpResponseMessage response, CancellationToken cancellationToken)
   at GitHub.Services.WebApi.VssHttpClientBase.SendAsync(HttpRequestMessage message, HttpCompletionOption completionOption, Object userState, CancellationToken cancellationToken)
   at GitHub.Services.WebApi.VssHttpClientBase.SendAsync[T](HttpRequestMessage message, Object userState, CancellationToken cancellationToken)
   at GitHub.Services.Location.Client.LocationHttpClient.GetConnectionDataAsync(ConnectOptions connectOptions, Int64 lastChangeId, CancellationToken cancellationToken, Object userState)
   at GitHub.Services.WebApi.Location.VssServerDataProvider.GetConnectionDataAsync(ConnectOptions connectOptions, Int32 lastChangeId, CancellationToken cancellationToken)
   at GitHub.Services.WebApi.Location.VssServerDataProvider.ConnectAsync(ConnectOptions connectOptions, CancellationToken cancellationToken)
   at GitHub.Runner.Common.RunnerService.EstablishVssConnection(Uri serverUrl, VssCredentials credentials, TimeSpan timeout)
[2025-10-09 03:50:04Z INFO GitHubActionsService] Starting operation Location.GetConnectionData
[2025-10-09 03:50:05Z ERR  GitHubActionsService] GET request to https://pipelinesghubeus6.actions.githubusercontent.com/hKyNd5hzQTjPqVOxuFp9CyJ2tMUr8ytJJ9FfsFju3bqhBGI0lq/_apis/connectionData?connectOptions=1&lastChangeId=258625537&lastChangeId64=258625537 failed. HTTP Status: NotFound
[2025-10-09 03:50:05Z INFO GitHubActionsService] Finished operation Location.GetConnectionData
[2025-10-09 03:50:05Z INFO RunnerServer] Catch exception during connect. 1 attempt left.
[2025-10-09 03:50:05Z ERR  RunnerServer] GitHub.Services.WebApi.VssServiceResponseException: The resource cannot be found.
   at GitHub.Services.WebApi.VssHttpClientBase.HandleResponseAsync(HttpResponseMessage response, CancellationToken cancellationToken)
   at GitHub.Services.WebApi.VssHttpClientBase.SendAsync(HttpRequestMessage message, HttpCompletionOption completionOption, Object userState, CancellationToken cancellationToken)
   at GitHub.Services.WebApi.VssHttpClientBase.SendAsync[T](HttpRequestMessage message, Object userState, CancellationToken cancellationToken)
   at GitHub.Services.Location.Client.LocationHttpClient.GetConnectionDataAsync(ConnectOptions connectOptions, Int64 lastChangeId, CancellationToken cancellationToken, Object userState)
   at GitHub.Services.WebApi.Location.VssServerDataProvider.GetConnectionDataAsync(ConnectOptions connectOptions, Int32 lastChangeId, CancellationToken cancellationToken)
   at GitHub.Services.WebApi.Location.VssServerDataProvider.ConnectAsync(ConnectOptions connectOptions, CancellationToken cancellationToken)
   at GitHub.Runner.Common.RunnerService.EstablishVssConnection(Uri serverUrl, VssCredentials credentials, TimeSpan timeout)
[2025-10-09 03:50:05Z ERR  GitHubActionsService] GET request to https://pipelinesghubeus6.actions.githubusercontent.com/hKyNd5hzQTjPqVOxuFp9CyJ2tMUr8ytJJ9FfsFju3bqhBGI0lq/_apis/connectionData?connectOptions=1&lastChangeId=258625537&lastChangeId64=258625537 failed. HTTP Status: NotFound
[2025-10-09 03:50:05Z INFO GitHubActionsService] Finished operation Location.GetConnectionData
[2025-10-09 03:50:05Z INFO RunnerServer] Catch exception during connect. 1 attempt left.
[2025-10-09 03:50:05Z ERR  RunnerServer] GitHub.Services.WebApi.VssServiceResponseException: The resource cannot be found.
   at GitHub.Services.WebApi.VssHttpClientBase.HandleResponseAsync(HttpResponseMessage response, CancellationToken cancellationToken)
   at GitHub.Services.WebApi.VssHttpClientBase.SendAsync(HttpRequestMessage message, HttpCompletionOption completionOption, Object userState, CancellationToken cancellationToken)
   at GitHub.Services.WebApi.VssHttpClientBase.SendAsync[T](HttpRequestMessage message, Object userState, CancellationToken cancellationToken)
   at GitHub.Services.Location.Client.LocationHttpClient.GetConnectionDataAsync(ConnectOptions connectOptions, Int64 lastChangeId, CancellationToken cancellationToken, Object userState)
   at GitHub.Services.WebApi.Location.VssServerDataProvider.GetConnectionDataAsync(ConnectOptions connectOptions, Int32 lastChangeId, CancellationToken cancellationToken)
   at GitHub.Services.WebApi.Location.VssServerDataProvider.ConnectAsync(ConnectOptions connectOptions, CancellationToken cancellationToken)
   at GitHub.Runner.Common.RunnerService.EstablishVssConnection(Uri serverUrl, VssCredentials credentials, TimeSpan timeout)
[2025-10-09 03:50:05Z ERR  GitHubActionsService] GET request to https://pipelinesghubeus6.actions.githubusercontent.com/hKyNd5hzQTjPqVOxuFp9CyJ2tMUr8ytJJ9FfsFju3bqhBGI0lq/_apis/connectionData?connectOptions=1&lastChangeId=258625537&lastChangeId64=258625537 failed. HTTP Status: NotFound
[2025-10-09 03:50:05Z INFO GitHubActionsService] Finished operation Location.GetConnectionData
[2025-10-09 03:50:05Z INFO RunnerServer] Catch exception during connect. 1 attempt left.
[2025-10-09 03:50:05Z ERR  RunnerServer] GitHub.Services.WebApi.VssServiceResponseException: The resource cannot be found.
   at GitHub.Services.WebApi.VssHttpClientBase.HandleResponseAsync(HttpResponseMessage response, CancellationToken cancellationToken)
   at GitHub.Services.WebApi.VssHttpClientBase.SendAsync(HttpRequestMessage message, HttpCompletionOption completionOption, Object userState, CancellationToken cancellationToken)
   at GitHub.Services.WebApi.VssHttpClientBase.SendAsync[T](HttpRequestMessage message, Object userState, CancellationToken cancellationToken)
   at GitHub.Services.Location.Client.LocationHttpClient.GetConnectionDataAsync(ConnectOptions connectOptions, Int64 lastChangeId, CancellationToken cancellationToken, Object userState)
   at GitHub.Services.WebApi.Location.VssServerDataProvider.GetConnectionDataAsync(ConnectOptions connectOptions, Int32 lastChangeId, CancellationToken cancellationToken)
   at GitHub.Services.WebApi.Location.VssServerDataProvider.ConnectAsync(ConnectOptions connectOptions, CancellationToken cancellationToken)
   at GitHub.Runner.Common.RunnerService.EstablishVssConnection(Uri serverUrl, VssCredentials credentials, TimeSpan timeout)
[2025-10-09 03:50:05Z INFO GitHubActionsService] Starting operation Location.GetConnectionData
[2025-10-09 03:50:05Z INFO GitHubActionsService] Starting operation Location.GetConnectionData
[2025-10-09 03:50:05Z INFO GitHubActionsService] Starting operation Location.GetConnectionData
[2025-10-09 03:50:05Z ERR  GitHubActionsService] GET request to https://pipelinesghubeus6.actions.githubusercontent.com/hKyNd5hzQTjPqVOxuFp9CyJ2tMUr8ytJJ9FfsFju3bqhBGI0lq/_apis/connectionData?connectOptions=1&lastChangeId=258625537&lastChangeId64=258625537 failed. HTTP Status: NotFound
[2025-10-09 03:50:05Z INFO GitHubActionsService] Finished operation Location.GetConnectionData
[2025-10-09 03:50:05Z ERR  GitHubActionsService] GET request to https://pipelinesghubeus6.actions.githubusercontent.com/hKyNd5hzQTjPqVOxuFp9CyJ2tMUr8ytJJ9FfsFju3bqhBGI0lq/_apis/connectionData?connectOptions=1&lastChangeId=258625537&lastChangeId64=258625537 failed. HTTP Status: NotFound
[2025-10-09 03:50:05Z INFO GitHubActionsService] Finished operation Location.GetConnectionData
[2025-10-09 03:50:05Z ERR  GitHubActionsService] GET request to https://pipelinesghubeus6.actions.githubusercontent.com/hKyNd5hzQTjPqVOxuFp9CyJ2tMUr8ytJJ9FfsFju3bqhBGI0lq/_apis/connectionData?connectOptions=1&lastChangeId=258625537&lastChangeId64=258625537 failed. HTTP Status: NotFound
[2025-10-09 03:50:05Z INFO GitHubActionsService] Finished operation Location.GetConnectionData
[2025-10-09 03:50:05Z ERR  BrokerMessageListener] Catch exception during create session.
[2025-10-09 03:50:05Z ERR  BrokerMessageListener] GitHub.Services.WebApi.VssServiceResponseException: The resource cannot be found.
   at GitHub.Services.WebApi.VssHttpClientBase.HandleResponseAsync(HttpResponseMessage response, CancellationToken cancellationToken)
   at GitHub.Services.WebApi.VssHttpClientBase.SendAsync(HttpRequestMessage message, HttpCompletionOption completionOption, Object userState, CancellationToken cancellationToken)
   at GitHub.Services.WebApi.VssHttpClientBase.SendAsync[T](HttpRequestMessage message, Object userState, CancellationToken cancellationToken)
   at GitHub.Services.Location.Client.LocationHttpClient.GetConnectionDataAsync(ConnectOptions connectOptions, Int64 lastChangeId, CancellationToken cancellationToken, Object userState)
   at GitHub.Services.WebApi.Location.VssServerDataProvider.GetConnectionDataAsync(ConnectOptions connectOptions, Int32 lastChangeId, CancellationToken cancellationToken)
   at GitHub.Services.WebApi.Location.VssServerDataProvider.ConnectAsync(ConnectOptions connectOptions, CancellationToken cancellationToken)
   at GitHub.Runner.Common.RunnerService.EstablishVssConnection(Uri serverUrl, VssCredentials credentials, TimeSpan timeout)
   at GitHub.Runner.Common.RunnerServer.ConnectAsync(Uri serverUrl, VssCredentials credentials)
   at GitHub.Runner.Listener.BrokerMessageListener.CreateSessionAsync(CancellationToken token)
[2025-10-09 03:50:05Z INFO BrokerMessageListener] Retriable exception: The resource cannot be found.
[2025-10-09 03:50:05Z INFO BrokerMessageListener] Sleeping for 30 seconds before retrying.
[2025-10-09 03:50:35Z INFO BrokerMessageListener] Attempt to create session.
[2025-10-09 03:50:35Z INFO BrokerMessageListener] Connecting to the Broker Server...
[2025-10-09 03:50:35Z INFO ConfigurationStore] HasCredentials()
[2025-10-09 03:50:35Z INFO ConfigurationStore] stored True
[2025-10-09 03:50:35Z INFO CredentialManager] GetCredentialProvider
[2025-10-09 03:50:35Z INFO CredentialManager] Creating type OAuth
[2025-10-09 03:50:35Z INFO CredentialManager] Creating credential type: OAuth
[2025-10-09 03:50:35Z INFO RSAEncryptedFileKeyManager] Loading RSA key parameters from file G:\Brunella\actions-runner\.credentials_rsaparams
[2025-10-09 03:50:35Z INFO BrokerMessageListener] VssConnection created
[2025-10-09 03:50:35Z INFO BrokerMessageListener] Connecting to the Runner server...
[2025-10-09 03:50:35Z INFO RunnerServer] EstablishVssConnection
[2025-10-09 03:50:35Z INFO RunnerServer] Establish connection with 100 seconds timeout.
[2025-10-09 03:50:35Z INFO GitHubActionsService] Starting operation Location.GetConnectionData
[2025-10-09 03:50:35Z INFO RunnerServer] EstablishVssConnection
[2025-10-09 03:50:35Z INFO RunnerServer] Establish connection with 60 seconds timeout.
[2025-10-09 03:50:35Z INFO GitHubActionsService] Starting operation Location.GetConnectionData
[2025-10-09 03:50:35Z INFO RunnerServer] EstablishVssConnection
[2025-10-09 03:50:35Z INFO RunnerServer] Establish connection with 60 seconds timeout.
[2025-10-09 03:50:35Z INFO GitHubActionsService] Starting operation Location.GetConnectionData
[2025-10-09 03:50:36Z ERR  GitHubActionsService] GET request to https://pipelinesghubeus6.actions.githubusercontent.com/hKyNd5hzQTjPqVOxuFp9CyJ2tMUr8ytJJ9FfsFju3bqhBGI0lq/_apis/connectionData?connectOptions=1&lastChangeId=258625537&lastChangeId64=258625537 failed. HTTP Status: NotFound
[2025-10-09 03:50:36Z INFO GitHubActionsService] Finished operation Location.GetConnectionData
[2025-10-09 03:50:36Z INFO RunnerServer] Catch exception during connect. 4 attempt left.
[2025-10-09 03:50:36Z ERR  RunnerServer] GitHub.Services.WebApi.VssServiceResponseException: The resource cannot be found.
   at GitHub.Services.WebApi.VssHttpClientBase.HandleResponseAsync(HttpResponseMessage response, CancellationToken cancellationToken)
   at GitHub.Services.WebApi.VssHttpClientBase.SendAsync(HttpRequestMessage message, HttpCompletionOption completionOption, Object userState, CancellationToken cancellationToken)
   at GitHub.Services.WebApi.VssHttpClientBase.SendAsync[T](HttpRequestMessage message, Object userState, CancellationToken cancellationToken)
   at GitHub.Services.Location.Client.LocationHttpClient.GetConnectionDataAsync(ConnectOptions connectOptions, Int64 lastChangeId, CancellationToken cancellationToken, Object userState)
   at GitHub.Services.WebApi.Location.VssServerDataProvider.GetConnectionDataAsync(ConnectOptions connectOptions, Int32 lastChangeId, CancellationToken cancellationToken)
   at GitHub.Services.WebApi.Location.VssServerDataProvider.ConnectAsync(ConnectOptions connectOptions, CancellationToken cancellationToken)
   at GitHub.Runner.Common.RunnerService.EstablishVssConnection(Uri serverUrl, VssCredentials credentials, TimeSpan timeout)
[2025-10-09 03:50:36Z INFO GitHubActionsService] Starting operation Location.GetConnectionData
[2025-10-09 03:50:36Z ERR  GitHubActionsService] GET request to https://pipelinesghubeus6.actions.githubusercontent.com/hKyNd5hzQTjPqVOxuFp9CyJ2tMUr8ytJJ9FfsFju3bqhBGI0lq/_apis/connectionData?connectOptions=1&lastChangeId=258625537&lastChangeId64=258625537 failed. HTTP Status: NotFound
[2025-10-09 03:50:36Z INFO GitHubActionsService] Finished operation Location.GetConnectionData
[2025-10-09 03:50:36Z INFO RunnerServer] Catch exception during connect. 4 attempt left.
[2025-10-09 03:50:36Z ERR  RunnerServer] GitHub.Services.WebApi.VssServiceResponseException: The resource cannot be found.
   at GitHub.Services.WebApi.VssHttpClientBase.HandleResponseAsync(HttpResponseMessage response, CancellationToken cancellationToken)
   at GitHub.Services.WebApi.VssHttpClientBase.SendAsync(HttpRequestMessage message, HttpCompletionOption completionOption, Object userState, CancellationToken cancellationToken)
   at GitHub.Services.WebApi.VssHttpClientBase.SendAsync[T](HttpRequestMessage message, Object userState, CancellationToken cancellationToken)
   at GitHub.Services.Location.Client.LocationHttpClient.GetConnectionDataAsync(ConnectOptions connectOptions, Int64 lastChangeId, CancellationToken cancellationToken, Object userState)
   at GitHub.Services.WebApi.Location.VssServerDataProvider.GetConnectionDataAsync(ConnectOptions connectOptions, Int32 lastChangeId, CancellationToken cancellationToken)
   at GitHub.Services.WebApi.Location.VssServerDataProvider.ConnectAsync(ConnectOptions connectOptions, CancellationToken cancellationToken)
   at GitHub.Runner.Common.RunnerService.EstablishVssConnection(Uri serverUrl, VssCredentials credentials, TimeSpan timeout)
[2025-10-09 03:50:36Z ERR  GitHubActionsService] GET request to https://pipelinesghubeus6.actions.githubusercontent.com/hKyNd5hzQTjPqVOxuFp9CyJ2tMUr8ytJJ9FfsFju3bqhBGI0lq/_apis/connectionData?connectOptions=1&lastChangeId=258625537&lastChangeId64=258625537 failed. HTTP Status: NotFound
[2025-10-09 03:50:36Z INFO GitHubActionsService] Finished operation Location.GetConnectionData
[2025-10-09 03:50:36Z INFO RunnerServer] Catch exception during connect. 4 attempt left.
[2025-10-09 03:50:36Z ERR  RunnerServer] GitHub.Services.WebApi.VssServiceResponseException: The resource cannot be found.
   at GitHub.Services.WebApi.VssHttpClientBase.HandleResponseAsync(HttpResponseMessage response, CancellationToken cancellationToken)
   at GitHub.Services.WebApi.VssHttpClientBase.SendAsync(HttpRequestMessage message, HttpCompletionOption completionOption, Object userState, CancellationToken cancellationToken)
   at GitHub.Services.WebApi.VssHttpClientBase.SendAsync[T](HttpRequestMessage message, Object userState, CancellationToken cancellationToken)
   at GitHub.Services.Location.Client.LocationHttpClient.GetConnectionDataAsync(ConnectOptions connectOptions, Int64 lastChangeId, CancellationToken cancellationToken, Object userState)
   at GitHub.Services.WebApi.Location.VssServerDataProvider.GetConnectionDataAsync(ConnectOptions connectOptions, Int32 lastChangeId, CancellationToken cancellationToken)
   at GitHub.Services.WebApi.Location.VssServerDataProvider.ConnectAsync(ConnectOptions connectOptions, CancellationToken cancellationToken)
   at GitHub.Runner.Common.RunnerService.EstablishVssConnection(Uri serverUrl, VssCredentials credentials, TimeSpan timeout)
[2025-10-09 03:50:36Z INFO GitHubActionsService] Starting operation Location.GetConnectionData
[2025-10-09 03:50:36Z INFO GitHubActionsService] Starting operation Location.GetConnectionData
[2025-10-09 03:50:37Z ERR  GitHubActionsService] GET request to https://pipelinesghubeus6.actions.githubusercontent.com/hKyNd5hzQTjPqVOxuFp9CyJ2tMUr8ytJJ9FfsFju3bqhBGI0lq/_apis/connectionData?connectOptions=1&lastChangeId=258625537&lastChangeId64=258625537 failed. HTTP Status: NotFound
[2025-10-09 03:50:37Z INFO GitHubActionsService] Finished operation Location.GetConnectionData
[2025-10-09 03:50:37Z INFO RunnerServer] Catch exception during connect. 3 attempt left.
[2025-10-09 03:50:37Z ERR  RunnerServer] GitHub.Services.WebApi.VssServiceResponseException: The resource cannot be found.
   at GitHub.Services.WebApi.VssHttpClientBase.HandleResponseAsync(HttpResponseMessage response, CancellationToken cancellationToken)
   at GitHub.Services.WebApi.VssHttpClientBase.SendAsync(HttpRequestMessage message, HttpCompletionOption completionOption, Object userState, CancellationToken cancellationToken)
   at GitHub.Services.WebApi.VssHttpClientBase.SendAsync[T](HttpRequestMessage message, Object userState, CancellationToken cancellationToken)
   at GitHub.Services.Location.Client.LocationHttpClient.GetConnectionDataAsync(ConnectOptions connectOptions, Int64 lastChangeId, CancellationToken cancellationToken, Object userState)
   at GitHub.Services.WebApi.Location.VssServerDataProvider.GetConnectionDataAsync(ConnectOptions connectOptions, Int32 lastChangeId, CancellationToken cancellationToken)
   at GitHub.Services.WebApi.Location.VssServerDataProvider.ConnectAsync(ConnectOptions connectOptions, CancellationToken cancellationToken)
   at GitHub.Runner.Common.RunnerService.EstablishVssConnection(Uri serverUrl, VssCredentials credentials, TimeSpan timeout)
[2025-10-09 03:50:37Z INFO GitHubActionsService] Starting operation Location.GetConnectionData
[2025-10-09 03:50:37Z ERR  GitHubActionsService] GET request to https://pipelinesghubeus6.actions.githubusercontent.com/hKyNd5hzQTjPqVOxuFp9CyJ2tMUr8ytJJ9FfsFju3bqhBGI0lq/_apis/connectionData?connectOptions=1&lastChangeId=258625537&lastChangeId64=258625537 failed. HTTP Status: NotFound
[2025-10-09 03:50:37Z INFO GitHubActionsService] Finished operation Location.GetConnectionData
[2025-10-09 03:50:37Z INFO RunnerServer] Catch exception during connect. 3 attempt left.
[2025-10-09 03:50:37Z ERR  RunnerServer] GitHub.Services.WebApi.VssServiceResponseException: The resource cannot be found.
   at GitHub.Services.WebApi.VssHttpClientBase.HandleResponseAsync(HttpResponseMessage response, CancellationToken cancellationToken)
   at GitHub.Services.WebApi.VssHttpClientBase.SendAsync(HttpRequestMessage message, HttpCompletionOption completionOption, Object userState, CancellationToken cancellationToken)
   at GitHub.Services.WebApi.VssHttpClientBase.SendAsync[T](HttpRequestMessage message, Object userState, CancellationToken cancellationToken)
   at GitHub.Services.Location.Client.LocationHttpClient.GetConnectionDataAsync(ConnectOptions connectOptions, Int64 lastChangeId, CancellationToken cancellationToken, Object userState)
   at GitHub.Services.WebApi.Location.VssServerDataProvider.GetConnectionDataAsync(ConnectOptions connectOptions, Int32 lastChangeId, CancellationToken cancellationToken)
   at GitHub.Services.WebApi.Location.VssServerDataProvider.ConnectAsync(ConnectOptions connectOptions, CancellationToken cancellationToken)
   at GitHub.Runner.Common.RunnerService.EstablishVssConnection(Uri serverUrl, VssCredentials credentials, TimeSpan timeout)
[2025-10-09 03:50:37Z ERR  GitHubActionsService] GET request to https://pipelinesghubeus6.actions.githubusercontent.com/hKyNd5hzQTjPqVOxuFp9CyJ2tMUr8ytJJ9FfsFju3bqhBGI0lq/_apis/connectionData?connectOptions=1&lastChangeId=258625537&lastChangeId64=258625537 failed. HTTP Status: NotFound
[2025-10-09 03:50:37Z INFO GitHubActionsService] Finished operation Location.GetConnectionData
[2025-10-09 03:50:37Z INFO RunnerServer] Catch exception during connect. 3 attempt left.
[2025-10-09 03:50:37Z ERR  RunnerServer] GitHub.Services.WebApi.VssServiceResponseException: The resource cannot be found.
   at GitHub.Services.WebApi.VssHttpClientBase.HandleResponseAsync(HttpResponseMessage response, CancellationToken cancellationToken)
   at GitHub.Services.WebApi.VssHttpClientBase.SendAsync(HttpRequestMessage message, HttpCompletionOption completionOption, Object userState, CancellationToken cancellationToken)
   at GitHub.Services.WebApi.VssHttpClientBase.SendAsync[T](HttpRequestMessage message, Object userState, CancellationToken cancellationToken)
   at GitHub.Services.Location.Client.LocationHttpClient.GetConnectionDataAsync(ConnectOptions connectOptions, Int64 lastChangeId, CancellationToken cancellationToken, Object userState)
   at GitHub.Services.WebApi.Location.VssServerDataProvider.GetConnectionDataAsync(ConnectOptions connectOptions, Int32 lastChangeId, CancellationToken cancellationToken)
   at GitHub.Services.WebApi.Location.VssServerDataProvider.ConnectAsync(ConnectOptions connectOptions, CancellationToken cancellationToken)
   at GitHub.Runner.Common.RunnerService.EstablishVssConnection(Uri serverUrl, VssCredentials credentials, TimeSpan timeout)
[2025-10-09 03:50:37Z INFO GitHubActionsService] Starting operation Location.GetConnectionData
[2025-10-09 03:50:37Z INFO GitHubActionsService] Starting operation Location.GetConnectionData
[2025-10-09 03:50:38Z ERR  GitHubActionsService] GET request to https://pipelinesghubeus6.actions.githubusercontent.com/hKyNd5hzQTjPqVOxuFp9CyJ2tMUr8ytJJ9FfsFju3bqhBGI0lq/_apis/connectionData?connectOptions=1&lastChangeId=258625537&lastChangeId64=258625537 failed. HTTP Status: NotFound
[2025-10-09 03:50:38Z INFO GitHubActionsService] Finished operation Location.GetConnectionData
[2025-10-09 03:50:38Z INFO RunnerServer] Catch exception during connect. 2 attempt left.
[2025-10-09 03:50:38Z ERR  RunnerServer] GitHub.Services.WebApi.VssServiceResponseException: The resource cannot be found.
   at GitHub.Services.WebApi.VssHttpClientBase.HandleResponseAsync(HttpResponseMessage response, CancellationToken cancellationToken)
   at GitHub.Services.WebApi.VssHttpClientBase.SendAsync(HttpRequestMessage message, HttpCompletionOption completionOption, Object userState, CancellationToken cancellationToken)
   at GitHub.Services.WebApi.VssHttpClientBase.SendAsync[T](HttpRequestMessage message, Object userState, CancellationToken cancellationToken)
   at GitHub.Services.Location.Client.LocationHttpClient.GetConnectionDataAsync(ConnectOptions connectOptions, Int64 lastChangeId, CancellationToken cancellationToken, Object userState)
   at GitHub.Services.WebApi.Location.VssServerDataProvider.GetConnectionDataAsync(ConnectOptions connectOptions, Int32 lastChangeId, CancellationToken cancellationToken)
   at GitHub.Services.WebApi.Location.VssServerDataProvider.ConnectAsync(ConnectOptions connectOptions, CancellationToken cancellationToken)
   at GitHub.Runner.Common.RunnerService.EstablishVssConnection(Uri serverUrl, VssCredentials credentials, TimeSpan timeout)
[2025-10-09 03:50:38Z INFO GitHubActionsService] Starting operation Location.GetConnectionData
[2025-10-09 03:50:38Z ERR  GitHubActionsService] GET request to https://pipelinesghubeus6.actions.githubusercontent.com/hKyNd5hzQTjPqVOxuFp9CyJ2tMUr8ytJJ9FfsFju3bqhBGI0lq/_apis/connectionData?connectOptions=1&lastChangeId=258625537&lastChangeId64=258625537 failed. HTTP Status: NotFound
[2025-10-09 03:50:38Z INFO GitHubActionsService] Finished operation Location.GetConnectionData
[2025-10-09 03:50:38Z INFO RunnerServer] Catch exception during connect. 2 attempt left.
[2025-10-09 03:50:38Z ERR  RunnerServer] GitHub.Services.WebApi.VssServiceResponseException: The resource cannot be found.
   at GitHub.Services.WebApi.VssHttpClientBase.HandleResponseAsync(HttpResponseMessage response, CancellationToken cancellationToken)
   at GitHub.Services.WebApi.VssHttpClientBase.SendAsync(HttpRequestMessage message, HttpCompletionOption completionOption, Object userState, CancellationToken cancellationToken)
   at GitHub.Services.WebApi.VssHttpClientBase.SendAsync[T](HttpRequestMessage message, Object userState, CancellationToken cancellationToken)
   at GitHub.Services.Location.Client.LocationHttpClient.GetConnectionDataAsync(ConnectOptions connectOptions, Int64 lastChangeId, CancellationToken cancellationToken, Object userState)
   at GitHub.Services.WebApi.Location.VssServerDataProvider.GetConnectionDataAsync(ConnectOptions connectOptions, Int32 lastChangeId, CancellationToken cancellationToken)
   at GitHub.Services.WebApi.Location.VssServerDataProvider.ConnectAsync(ConnectOptions connectOptions, CancellationToken cancellationToken)
   at GitHub.Runner.Common.RunnerService.EstablishVssConnection(Uri serverUrl, VssCredentials credentials, TimeSpan timeout)
[2025-10-09 03:50:38Z ERR  GitHubActionsService] GET request to https://pipelinesghubeus6.actions.githubusercontent.com/hKyNd5hzQTjPqVOxuFp9CyJ2tMUr8ytJJ9FfsFju3bqhBGI0lq/_apis/connectionData?connectOptions=1&lastChangeId=258625537&lastChangeId64=258625537 failed. HTTP Status: NotFound
[2025-10-09 03:50:38Z INFO GitHubActionsService] Finished operation Location.GetConnectionData
[2025-10-09 03:50:38Z INFO RunnerServer] Catch exception during connect. 2 attempt left.
[2025-10-09 03:50:38Z ERR  RunnerServer] GitHub.Services.WebApi.VssServiceResponseException: The resource cannot be found.
   at GitHub.Services.WebApi.VssHttpClientBase.HandleResponseAsync(HttpResponseMessage response, CancellationToken cancellationToken)
   at GitHub.Services.WebApi.VssHttpClientBase.SendAsync(HttpRequestMessage message, HttpCompletionOption completionOption, Object userState, CancellationToken cancellationToken)
   at GitHub.Services.WebApi.VssHttpClientBase.SendAsync[T](HttpRequestMessage message, Object userState, CancellationToken cancellationToken)
   at GitHub.Services.Location.Client.LocationHttpClient.GetConnectionDataAsync(ConnectOptions connectOptions, Int64 lastChangeId, CancellationToken cancellationToken, Object userState)
   at GitHub.Services.WebApi.Location.VssServerDataProvider.GetConnectionDataAsync(ConnectOptions connectOptions, Int32 lastChangeId, CancellationToken cancellationToken)
   at GitHub.Services.WebApi.Location.VssServerDataProvider.ConnectAsync(ConnectOptions connectOptions, CancellationToken cancellationToken)
   at GitHub.Runner.Common.RunnerService.EstablishVssConnection(Uri serverUrl, VssCredentials credentials, TimeSpan timeout)
[2025-10-09 03:50:38Z INFO GitHubActionsService] Starting operation Location.GetConnectionData
[2025-10-09 03:50:38Z INFO GitHubActionsService] Starting operation Location.GetConnectionData
[2025-10-09 03:50:38Z ERR  GitHubActionsService] GET request to https://pipelinesghubeus6.actions.githubusercontent.com/hKyNd5hzQTjPqVOxuFp9CyJ2tMUr8ytJJ9FfsFju3bqhBGI0lq/_apis/connectionData?connectOptions=1&lastChangeId=258625537&lastChangeId64=258625537 failed. HTTP Status: NotFound
[2025-10-09 03:50:38Z INFO GitHubActionsService] Finished operation Location.GetConnectionData
[2025-10-09 03:50:38Z INFO RunnerServer] Catch exception during connect. 1 attempt left.
[2025-10-09 03:50:38Z ERR  RunnerServer] GitHub.Services.WebApi.VssServiceResponseException: The resource cannot be found.
   at GitHub.Services.WebApi.VssHttpClientBase.HandleResponseAsync(HttpResponseMessage response, CancellationToken cancellationToken)
   at GitHub.Services.WebApi.VssHttpClientBase.SendAsync(HttpRequestMessage message, HttpCompletionOption completionOption, Object userState, CancellationToken cancellationToken)
   at GitHub.Services.WebApi.VssHttpClientBase.SendAsync[T](HttpRequestMessage message, Object userState, CancellationToken cancellationToken)
   at GitHub.Services.Location.Client.LocationHttpClient.GetConnectionDataAsync(ConnectOptions connectOptions, Int64 lastChangeId, CancellationToken cancellationToken, Object userState)
   at GitHub.Services.WebApi.Location.VssServerDataProvider.GetConnectionDataAsync(ConnectOptions connectOptions, Int32 lastChangeId, CancellationToken cancellationToken)
   at GitHub.Services.WebApi.Location.VssServerDataProvider.ConnectAsync(ConnectOptions connectOptions, CancellationToken cancellationToken)
   at GitHub.Runner.Common.RunnerService.EstablishVssConnection(Uri serverUrl, VssCredentials credentials, TimeSpan timeout)
[2025-10-09 03:50:38Z ERR  GitHubActionsService] GET request to https://pipelinesghubeus6.actions.githubusercontent.com/hKyNd5hzQTjPqVOxuFp9CyJ2tMUr8ytJJ9FfsFju3bqhBGI0lq/_apis/connectionData?connectOptions=1&lastChangeId=258625537&lastChangeId64=258625537 failed. HTTP Status: NotFound
[2025-10-09 03:50:38Z INFO GitHubActionsService] Finished operation Location.GetConnectionData
[2025-10-09 03:50:38Z INFO RunnerServer] Catch exception during connect. 1 attempt left.
[2025-10-09 03:50:38Z ERR  RunnerServer] GitHub.Services.WebApi.VssServiceResponseException: The resource cannot be found.
   at GitHub.Services.WebApi.VssHttpClientBase.HandleResponseAsync(HttpResponseMessage response, CancellationToken cancellationToken)
   at GitHub.Services.WebApi.VssHttpClientBase.SendAsync(HttpRequestMessage message, HttpCompletionOption completionOption, Object userState, CancellationToken cancellationToken)
   at GitHub.Services.WebApi.VssHttpClientBase.SendAsync[T](HttpRequestMessage message, Object userState, CancellationToken cancellationToken)
   at GitHub.Services.Location.Client.LocationHttpClient.GetConnectionDataAsync(ConnectOptions connectOptions, Int64 lastChangeId, CancellationToken cancellationToken, Object userState)
   at GitHub.Services.WebApi.Location.VssServerDataProvider.GetConnectionDataAsync(ConnectOptions connectOptions, Int32 lastChangeId, CancellationToken cancellationToken)
   at GitHub.Services.WebApi.Location.VssServerDataProvider.ConnectAsync(ConnectOptions connectOptions, CancellationToken cancellationToken)
   at GitHub.Runner.Common.RunnerService.EstablishVssConnection(Uri serverUrl, VssCredentials credentials, TimeSpan timeout)
[2025-10-09 03:50:38Z INFO GitHubActionsService] Starting operation Location.GetConnectionData
[2025-10-09 03:50:38Z INFO GitHubActionsService] Starting operation Location.GetConnectionData
[2025-10-09 03:50:38Z ERR  GitHubActionsService] GET request to https://pipelinesghubeus6.actions.githubusercontent.com/hKyNd5hzQTjPqVOxuFp9CyJ2tMUr8ytJJ9FfsFju3bqhBGI0lq/_apis/connectionData?connectOptions=1&lastChangeId=258625537&lastChangeId64=258625537 failed. HTTP Status: NotFound
[2025-10-09 03:50:38Z INFO GitHubActionsService] Finished operation Location.GetConnectionData
[2025-10-09 03:50:38Z INFO RunnerServer] Catch exception during connect. 1 attempt left.
[2025-10-09 03:50:38Z ERR  RunnerServer] GitHub.Services.WebApi.VssServiceResponseException: The resource cannot be found.
   at GitHub.Services.WebApi.VssHttpClientBase.HandleResponseAsync(HttpResponseMessage response, CancellationToken cancellationToken)
   at GitHub.Services.WebApi.VssHttpClientBase.SendAsync(HttpRequestMessage message, HttpCompletionOption completionOption, Object userState, CancellationToken cancellationToken)
   at GitHub.Services.WebApi.VssHttpClientBase.SendAsync[T](HttpRequestMessage message, Object userState, CancellationToken cancellationToken)
   at GitHub.Services.Location.Client.LocationHttpClient.GetConnectionDataAsync(ConnectOptions connectOptions, Int64 lastChangeId, CancellationToken cancellationToken, Object userState)
   at GitHub.Services.WebApi.Location.VssServerDataProvider.GetConnectionDataAsync(ConnectOptions connectOptions, Int32 lastChangeId, CancellationToken cancellationToken)
   at GitHub.Services.WebApi.Location.VssServerDataProvider.ConnectAsync(ConnectOptions connectOptions, CancellationToken cancellationToken)
   at GitHub.Runner.Common.RunnerService.EstablishVssConnection(Uri serverUrl, VssCredentials credentials, TimeSpan timeout)
[2025-10-09 03:50:39Z INFO GitHubActionsService] Starting operation Location.GetConnectionData
[2025-10-09 03:50:39Z ERR  GitHubActionsService] GET request to https://pipelinesghubeus6.actions.githubusercontent.com/hKyNd5hzQTjPqVOxuFp9CyJ2tMUr8ytJJ9FfsFju3bqhBGI0lq/_apis/connectionData?connectOptions=1&lastChangeId=258625537&lastChangeId64=258625537 failed. HTTP Status: NotFound
[2025-10-09 03:50:39Z INFO GitHubActionsService] Finished operation Location.GetConnectionData
[2025-10-09 03:50:39Z ERR  GitHubActionsService] GET request to https://pipelinesghubeus6.actions.githubusercontent.com/hKyNd5hzQTjPqVOxuFp9CyJ2tMUr8ytJJ9FfsFju3bqhBGI0lq/_apis/connectionData?connectOptions=1&lastChangeId=258625537&lastChangeId64=258625537 failed. HTTP Status: NotFound
[2025-10-09 03:50:39Z INFO GitHubActionsService] Finished operation Location.GetConnectionData
[2025-10-09 03:50:39Z ERR  GitHubActionsService] GET request to https://pipelinesghubeus6.actions.githubusercontent.com/hKyNd5hzQTjPqVOxuFp9CyJ2tMUr8ytJJ9FfsFju3bqhBGI0lq/_apis/connectionData?connectOptions=1&lastChangeId=258625537&lastChangeId64=258625537 failed. HTTP Status: NotFound
[2025-10-09 03:50:39Z INFO GitHubActionsService] Finished operation Location.GetConnectionData
[2025-10-09 03:50:39Z ERR  BrokerMessageListener] Catch exception during create session.
[2025-10-09 03:50:39Z ERR  BrokerMessageListener] GitHub.Services.WebApi.VssServiceResponseException: The resource cannot be found.
   at GitHub.Services.WebApi.VssHttpClientBase.HandleResponseAsync(HttpResponseMessage response, CancellationToken cancellationToken)
   at GitHub.Services.WebApi.VssHttpClientBase.SendAsync(HttpRequestMessage message, HttpCompletionOption completionOption, Object userState, CancellationToken cancellationToken)
   at GitHub.Services.WebApi.VssHttpClientBase.SendAsync[T](HttpRequestMessage message, Object userState, CancellationToken cancellationToken)
   at GitHub.Services.Location.Client.LocationHttpClient.GetConnectionDataAsync(ConnectOptions connectOptions, Int64 lastChangeId, CancellationToken cancellationToken, Object userState)
   at GitHub.Services.WebApi.Location.VssServerDataProvider.GetConnectionDataAsync(ConnectOptions connectOptions, Int32 lastChangeId, CancellationToken cancellationToken)
   at GitHub.Services.WebApi.Location.VssServerDataProvider.ConnectAsync(ConnectOptions connectOptions, CancellationToken cancellationToken)
   at GitHub.Runner.Common.RunnerService.EstablishVssConnection(Uri serverUrl, VssCredentials credentials, TimeSpan timeout)
   at GitHub.Runner.Common.RunnerServer.ConnectAsync(Uri serverUrl, VssCredentials credentials)
   at GitHub.Runner.Listener.BrokerMessageListener.CreateSessionAsync(CancellationToken token)
[2025-10-09 03:50:39Z INFO BrokerMessageListener] Retriable exception: The resource cannot be found.
[2025-10-09 03:50:39Z INFO BrokerMessageListener] Sleeping for 30 seconds before retrying.
[2025-10-09 03:51:09Z INFO BrokerMessageListener] Attempt to create session.
[2025-10-09 03:51:09Z INFO BrokerMessageListener] Connecting to the Broker Server...
[2025-10-09 03:51:09Z INFO ConfigurationStore] HasCredentials()
[2025-10-09 03:51:09Z INFO ConfigurationStore] stored True
[2025-10-09 03:51:09Z INFO CredentialManager] GetCredentialProvider
[2025-10-09 03:51:09Z INFO CredentialManager] Creating type OAuth
[2025-10-09 03:51:09Z INFO CredentialManager] Creating credential type: OAuth
[2025-10-09 03:51:09Z INFO RSAEncryptedFileKeyManager] Loading RSA key parameters from file G:\Brunella\actions-runner\.credentials_rsaparams
[2025-10-09 03:51:09Z INFO BrokerMessageListener] VssConnection created
[2025-10-09 03:51:09Z INFO BrokerMessageListener] Connecting to the Runner server...
[2025-10-09 03:51:09Z INFO RunnerServer] EstablishVssConnection
[2025-10-09 03:51:09Z INFO RunnerServer] Establish connection with 100 seconds timeout.
[2025-10-09 03:51:09Z INFO GitHubActionsService] Starting operation Location.GetConnectionData
[2025-10-09 03:51:09Z INFO RunnerServer] EstablishVssConnection
[2025-10-09 03:51:09Z INFO RunnerServer] Establish connection with 60 seconds timeout.
[2025-10-09 03:51:09Z INFO GitHubActionsService] Starting operation Location.GetConnectionData
[2025-10-09 03:51:09Z INFO RunnerServer] EstablishVssConnection
[2025-10-09 03:51:09Z INFO RunnerServer] Establish connection with 60 seconds timeout.
[2025-10-09 03:51:09Z INFO GitHubActionsService] Starting operation Location.GetConnectionData
[2025-10-09 03:51:10Z ERR  GitHubActionsService] GET request to https://pipelinesghubeus6.actions.githubusercontent.com/hKyNd5hzQTjPqVOxuFp9CyJ2tMUr8ytJJ9FfsFju3bqhBGI0lq/_apis/connectionData?connectOptions=1&lastChangeId=258625537&lastChangeId64=258625537 failed. HTTP Status: NotFound
[2025-10-09 03:51:10Z INFO GitHubActionsService] Finished operation Location.GetConnectionData
[2025-10-09 03:51:10Z INFO RunnerServer] Catch exception during connect. 4 attempt left.
[2025-10-09 03:51:10Z ERR  RunnerServer] GitHub.Services.WebApi.VssServiceResponseException: The resource cannot be found.
   at GitHub.Services.WebApi.VssHttpClientBase.HandleResponseAsync(HttpResponseMessage response, CancellationToken cancellationToken)
   at GitHub.Services.WebApi.VssHttpClientBase.SendAsync(HttpRequestMessage message, HttpCompletionOption completionOption, Object userState, CancellationToken cancellationToken)
   at GitHub.Services.WebApi.VssHttpClientBase.SendAsync[T](HttpRequestMessage message, Object userState, CancellationToken cancellationToken)
   at GitHub.Services.Location.Client.LocationHttpClient.GetConnectionDataAsync(ConnectOptions connectOptions, Int64 lastChangeId, CancellationToken cancellationToken, Object userState)
   at GitHub.Services.WebApi.Location.VssServerDataProvider.GetConnectionDataAsync(ConnectOptions connectOptions, Int32 lastChangeId, CancellationToken cancellationToken)
   at GitHub.Services.WebApi.Location.VssServerDataProvider.ConnectAsync(ConnectOptions connectOptions, CancellationToken cancellationToken)
   at GitHub.Runner.Common.RunnerService.EstablishVssConnection(Uri serverUrl, VssCredentials credentials, TimeSpan timeout)
[2025-10-09 03:51:10Z ERR  GitHubActionsService] GET request to https://pipelinesghubeus6.actions.githubusercontent.com/hKyNd5hzQTjPqVOxuFp9CyJ2tMUr8ytJJ9FfsFju3bqhBGI0lq/_apis/connectionData?connectOptions=1&lastChangeId=258625537&lastChangeId64=258625537 failed. HTTP Status: NotFound
[2025-10-09 03:51:10Z INFO GitHubActionsService] Finished operation Location.GetConnectionData
[2025-10-09 03:51:10Z INFO RunnerServer] Catch exception during connect. 4 attempt left.
[2025-10-09 03:51:10Z ERR  RunnerServer] GitHub.Services.WebApi.VssServiceResponseException: The resource cannot be found.
   at GitHub.Services.WebApi.VssHttpClientBase.HandleResponseAsync(HttpResponseMessage response, CancellationToken cancellationToken)
   at GitHub.Services.WebApi.VssHttpClientBase.SendAsync(HttpRequestMessage message, HttpCompletionOption completionOption, Object userState, CancellationToken cancellationToken)
   at GitHub.Services.WebApi.VssHttpClientBase.SendAsync[T](HttpRequestMessage message, Object userState, CancellationToken cancellationToken)
   at GitHub.Services.Location.Client.LocationHttpClient.GetConnectionDataAsync(ConnectOptions connectOptions, Int64 lastChangeId, CancellationToken cancellationToken, Object userState)
   at GitHub.Services.WebApi.Location.VssServerDataProvider.GetConnectionDataAsync(ConnectOptions connectOptions, Int32 lastChangeId, CancellationToken cancellationToken)
   at GitHub.Services.WebApi.Location.VssServerDataProvider.ConnectAsync(ConnectOptions connectOptions, CancellationToken cancellationToken)
   at GitHub.Runner.Common.RunnerService.EstablishVssConnection(Uri serverUrl, VssCredentials credentials, TimeSpan timeout)
[2025-10-09 03:51:10Z ERR  GitHubActionsService] GET request to https://pipelinesghubeus6.actions.githubusercontent.com/hKyNd5hzQTjPqVOxuFp9CyJ2tMUr8ytJJ9FfsFju3bqhBGI0lq/_apis/connectionData?connectOptions=1&lastChangeId=258625537&lastChangeId64=258625537 failed. HTTP Status: NotFound
[2025-10-09 03:51:10Z INFO GitHubActionsService] Finished operation Location.GetConnectionData
[2025-10-09 03:51:10Z INFO RunnerServer] Catch exception during connect. 4 attempt left.
[2025-10-09 03:51:10Z ERR  RunnerServer] GitHub.Services.WebApi.VssServiceResponseException: The resource cannot be found.
   at GitHub.Services.WebApi.VssHttpClientBase.HandleResponseAsync(HttpResponseMessage response, CancellationToken cancellationToken)
   at GitHub.Services.WebApi.VssHttpClientBase.SendAsync(HttpRequestMessage message, HttpCompletionOption completionOption, Object userState, CancellationToken cancellationToken)
   at GitHub.Services.WebApi.VssHttpClientBase.SendAsync[T](HttpRequestMessage message, Object userState, CancellationToken cancellationToken)
   at GitHub.Services.Location.Client.LocationHttpClient.GetConnectionDataAsync(ConnectOptions connectOptions, Int64 lastChangeId, CancellationToken cancellationToken, Object userState)
   at GitHub.Services.WebApi.Location.VssServerDataProvider.GetConnectionDataAsync(ConnectOptions connectOptions, Int32 lastChangeId, CancellationToken cancellationToken)
   at GitHub.Services.WebApi.Location.VssServerDataProvider.ConnectAsync(ConnectOptions connectOptions, CancellationToken cancellationToken)
   at GitHub.Runner.Common.RunnerService.EstablishVssConnection(Uri serverUrl, VssCredentials credentials, TimeSpan timeout)
[2025-10-09 03:51:10Z INFO GitHubActionsService] Starting operation Location.GetConnectionData
[2025-10-09 03:51:10Z INFO GitHubActionsService] Starting operation Location.GetConnectionData
[2025-10-09 03:51:10Z INFO GitHubActionsService] Starting operation Location.GetConnectionData
[2025-10-09 03:51:11Z ERR  GitHubActionsService] GET request to https://pipelinesghubeus6.actions.githubusercontent.com/hKyNd5hzQTjPqVOxuFp9CyJ2tMUr8ytJJ9FfsFju3bqhBGI0lq/_apis/connectionData?connectOptions=1&lastChangeId=258625537&lastChangeId64=258625537 failed. HTTP Status: NotFound
[2025-10-09 03:51:11Z INFO GitHubActionsService] Finished operation Location.GetConnectionData
[2025-10-09 03:51:11Z INFO RunnerServer] Catch exception during connect. 3 attempt left.
[2025-10-09 03:51:11Z ERR  RunnerServer] GitHub.Services.WebApi.VssServiceResponseException: The resource cannot be found.
   at GitHub.Services.WebApi.VssHttpClientBase.HandleResponseAsync(HttpResponseMessage response, CancellationToken cancellationToken)
   at GitHub.Services.WebApi.VssHttpClientBase.SendAsync(HttpRequestMessage message, HttpCompletionOption completionOption, Object userState, CancellationToken cancellationToken)
   at GitHub.Services.WebApi.VssHttpClientBase.SendAsync[T](HttpRequestMessage message, Object userState, CancellationToken cancellationToken)
   at GitHub.Services.Location.Client.LocationHttpClient.GetConnectionDataAsync(ConnectOptions connectOptions, Int64 lastChangeId, CancellationToken cancellationToken, Object userState)
   at GitHub.Services.WebApi.Location.VssServerDataProvider.GetConnectionDataAsync(ConnectOptions connectOptions, Int32 lastChangeId, CancellationToken cancellationToken)
   at GitHub.Services.WebApi.Location.VssServerDataProvider.ConnectAsync(ConnectOptions connectOptions, CancellationToken cancellationToken)
   at GitHub.Runner.Common.RunnerService.EstablishVssConnection(Uri serverUrl, VssCredentials credentials, TimeSpan timeout)
[2025-10-09 03:51:11Z ERR  GitHubActionsService] GET request to https://pipelinesghubeus6.actions.githubusercontent.com/hKyNd5hzQTjPqVOxuFp9CyJ2tMUr8ytJJ9FfsFju3bqhBGI0lq/_apis/connectionData?connectOptions=1&lastChangeId=258625537&lastChangeId64=258625537 failed. HTTP Status: NotFound
[2025-10-09 03:51:11Z INFO GitHubActionsService] Finished operation Location.GetConnectionData
[2025-10-09 03:51:11Z INFO RunnerServer] Catch exception during connect. 3 attempt left.
[2025-10-09 03:51:11Z ERR  RunnerServer] GitHub.Services.WebApi.VssServiceResponseException: The resource cannot be found.
   at GitHub.Services.WebApi.VssHttpClientBase.HandleResponseAsync(HttpResponseMessage response, CancellationToken cancellationToken)
   at GitHub.Services.WebApi.VssHttpClientBase.SendAsync(HttpRequestMessage message, HttpCompletionOption completionOption, Object userState, CancellationToken cancellationToken)
   at GitHub.Services.WebApi.VssHttpClientBase.SendAsync[T](HttpRequestMessage message, Object userState, CancellationToken cancellationToken)
   at GitHub.Services.Location.Client.LocationHttpClient.GetConnectionDataAsync(ConnectOptions connectOptions, Int64 lastChangeId, CancellationToken cancellationToken, Object userState)
   at GitHub.Services.WebApi.Location.VssServerDataProvider.GetConnectionDataAsync(ConnectOptions connectOptions, Int32 lastChangeId, CancellationToken cancellationToken)
   at GitHub.Services.WebApi.Location.VssServerDataProvider.ConnectAsync(ConnectOptions connectOptions, CancellationToken cancellationToken)
   at GitHub.Runner.Common.RunnerService.EstablishVssConnection(Uri serverUrl, VssCredentials credentials, TimeSpan timeout)
[2025-10-09 03:51:11Z ERR  GitHubActionsService] GET request to https://pipelinesghubeus6.actions.githubusercontent.com/hKyNd5hzQTjPqVOxuFp9CyJ2tMUr8ytJJ9FfsFju3bqhBGI0lq/_apis/connectionData?connectOptions=1&lastChangeId=258625537&lastChangeId64=258625537 failed. HTTP Status: NotFound
[2025-10-09 03:51:11Z INFO GitHubActionsService] Finished operation Location.GetConnectionData
[2025-10-09 03:51:11Z INFO RunnerServer] Catch exception during connect. 3 attempt left.
[2025-10-09 03:51:11Z ERR  RunnerServer] GitHub.Services.WebApi.VssServiceResponseException: The resource cannot be found.
   at GitHub.Services.WebApi.VssHttpClientBase.HandleResponseAsync(HttpResponseMessage response, CancellationToken cancellationToken)
   at GitHub.Services.WebApi.VssHttpClientBase.SendAsync(HttpRequestMessage message, HttpCompletionOption completionOption, Object userState, CancellationToken cancellationToken)
   at GitHub.Services.WebApi.VssHttpClientBase.SendAsync[T](HttpRequestMessage message, Object userState, CancellationToken cancellationToken)
   at GitHub.Services.Location.Client.LocationHttpClient.GetConnectionDataAsync(ConnectOptions connectOptions, Int64 lastChangeId, CancellationToken cancellationToken, Object userState)
   at GitHub.Services.WebApi.Location.VssServerDataProvider.GetConnectionDataAsync(ConnectOptions connectOptions, Int32 lastChangeId, CancellationToken cancellationToken)
   at GitHub.Services.WebApi.Location.VssServerDataProvider.ConnectAsync(ConnectOptions connectOptions, CancellationToken cancellationToken)
   at GitHub.Runner.Common.RunnerService.EstablishVssConnection(Uri serverUrl, VssCredentials credentials, TimeSpan timeout)
[2025-10-09 03:51:11Z INFO GitHubActionsService] Starting operation Location.GetConnectionData
[2025-10-09 03:51:11Z INFO GitHubActionsService] Starting operation Location.GetConnectionData
[2025-10-09 03:51:11Z INFO GitHubActionsService] Starting operation Location.GetConnectionData
[2025-10-09 03:51:11Z ERR  GitHubActionsService] GET request to https://pipelinesghubeus6.actions.githubusercontent.com/hKyNd5hzQTjPqVOxuFp9CyJ2tMUr8ytJJ9FfsFju3bqhBGI0lq/_apis/connectionData?connectOptions=1&lastChangeId=258625537&lastChangeId64=258625537 failed. HTTP Status: NotFound
[2025-10-09 03:51:11Z ERR  GitHubActionsService] GET request to https://pipelinesghubeus6.actions.githubusercontent.com/hKyNd5hzQTjPqVOxuFp9CyJ2tMUr8ytJJ9FfsFju3bqhBGI0lq/_apis/connectionData?connectOptions=1&lastChangeId=258625537&lastChangeId64=258625537 failed. HTTP Status: NotFound
[2025-10-09 03:51:11Z INFO GitHubActionsService] Finished operation Location.GetConnectionData
[2025-10-09 03:51:11Z INFO GitHubActionsService] Finished operation Location.GetConnectionData
[2025-10-09 03:51:11Z INFO RunnerServer] Catch exception during connect. 2 attempt left.
[2025-10-09 03:51:11Z INFO RunnerServer] Catch exception during connect. 2 attempt left.
[2025-10-09 03:51:11Z ERR  RunnerServer] GitHub.Services.WebApi.VssServiceResponseException: The resource cannot be found.
   at GitHub.Services.WebApi.VssHttpClientBase.HandleResponseAsync(HttpResponseMessage response, CancellationToken cancellationToken)
   at GitHub.Services.WebApi.VssHttpClientBase.SendAsync(HttpRequestMessage message, HttpCompletionOption completionOption, Object userState, CancellationToken cancellationToken)
   at GitHub.Services.WebApi.VssHttpClientBase.SendAsync[T](HttpRequestMessage message, Object userState, CancellationToken cancellationToken)
   at GitHub.Services.Location.Client.LocationHttpClient.GetConnectionDataAsync(ConnectOptions connectOptions, Int64 lastChangeId, CancellationToken cancellationToken, Object userState)
   at GitHub.Services.WebApi.Location.VssServerDataProvider.GetConnectionDataAsync(ConnectOptions connectOptions, Int32 lastChangeId, CancellationToken cancellationToken)
   at GitHub.Services.WebApi.Location.VssServerDataProvider.ConnectAsync(ConnectOptions connectOptions, CancellationToken cancellationToken)
   at GitHub.Runner.Common.RunnerService.EstablishVssConnection(Uri serverUrl, VssCredentials credentials, TimeSpan timeout)
[2025-10-09 03:51:11Z ERR  RunnerServer] GitHub.Services.WebApi.VssServiceResponseException: The resource cannot be found.
   at GitHub.Services.WebApi.VssHttpClientBase.HandleResponseAsync(HttpResponseMessage response, CancellationToken cancellationToken)
   at GitHub.Services.WebApi.VssHttpClientBase.SendAsync(HttpRequestMessage message, HttpCompletionOption completionOption, Object userState, CancellationToken cancellationToken)
   at GitHub.Services.WebApi.VssHttpClientBase.SendAsync[T](HttpRequestMessage message, Object userState, CancellationToken cancellationToken)
   at GitHub.Services.Location.Client.LocationHttpClient.GetConnectionDataAsync(ConnectOptions connectOptions, Int64 lastChangeId, CancellationToken cancellationToken, Object userState)
   at GitHub.Services.WebApi.Location.VssServerDataProvider.GetConnectionDataAsync(ConnectOptions connectOptions, Int32 lastChangeId, CancellationToken cancellationToken)
   at GitHub.Services.WebApi.Location.VssServerDataProvider.ConnectAsync(ConnectOptions connectOptions, CancellationToken cancellationToken)
   at GitHub.Runner.Common.RunnerService.EstablishVssConnection(Uri serverUrl, VssCredentials credentials, TimeSpan timeout)
[2025-10-09 03:51:11Z ERR  GitHubActionsService] GET request to https://pipelinesghubeus6.actions.githubusercontent.com/hKyNd5hzQTjPqVOxuFp9CyJ2tMUr8ytJJ9FfsFju3bqhBGI0lq/_apis/connectionData?connectOptions=1&lastChangeId=258625537&lastChangeId64=258625537 failed. HTTP Status: NotFound
[2025-10-09 03:51:11Z INFO GitHubActionsService] Finished operation Location.GetConnectionData
[2025-10-09 03:51:11Z INFO RunnerServer] Catch exception during connect. 2 attempt left.
[2025-10-09 03:51:11Z ERR  RunnerServer] GitHub.Services.WebApi.VssServiceResponseException: The resource cannot be found.
   at GitHub.Services.WebApi.VssHttpClientBase.HandleResponseAsync(HttpResponseMessage response, CancellationToken cancellationToken)
   at GitHub.Services.WebApi.VssHttpClientBase.SendAsync(HttpRequestMessage message, HttpCompletionOption completionOption, Object userState, CancellationToken cancellationToken)
   at GitHub.Services.WebApi.VssHttpClientBase.SendAsync[T](HttpRequestMessage message, Object userState, CancellationToken cancellationToken)
   at GitHub.Services.Location.Client.LocationHttpClient.GetConnectionDataAsync(ConnectOptions connectOptions, Int64 lastChangeId, CancellationToken cancellationToken, Object userState)
   at GitHub.Services.WebApi.Location.VssServerDataProvider.GetConnectionDataAsync(ConnectOptions connectOptions, Int32 lastChangeId, CancellationToken cancellationToken)
   at GitHub.Services.WebApi.Location.VssServerDataProvider.ConnectAsync(ConnectOptions connectOptions, CancellationToken cancellationToken)
   at GitHub.Runner.Common.RunnerService.EstablishVssConnection(Uri serverUrl, VssCredentials credentials, TimeSpan timeout)
[2025-10-09 03:51:12Z INFO GitHubActionsService] Starting operation Location.GetConnectionData
[2025-10-09 03:51:12Z INFO GitHubActionsService] Starting operation Location.GetConnectionData
[2025-10-09 03:51:12Z INFO GitHubActionsService] Starting operation Location.GetConnectionData
[2025-10-09 03:51:12Z ERR  GitHubActionsService] GET request to https://pipelinesghubeus6.actions.githubusercontent.com/hKyNd5hzQTjPqVOxuFp9CyJ2tMUr8ytJJ9FfsFju3bqhBGI0lq/_apis/connectionData?connectOptions=1&lastChangeId=258625537&lastChangeId64=258625537 failed. HTTP Status: NotFound
[2025-10-09 03:51:12Z INFO GitHubActionsService] Finished operation Location.GetConnectionData
[2025-10-09 03:51:12Z INFO RunnerServer] Catch exception during connect. 1 attempt left.
[2025-10-09 03:51:12Z ERR  RunnerServer] GitHub.Services.WebApi.VssServiceResponseException: The resource cannot be found.
   at GitHub.Services.WebApi.VssHttpClientBase.HandleResponseAsync(HttpResponseMessage response, CancellationToken cancellationToken)
   at GitHub.Services.WebApi.VssHttpClientBase.SendAsync(HttpRequestMessage message, HttpCompletionOption completionOption, Object userState, CancellationToken cancellationToken)
   at GitHub.Services.WebApi.VssHttpClientBase.SendAsync[T](HttpRequestMessage message, Object userState, CancellationToken cancellationToken)
   at GitHub.Services.Location.Client.LocationHttpClient.GetConnectionDataAsync(ConnectOptions connectOptions, Int64 lastChangeId, CancellationToken cancellationToken, Object userState)
   at GitHub.Services.WebApi.Location.VssServerDataProvider.GetConnectionDataAsync(ConnectOptions connectOptions, Int32 lastChangeId, CancellationToken cancellationToken)
   at GitHub.Services.WebApi.Location.VssServerDataProvider.ConnectAsync(ConnectOptions connectOptions, CancellationToken cancellationToken)
   at GitHub.Runner.Common.RunnerService.EstablishVssConnection(Uri serverUrl, VssCredentials credentials, TimeSpan timeout)
[2025-10-09 03:51:12Z INFO GitHubActionsService] Starting operation Location.GetConnectionData
[2025-10-09 03:51:12Z ERR  GitHubActionsService] GET request to https://pipelinesghubeus6.actions.githubusercontent.com/hKyNd5hzQTjPqVOxuFp9CyJ2tMUr8ytJJ9FfsFju3bqhBGI0lq/_apis/connectionData?connectOptions=1&lastChangeId=258625537&lastChangeId64=258625537 failed. HTTP Status: NotFound
[2025-10-09 03:51:12Z INFO GitHubActionsService] Finished operation Location.GetConnectionData
[2025-10-09 03:51:12Z INFO RunnerServer] Catch exception during connect. 1 attempt left.
[2025-10-09 03:51:12Z ERR  RunnerServer] GitHub.Services.WebApi.VssServiceResponseException: The resource cannot be found.
   at GitHub.Services.WebApi.VssHttpClientBase.HandleResponseAsync(HttpResponseMessage response, CancellationToken cancellationToken)
   at GitHub.Services.WebApi.VssHttpClientBase.SendAsync(HttpRequestMessage message, HttpCompletionOption completionOption, Object userState, CancellationToken cancellationToken)
   at GitHub.Services.WebApi.VssHttpClientBase.SendAsync[T](HttpRequestMessage message, Object userState, CancellationToken cancellationToken)
   at GitHub.Services.Location.Client.LocationHttpClient.GetConnectionDataAsync(ConnectOptions connectOptions, Int64 lastChangeId, CancellationToken cancellationToken, Object userState)
   at GitHub.Services.WebApi.Location.VssServerDataProvider.GetConnectionDataAsync(ConnectOptions connectOptions, Int32 lastChangeId, CancellationToken cancellationToken)
   at GitHub.Services.WebApi.Location.VssServerDataProvider.ConnectAsync(ConnectOptions connectOptions, CancellationToken cancellationToken)
   at GitHub.Runner.Common.RunnerService.EstablishVssConnection(Uri serverUrl, VssCredentials credentials, TimeSpan timeout)
[2025-10-09 03:51:12Z ERR  GitHubActionsService] GET request to https://pipelinesghubeus6.actions.githubusercontent.com/hKyNd5hzQTjPqVOxuFp9CyJ2tMUr8ytJJ9FfsFju3bqhBGI0lq/_apis/connectionData?connectOptions=1&lastChangeId=258625537&lastChangeId64=258625537 failed. HTTP Status: NotFound
[2025-10-09 03:51:12Z INFO GitHubActionsService] Finished operation Location.GetConnectionData
[2025-10-09 03:51:12Z INFO RunnerServer] Catch exception during connect. 1 attempt left.
[2025-10-09 03:51:12Z ERR  RunnerServer] GitHub.Services.WebApi.VssServiceResponseException: The resource cannot be found.
   at GitHub.Services.WebApi.VssHttpClientBase.HandleResponseAsync(HttpResponseMessage response, CancellationToken cancellationToken)
   at GitHub.Services.WebApi.VssHttpClientBase.SendAsync(HttpRequestMessage message, HttpCompletionOption completionOption, Object userState, CancellationToken cancellationToken)
   at GitHub.Services.WebApi.VssHttpClientBase.SendAsync[T](HttpRequestMessage message, Object userState, CancellationToken cancellationToken)
   at GitHub.Services.Location.Client.LocationHttpClient.GetConnectionDataAsync(ConnectOptions connectOptions, Int64 lastChangeId, CancellationToken cancellationToken, Object userState)
   at GitHub.Services.WebApi.Location.VssServerDataProvider.GetConnectionDataAsync(ConnectOptions connectOptions, Int32 lastChangeId, CancellationToken cancellationToken)
   at GitHub.Services.WebApi.Location.VssServerDataProvider.ConnectAsync(ConnectOptions connectOptions, CancellationToken cancellationToken)
   at GitHub.Runner.Common.RunnerService.EstablishVssConnection(Uri serverUrl, VssCredentials credentials, TimeSpan timeout)
[2025-10-09 03:51:12Z INFO GitHubActionsService] Starting operation Location.GetConnectionData
[2025-10-09 03:51:12Z INFO GitHubActionsService] Starting operation Location.GetConnectionData
[2025-10-09 03:51:13Z ERR  GitHubActionsService] GET request to https://pipelinesghubeus6.actions.githubusercontent.com/hKyNd5hzQTjPqVOxuFp9CyJ2tMUr8ytJJ9FfsFju3bqhBGI0lq/_apis/connectionData?connectOptions=1&lastChangeId=258625537&lastChangeId64=258625537 failed. HTTP Status: NotFound
[2025-10-09 03:51:13Z INFO GitHubActionsService] Finished operation Location.GetConnectionData
[2025-10-09 03:51:13Z ERR  GitHubActionsService] GET request to https://pipelinesghubeus6.actions.githubusercontent.com/hKyNd5hzQTjPqVOxuFp9CyJ2tMUr8ytJJ9FfsFju3bqhBGI0lq/_apis/connectionData?connectOptions=1&lastChangeId=258625537&lastChangeId64=258625537 failed. HTTP Status: NotFound
[2025-10-09 03:51:13Z INFO GitHubActionsService] Finished operation Location.GetConnectionData
[2025-10-09 03:51:13Z ERR  GitHubActionsService] GET request to https://pipelinesghubeus6.actions.githubusercontent.com/hKyNd5hzQTjPqVOxuFp9CyJ2tMUr8ytJJ9FfsFju3bqhBGI0lq/_apis/connectionData?connectOptions=1&lastChangeId=258625537&lastChangeId64=258625537 failed. HTTP Status: NotFound
[2025-10-09 03:51:13Z INFO GitHubActionsService] Finished operation Location.GetConnectionData
[2025-10-09 03:51:13Z ERR  BrokerMessageListener] Catch exception during create session.
[2025-10-09 03:51:13Z ERR  BrokerMessageListener] GitHub.Services.WebApi.VssServiceResponseException: The resource cannot be found.
   at GitHub.Services.WebApi.VssHttpClientBase.HandleResponseAsync(HttpResponseMessage response, CancellationToken cancellationToken)
   at GitHub.Services.WebApi.VssHttpClientBase.SendAsync(HttpRequestMessage message, HttpCompletionOption completionOption, Object userState, CancellationToken cancellationToken)
   at GitHub.Services.WebApi.VssHttpClientBase.SendAsync[T](HttpRequestMessage message, Object userState, CancellationToken cancellationToken)
   at GitHub.Services.Location.Client.LocationHttpClient.GetConnectionDataAsync(ConnectOptions connectOptions, Int64 lastChangeId, CancellationToken cancellationToken, Object userState)
   at GitHub.Services.WebApi.Location.VssServerDataProvider.GetConnectionDataAsync(ConnectOptions connectOptions, Int32 lastChangeId, CancellationToken cancellationToken)
   at GitHub.Services.WebApi.Location.VssServerDataProvider.ConnectAsync(ConnectOptions connectOptions, CancellationToken cancellationToken)
   at GitHub.Runner.Common.RunnerService.EstablishVssConnection(Uri serverUrl, VssCredentials credentials, TimeSpan timeout)
   at GitHub.Runner.Common.RunnerServer.ConnectAsync(Uri serverUrl, VssCredentials credentials)
   at GitHub.Runner.Listener.BrokerMessageListener.CreateSessionAsync(CancellationToken token)
[2025-10-09 03:51:13Z INFO BrokerMessageListener] Retriable exception: The resource cannot be found.
[2025-10-09 03:51:13Z INFO BrokerMessageListener] Sleeping for 30 seconds before retrying.
[2025-10-09 03:51:43Z INFO BrokerMessageListener] Attempt to create session.
[2025-10-09 03:51:43Z INFO BrokerMessageListener] Connecting to the Broker Server...
[2025-10-09 03:51:43Z INFO ConfigurationStore] HasCredentials()
[2025-10-09 03:51:43Z INFO ConfigurationStore] stored True
[2025-10-09 03:51:43Z INFO CredentialManager] GetCredentialProvider
[2025-10-09 03:51:43Z INFO CredentialManager] Creating type OAuth
[2025-10-09 03:51:43Z INFO CredentialManager] Creating credential type: OAuth
[2025-10-09 03:51:43Z INFO RSAEncryptedFileKeyManager] Loading RSA key parameters from file G:\Brunella\actions-runner\.credentials_rsaparams
[2025-10-09 03:51:43Z INFO BrokerMessageListener] VssConnection created
[2025-10-09 03:51:43Z INFO BrokerMessageListener] Connecting to the Runner server...
[2025-10-09 03:51:43Z INFO RunnerServer] EstablishVssConnection
[2025-10-09 03:51:43Z INFO RunnerServer] Establish connection with 100 seconds timeout.
[2025-10-09 03:51:43Z INFO GitHubActionsService] Starting operation Location.GetConnectionData
[2025-10-09 03:51:43Z INFO RunnerServer] EstablishVssConnection
[2025-10-09 03:51:43Z INFO RunnerServer] Establish connection with 60 seconds timeout.
[2025-10-09 03:51:43Z INFO GitHubActionsService] Starting operation Location.GetConnectionData
[2025-10-09 03:51:43Z INFO RunnerServer] EstablishVssConnection
[2025-10-09 03:51:43Z INFO RunnerServer] Establish connection with 60 seconds timeout.
[2025-10-09 03:51:43Z INFO GitHubActionsService] Starting operation Location.GetConnectionData
[2025-10-09 03:51:44Z ERR  GitHubActionsService] GET request to https://pipelinesghubeus6.actions.githubusercontent.com/hKyNd5hzQTjPqVOxuFp9CyJ2tMUr8ytJJ9FfsFju3bqhBGI0lq/_apis/connectionData?connectOptions=1&lastChangeId=258625537&lastChangeId64=258625537 failed. HTTP Status: NotFound
[2025-10-09 03:51:44Z INFO GitHubActionsService] Finished operation Location.GetConnectionData
[2025-10-09 03:51:44Z INFO RunnerServer] Catch exception during connect. 4 attempt left.
[2025-10-09 03:51:44Z ERR  RunnerServer] GitHub.Services.WebApi.VssServiceResponseException: The resource cannot be found.
   at GitHub.Services.WebApi.VssHttpClientBase.HandleResponseAsync(HttpResponseMessage response, CancellationToken cancellationToken)
   at GitHub.Services.WebApi.VssHttpClientBase.SendAsync(HttpRequestMessage message, HttpCompletionOption completionOption, Object userState, CancellationToken cancellationToken)
   at GitHub.Services.WebApi.VssHttpClientBase.SendAsync[T](HttpRequestMessage message, Object userState, CancellationToken cancellationToken)
   at GitHub.Services.Location.Client.LocationHttpClient.GetConnectionDataAsync(ConnectOptions connectOptions, Int64 lastChangeId, CancellationToken cancellationToken, Object userState)
   at GitHub.Services.WebApi.Location.VssServerDataProvider.GetConnectionDataAsync(ConnectOptions connectOptions, Int32 lastChangeId, CancellationToken cancellationToken)
   at GitHub.Services.WebApi.Location.VssServerDataProvider.ConnectAsync(ConnectOptions connectOptions, CancellationToken cancellationToken)
   at GitHub.Runner.Common.RunnerService.EstablishVssConnection(Uri serverUrl, VssCredentials credentials, TimeSpan timeout)
[2025-10-09 03:51:44Z INFO GitHubActionsService] Starting operation Location.GetConnectionData
[2025-10-09 03:51:44Z ERR  GitHubActionsService] GET request to https://pipelinesghubeus6.actions.githubusercontent.com/hKyNd5hzQTjPqVOxuFp9CyJ2tMUr8ytJJ9FfsFju3bqhBGI0lq/_apis/connectionData?connectOptions=1&lastChangeId=258625537&lastChangeId64=258625537 failed. HTTP Status: NotFound
[2025-10-09 03:51:44Z INFO GitHubActionsService] Finished operation Location.GetConnectionData
[2025-10-09 03:51:44Z INFO RunnerServer] Catch exception during connect. 4 attempt left.
[2025-10-09 03:51:44Z ERR  RunnerServer] GitHub.Services.WebApi.VssServiceResponseException: The resource cannot be found.
   at GitHub.Services.WebApi.VssHttpClientBase.HandleResponseAsync(HttpResponseMessage response, CancellationToken cancellationToken)
   at GitHub.Services.WebApi.VssHttpClientBase.SendAsync(HttpRequestMessage message, HttpCompletionOption completionOption, Object userState, CancellationToken cancellationToken)
   at GitHub.Services.WebApi.VssHttpClientBase.SendAsync[T](HttpRequestMessage message, Object userState, CancellationToken cancellationToken)
   at GitHub.Services.Location.Client.LocationHttpClient.GetConnectionDataAsync(ConnectOptions connectOptions, Int64 lastChangeId, CancellationToken cancellationToken, Object userState)
   at GitHub.Services.WebApi.Location.VssServerDataProvider.GetConnectionDataAsync(ConnectOptions connectOptions, Int32 lastChangeId, CancellationToken cancellationToken)
   at GitHub.Services.WebApi.Location.VssServerDataProvider.ConnectAsync(ConnectOptions connectOptions, CancellationToken cancellationToken)
   at GitHub.Runner.Common.RunnerService.EstablishVssConnection(Uri serverUrl, VssCredentials credentials, TimeSpan timeout)
[2025-10-09 03:51:44Z ERR  GitHubActionsService] GET request to https://pipelinesghubeus6.actions.githubusercontent.com/hKyNd5hzQTjPqVOxuFp9CyJ2tMUr8ytJJ9FfsFju3bqhBGI0lq/_apis/connectionData?connectOptions=1&lastChangeId=258625537&lastChangeId64=258625537 failed. HTTP Status: NotFound
[2025-10-09 03:51:44Z INFO GitHubActionsService] Finished operation Location.GetConnectionData
[2025-10-09 03:51:44Z INFO RunnerServer] Catch exception during connect. 4 attempt left.
[2025-10-09 03:51:44Z ERR  RunnerServer] GitHub.Services.WebApi.VssServiceResponseException: The resource cannot be found.
   at GitHub.Services.WebApi.VssHttpClientBase.HandleResponseAsync(HttpResponseMessage response, CancellationToken cancellationToken)
   at GitHub.Services.WebApi.VssHttpClientBase.SendAsync(HttpRequestMessage message, HttpCompletionOption completionOption, Object userState, CancellationToken cancellationToken)
   at GitHub.Services.WebApi.VssHttpClientBase.SendAsync[T](HttpRequestMessage message, Object userState, CancellationToken cancellationToken)
   at GitHub.Services.Location.Client.LocationHttpClient.GetConnectionDataAsync(ConnectOptions connectOptions, Int64 lastChangeId, CancellationToken cancellationToken, Object userState)
   at GitHub.Services.WebApi.Location.VssServerDataProvider.GetConnectionDataAsync(ConnectOptions connectOptions, Int32 lastChangeId, CancellationToken cancellationToken)
   at GitHub.Services.WebApi.Location.VssServerDataProvider.ConnectAsync(ConnectOptions connectOptions, CancellationToken cancellationToken)
   at GitHub.Runner.Common.RunnerService.EstablishVssConnection(Uri serverUrl, VssCredentials credentials, TimeSpan timeout)
[2025-10-09 03:51:44Z INFO GitHubActionsService] Starting operation Location.GetConnectionData
[2025-10-09 03:51:44Z INFO GitHubActionsService] Starting operation Location.GetConnectionData
[2025-10-09 03:51:44Z ERR  GitHubActionsService] GET request to https://pipelinesghubeus6.actions.githubusercontent.com/hKyNd5hzQTjPqVOxuFp9CyJ2tMUr8ytJJ9FfsFju3bqhBGI0lq/_apis/connectionData?connectOptions=1&lastChangeId=258625537&lastChangeId64=258625537 failed. HTTP Status: NotFound
[2025-10-09 03:51:44Z INFO GitHubActionsService] Finished operation Location.GetConnectionData
[2025-10-09 03:51:44Z INFO RunnerServer] Catch exception during connect. 3 attempt left.
[2025-10-09 03:51:44Z ERR  RunnerServer] GitHub.Services.WebApi.VssServiceResponseException: The resource cannot be found.
   at GitHub.Services.WebApi.VssHttpClientBase.HandleResponseAsync(HttpResponseMessage response, CancellationToken cancellationToken)
   at GitHub.Services.WebApi.VssHttpClientBase.SendAsync(HttpRequestMessage message, HttpCompletionOption completionOption, Object userState, CancellationToken cancellationToken)
   at GitHub.Services.WebApi.VssHttpClientBase.SendAsync[T](HttpRequestMessage message, Object userState, CancellationToken cancellationToken)
   at GitHub.Services.Location.Client.LocationHttpClient.GetConnectionDataAsync(ConnectOptions connectOptions, Int64 lastChangeId, CancellationToken cancellationToken, Object userState)
   at GitHub.Services.WebApi.Location.VssServerDataProvider.GetConnectionDataAsync(ConnectOptions connectOptions, Int32 lastChangeId, CancellationToken cancellationToken)
   at GitHub.Services.WebApi.Location.VssServerDataProvider.ConnectAsync(ConnectOptions connectOptions, CancellationToken cancellationToken)
   at GitHub.Runner.Common.RunnerService.EstablishVssConnection(Uri serverUrl, VssCredentials credentials, TimeSpan timeout)
[2025-10-09 03:51:44Z INFO GitHubActionsService] Starting operation Location.GetConnectionData
[2025-10-09 03:51:44Z ERR  GitHubActionsService] GET request to https://pipelinesghubeus6.actions.githubusercontent.com/hKyNd5hzQTjPqVOxuFp9CyJ2tMUr8ytJJ9FfsFju3bqhBGI0lq/_apis/connectionData?connectOptions=1&lastChangeId=258625537&lastChangeId64=258625537 failed. HTTP Status: NotFound
[2025-10-09 03:51:44Z INFO GitHubActionsService] Finished operation Location.GetConnectionData
[2025-10-09 03:51:44Z INFO RunnerServer] Catch exception during connect. 3 attempt left.
[2025-10-09 03:51:44Z ERR  RunnerServer] GitHub.Services.WebApi.VssServiceResponseException: The resource cannot be found.
   at GitHub.Services.WebApi.VssHttpClientBase.HandleResponseAsync(HttpResponseMessage response, CancellationToken cancellationToken)
   at GitHub.Services.WebApi.VssHttpClientBase.SendAsync(HttpRequestMessage message, HttpCompletionOption completionOption, Object userState, CancellationToken cancellationToken)
   at GitHub.Services.WebApi.VssHttpClientBase.SendAsync[T](HttpRequestMessage message, Object userState, CancellationToken cancellationToken)
   at GitHub.Services.Location.Client.LocationHttpClient.GetConnectionDataAsync(ConnectOptions connectOptions, Int64 lastChangeId, CancellationToken cancellationToken, Object userState)
   at GitHub.Services.WebApi.Location.VssServerDataProvider.GetConnectionDataAsync(ConnectOptions connectOptions, Int32 lastChangeId, CancellationToken cancellationToken)
   at GitHub.Services.WebApi.Location.VssServerDataProvider.ConnectAsync(ConnectOptions connectOptions, CancellationToken cancellationToken)
   at GitHub.Runner.Common.RunnerService.EstablishVssConnection(Uri serverUrl, VssCredentials credentials, TimeSpan timeout)
[2025-10-09 03:51:44Z ERR  GitHubActionsService] GET request to https://pipelinesghubeus6.actions.githubusercontent.com/hKyNd5hzQTjPqVOxuFp9CyJ2tMUr8ytJJ9FfsFju3bqhBGI0lq/_apis/connectionData?connectOptions=1&lastChangeId=258625537&lastChangeId64=258625537 failed. HTTP Status: NotFound
[2025-10-09 03:51:44Z INFO GitHubActionsService] Finished operation Location.GetConnectionData
[2025-10-09 03:51:44Z INFO RunnerServer] Catch exception during connect. 3 attempt left.
[2025-10-09 03:51:44Z ERR  RunnerServer] GitHub.Services.WebApi.VssServiceResponseException: The resource cannot be found.
   at GitHub.Services.WebApi.VssHttpClientBase.HandleResponseAsync(HttpResponseMessage response, CancellationToken cancellationToken)
   at GitHub.Services.WebApi.VssHttpClientBase.SendAsync(HttpRequestMessage message, HttpCompletionOption completionOption, Object userState, CancellationToken cancellationToken)
   at GitHub.Services.WebApi.VssHttpClientBase.SendAsync[T](HttpRequestMessage message, Object userState, CancellationToken cancellationToken)
   at GitHub.Services.Location.Client.LocationHttpClient.GetConnectionDataAsync(ConnectOptions connectOptions, Int64 lastChangeId, CancellationToken cancellationToken, Object userState)
   at GitHub.Services.WebApi.Location.VssServerDataProvider.GetConnectionDataAsync(ConnectOptions connectOptions, Int32 lastChangeId, CancellationToken cancellationToken)
   at GitHub.Services.WebApi.Location.VssServerDataProvider.ConnectAsync(ConnectOptions connectOptions, CancellationToken cancellationToken)
   at GitHub.Runner.Common.RunnerService.EstablishVssConnection(Uri serverUrl, VssCredentials credentials, TimeSpan timeout)
[2025-10-09 03:51:45Z INFO GitHubActionsService] Starting operation Location.GetConnectionData
[2025-10-09 03:51:45Z INFO GitHubActionsService] Starting operation Location.GetConnectionData
[2025-10-09 03:51:45Z ERR  GitHubActionsService] GET request to https://pipelinesghubeus6.actions.githubusercontent.com/hKyNd5hzQTjPqVOxuFp9CyJ2tMUr8ytJJ9FfsFju3bqhBGI0lq/_apis/connectionData?connectOptions=1&lastChangeId=258625537&lastChangeId64=258625537 failed. HTTP Status: NotFound
[2025-10-09 03:51:45Z INFO GitHubActionsService] Finished operation Location.GetConnectionData
[2025-10-09 03:51:45Z INFO RunnerServer] Catch exception during connect. 2 attempt left.
[2025-10-09 03:51:45Z ERR  RunnerServer] GitHub.Services.WebApi.VssServiceResponseException: The resource cannot be found.
   at GitHub.Services.WebApi.VssHttpClientBase.HandleResponseAsync(HttpResponseMessage response, CancellationToken cancellationToken)
   at GitHub.Services.WebApi.VssHttpClientBase.SendAsync(HttpRequestMessage message, HttpCompletionOption completionOption, Object userState, CancellationToken cancellationToken)
   at GitHub.Services.WebApi.VssHttpClientBase.SendAsync[T](HttpRequestMessage message, Object userState, CancellationToken cancellationToken)
   at GitHub.Services.Location.Client.LocationHttpClient.GetConnectionDataAsync(ConnectOptions connectOptions, Int64 lastChangeId, CancellationToken cancellationToken, Object userState)
   at GitHub.Services.WebApi.Location.VssServerDataProvider.GetConnectionDataAsync(ConnectOptions connectOptions, Int32 lastChangeId, CancellationToken cancellationToken)
   at GitHub.Services.WebApi.Location.VssServerDataProvider.ConnectAsync(ConnectOptions connectOptions, CancellationToken cancellationToken)
   at GitHub.Runner.Common.RunnerService.EstablishVssConnection(Uri serverUrl, VssCredentials credentials, TimeSpan timeout)
[2025-10-09 03:51:45Z INFO GitHubActionsService] Starting operation Location.GetConnectionData
[2025-10-09 03:51:45Z ERR  GitHubActionsService] GET request to https://pipelinesghubeus6.actions.githubusercontent.com/hKyNd5hzQTjPqVOxuFp9CyJ2tMUr8ytJJ9FfsFju3bqhBGI0lq/_apis/connectionData?connectOptions=1&lastChangeId=258625537&lastChangeId64=258625537 failed. HTTP Status: NotFound
[2025-10-09 03:51:45Z INFO GitHubActionsService] Finished operation Location.GetConnectionData
[2025-10-09 03:51:45Z INFO RunnerServer] Catch exception during connect. 2 attempt left.
[2025-10-09 03:51:45Z ERR  RunnerServer] GitHub.Services.WebApi.VssServiceResponseException: The resource cannot be found.
   at GitHub.Services.WebApi.VssHttpClientBase.HandleResponseAsync(HttpResponseMessage response, CancellationToken cancellationToken)
   at GitHub.Services.WebApi.VssHttpClientBase.SendAsync(HttpRequestMessage message, HttpCompletionOption completionOption, Object userState, CancellationToken cancellationToken)
   at GitHub.Services.WebApi.VssHttpClientBase.SendAsync[T](HttpRequestMessage message, Object userState, CancellationToken cancellationToken)
   at GitHub.Services.Location.Client.LocationHttpClient.GetConnectionDataAsync(ConnectOptions connectOptions, Int64 lastChangeId, CancellationToken cancellationToken, Object userState)
   at GitHub.Services.WebApi.Location.VssServerDataProvider.GetConnectionDataAsync(ConnectOptions connectOptions, Int32 lastChangeId, CancellationToken cancellationToken)
   at GitHub.Services.WebApi.Location.VssServerDataProvider.ConnectAsync(ConnectOptions connectOptions, CancellationToken cancellationToken)
   at GitHub.Runner.Common.RunnerService.EstablishVssConnection(Uri serverUrl, VssCredentials credentials, TimeSpan timeout)
[2025-10-09 03:51:45Z ERR  GitHubActionsService] GET request to https://pipelinesghubeus6.actions.githubusercontent.com/hKyNd5hzQTjPqVOxuFp9CyJ2tMUr8ytJJ9FfsFju3bqhBGI0lq/_apis/connectionData?connectOptions=1&lastChangeId=258625537&lastChangeId64=258625537 failed. HTTP Status: NotFound
[2025-10-09 03:51:45Z INFO GitHubActionsService] Finished operation Location.GetConnectionData
[2025-10-09 03:51:45Z INFO RunnerServer] Catch exception during connect. 2 attempt left.
[2025-10-09 03:51:45Z ERR  RunnerServer] GitHub.Services.WebApi.VssServiceResponseException: The resource cannot be found.
   at GitHub.Services.WebApi.VssHttpClientBase.HandleResponseAsync(HttpResponseMessage response, CancellationToken cancellationToken)
   at GitHub.Services.WebApi.VssHttpClientBase.SendAsync(HttpRequestMessage message, HttpCompletionOption completionOption, Object userState, CancellationToken cancellationToken)
   at GitHub.Services.WebApi.VssHttpClientBase.SendAsync[T](HttpRequestMessage message, Object userState, CancellationToken cancellationToken)
   at GitHub.Services.Location.Client.LocationHttpClient.GetConnectionDataAsync(ConnectOptions connectOptions, Int64 lastChangeId, CancellationToken cancellationToken, Object userState)
   at GitHub.Services.WebApi.Location.VssServerDataProvider.GetConnectionDataAsync(ConnectOptions connectOptions, Int32 lastChangeId, CancellationToken cancellationToken)
   at GitHub.Services.WebApi.Location.VssServerDataProvider.ConnectAsync(ConnectOptions connectOptions, CancellationToken cancellationToken)
   at GitHub.Runner.Common.RunnerService.EstablishVssConnection(Uri serverUrl, VssCredentials credentials, TimeSpan timeout)
[2025-10-09 03:51:45Z INFO GitHubActionsService] Starting operation Location.GetConnectionData
[2025-10-09 03:51:45Z INFO GitHubActionsService] Starting operation Location.GetConnectionData
[2025-10-09 03:51:46Z ERR  GitHubActionsService] GET request to https://pipelinesghubeus6.actions.githubusercontent.com/hKyNd5hzQTjPqVOxuFp9CyJ2tMUr8ytJJ9FfsFju3bqhBGI0lq/_apis/connectionData?connectOptions=1&lastChangeId=258625537&lastChangeId64=258625537 failed. HTTP Status: NotFound
[2025-10-09 03:51:46Z INFO GitHubActionsService] Finished operation Location.GetConnectionData
[2025-10-09 03:51:46Z INFO RunnerServer] Catch exception during connect. 1 attempt left.
[2025-10-09 03:51:46Z ERR  RunnerServer] GitHub.Services.WebApi.VssServiceResponseException: The resource cannot be found.
   at GitHub.Services.WebApi.VssHttpClientBase.HandleResponseAsync(HttpResponseMessage response, CancellationToken cancellationToken)
   at GitHub.Services.WebApi.VssHttpClientBase.SendAsync(HttpRequestMessage message, HttpCompletionOption completionOption, Object userState, CancellationToken cancellationToken)
   at GitHub.Services.WebApi.VssHttpClientBase.SendAsync[T](HttpRequestMessage message, Object userState, CancellationToken cancellationToken)
   at GitHub.Services.Location.Client.LocationHttpClient.GetConnectionDataAsync(ConnectOptions connectOptions, Int64 lastChangeId, CancellationToken cancellationToken, Object userState)
   at GitHub.Services.WebApi.Location.VssServerDataProvider.GetConnectionDataAsync(ConnectOptions connectOptions, Int32 lastChangeId, CancellationToken cancellationToken)
   at GitHub.Services.WebApi.Location.VssServerDataProvider.ConnectAsync(ConnectOptions connectOptions, CancellationToken cancellationToken)
   at GitHub.Runner.Common.RunnerService.EstablishVssConnection(Uri serverUrl, VssCredentials credentials, TimeSpan timeout)
[2025-10-09 03:51:46Z INFO GitHubActionsService] Starting operation Location.GetConnectionData
[2025-10-09 03:51:46Z ERR  GitHubActionsService] GET request to https://pipelinesghubeus6.actions.githubusercontent.com/hKyNd5hzQTjPqVOxuFp9CyJ2tMUr8ytJJ9FfsFju3bqhBGI0lq/_apis/connectionData?connectOptions=1&lastChangeId=258625537&lastChangeId64=258625537 failed. HTTP Status: NotFound
[2025-10-09 03:51:46Z INFO GitHubActionsService] Finished operation Location.GetConnectionData
[2025-10-09 03:51:46Z INFO RunnerServer] Catch exception during connect. 1 attempt left.
[2025-10-09 03:51:46Z ERR  RunnerServer] GitHub.Services.WebApi.VssServiceResponseException: The resource cannot be found.
   at GitHub.Services.WebApi.VssHttpClientBase.HandleResponseAsync(HttpResponseMessage response, CancellationToken cancellationToken)
   at GitHub.Services.WebApi.VssHttpClientBase.SendAsync(HttpRequestMessage message, HttpCompletionOption completionOption, Object userState, CancellationToken cancellationToken)
   at GitHub.Services.WebApi.VssHttpClientBase.SendAsync[T](HttpRequestMessage message, Object userState, CancellationToken cancellationToken)
   at GitHub.Services.Location.Client.LocationHttpClient.GetConnectionDataAsync(ConnectOptions connectOptions, Int64 lastChangeId, CancellationToken cancellationToken, Object userState)
   at GitHub.Services.WebApi.Location.VssServerDataProvider.GetConnectionDataAsync(ConnectOptions connectOptions, Int32 lastChangeId, CancellationToken cancellationToken)
   at GitHub.Services.WebApi.Location.VssServerDataProvider.ConnectAsync(ConnectOptions connectOptions, CancellationToken cancellationToken)
   at GitHub.Runner.Common.RunnerService.EstablishVssConnection(Uri serverUrl, VssCredentials credentials, TimeSpan timeout)
[2025-10-09 03:51:46Z ERR  GitHubActionsService] GET request to https://pipelinesghubeus6.actions.githubusercontent.com/hKyNd5hzQTjPqVOxuFp9CyJ2tMUr8ytJJ9FfsFju3bqhBGI0lq/_apis/connectionData?connectOptions=1&lastChangeId=258625537&lastChangeId64=258625537 failed. HTTP Status: NotFound
[2025-10-09 03:51:46Z INFO GitHubActionsService] Finished operation Location.GetConnectionData
[2025-10-09 03:51:46Z INFO RunnerServer] Catch exception during connect. 1 attempt left.
[2025-10-09 03:51:46Z ERR  RunnerServer] GitHub.Services.WebApi.VssServiceResponseException: The resource cannot be found.
   at GitHub.Services.WebApi.VssHttpClientBase.HandleResponseAsync(HttpResponseMessage response, CancellationToken cancellationToken)
   at GitHub.Services.WebApi.VssHttpClientBase.SendAsync(HttpRequestMessage message, HttpCompletionOption completionOption, Object userState, CancellationToken cancellationToken)
   at GitHub.Services.WebApi.VssHttpClientBase.SendAsync[T](HttpRequestMessage message, Object userState, CancellationToken cancellationToken)
   at GitHub.Services.Location.Client.LocationHttpClient.GetConnectionDataAsync(ConnectOptions connectOptions, Int64 lastChangeId, CancellationToken cancellationToken, Object userState)
   at GitHub.Services.WebApi.Location.VssServerDataProvider.GetConnectionDataAsync(ConnectOptions connectOptions, Int32 lastChangeId, CancellationToken cancellationToken)
   at GitHub.Services.WebApi.Location.VssServerDataProvider.ConnectAsync(ConnectOptions connectOptions, CancellationToken cancellationToken)
   at GitHub.Runner.Common.RunnerService.EstablishVssConnection(Uri serverUrl, VssCredentials credentials, TimeSpan timeout)
[2025-10-09 03:51:46Z INFO GitHubActionsService] Starting operation Location.GetConnectionData
[2025-10-09 03:51:46Z INFO GitHubActionsService] Starting operation Location.GetConnectionData
[2025-10-09 03:51:47Z ERR  GitHubActionsService] GET request to https://pipelinesghubeus6.actions.githubusercontent.com/hKyNd5hzQTjPqVOxuFp9CyJ2tMUr8ytJJ9FfsFju3bqhBGI0lq/_apis/connectionData?connectOptions=1&lastChangeId=258625537&lastChangeId64=258625537 failed. HTTP Status: NotFound
[2025-10-09 03:51:47Z INFO GitHubActionsService] Finished operation Location.GetConnectionData
[2025-10-09 03:51:47Z ERR  GitHubActionsService] GET request to https://pipelinesghubeus6.actions.githubusercontent.com/hKyNd5hzQTjPqVOxuFp9CyJ2tMUr8ytJJ9FfsFju3bqhBGI0lq/_apis/connectionData?connectOptions=1&lastChangeId=258625537&lastChangeId64=258625537 failed. HTTP Status: NotFound
[2025-10-09 03:51:47Z INFO GitHubActionsService] Finished operation Location.GetConnectionData
[2025-10-09 03:51:47Z ERR  GitHubActionsService] GET request to https://pipelinesghubeus6.actions.githubusercontent.com/hKyNd5hzQTjPqVOxuFp9CyJ2tMUr8ytJJ9FfsFju3bqhBGI0lq/_apis/connectionData?connectOptions=1&lastChangeId=258625537&lastChangeId64=258625537 failed. HTTP Status: NotFound
[2025-10-09 03:51:47Z INFO GitHubActionsService] Finished operation Location.GetConnectionData
[2025-10-09 03:51:47Z ERR  BrokerMessageListener] Catch exception during create session.
[2025-10-09 03:51:47Z ERR  BrokerMessageListener] GitHub.Services.WebApi.VssServiceResponseException: The resource cannot be found.
   at GitHub.Services.WebApi.VssHttpClientBase.HandleResponseAsync(HttpResponseMessage response, CancellationToken cancellationToken)
   at GitHub.Services.WebApi.VssHttpClientBase.SendAsync(HttpRequestMessage message, HttpCompletionOption completionOption, Object userState, CancellationToken cancellationToken)
   at GitHub.Services.WebApi.VssHttpClientBase.SendAsync[T](HttpRequestMessage message, Object userState, CancellationToken cancellationToken)
   at GitHub.Services.Location.Client.LocationHttpClient.GetConnectionDataAsync(ConnectOptions connectOptions, Int64 lastChangeId, CancellationToken cancellationToken, Object userState)
   at GitHub.Services.WebApi.Location.VssServerDataProvider.GetConnectionDataAsync(ConnectOptions connectOptions, Int32 lastChangeId, CancellationToken cancellationToken)
   at GitHub.Services.WebApi.Location.VssServerDataProvider.ConnectAsync(ConnectOptions connectOptions, CancellationToken cancellationToken)
   at GitHub.Runner.Common.RunnerService.EstablishVssConnection(Uri serverUrl, VssCredentials credentials, TimeSpan timeout)
   at GitHub.Runner.Common.RunnerServer.ConnectAsync(Uri serverUrl, VssCredentials credentials)
   at GitHub.Runner.Listener.BrokerMessageListener.CreateSessionAsync(CancellationToken token)
[2025-10-09 03:51:47Z INFO BrokerMessageListener] Retriable exception: The resource cannot be found.
[2025-10-09 03:51:47Z INFO BrokerMessageListener] Sleeping for 30 seconds before retrying.
[2025-10-09 03:52:17Z INFO BrokerMessageListener] Attempt to create session.
[2025-10-09 03:52:17Z INFO BrokerMessageListener] Connecting to the Broker Server...
[2025-10-09 03:52:17Z INFO ConfigurationStore] HasCredentials()
[2025-10-09 03:52:17Z INFO ConfigurationStore] stored True
[2025-10-09 03:52:17Z INFO CredentialManager] GetCredentialProvider
[2025-10-09 03:52:17Z INFO CredentialManager] Creating type OAuth
[2025-10-09 03:52:17Z INFO CredentialManager] Creating credential type: OAuth
[2025-10-09 03:52:17Z INFO RSAEncryptedFileKeyManager] Loading RSA key parameters from file G:\Brunella\actions-runner\.credentials_rsaparams
[2025-10-09 03:52:17Z INFO BrokerMessageListener] VssConnection created
[2025-10-09 03:52:17Z INFO BrokerMessageListener] Connecting to the Runner server...
[2025-10-09 03:52:17Z INFO RunnerServer] EstablishVssConnection
[2025-10-09 03:52:17Z INFO RunnerServer] Establish connection with 100 seconds timeout.
[2025-10-09 03:52:17Z INFO GitHubActionsService] Starting operation Location.GetConnectionData
[2025-10-09 03:52:17Z INFO RunnerServer] EstablishVssConnection
[2025-10-09 03:52:17Z INFO RunnerServer] Establish connection with 60 seconds timeout.
[2025-10-09 03:52:17Z INFO GitHubActionsService] Starting operation Location.GetConnectionData
[2025-10-09 03:52:17Z INFO RunnerServer] EstablishVssConnection
[2025-10-09 03:52:17Z INFO RunnerServer] Establish connection with 60 seconds timeout.
[2025-10-09 03:52:17Z INFO GitHubActionsService] Starting operation Location.GetConnectionData
[2025-10-09 03:52:17Z ERR  GitHubActionsService] GET request to https://pipelinesghubeus6.actions.githubusercontent.com/hKyNd5hzQTjPqVOxuFp9CyJ2tMUr8ytJJ9FfsFju3bqhBGI0lq/_apis/connectionData?connectOptions=1&lastChangeId=258625537&lastChangeId64=258625537 failed. HTTP Status: NotFound
[2025-10-09 03:52:17Z INFO GitHubActionsService] Finished operation Location.GetConnectionData
[2025-10-09 03:52:17Z INFO RunnerServer] Catch exception during connect. 4 attempt left.
[2025-10-09 03:52:17Z ERR  RunnerServer] GitHub.Services.WebApi.VssServiceResponseException: The resource cannot be found.
   at GitHub.Services.WebApi.VssHttpClientBase.HandleResponseAsync(HttpResponseMessage response, CancellationToken cancellationToken)
   at GitHub.Services.WebApi.VssHttpClientBase.SendAsync(HttpRequestMessage message, HttpCompletionOption completionOption, Object userState, CancellationToken cancellationToken)
   at GitHub.Services.WebApi.VssHttpClientBase.SendAsync[T](HttpRequestMessage message, Object userState, CancellationToken cancellationToken)
   at GitHub.Services.Location.Client.LocationHttpClient.GetConnectionDataAsync(ConnectOptions connectOptions, Int64 lastChangeId, CancellationToken cancellationToken, Object userState)
   at GitHub.Services.WebApi.Location.VssServerDataProvider.GetConnectionDataAsync(ConnectOptions connectOptions, Int32 lastChangeId, CancellationToken cancellationToken)
   at GitHub.Services.WebApi.Location.VssServerDataProvider.ConnectAsync(ConnectOptions connectOptions, CancellationToken cancellationToken)
   at GitHub.Runner.Common.RunnerService.EstablishVssConnection(Uri serverUrl, VssCredentials credentials, TimeSpan timeout)
[2025-10-09 03:52:17Z INFO GitHubActionsService] Starting operation Location.GetConnectionData
[2025-10-09 03:52:17Z ERR  GitHubActionsService] GET request to https://pipelinesghubeus6.actions.githubusercontent.com/hKyNd5hzQTjPqVOxuFp9CyJ2tMUr8ytJJ9FfsFju3bqhBGI0lq/_apis/connectionData?connectOptions=1&lastChangeId=258625537&lastChangeId64=258625537 failed. HTTP Status: NotFound
[2025-10-09 03:52:17Z INFO GitHubActionsService] Finished operation Location.GetConnectionData
[2025-10-09 03:52:17Z INFO RunnerServer] Catch exception during connect. 4 attempt left.
[2025-10-09 03:52:17Z ERR  RunnerServer] GitHub.Services.WebApi.VssServiceResponseException: The resource cannot be found.
   at GitHub.Services.WebApi.VssHttpClientBase.HandleResponseAsync(HttpResponseMessage response, CancellationToken cancellationToken)
   at GitHub.Services.WebApi.VssHttpClientBase.SendAsync(HttpRequestMessage message, HttpCompletionOption completionOption, Object userState, CancellationToken cancellationToken)
   at GitHub.Services.WebApi.VssHttpClientBase.SendAsync[T](HttpRequestMessage message, Object userState, CancellationToken cancellationToken)
   at GitHub.Services.Location.Client.LocationHttpClient.GetConnectionDataAsync(ConnectOptions connectOptions, Int64 lastChangeId, CancellationToken cancellationToken, Object userState)
   at GitHub.Services.WebApi.Location.VssServerDataProvider.GetConnectionDataAsync(ConnectOptions connectOptions, Int32 lastChangeId, CancellationToken cancellationToken)
   at GitHub.Services.WebApi.Location.VssServerDataProvider.ConnectAsync(ConnectOptions connectOptions, CancellationToken cancellationToken)
   at GitHub.Runner.Common.RunnerService.EstablishVssConnection(Uri serverUrl, VssCredentials credentials, TimeSpan timeout)
[2025-10-09 03:52:17Z ERR  GitHubActionsService] GET request to https://pipelinesghubeus6.actions.githubusercontent.com/hKyNd5hzQTjPqVOxuFp9CyJ2tMUr8ytJJ9FfsFju3bqhBGI0lq/_apis/connectionData?connectOptions=1&lastChangeId=258625537&lastChangeId64=258625537 failed. HTTP Status: NotFound
[2025-10-09 03:52:17Z INFO GitHubActionsService] Finished operation Location.GetConnectionData
[2025-10-09 03:52:17Z INFO RunnerServer] Catch exception during connect. 4 attempt left.
[2025-10-09 03:52:17Z ERR  RunnerServer] GitHub.Services.WebApi.VssServiceResponseException: The resource cannot be found.
   at GitHub.Services.WebApi.VssHttpClientBase.HandleResponseAsync(HttpResponseMessage response, CancellationToken cancellationToken)
   at GitHub.Services.WebApi.VssHttpClientBase.SendAsync(HttpRequestMessage message, HttpCompletionOption completionOption, Object userState, CancellationToken cancellationToken)
   at GitHub.Services.WebApi.VssHttpClientBase.SendAsync[T](HttpRequestMessage message, Object userState, CancellationToken cancellationToken)
   at GitHub.Services.Location.Client.LocationHttpClient.GetConnectionDataAsync(ConnectOptions connectOptions, Int64 lastChangeId, CancellationToken cancellationToken, Object userState)
   at GitHub.Services.WebApi.Location.VssServerDataProvider.GetConnectionDataAsync(ConnectOptions connectOptions, Int32 lastChangeId, CancellationToken cancellationToken)
   at GitHub.Services.WebApi.Location.VssServerDataProvider.ConnectAsync(ConnectOptions connectOptions, CancellationToken cancellationToken)
   at GitHub.Runner.Common.RunnerService.EstablishVssConnection(Uri serverUrl, VssCredentials credentials, TimeSpan timeout)
[2025-10-09 03:52:18Z INFO GitHubActionsService] Starting operation Location.GetConnectionData
[2025-10-09 03:52:18Z INFO GitHubActionsService] Starting operation Location.GetConnectionData
[2025-10-09 03:52:18Z ERR  GitHubActionsService] GET request to https://pipelinesghubeus6.actions.githubusercontent.com/hKyNd5hzQTjPqVOxuFp9CyJ2tMUr8ytJJ9FfsFju3bqhBGI0lq/_apis/connectionData?connectOptions=1&lastChangeId=258625537&lastChangeId64=258625537 failed. HTTP Status: NotFound
[2025-10-09 03:52:18Z INFO GitHubActionsService] Finished operation Location.GetConnectionData
[2025-10-09 03:52:18Z INFO RunnerServer] Catch exception during connect. 3 attempt left.
[2025-10-09 03:52:18Z ERR  RunnerServer] GitHub.Services.WebApi.VssServiceResponseException: The resource cannot be found.
   at GitHub.Services.WebApi.VssHttpClientBase.HandleResponseAsync(HttpResponseMessage response, CancellationToken cancellationToken)
   at GitHub.Services.WebApi.VssHttpClientBase.SendAsync(HttpRequestMessage message, HttpCompletionOption completionOption, Object userState, CancellationToken cancellationToken)
   at GitHub.Services.WebApi.VssHttpClientBase.SendAsync[T](HttpRequestMessage message, Object userState, CancellationToken cancellationToken)
   at GitHub.Services.Location.Client.LocationHttpClient.GetConnectionDataAsync(ConnectOptions connectOptions, Int64 lastChangeId, CancellationToken cancellationToken, Object userState)
   at GitHub.Services.WebApi.Location.VssServerDataProvider.GetConnectionDataAsync(ConnectOptions connectOptions, Int32 lastChangeId, CancellationToken cancellationToken)
   at GitHub.Services.WebApi.Location.VssServerDataProvider.ConnectAsync(ConnectOptions connectOptions, CancellationToken cancellationToken)
   at GitHub.Runner.Common.RunnerService.EstablishVssConnection(Uri serverUrl, VssCredentials credentials, TimeSpan timeout)
[2025-10-09 03:52:18Z ERR  GitHubActionsService] GET request to https://pipelinesghubeus6.actions.githubusercontent.com/hKyNd5hzQTjPqVOxuFp9CyJ2tMUr8ytJJ9FfsFju3bqhBGI0lq/_apis/connectionData?connectOptions=1&lastChangeId=258625537&lastChangeId64=258625537 failed. HTTP Status: NotFound
[2025-10-09 03:52:18Z INFO GitHubActionsService] Finished operation Location.GetConnectionData
[2025-10-09 03:52:18Z INFO RunnerServer] Catch exception during connect. 3 attempt left.
[2025-10-09 03:52:18Z ERR  RunnerServer] GitHub.Services.WebApi.VssServiceResponseException: The resource cannot be found.
   at GitHub.Services.WebApi.VssHttpClientBase.HandleResponseAsync(HttpResponseMessage response, CancellationToken cancellationToken)
   at GitHub.Services.WebApi.VssHttpClientBase.SendAsync(HttpRequestMessage message, HttpCompletionOption completionOption, Object userState, CancellationToken cancellationToken)
   at GitHub.Services.WebApi.VssHttpClientBase.SendAsync[T](HttpRequestMessage message, Object userState, CancellationToken cancellationToken)
   at GitHub.Services.Location.Client.LocationHttpClient.GetConnectionDataAsync(ConnectOptions connectOptions, Int64 lastChangeId, CancellationToken cancellationToken, Object userState)
   at GitHub.Services.WebApi.Location.VssServerDataProvider.GetConnectionDataAsync(ConnectOptions connectOptions, Int32 lastChangeId, CancellationToken cancellationToken)
   at GitHub.Services.WebApi.Location.VssServerDataProvider.ConnectAsync(ConnectOptions connectOptions, CancellationToken cancellationToken)
   at GitHub.Runner.Common.RunnerService.EstablishVssConnection(Uri serverUrl, VssCredentials credentials, TimeSpan timeout)
[2025-10-09 03:52:18Z ERR  GitHubActionsService] GET request to https://pipelinesghubeus6.actions.githubusercontent.com/hKyNd5hzQTjPqVOxuFp9CyJ2tMUr8ytJJ9FfsFju3bqhBGI0lq/_apis/connectionData?connectOptions=1&lastChangeId=258625537&lastChangeId64=258625537 failed. HTTP Status: NotFound
[2025-10-09 03:52:18Z INFO GitHubActionsService] Finished operation Location.GetConnectionData
[2025-10-09 03:52:18Z INFO RunnerServer] Catch exception during connect. 3 attempt left.
[2025-10-09 03:52:18Z ERR  RunnerServer] GitHub.Services.WebApi.VssServiceResponseException: The resource cannot be found.
   at GitHub.Services.WebApi.VssHttpClientBase.HandleResponseAsync(HttpResponseMessage response, CancellationToken cancellationToken)
   at GitHub.Services.WebApi.VssHttpClientBase.SendAsync(HttpRequestMessage message, HttpCompletionOption completionOption, Object userState, CancellationToken cancellationToken)
   at GitHub.Services.WebApi.VssHttpClientBase.SendAsync[T](HttpRequestMessage message, Object userState, CancellationToken cancellationToken)
   at GitHub.Services.Location.Client.LocationHttpClient.GetConnectionDataAsync(ConnectOptions connectOptions, Int64 lastChangeId, CancellationToken cancellationToken, Object userState)
   at GitHub.Services.WebApi.Location.VssServerDataProvider.GetConnectionDataAsync(ConnectOptions connectOptions, Int32 lastChangeId, CancellationToken cancellationToken)
   at GitHub.Services.WebApi.Location.VssServerDataProvider.ConnectAsync(ConnectOptions connectOptions, CancellationToken cancellationToken)
   at GitHub.Runner.Common.RunnerService.EstablishVssConnection(Uri serverUrl, VssCredentials credentials, TimeSpan timeout)
[2025-10-09 03:52:18Z INFO GitHubActionsService] Starting operation Location.GetConnectionData
[2025-10-09 03:52:18Z INFO GitHubActionsService] Starting operation Location.GetConnectionData
[2025-10-09 03:52:18Z INFO GitHubActionsService] Starting operation Location.GetConnectionData
[2025-10-09 03:52:19Z ERR  GitHubActionsService] GET request to https://pipelinesghubeus6.actions.githubusercontent.com/hKyNd5hzQTjPqVOxuFp9CyJ2tMUr8ytJJ9FfsFju3bqhBGI0lq/_apis/connectionData?connectOptions=1&lastChangeId=258625537&lastChangeId64=258625537 failed. HTTP Status: NotFound
[2025-10-09 03:52:19Z INFO GitHubActionsService] Finished operation Location.GetConnectionData
[2025-10-09 03:52:19Z INFO RunnerServer] Catch exception during connect. 2 attempt left.
[2025-10-09 03:52:19Z ERR  RunnerServer] GitHub.Services.WebApi.VssServiceResponseException: The resource cannot be found.
   at GitHub.Services.WebApi.VssHttpClientBase.HandleResponseAsync(HttpResponseMessage response, CancellationToken cancellationToken)
   at GitHub.Services.WebApi.VssHttpClientBase.SendAsync(HttpRequestMessage message, HttpCompletionOption completionOption, Object userState, CancellationToken cancellationToken)
   at GitHub.Services.WebApi.VssHttpClientBase.SendAsync[T](HttpRequestMessage message, Object userState, CancellationToken cancellationToken)
   at GitHub.Services.Location.Client.LocationHttpClient.GetConnectionDataAsync(ConnectOptions connectOptions, Int64 lastChangeId, CancellationToken cancellationToken, Object userState)
   at GitHub.Services.WebApi.Location.VssServerDataProvider.GetConnectionDataAsync(ConnectOptions connectOptions, Int32 lastChangeId, CancellationToken cancellationToken)
   at GitHub.Services.WebApi.Location.VssServerDataProvider.ConnectAsync(ConnectOptions connectOptions, CancellationToken cancellationToken)
   at GitHub.Runner.Common.RunnerService.EstablishVssConnection(Uri serverUrl, VssCredentials credentials, TimeSpan timeout)
[2025-10-09 03:52:19Z INFO GitHubActionsService] Starting operation Location.GetConnectionData
[2025-10-09 03:52:19Z ERR  GitHubActionsService] GET request to https://pipelinesghubeus6.actions.githubusercontent.com/hKyNd5hzQTjPqVOxuFp9CyJ2tMUr8ytJJ9FfsFju3bqhBGI0lq/_apis/connectionData?connectOptions=1&lastChangeId=258625537&lastChangeId64=258625537 failed. HTTP Status: NotFound
[2025-10-09 03:52:19Z INFO GitHubActionsService] Finished operation Location.GetConnectionData
[2025-10-09 03:52:19Z INFO RunnerServer] Catch exception during connect. 2 attempt left.
[2025-10-09 03:52:19Z ERR  RunnerServer] GitHub.Services.WebApi.VssServiceResponseException: The resource cannot be found.
   at GitHub.Services.WebApi.VssHttpClientBase.HandleResponseAsync(HttpResponseMessage response, CancellationToken cancellationToken)
   at GitHub.Services.WebApi.VssHttpClientBase.SendAsync(HttpRequestMessage message, HttpCompletionOption completionOption, Object userState, CancellationToken cancellationToken)
   at GitHub.Services.WebApi.VssHttpClientBase.SendAsync[T](HttpRequestMessage message, Object userState, CancellationToken cancellationToken)
   at GitHub.Services.Location.Client.LocationHttpClient.GetConnectionDataAsync(ConnectOptions connectOptions, Int64 lastChangeId, CancellationToken cancellationToken, Object userState)
   at GitHub.Services.WebApi.Location.VssServerDataProvider.GetConnectionDataAsync(ConnectOptions connectOptions, Int32 lastChangeId, CancellationToken cancellationToken)
   at GitHub.Services.WebApi.Location.VssServerDataProvider.ConnectAsync(ConnectOptions connectOptions, CancellationToken cancellationToken)
   at GitHub.Runner.Common.RunnerService.EstablishVssConnection(Uri serverUrl, VssCredentials credentials, TimeSpan timeout)
[2025-10-09 03:52:19Z INFO GitHubActionsService] Starting operation Location.GetConnectionData
[2025-10-09 03:52:19Z ERR  GitHubActionsService] GET request to https://pipelinesghubeus6.actions.githubusercontent.com/hKyNd5hzQTjPqVOxuFp9CyJ2tMUr8ytJJ9FfsFju3bqhBGI0lq/_apis/connectionData?connectOptions=1&lastChangeId=258625537&lastChangeId64=258625537 failed. HTTP Status: NotFound
[2025-10-09 03:52:19Z INFO GitHubActionsService] Finished operation Location.GetConnectionData
[2025-10-09 03:52:19Z INFO RunnerServer] Catch exception during connect. 2 attempt left.
[2025-10-09 03:52:19Z ERR  RunnerServer] GitHub.Services.WebApi.VssServiceResponseException: The resource cannot be found.
   at GitHub.Services.WebApi.VssHttpClientBase.HandleResponseAsync(HttpResponseMessage response, CancellationToken cancellationToken)
   at GitHub.Services.WebApi.VssHttpClientBase.SendAsync(HttpRequestMessage message, HttpCompletionOption completionOption, Object userState, CancellationToken cancellationToken)
   at GitHub.Services.WebApi.VssHttpClientBase.SendAsync[T](HttpRequestMessage message, Object userState, CancellationToken cancellationToken)
   at GitHub.Services.Location.Client.LocationHttpClient.GetConnectionDataAsync(ConnectOptions connectOptions, Int64 lastChangeId, CancellationToken cancellationToken, Object userState)
   at GitHub.Services.WebApi.Location.VssServerDataProvider.GetConnectionDataAsync(ConnectOptions connectOptions, Int32 lastChangeId, CancellationToken cancellationToken)
   at GitHub.Services.WebApi.Location.VssServerDataProvider.ConnectAsync(ConnectOptions connectOptions, CancellationToken cancellationToken)
   at GitHub.Runner.Common.RunnerService.EstablishVssConnection(Uri serverUrl, VssCredentials credentials, TimeSpan timeout)
[2025-10-09 03:52:19Z INFO GitHubActionsService] Starting operation Location.GetConnectionData
[2025-10-09 03:52:20Z ERR  GitHubActionsService] GET request to https://pipelinesghubeus6.actions.githubusercontent.com/hKyNd5hzQTjPqVOxuFp9CyJ2tMUr8ytJJ9FfsFju3bqhBGI0lq/_apis/connectionData?connectOptions=1&lastChangeId=258625537&lastChangeId64=258625537 failed. HTTP Status: NotFound
[2025-10-09 03:52:20Z INFO GitHubActionsService] Finished operation Location.GetConnectionData
[2025-10-09 03:52:20Z INFO RunnerServer] Catch exception during connect. 1 attempt left.
[2025-10-09 03:52:20Z ERR  RunnerServer] GitHub.Services.WebApi.VssServiceResponseException: The resource cannot be found.
   at GitHub.Services.WebApi.VssHttpClientBase.HandleResponseAsync(HttpResponseMessage response, CancellationToken cancellationToken)
   at GitHub.Services.WebApi.VssHttpClientBase.SendAsync(HttpRequestMessage message, HttpCompletionOption completionOption, Object userState, CancellationToken cancellationToken)
   at GitHub.Services.WebApi.VssHttpClientBase.SendAsync[T](HttpRequestMessage message, Object userState, CancellationToken cancellationToken)
   at GitHub.Services.Location.Client.LocationHttpClient.GetConnectionDataAsync(ConnectOptions connectOptions, Int64 lastChangeId, CancellationToken cancellationToken, Object userState)
   at GitHub.Services.WebApi.Location.VssServerDataProvider.GetConnectionDataAsync(ConnectOptions connectOptions, Int32 lastChangeId, CancellationToken cancellationToken)
   at GitHub.Services.WebApi.Location.VssServerDataProvider.ConnectAsync(ConnectOptions connectOptions, CancellationToken cancellationToken)
   at GitHub.Runner.Common.RunnerService.EstablishVssConnection(Uri serverUrl, VssCredentials credentials, TimeSpan timeout)
[2025-10-09 03:52:20Z ERR  GitHubActionsService] GET request to https://pipelinesghubeus6.actions.githubusercontent.com/hKyNd5hzQTjPqVOxuFp9CyJ2tMUr8ytJJ9FfsFju3bqhBGI0lq/_apis/connectionData?connectOptions=1&lastChangeId=258625537&lastChangeId64=258625537 failed. HTTP Status: NotFound
[2025-10-09 03:52:20Z INFO GitHubActionsService] Finished operation Location.GetConnectionData
[2025-10-09 03:52:20Z INFO RunnerServer] Catch exception during connect. 1 attempt left.
[2025-10-09 03:52:20Z ERR  RunnerServer] GitHub.Services.WebApi.VssServiceResponseException: The resource cannot be found.
   at GitHub.Services.WebApi.VssHttpClientBase.HandleResponseAsync(HttpResponseMessage response, CancellationToken cancellationToken)
   at GitHub.Services.WebApi.VssHttpClientBase.SendAsync(HttpRequestMessage message, HttpCompletionOption completionOption, Object userState, CancellationToken cancellationToken)
   at GitHub.Services.WebApi.VssHttpClientBase.SendAsync[T](HttpRequestMessage message, Object userState, CancellationToken cancellationToken)
   at GitHub.Services.Location.Client.LocationHttpClient.GetConnectionDataAsync(ConnectOptions connectOptions, Int64 lastChangeId, CancellationToken cancellationToken, Object userState)
   at GitHub.Services.WebApi.Location.VssServerDataProvider.GetConnectionDataAsync(ConnectOptions connectOptions, Int32 lastChangeId, CancellationToken cancellationToken)
   at GitHub.Services.WebApi.Location.VssServerDataProvider.ConnectAsync(ConnectOptions connectOptions, CancellationToken cancellationToken)
   at GitHub.Runner.Common.RunnerService.EstablishVssConnection(Uri serverUrl, VssCredentials credentials, TimeSpan timeout)
[2025-10-09 03:52:20Z ERR  GitHubActionsService] GET request to https://pipelinesghubeus6.actions.githubusercontent.com/hKyNd5hzQTjPqVOxuFp9CyJ2tMUr8ytJJ9FfsFju3bqhBGI0lq/_apis/connectionData?connectOptions=1&lastChangeId=258625537&lastChangeId64=258625537 failed. HTTP Status: NotFound
[2025-10-09 03:52:20Z INFO GitHubActionsService] Finished operation Location.GetConnectionData
[2025-10-09 03:52:20Z INFO RunnerServer] Catch exception during connect. 1 attempt left.
[2025-10-09 03:52:20Z ERR  RunnerServer] GitHub.Services.WebApi.VssServiceResponseException: The resource cannot be found.
   at GitHub.Services.WebApi.VssHttpClientBase.HandleResponseAsync(HttpResponseMessage response, CancellationToken cancellationToken)
   at GitHub.Services.WebApi.VssHttpClientBase.SendAsync(HttpRequestMessage message, HttpCompletionOption completionOption, Object userState, CancellationToken cancellationToken)
   at GitHub.Services.WebApi.VssHttpClientBase.SendAsync[T](HttpRequestMessage message, Object userState, CancellationToken cancellationToken)
   at GitHub.Services.Location.Client.LocationHttpClient.GetConnectionDataAsync(ConnectOptions connectOptions, Int64 lastChangeId, CancellationToken cancellationToken, Object userState)
   at GitHub.Services.WebApi.Location.VssServerDataProvider.GetConnectionDataAsync(ConnectOptions connectOptions, Int32 lastChangeId, CancellationToken cancellationToken)
   at GitHub.Services.WebApi.Location.VssServerDataProvider.ConnectAsync(ConnectOptions connectOptions, CancellationToken cancellationToken)
   at GitHub.Runner.Common.RunnerService.EstablishVssConnection(Uri serverUrl, VssCredentials credentials, TimeSpan timeout)
[2025-10-09 03:52:20Z INFO GitHubActionsService] Starting operation Location.GetConnectionData
[2025-10-09 03:52:20Z INFO GitHubActionsService] Starting operation Location.GetConnectionData
[2025-10-09 03:52:20Z INFO GitHubActionsService] Starting operation Location.GetConnectionData
[2025-10-09 03:52:20Z ERR  GitHubActionsService] GET request to https://pipelinesghubeus6.actions.githubusercontent.com/hKyNd5hzQTjPqVOxuFp9CyJ2tMUr8ytJJ9FfsFju3bqhBGI0lq/_apis/connectionData?connectOptions=1&lastChangeId=258625537&lastChangeId64=258625537 failed. HTTP Status: NotFound
[2025-10-09 03:52:20Z INFO GitHubActionsService] Finished operation Location.GetConnectionData
[2025-10-09 03:52:20Z ERR  GitHubActionsService] GET request to https://pipelinesghubeus6.actions.githubusercontent.com/hKyNd5hzQTjPqVOxuFp9CyJ2tMUr8ytJJ9FfsFju3bqhBGI0lq/_apis/connectionData?connectOptions=1&lastChangeId=258625537&lastChangeId64=258625537 failed. HTTP Status: NotFound
[2025-10-09 03:52:20Z INFO GitHubActionsService] Finished operation Location.GetConnectionData
[2025-10-09 03:52:20Z ERR  GitHubActionsService] GET request to https://pipelinesghubeus6.actions.githubusercontent.com/hKyNd5hzQTjPqVOxuFp9CyJ2tMUr8ytJJ9FfsFju3bqhBGI0lq/_apis/connectionData?connectOptions=1&lastChangeId=258625537&lastChangeId64=258625537 failed. HTTP Status: NotFound
[2025-10-09 03:52:20Z INFO GitHubActionsService] Finished operation Location.GetConnectionData
[2025-10-09 03:52:20Z ERR  BrokerMessageListener] Catch exception during create session.
[2025-10-09 03:52:20Z ERR  BrokerMessageListener] GitHub.Services.WebApi.VssServiceResponseException: The resource cannot be found.
   at GitHub.Services.WebApi.VssHttpClientBase.HandleResponseAsync(HttpResponseMessage response, CancellationToken cancellationToken)
   at GitHub.Services.WebApi.VssHttpClientBase.SendAsync(HttpRequestMessage message, HttpCompletionOption completionOption, Object userState, CancellationToken cancellationToken)
   at GitHub.Services.WebApi.VssHttpClientBase.SendAsync[T](HttpRequestMessage message, Object userState, CancellationToken cancellationToken)
   at GitHub.Services.Location.Client.LocationHttpClient.GetConnectionDataAsync(ConnectOptions connectOptions, Int64 lastChangeId, CancellationToken cancellationToken, Object userState)
   at GitHub.Services.WebApi.Location.VssServerDataProvider.GetConnectionDataAsync(ConnectOptions connectOptions, Int32 lastChangeId, CancellationToken cancellationToken)
   at GitHub.Services.WebApi.Location.VssServerDataProvider.ConnectAsync(ConnectOptions connectOptions, CancellationToken cancellationToken)
   at GitHub.Runner.Common.RunnerService.EstablishVssConnection(Uri serverUrl, VssCredentials credentials, TimeSpan timeout)
   at GitHub.Runner.Common.RunnerServer.ConnectAsync(Uri serverUrl, VssCredentials credentials)
   at GitHub.Runner.Listener.BrokerMessageListener.CreateSessionAsync(CancellationToken token)
[2025-10-09 03:52:20Z INFO BrokerMessageListener] Retriable exception: The resource cannot be found.
[2025-10-09 03:52:20Z INFO BrokerMessageListener] Sleeping for 30 seconds before retrying.
[2025-10-09 03:52:50Z INFO BrokerMessageListener] Attempt to create session.
[2025-10-09 03:52:50Z INFO BrokerMessageListener] Connecting to the Broker Server...
[2025-10-09 03:52:50Z INFO ConfigurationStore] HasCredentials()
[2025-10-09 03:52:50Z INFO ConfigurationStore] stored True
[2025-10-09 03:52:50Z INFO CredentialManager] GetCredentialProvider
[2025-10-09 03:52:50Z INFO CredentialManager] Creating type OAuth
[2025-10-09 03:52:50Z INFO CredentialManager] Creating credential type: OAuth
[2025-10-09 03:52:50Z INFO RSAEncryptedFileKeyManager] Loading RSA key parameters from file G:\Brunella\actions-runner\.credentials_rsaparams
[2025-10-09 03:52:50Z INFO BrokerMessageListener] VssConnection created
[2025-10-09 03:52:50Z INFO BrokerMessageListener] Connecting to the Runner server...
[2025-10-09 03:52:50Z INFO RunnerServer] EstablishVssConnection
[2025-10-09 03:52:50Z INFO RunnerServer] Establish connection with 100 seconds timeout.
[2025-10-09 03:52:50Z INFO GitHubActionsService] Starting operation Location.GetConnectionData
[2025-10-09 03:52:50Z INFO RunnerServer] EstablishVssConnection
[2025-10-09 03:52:50Z INFO RunnerServer] Establish connection with 60 seconds timeout.
[2025-10-09 03:52:50Z INFO GitHubActionsService] Starting operation Location.GetConnectionData
[2025-10-09 03:52:50Z INFO RunnerServer] EstablishVssConnection
[2025-10-09 03:52:50Z INFO RunnerServer] Establish connection with 60 seconds timeout.
[2025-10-09 03:52:50Z INFO GitHubActionsService] Starting operation Location.GetConnectionData
[2025-10-09 03:52:51Z ERR  GitHubActionsService] GET request to https://pipelinesghubeus6.actions.githubusercontent.com/hKyNd5hzQTjPqVOxuFp9CyJ2tMUr8ytJJ9FfsFju3bqhBGI0lq/_apis/connectionData?connectOptions=1&lastChangeId=258625537&lastChangeId64=258625537 failed. HTTP Status: NotFound
[2025-10-09 03:52:51Z INFO GitHubActionsService] Finished operation Location.GetConnectionData
[2025-10-09 03:52:51Z INFO RunnerServer] Catch exception during connect. 4 attempt left.
[2025-10-09 03:52:51Z ERR  RunnerServer] GitHub.Services.WebApi.VssServiceResponseException: The resource cannot be found.
   at GitHub.Services.WebApi.VssHttpClientBase.HandleResponseAsync(HttpResponseMessage response, CancellationToken cancellationToken)
   at GitHub.Services.WebApi.VssHttpClientBase.SendAsync(HttpRequestMessage message, HttpCompletionOption completionOption, Object userState, CancellationToken cancellationToken)
   at GitHub.Services.WebApi.VssHttpClientBase.SendAsync[T](HttpRequestMessage message, Object userState, CancellationToken cancellationToken)
   at GitHub.Services.Location.Client.LocationHttpClient.GetConnectionDataAsync(ConnectOptions connectOptions, Int64 lastChangeId, CancellationToken cancellationToken, Object userState)
   at GitHub.Services.WebApi.Location.VssServerDataProvider.GetConnectionDataAsync(ConnectOptions connectOptions, Int32 lastChangeId, CancellationToken cancellationToken)
   at GitHub.Services.WebApi.Location.VssServerDataProvider.ConnectAsync(ConnectOptions connectOptions, CancellationToken cancellationToken)
   at GitHub.Runner.Common.RunnerService.EstablishVssConnection(Uri serverUrl, VssCredentials credentials, TimeSpan timeout)
[2025-10-09 03:52:51Z ERR  GitHubActionsService] GET request to https://pipelinesghubeus6.actions.githubusercontent.com/hKyNd5hzQTjPqVOxuFp9CyJ2tMUr8ytJJ9FfsFju3bqhBGI0lq/_apis/connectionData?connectOptions=1&lastChangeId=258625537&lastChangeId64=258625537 failed. HTTP Status: NotFound
[2025-10-09 03:52:51Z INFO GitHubActionsService] Finished operation Location.GetConnectionData
[2025-10-09 03:52:51Z INFO RunnerServer] Catch exception during connect. 4 attempt left.
[2025-10-09 03:52:51Z ERR  RunnerServer] GitHub.Services.WebApi.VssServiceResponseException: The resource cannot be found.
   at GitHub.Services.WebApi.VssHttpClientBase.HandleResponseAsync(HttpResponseMessage response, CancellationToken cancellationToken)
   at GitHub.Services.WebApi.VssHttpClientBase.SendAsync(HttpRequestMessage message, HttpCompletionOption completionOption, Object userState, CancellationToken cancellationToken)
   at GitHub.Services.WebApi.VssHttpClientBase.SendAsync[T](HttpRequestMessage message, Object userState, CancellationToken cancellationToken)
   at GitHub.Services.Location.Client.LocationHttpClient.GetConnectionDataAsync(ConnectOptions connectOptions, Int64 lastChangeId, CancellationToken cancellationToken, Object userState)
   at GitHub.Services.WebApi.Location.VssServerDataProvider.GetConnectionDataAsync(ConnectOptions connectOptions, Int32 lastChangeId, CancellationToken cancellationToken)
   at GitHub.Services.WebApi.Location.VssServerDataProvider.ConnectAsync(ConnectOptions connectOptions, CancellationToken cancellationToken)
   at GitHub.Runner.Common.RunnerService.EstablishVssConnection(Uri serverUrl, VssCredentials credentials, TimeSpan timeout)
[2025-10-09 03:52:51Z ERR  GitHubActionsService] GET request to https://pipelinesghubeus6.actions.githubusercontent.com/hKyNd5hzQTjPqVOxuFp9CyJ2tMUr8ytJJ9FfsFju3bqhBGI0lq/_apis/connectionData?connectOptions=1&lastChangeId=258625537&lastChangeId64=258625537 failed. HTTP Status: NotFound
[2025-10-09 03:52:51Z INFO GitHubActionsService] Finished operation Location.GetConnectionData
[2025-10-09 03:52:51Z INFO RunnerServer] Catch exception during connect. 4 attempt left.
[2025-10-09 03:52:51Z ERR  RunnerServer] GitHub.Services.WebApi.VssServiceResponseException: The resource cannot be found.
   at GitHub.Services.WebApi.VssHttpClientBase.HandleResponseAsync(HttpResponseMessage response, CancellationToken cancellationToken)
   at GitHub.Services.WebApi.VssHttpClientBase.SendAsync(HttpRequestMessage message, HttpCompletionOption completionOption, Object userState, CancellationToken cancellationToken)
   at GitHub.Services.WebApi.VssHttpClientBase.SendAsync[T](HttpRequestMessage message, Object userState, CancellationToken cancellationToken)
   at GitHub.Services.Location.Client.LocationHttpClient.GetConnectionDataAsync(ConnectOptions connectOptions, Int64 lastChangeId, CancellationToken cancellationToken, Object userState)
   at GitHub.Services.WebApi.Location.VssServerDataProvider.GetConnectionDataAsync(ConnectOptions connectOptions, Int32 lastChangeId, CancellationToken cancellationToken)
   at GitHub.Services.WebApi.Location.VssServerDataProvider.ConnectAsync(ConnectOptions connectOptions, CancellationToken cancellationToken)
   at GitHub.Runner.Common.RunnerService.EstablishVssConnection(Uri serverUrl, VssCredentials credentials, TimeSpan timeout)
[2025-10-09 03:52:51Z INFO GitHubActionsService] Starting operation Location.GetConnectionData
[2025-10-09 03:52:51Z INFO GitHubActionsService] Starting operation Location.GetConnectionData
[2025-10-09 03:52:51Z INFO GitHubActionsService] Starting operation Location.GetConnectionData
[2025-10-09 03:52:52Z ERR  GitHubActionsService] GET request to https://pipelinesghubeus6.actions.githubusercontent.com/hKyNd5hzQTjPqVOxuFp9CyJ2tMUr8ytJJ9FfsFju3bqhBGI0lq/_apis/connectionData?connectOptions=1&lastChangeId=258625537&lastChangeId64=258625537 failed. HTTP Status: NotFound
[2025-10-09 03:52:52Z INFO GitHubActionsService] Finished operation Location.GetConnectionData
[2025-10-09 03:52:52Z INFO RunnerServer] Catch exception during connect. 3 attempt left.
[2025-10-09 03:52:52Z ERR  RunnerServer] GitHub.Services.WebApi.VssServiceResponseException: The resource cannot be found.
   at GitHub.Services.WebApi.VssHttpClientBase.HandleResponseAsync(HttpResponseMessage response, CancellationToken cancellationToken)
   at GitHub.Services.WebApi.VssHttpClientBase.SendAsync(HttpRequestMessage message, HttpCompletionOption completionOption, Object userState, CancellationToken cancellationToken)
   at GitHub.Services.WebApi.VssHttpClientBase.SendAsync[T](HttpRequestMessage message, Object userState, CancellationToken cancellationToken)
   at GitHub.Services.Location.Client.LocationHttpClient.GetConnectionDataAsync(ConnectOptions connectOptions, Int64 lastChangeId, CancellationToken cancellationToken, Object userState)
   at GitHub.Services.WebApi.Location.VssServerDataProvider.GetConnectionDataAsync(ConnectOptions connectOptions, Int32 lastChangeId, CancellationToken cancellationToken)
   at GitHub.Services.WebApi.Location.VssServerDataProvider.ConnectAsync(ConnectOptions connectOptions, CancellationToken cancellationToken)
   at GitHub.Runner.Common.RunnerService.EstablishVssConnection(Uri serverUrl, VssCredentials credentials, TimeSpan timeout)
[2025-10-09 03:52:52Z ERR  GitHubActionsService] GET request to https://pipelinesghubeus6.actions.githubusercontent.com/hKyNd5hzQTjPqVOxuFp9CyJ2tMUr8ytJJ9FfsFju3bqhBGI0lq/_apis/connectionData?connectOptions=1&lastChangeId=258625537&lastChangeId64=258625537 failed. HTTP Status: NotFound
[2025-10-09 03:52:52Z INFO GitHubActionsService] Finished operation Location.GetConnectionData
[2025-10-09 03:52:52Z INFO RunnerServer] Catch exception during connect. 3 attempt left.
[2025-10-09 03:52:52Z ERR  RunnerServer] GitHub.Services.WebApi.VssServiceResponseException: The resource cannot be found.
   at GitHub.Services.WebApi.VssHttpClientBase.HandleResponseAsync(HttpResponseMessage response, CancellationToken cancellationToken)
   at GitHub.Services.WebApi.VssHttpClientBase.SendAsync(HttpRequestMessage message, HttpCompletionOption completionOption, Object userState, CancellationToken cancellationToken)
   at GitHub.Services.WebApi.VssHttpClientBase.SendAsync[T](HttpRequestMessage message, Object userState, CancellationToken cancellationToken)
   at GitHub.Services.Location.Client.LocationHttpClient.GetConnectionDataAsync(ConnectOptions connectOptions, Int64 lastChangeId, CancellationToken cancellationToken, Object userState)
   at GitHub.Services.WebApi.Location.VssServerDataProvider.GetConnectionDataAsync(ConnectOptions connectOptions, Int32 lastChangeId, CancellationToken cancellationToken)
   at GitHub.Services.WebApi.Location.VssServerDataProvider.ConnectAsync(ConnectOptions connectOptions, CancellationToken cancellationToken)
   at GitHub.Runner.Common.RunnerService.EstablishVssConnection(Uri serverUrl, VssCredentials credentials, TimeSpan timeout)
[2025-10-09 03:52:52Z ERR  GitHubActionsService] GET request to https://pipelinesghubeus6.actions.githubusercontent.com/hKyNd5hzQTjPqVOxuFp9CyJ2tMUr8ytJJ9FfsFju3bqhBGI0lq/_apis/connectionData?connectOptions=1&lastChangeId=258625537&lastChangeId64=258625537 failed. HTTP Status: NotFound
[2025-10-09 03:52:52Z INFO GitHubActionsService] Finished operation Location.GetConnectionData
[2025-10-09 03:52:52Z INFO RunnerServer] Catch exception during connect. 3 attempt left.
[2025-10-09 03:52:52Z ERR  RunnerServer] GitHub.Services.WebApi.VssServiceResponseException: The resource cannot be found.
   at GitHub.Services.WebApi.VssHttpClientBase.HandleResponseAsync(HttpResponseMessage response, CancellationToken cancellationToken)
   at GitHub.Services.WebApi.VssHttpClientBase.SendAsync(HttpRequestMessage message, HttpCompletionOption completionOption, Object userState, CancellationToken cancellationToken)
   at GitHub.Services.WebApi.VssHttpClientBase.SendAsync[T](HttpRequestMessage message, Object userState, CancellationToken cancellationToken)
   at GitHub.Services.Location.Client.LocationHttpClient.GetConnectionDataAsync(ConnectOptions connectOptions, Int64 lastChangeId, CancellationToken cancellationToken, Object userState)
   at GitHub.Services.WebApi.Location.VssServerDataProvider.GetConnectionDataAsync(ConnectOptions connectOptions, Int32 lastChangeId, CancellationToken cancellationToken)
   at GitHub.Services.WebApi.Location.VssServerDataProvider.ConnectAsync(ConnectOptions connectOptions, CancellationToken cancellationToken)
   at GitHub.Runner.Common.RunnerService.EstablishVssConnection(Uri serverUrl, VssCredentials credentials, TimeSpan timeout)
[2025-10-09 03:52:52Z INFO GitHubActionsService] Starting operation Location.GetConnectionData
[2025-10-09 03:52:52Z INFO GitHubActionsService] Starting operation Location.GetConnectionData
[2025-10-09 03:52:52Z INFO GitHubActionsService] Starting operation Location.GetConnectionData
[2025-10-09 03:52:53Z ERR  GitHubActionsService] GET request to https://pipelinesghubeus6.actions.githubusercontent.com/hKyNd5hzQTjPqVOxuFp9CyJ2tMUr8ytJJ9FfsFju3bqhBGI0lq/_apis/connectionData?connectOptions=1&lastChangeId=258625537&lastChangeId64=258625537 failed. HTTP Status: NotFound
[2025-10-09 03:52:53Z INFO GitHubActionsService] Finished operation Location.GetConnectionData
[2025-10-09 03:52:53Z INFO RunnerServer] Catch exception during connect. 2 attempt left.
[2025-10-09 03:52:53Z ERR  RunnerServer] GitHub.Services.WebApi.VssServiceResponseException: The resource cannot be found.
   at GitHub.Services.WebApi.VssHttpClientBase.HandleResponseAsync(HttpResponseMessage response, CancellationToken cancellationToken)
   at GitHub.Services.WebApi.VssHttpClientBase.SendAsync(HttpRequestMessage message, HttpCompletionOption completionOption, Object userState, CancellationToken cancellationToken)
   at GitHub.Services.WebApi.VssHttpClientBase.SendAsync[T](HttpRequestMessage message, Object userState, CancellationToken cancellationToken)
   at GitHub.Services.Location.Client.LocationHttpClient.GetConnectionDataAsync(ConnectOptions connectOptions, Int64 lastChangeId, CancellationToken cancellationToken, Object userState)
   at GitHub.Services.WebApi.Location.VssServerDataProvider.GetConnectionDataAsync(ConnectOptions connectOptions, Int32 lastChangeId, CancellationToken cancellationToken)
   at GitHub.Services.WebApi.Location.VssServerDataProvider.ConnectAsync(ConnectOptions connectOptions, CancellationToken cancellationToken)
   at GitHub.Runner.Common.RunnerService.EstablishVssConnection(Uri serverUrl, VssCredentials credentials, TimeSpan timeout)
[2025-10-09 03:52:53Z ERR  GitHubActionsService] GET request to https://pipelinesghubeus6.actions.githubusercontent.com/hKyNd5hzQTjPqVOxuFp9CyJ2tMUr8ytJJ9FfsFju3bqhBGI0lq/_apis/connectionData?connectOptions=1&lastChangeId=258625537&lastChangeId64=258625537 failed. HTTP Status: NotFound
[2025-10-09 03:52:53Z INFO GitHubActionsService] Finished operation Location.GetConnectionData
[2025-10-09 03:52:53Z INFO RunnerServer] Catch exception during connect. 2 attempt left.
[2025-10-09 03:52:53Z ERR  RunnerServer] GitHub.Services.WebApi.VssServiceResponseException: The resource cannot be found.
   at GitHub.Services.WebApi.VssHttpClientBase.HandleResponseAsync(HttpResponseMessage response, CancellationToken cancellationToken)
   at GitHub.Services.WebApi.VssHttpClientBase.SendAsync(HttpRequestMessage message, HttpCompletionOption completionOption, Object userState, CancellationToken cancellationToken)
   at GitHub.Services.WebApi.VssHttpClientBase.SendAsync[T](HttpRequestMessage message, Object userState, CancellationToken cancellationToken)
   at GitHub.Services.Location.Client.LocationHttpClient.GetConnectionDataAsync(ConnectOptions connectOptions, Int64 lastChangeId, CancellationToken cancellationToken, Object userState)
   at GitHub.Services.WebApi.Location.VssServerDataProvider.GetConnectionDataAsync(ConnectOptions connectOptions, Int32 lastChangeId, CancellationToken cancellationToken)
   at GitHub.Services.WebApi.Location.VssServerDataProvider.ConnectAsync(ConnectOptions connectOptions, CancellationToken cancellationToken)
   at GitHub.Runner.Common.RunnerService.EstablishVssConnection(Uri serverUrl, VssCredentials credentials, TimeSpan timeout)
[2025-10-09 03:52:53Z ERR  GitHubActionsService] GET request to https://pipelinesghubeus6.actions.githubusercontent.com/hKyNd5hzQTjPqVOxuFp9CyJ2tMUr8ytJJ9FfsFju3bqhBGI0lq/_apis/connectionData?connectOptions=1&lastChangeId=258625537&lastChangeId64=258625537 failed. HTTP Status: NotFound
[2025-10-09 03:52:53Z INFO GitHubActionsService] Finished operation Location.GetConnectionData
[2025-10-09 03:52:53Z INFO RunnerServer] Catch exception during connect. 2 attempt left.
[2025-10-09 03:52:53Z ERR  RunnerServer] GitHub.Services.WebApi.VssServiceResponseException: The resource cannot be found.
   at GitHub.Services.WebApi.VssHttpClientBase.HandleResponseAsync(HttpResponseMessage response, CancellationToken cancellationToken)
   at GitHub.Services.WebApi.VssHttpClientBase.SendAsync(HttpRequestMessage message, HttpCompletionOption completionOption, Object userState, CancellationToken cancellationToken)
   at GitHub.Services.WebApi.VssHttpClientBase.SendAsync[T](HttpRequestMessage message, Object userState, CancellationToken cancellationToken)
   at GitHub.Services.Location.Client.LocationHttpClient.GetConnectionDataAsync(ConnectOptions connectOptions, Int64 lastChangeId, CancellationToken cancellationToken, Object userState)
   at GitHub.Services.WebApi.Location.VssServerDataProvider.GetConnectionDataAsync(ConnectOptions connectOptions, Int32 lastChangeId, CancellationToken cancellationToken)
   at GitHub.Services.WebApi.Location.VssServerDataProvider.ConnectAsync(ConnectOptions connectOptions, CancellationToken cancellationToken)
   at GitHub.Runner.Common.RunnerService.EstablishVssConnection(Uri serverUrl, VssCredentials credentials, TimeSpan timeout)
[2025-10-09 03:52:53Z INFO GitHubActionsService] Starting operation Location.GetConnectionData
[2025-10-09 03:52:53Z INFO GitHubActionsService] Starting operation Location.GetConnectionData
[2025-10-09 03:52:53Z INFO GitHubActionsService] Starting operation Location.GetConnectionData
[2025-10-09 03:52:53Z ERR  GitHubActionsService] GET request to https://pipelinesghubeus6.actions.githubusercontent.com/hKyNd5hzQTjPqVOxuFp9CyJ2tMUr8ytJJ9FfsFju3bqhBGI0lq/_apis/connectionData?connectOptions=1&lastChangeId=258625537&lastChangeId64=258625537 failed. HTTP Status: NotFound
[2025-10-09 03:52:53Z INFO GitHubActionsService] Finished operation Location.GetConnectionData
[2025-10-09 03:52:53Z INFO RunnerServer] Catch exception during connect. 1 attempt left.
[2025-10-09 03:52:53Z ERR  RunnerServer] GitHub.Services.WebApi.VssServiceResponseException: The resource cannot be found.
   at GitHub.Services.WebApi.VssHttpClientBase.HandleResponseAsync(HttpResponseMessage response, CancellationToken cancellationToken)
   at GitHub.Services.WebApi.VssHttpClientBase.SendAsync(HttpRequestMessage message, HttpCompletionOption completionOption, Object userState, CancellationToken cancellationToken)
   at GitHub.Services.WebApi.VssHttpClientBase.SendAsync[T](HttpRequestMessage message, Object userState, CancellationToken cancellationToken)
   at GitHub.Services.Location.Client.LocationHttpClient.GetConnectionDataAsync(ConnectOptions connectOptions, Int64 lastChangeId, CancellationToken cancellationToken, Object userState)
   at GitHub.Services.WebApi.Location.VssServerDataProvider.GetConnectionDataAsync(ConnectOptions connectOptions, Int32 lastChangeId, CancellationToken cancellationToken)
   at GitHub.Services.WebApi.Location.VssServerDataProvider.ConnectAsync(ConnectOptions connectOptions, CancellationToken cancellationToken)
   at GitHub.Runner.Common.RunnerService.EstablishVssConnection(Uri serverUrl, VssCredentials credentials, TimeSpan timeout)
[2025-10-09 03:52:53Z INFO GitHubActionsService] Starting operation Location.GetConnectionData
[2025-10-09 03:52:53Z ERR  GitHubActionsService] GET request to https://pipelinesghubeus6.actions.githubusercontent.com/hKyNd5hzQTjPqVOxuFp9CyJ2tMUr8ytJJ9FfsFju3bqhBGI0lq/_apis/connectionData?connectOptions=1&lastChangeId=258625537&lastChangeId64=258625537 failed. HTTP Status: NotFound
[2025-10-09 03:52:53Z INFO GitHubActionsService] Finished operation Location.GetConnectionData
[2025-10-09 03:52:53Z INFO RunnerServer] Catch exception during connect. 1 attempt left.
[2025-10-09 03:52:53Z ERR  RunnerServer] GitHub.Services.WebApi.VssServiceResponseException: The resource cannot be found.
   at GitHub.Services.WebApi.VssHttpClientBase.HandleResponseAsync(HttpResponseMessage response, CancellationToken cancellationToken)
   at GitHub.Services.WebApi.VssHttpClientBase.SendAsync(HttpRequestMessage message, HttpCompletionOption completionOption, Object userState, CancellationToken cancellationToken)
   at GitHub.Services.WebApi.VssHttpClientBase.SendAsync[T](HttpRequestMessage message, Object userState, CancellationToken cancellationToken)
   at GitHub.Services.Location.Client.LocationHttpClient.GetConnectionDataAsync(ConnectOptions connectOptions, Int64 lastChangeId, CancellationToken cancellationToken, Object userState)
   at GitHub.Services.WebApi.Location.VssServerDataProvider.GetConnectionDataAsync(ConnectOptions connectOptions, Int32 lastChangeId, CancellationToken cancellationToken)
   at GitHub.Services.WebApi.Location.VssServerDataProvider.ConnectAsync(ConnectOptions connectOptions, CancellationToken cancellationToken)
   at GitHub.Runner.Common.RunnerService.EstablishVssConnection(Uri serverUrl, VssCredentials credentials, TimeSpan timeout)
[2025-10-09 03:52:53Z ERR  GitHubActionsService] GET request to https://pipelinesghubeus6.actions.githubusercontent.com/hKyNd5hzQTjPqVOxuFp9CyJ2tMUr8ytJJ9FfsFju3bqhBGI0lq/_apis/connectionData?connectOptions=1&lastChangeId=258625537&lastChangeId64=258625537 failed. HTTP Status: NotFound
[2025-10-09 03:52:53Z INFO GitHubActionsService] Finished operation Location.GetConnectionData
[2025-10-09 03:52:53Z INFO RunnerServer] Catch exception during connect. 1 attempt left.
[2025-10-09 03:52:53Z ERR  RunnerServer] GitHub.Services.WebApi.VssServiceResponseException: The resource cannot be found.
   at GitHub.Services.WebApi.VssHttpClientBase.HandleResponseAsync(HttpResponseMessage response, CancellationToken cancellationToken)
   at GitHub.Services.WebApi.VssHttpClientBase.SendAsync(HttpRequestMessage message, HttpCompletionOption completionOption, Object userState, CancellationToken cancellationToken)
   at GitHub.Services.WebApi.VssHttpClientBase.SendAsync[T](HttpRequestMessage message, Object userState, CancellationToken cancellationToken)
   at GitHub.Services.Location.Client.LocationHttpClient.GetConnectionDataAsync(ConnectOptions connectOptions, Int64 lastChangeId, CancellationToken cancellationToken, Object userState)
   at GitHub.Services.WebApi.Location.VssServerDataProvider.GetConnectionDataAsync(ConnectOptions connectOptions, Int32 lastChangeId, CancellationToken cancellationToken)
   at GitHub.Services.WebApi.Location.VssServerDataProvider.ConnectAsync(ConnectOptions connectOptions, CancellationToken cancellationToken)
   at GitHub.Runner.Common.RunnerService.EstablishVssConnection(Uri serverUrl, VssCredentials credentials, TimeSpan timeout)
[2025-10-09 03:52:53Z INFO GitHubActionsService] Starting operation Location.GetConnectionData
[2025-10-09 03:52:53Z INFO GitHubActionsService] Starting operation Location.GetConnectionData
[2025-10-09 03:52:54Z ERR  GitHubActionsService] GET request to https://pipelinesghubeus6.actions.githubusercontent.com/hKyNd5hzQTjPqVOxuFp9CyJ2tMUr8ytJJ9FfsFju3bqhBGI0lq/_apis/connectionData?connectOptions=1&lastChangeId=258625537&lastChangeId64=258625537 failed. HTTP Status: NotFound
[2025-10-09 03:52:54Z INFO GitHubActionsService] Finished operation Location.GetConnectionData
[2025-10-09 03:52:54Z ERR  GitHubActionsService] GET request to https://pipelinesghubeus6.actions.githubusercontent.com/hKyNd5hzQTjPqVOxuFp9CyJ2tMUr8ytJJ9FfsFju3bqhBGI0lq/_apis/connectionData?connectOptions=1&lastChangeId=258625537&lastChangeId64=258625537 failed. HTTP Status: NotFound
[2025-10-09 03:52:54Z INFO GitHubActionsService] Finished operation Location.GetConnectionData
[2025-10-09 03:52:54Z ERR  GitHubActionsService] GET request to https://pipelinesghubeus6.actions.githubusercontent.com/hKyNd5hzQTjPqVOxuFp9CyJ2tMUr8ytJJ9FfsFju3bqhBGI0lq/_apis/connectionData?connectOptions=1&lastChangeId=258625537&lastChangeId64=258625537 failed. HTTP Status: NotFound
[2025-10-09 03:52:54Z INFO GitHubActionsService] Finished operation Location.GetConnectionData
[2025-10-09 03:52:54Z ERR  BrokerMessageListener] Catch exception during create session.
[2025-10-09 03:52:54Z ERR  BrokerMessageListener] GitHub.Services.WebApi.VssServiceResponseException: The resource cannot be found.
   at GitHub.Services.WebApi.VssHttpClientBase.HandleResponseAsync(HttpResponseMessage response, CancellationToken cancellationToken)
   at GitHub.Services.WebApi.VssHttpClientBase.SendAsync(HttpRequestMessage message, HttpCompletionOption completionOption, Object userState, CancellationToken cancellationToken)
   at GitHub.Services.WebApi.VssHttpClientBase.SendAsync[T](HttpRequestMessage message, Object userState, CancellationToken cancellationToken)
   at GitHub.Services.Location.Client.LocationHttpClient.GetConnectionDataAsync(ConnectOptions connectOptions, Int64 lastChangeId, CancellationToken cancellationToken, Object userState)
   at GitHub.Services.WebApi.Location.VssServerDataProvider.GetConnectionDataAsync(ConnectOptions connectOptions, Int32 lastChangeId, CancellationToken cancellationToken)
   at GitHub.Services.WebApi.Location.VssServerDataProvider.ConnectAsync(ConnectOptions connectOptions, CancellationToken cancellationToken)
   at GitHub.Runner.Common.RunnerService.EstablishVssConnection(Uri serverUrl, VssCredentials credentials, TimeSpan timeout)
   at GitHub.Runner.Common.RunnerServer.ConnectAsync(Uri serverUrl, VssCredentials credentials)
   at GitHub.Runner.Listener.BrokerMessageListener.CreateSessionAsync(CancellationToken token)
[2025-10-09 03:52:54Z INFO BrokerMessageListener] Retriable exception: The resource cannot be found.
[2025-10-09 03:52:54Z INFO BrokerMessageListener] Sleeping for 30 seconds before retrying.
[2025-10-09 03:53:24Z INFO BrokerMessageListener] Attempt to create session.
[2025-10-09 03:53:24Z INFO BrokerMessageListener] Connecting to the Broker Server...
[2025-10-09 03:53:24Z INFO ConfigurationStore] HasCredentials()
[2025-10-09 03:53:24Z INFO ConfigurationStore] stored True
[2025-10-09 03:53:24Z INFO CredentialManager] GetCredentialProvider
[2025-10-09 03:53:24Z INFO CredentialManager] Creating type OAuth
[2025-10-09 03:53:24Z INFO CredentialManager] Creating credential type: OAuth
[2025-10-09 03:53:24Z INFO RSAEncryptedFileKeyManager] Loading RSA key parameters from file G:\Brunella\actions-runner\.credentials_rsaparams
[2025-10-09 03:53:24Z INFO BrokerMessageListener] VssConnection created
[2025-10-09 03:53:24Z INFO BrokerMessageListener] Connecting to the Runner server...
[2025-10-09 03:53:24Z INFO RunnerServer] EstablishVssConnection
[2025-10-09 03:53:24Z INFO RunnerServer] Establish connection with 100 seconds timeout.
[2025-10-09 03:53:24Z INFO GitHubActionsService] Starting operation Location.GetConnectionData
[2025-10-09 03:53:24Z INFO RunnerServer] EstablishVssConnection
[2025-10-09 03:53:24Z INFO RunnerServer] Establish connection with 60 seconds timeout.
[2025-10-09 03:53:24Z INFO GitHubActionsService] Starting operation Location.GetConnectionData
[2025-10-09 03:53:24Z INFO RunnerServer] EstablishVssConnection
[2025-10-09 03:53:24Z INFO RunnerServer] Establish connection with 60 seconds timeout.
[2025-10-09 03:53:24Z INFO GitHubActionsService] Starting operation Location.GetConnectionData
[2025-10-09 03:53:25Z ERR  GitHubActionsService] GET request to https://pipelinesghubeus6.actions.githubusercontent.com/hKyNd5hzQTjPqVOxuFp9CyJ2tMUr8ytJJ9FfsFju3bqhBGI0lq/_apis/connectionData?connectOptions=1&lastChangeId=258625537&lastChangeId64=258625537 failed. HTTP Status: NotFound
[2025-10-09 03:53:25Z ERR  GitHubActionsService] GET request to https://pipelinesghubeus6.actions.githubusercontent.com/hKyNd5hzQTjPqVOxuFp9CyJ2tMUr8ytJJ9FfsFju3bqhBGI0lq/_apis/connectionData?connectOptions=1&lastChangeId=258625537&lastChangeId64=258625537 failed. HTTP Status: NotFound
[2025-10-09 03:53:25Z INFO GitHubActionsService] Finished operation Location.GetConnectionData
[2025-10-09 03:53:25Z INFO GitHubActionsService] Finished operation Location.GetConnectionData
[2025-10-09 03:53:25Z INFO RunnerServer] Catch exception during connect. 4 attempt left.
[2025-10-09 03:53:25Z INFO RunnerServer] Catch exception during connect. 4 attempt left.
[2025-10-09 03:53:25Z ERR  RunnerServer] GitHub.Services.WebApi.VssServiceResponseException: The resource cannot be found.
   at GitHub.Services.WebApi.VssHttpClientBase.HandleResponseAsync(HttpResponseMessage response, CancellationToken cancellationToken)
   at GitHub.Services.WebApi.VssHttpClientBase.SendAsync(HttpRequestMessage message, HttpCompletionOption completionOption, Object userState, CancellationToken cancellationToken)
   at GitHub.Services.WebApi.VssHttpClientBase.SendAsync[T](HttpRequestMessage message, Object userState, CancellationToken cancellationToken)
   at GitHub.Services.Location.Client.LocationHttpClient.GetConnectionDataAsync(ConnectOptions connectOptions, Int64 lastChangeId, CancellationToken cancellationToken, Object userState)
   at GitHub.Services.WebApi.Location.VssServerDataProvider.GetConnectionDataAsync(ConnectOptions connectOptions, Int32 lastChangeId, CancellationToken cancellationToken)
   at GitHub.Services.WebApi.Location.VssServerDataProvider.ConnectAsync(ConnectOptions connectOptions, CancellationToken cancellationToken)
   at GitHub.Runner.Common.RunnerService.EstablishVssConnection(Uri serverUrl, VssCredentials credentials, TimeSpan timeout)
[2025-10-09 03:53:25Z ERR  RunnerServer] GitHub.Services.WebApi.VssServiceResponseException: The resource cannot be found.
   at GitHub.Services.WebApi.VssHttpClientBase.HandleResponseAsync(HttpResponseMessage response, CancellationToken cancellationToken)
   at GitHub.Services.WebApi.VssHttpClientBase.SendAsync(HttpRequestMessage message, HttpCompletionOption completionOption, Object userState, CancellationToken cancellationToken)
   at GitHub.Services.WebApi.VssHttpClientBase.SendAsync[T](HttpRequestMessage message, Object userState, CancellationToken cancellationToken)
   at GitHub.Services.Location.Client.LocationHttpClient.GetConnectionDataAsync(ConnectOptions connectOptions, Int64 lastChangeId, CancellationToken cancellationToken, Object userState)
   at GitHub.Services.WebApi.Location.VssServerDataProvider.GetConnectionDataAsync(ConnectOptions connectOptions, Int32 lastChangeId, CancellationToken cancellationToken)
   at GitHub.Services.WebApi.Location.VssServerDataProvider.ConnectAsync(ConnectOptions connectOptions, CancellationToken cancellationToken)
   at GitHub.Runner.Common.RunnerService.EstablishVssConnection(Uri serverUrl, VssCredentials credentials, TimeSpan timeout)
[2025-10-09 03:53:25Z ERR  GitHubActionsService] GET request to https://pipelinesghubeus6.actions.githubusercontent.com/hKyNd5hzQTjPqVOxuFp9CyJ2tMUr8ytJJ9FfsFju3bqhBGI0lq/_apis/connectionData?connectOptions=1&lastChangeId=258625537&lastChangeId64=258625537 failed. HTTP Status: NotFound
[2025-10-09 03:53:25Z INFO GitHubActionsService] Finished operation Location.GetConnectionData
[2025-10-09 03:53:25Z INFO RunnerServer] Catch exception during connect. 4 attempt left.
[2025-10-09 03:53:25Z ERR  RunnerServer] GitHub.Services.WebApi.VssServiceResponseException: The resource cannot be found.
   at GitHub.Services.WebApi.VssHttpClientBase.HandleResponseAsync(HttpResponseMessage response, CancellationToken cancellationToken)
   at GitHub.Services.WebApi.VssHttpClientBase.SendAsync(HttpRequestMessage message, HttpCompletionOption completionOption, Object userState, CancellationToken cancellationToken)
   at GitHub.Services.WebApi.VssHttpClientBase.SendAsync[T](HttpRequestMessage message, Object userState, CancellationToken cancellationToken)
   at GitHub.Services.Location.Client.LocationHttpClient.GetConnectionDataAsync(ConnectOptions connectOptions, Int64 lastChangeId, CancellationToken cancellationToken, Object userState)
   at GitHub.Services.WebApi.Location.VssServerDataProvider.GetConnectionDataAsync(ConnectOptions connectOptions, Int32 lastChangeId, CancellationToken cancellationToken)
   at GitHub.Services.WebApi.Location.VssServerDataProvider.ConnectAsync(ConnectOptions connectOptions, CancellationToken cancellationToken)
   at GitHub.Runner.Common.RunnerService.EstablishVssConnection(Uri serverUrl, VssCredentials credentials, TimeSpan timeout)
[2025-10-09 03:53:25Z INFO GitHubActionsService] Starting operation Location.GetConnectionData
[2025-10-09 03:53:25Z INFO GitHubActionsService] Starting operation Location.GetConnectionData
[2025-10-09 03:53:25Z INFO GitHubActionsService] Starting operation Location.GetConnectionData
[2025-10-09 03:53:26Z ERR  GitHubActionsService] GET request to https://pipelinesghubeus6.actions.githubusercontent.com/hKyNd5hzQTjPqVOxuFp9CyJ2tMUr8ytJJ9FfsFju3bqhBGI0lq/_apis/connectionData?connectOptions=1&lastChangeId=258625537&lastChangeId64=258625537 failed. HTTP Status: NotFound
[2025-10-09 03:53:26Z INFO GitHubActionsService] Finished operation Location.GetConnectionData
[2025-10-09 03:53:26Z INFO RunnerServer] Catch exception during connect. 3 attempt left.
[2025-10-09 03:53:26Z ERR  RunnerServer] GitHub.Services.WebApi.VssServiceResponseException: The resource cannot be found.
   at GitHub.Services.WebApi.VssHttpClientBase.HandleResponseAsync(HttpResponseMessage response, CancellationToken cancellationToken)
   at GitHub.Services.WebApi.VssHttpClientBase.SendAsync(HttpRequestMessage message, HttpCompletionOption completionOption, Object userState, CancellationToken cancellationToken)
   at GitHub.Services.WebApi.VssHttpClientBase.SendAsync[T](HttpRequestMessage message, Object userState, CancellationToken cancellationToken)
   at GitHub.Services.Location.Client.LocationHttpClient.GetConnectionDataAsync(ConnectOptions connectOptions, Int64 lastChangeId, CancellationToken cancellationToken, Object userState)
   at GitHub.Services.WebApi.Location.VssServerDataProvider.GetConnectionDataAsync(ConnectOptions connectOptions, Int32 lastChangeId, CancellationToken cancellationToken)
   at GitHub.Services.WebApi.Location.VssServerDataProvider.ConnectAsync(ConnectOptions connectOptions, CancellationToken cancellationToken)
   at GitHub.Runner.Common.RunnerService.EstablishVssConnection(Uri serverUrl, VssCredentials credentials, TimeSpan timeout)
[2025-10-09 03:53:26Z ERR  GitHubActionsService] GET request to https://pipelinesghubeus6.actions.githubusercontent.com/hKyNd5hzQTjPqVOxuFp9CyJ2tMUr8ytJJ9FfsFju3bqhBGI0lq/_apis/connectionData?connectOptions=1&lastChangeId=258625537&lastChangeId64=258625537 failed. HTTP Status: NotFound
[2025-10-09 03:53:26Z INFO GitHubActionsService] Finished operation Location.GetConnectionData
[2025-10-09 03:53:26Z INFO RunnerServer] Catch exception during connect. 3 attempt left.
[2025-10-09 03:53:26Z ERR  RunnerServer] GitHub.Services.WebApi.VssServiceResponseException: The resource cannot be found.
   at GitHub.Services.WebApi.VssHttpClientBase.HandleResponseAsync(HttpResponseMessage response, CancellationToken cancellationToken)
   at GitHub.Services.WebApi.VssHttpClientBase.SendAsync(HttpRequestMessage message, HttpCompletionOption completionOption, Object userState, CancellationToken cancellationToken)
   at GitHub.Services.WebApi.VssHttpClientBase.SendAsync[T](HttpRequestMessage message, Object userState, CancellationToken cancellationToken)
   at GitHub.Services.Location.Client.LocationHttpClient.GetConnectionDataAsync(ConnectOptions connectOptions, Int64 lastChangeId, CancellationToken cancellationToken, Object userState)
   at GitHub.Services.WebApi.Location.VssServerDataProvider.GetConnectionDataAsync(ConnectOptions connectOptions, Int32 lastChangeId, CancellationToken cancellationToken)
   at GitHub.Services.WebApi.Location.VssServerDataProvider.ConnectAsync(ConnectOptions connectOptions, CancellationToken cancellationToken)
   at GitHub.Runner.Common.RunnerService.EstablishVssConnection(Uri serverUrl, VssCredentials credentials, TimeSpan timeout)
[2025-10-09 03:53:26Z ERR  GitHubActionsService] GET request to https://pipelinesghubeus6.actions.githubusercontent.com/hKyNd5hzQTjPqVOxuFp9CyJ2tMUr8ytJJ9FfsFju3bqhBGI0lq/_apis/connectionData?connectOptions=1&lastChangeId=258625537&lastChangeId64=258625537 failed. HTTP Status: NotFound
[2025-10-09 03:53:26Z INFO GitHubActionsService] Finished operation Location.GetConnectionData
[2025-10-09 03:53:26Z INFO RunnerServer] Catch exception during connect. 3 attempt left.
[2025-10-09 03:53:26Z ERR  RunnerServer] GitHub.Services.WebApi.VssServiceResponseException: The resource cannot be found.
   at GitHub.Services.WebApi.VssHttpClientBase.HandleResponseAsync(HttpResponseMessage response, CancellationToken cancellationToken)
   at GitHub.Services.WebApi.VssHttpClientBase.SendAsync(HttpRequestMessage message, HttpCompletionOption completionOption, Object userState, CancellationToken cancellationToken)
   at GitHub.Services.WebApi.VssHttpClientBase.SendAsync[T](HttpRequestMessage message, Object userState, CancellationToken cancellationToken)
   at GitHub.Services.Location.Client.LocationHttpClient.GetConnectionDataAsync(ConnectOptions connectOptions, Int64 lastChangeId, CancellationToken cancellationToken, Object userState)
   at GitHub.Services.WebApi.Location.VssServerDataProvider.GetConnectionDataAsync(ConnectOptions connectOptions, Int32 lastChangeId, CancellationToken cancellationToken)
   at GitHub.Services.WebApi.Location.VssServerDataProvider.ConnectAsync(ConnectOptions connectOptions, CancellationToken cancellationToken)
   at GitHub.Runner.Common.RunnerService.EstablishVssConnection(Uri serverUrl, VssCredentials credentials, TimeSpan timeout)
[2025-10-09 03:53:26Z INFO GitHubActionsService] Starting operation Location.GetConnectionData
[2025-10-09 03:53:26Z INFO GitHubActionsService] Starting operation Location.GetConnectionData
[2025-10-09 03:53:26Z INFO GitHubActionsService] Starting operation Location.GetConnectionData
[2025-10-09 03:53:26Z ERR  GitHubActionsService] GET request to https://pipelinesghubeus6.actions.githubusercontent.com/hKyNd5hzQTjPqVOxuFp9CyJ2tMUr8ytJJ9FfsFju3bqhBGI0lq/_apis/connectionData?connectOptions=1&lastChangeId=258625537&lastChangeId64=258625537 failed. HTTP Status: NotFound
[2025-10-09 03:53:26Z INFO GitHubActionsService] Finished operation Location.GetConnectionData
[2025-10-09 03:53:26Z INFO RunnerServer] Catch exception during connect. 2 attempt left.
[2025-10-09 03:53:26Z ERR  RunnerServer] GitHub.Services.WebApi.VssServiceResponseException: The resource cannot be found.
   at GitHub.Services.WebApi.VssHttpClientBase.HandleResponseAsync(HttpResponseMessage response, CancellationToken cancellationToken)
   at GitHub.Services.WebApi.VssHttpClientBase.SendAsync(HttpRequestMessage message, HttpCompletionOption completionOption, Object userState, CancellationToken cancellationToken)
   at GitHub.Services.WebApi.VssHttpClientBase.SendAsync[T](HttpRequestMessage message, Object userState, CancellationToken cancellationToken)
   at GitHub.Services.Location.Client.LocationHttpClient.GetConnectionDataAsync(ConnectOptions connectOptions, Int64 lastChangeId, CancellationToken cancellationToken, Object userState)
   at GitHub.Services.WebApi.Location.VssServerDataProvider.GetConnectionDataAsync(ConnectOptions connectOptions, Int32 lastChangeId, CancellationToken cancellationToken)
   at GitHub.Services.WebApi.Location.VssServerDataProvider.ConnectAsync(ConnectOptions connectOptions, CancellationToken cancellationToken)
   at GitHub.Runner.Common.RunnerService.EstablishVssConnection(Uri serverUrl, VssCredentials credentials, TimeSpan timeout)
[2025-10-09 03:53:26Z INFO GitHubActionsService] Starting operation Location.GetConnectionData
[2025-10-09 03:53:26Z ERR  GitHubActionsService] GET request to https://pipelinesghubeus6.actions.githubusercontent.com/hKyNd5hzQTjPqVOxuFp9CyJ2tMUr8ytJJ9FfsFju3bqhBGI0lq/_apis/connectionData?connectOptions=1&lastChangeId=258625537&lastChangeId64=258625537 failed. HTTP Status: NotFound
[2025-10-09 03:53:26Z INFO GitHubActionsService] Finished operation Location.GetConnectionData
[2025-10-09 03:53:26Z INFO RunnerServer] Catch exception during connect. 2 attempt left.
[2025-10-09 03:53:26Z ERR  RunnerServer] GitHub.Services.WebApi.VssServiceResponseException: The resource cannot be found.
   at GitHub.Services.WebApi.VssHttpClientBase.HandleResponseAsync(HttpResponseMessage response, CancellationToken cancellationToken)
   at GitHub.Services.WebApi.VssHttpClientBase.SendAsync(HttpRequestMessage message, HttpCompletionOption completionOption, Object userState, CancellationToken cancellationToken)
   at GitHub.Services.WebApi.VssHttpClientBase.SendAsync[T](HttpRequestMessage message, Object userState, CancellationToken cancellationToken)
   at GitHub.Services.Location.Client.LocationHttpClient.GetConnectionDataAsync(ConnectOptions connectOptions, Int64 lastChangeId, CancellationToken cancellationToken, Object userState)
   at GitHub.Services.WebApi.Location.VssServerDataProvider.GetConnectionDataAsync(ConnectOptions connectOptions, Int32 lastChangeId, CancellationToken cancellationToken)
   at GitHub.Services.WebApi.Location.VssServerDataProvider.ConnectAsync(ConnectOptions connectOptions, CancellationToken cancellationToken)
   at GitHub.Runner.Common.RunnerService.EstablishVssConnection(Uri serverUrl, VssCredentials credentials, TimeSpan timeout)
[2025-10-09 03:53:26Z ERR  GitHubActionsService] GET request to https://pipelinesghubeus6.actions.githubusercontent.com/hKyNd5hzQTjPqVOxuFp9CyJ2tMUr8ytJJ9FfsFju3bqhBGI0lq/_apis/connectionData?connectOptions=1&lastChangeId=258625537&lastChangeId64=258625537 failed. HTTP Status: NotFound
[2025-10-09 03:53:26Z INFO GitHubActionsService] Finished operation Location.GetConnectionData
[2025-10-09 03:53:26Z INFO RunnerServer] Catch exception during connect. 2 attempt left.
[2025-10-09 03:53:26Z ERR  RunnerServer] GitHub.Services.WebApi.VssServiceResponseException: The resource cannot be found.
   at GitHub.Services.WebApi.VssHttpClientBase.HandleResponseAsync(HttpResponseMessage response, CancellationToken cancellationToken)
   at GitHub.Services.WebApi.VssHttpClientBase.SendAsync(HttpRequestMessage message, HttpCompletionOption completionOption, Object userState, CancellationToken cancellationToken)
   at GitHub.Services.WebApi.VssHttpClientBase.SendAsync[T](HttpRequestMessage message, Object userState, CancellationToken cancellationToken)
   at GitHub.Services.Location.Client.LocationHttpClient.GetConnectionDataAsync(ConnectOptions connectOptions, Int64 lastChangeId, CancellationToken cancellationToken, Object userState)
   at GitHub.Services.WebApi.Location.VssServerDataProvider.GetConnectionDataAsync(ConnectOptions connectOptions, Int32 lastChangeId, CancellationToken cancellationToken)
   at GitHub.Services.WebApi.Location.VssServerDataProvider.ConnectAsync(ConnectOptions connectOptions, CancellationToken cancellationToken)
   at GitHub.Runner.Common.RunnerService.EstablishVssConnection(Uri serverUrl, VssCredentials credentials, TimeSpan timeout)
[2025-10-09 03:53:26Z INFO GitHubActionsService] Starting operation Location.GetConnectionData
[2025-10-09 03:53:26Z INFO GitHubActionsService] Starting operation Location.GetConnectionData
[2025-10-09 03:53:27Z ERR  GitHubActionsService] GET request to https://pipelinesghubeus6.actions.githubusercontent.com/hKyNd5hzQTjPqVOxuFp9CyJ2tMUr8ytJJ9FfsFju3bqhBGI0lq/_apis/connectionData?connectOptions=1&lastChangeId=258625537&lastChangeId64=258625537 failed. HTTP Status: NotFound
[2025-10-09 03:53:27Z INFO GitHubActionsService] Finished operation Location.GetConnectionData
[2025-10-09 03:53:27Z INFO RunnerServer] Catch exception during connect. 1 attempt left.
[2025-10-09 03:53:27Z ERR  RunnerServer] GitHub.Services.WebApi.VssServiceResponseException: The resource cannot be found.
   at GitHub.Services.WebApi.VssHttpClientBase.HandleResponseAsync(HttpResponseMessage response, CancellationToken cancellationToken)
   at GitHub.Services.WebApi.VssHttpClientBase.SendAsync(HttpRequestMessage message, HttpCompletionOption completionOption, Object userState, CancellationToken cancellationToken)
   at GitHub.Services.WebApi.VssHttpClientBase.SendAsync[T](HttpRequestMessage message, Object userState, CancellationToken cancellationToken)
   at GitHub.Services.Location.Client.LocationHttpClient.GetConnectionDataAsync(ConnectOptions connectOptions, Int64 lastChangeId, CancellationToken cancellationToken, Object userState)
   at GitHub.Services.WebApi.Location.VssServerDataProvider.GetConnectionDataAsync(ConnectOptions connectOptions, Int32 lastChangeId, CancellationToken cancellationToken)
   at GitHub.Services.WebApi.Location.VssServerDataProvider.ConnectAsync(ConnectOptions connectOptions, CancellationToken cancellationToken)
   at GitHub.Runner.Common.RunnerService.EstablishVssConnection(Uri serverUrl, VssCredentials credentials, TimeSpan timeout)
[2025-10-09 03:53:27Z INFO GitHubActionsService] Starting operation Location.GetConnectionData
[2025-10-09 03:53:27Z ERR  GitHubActionsService] GET request to https://pipelinesghubeus6.actions.githubusercontent.com/hKyNd5hzQTjPqVOxuFp9CyJ2tMUr8ytJJ9FfsFju3bqhBGI0lq/_apis/connectionData?connectOptions=1&lastChangeId=258625537&lastChangeId64=258625537 failed. HTTP Status: NotFound
[2025-10-09 03:53:27Z INFO GitHubActionsService] Finished operation Location.GetConnectionData
[2025-10-09 03:53:27Z INFO RunnerServer] Catch exception during connect. 1 attempt left.
[2025-10-09 03:53:27Z ERR  RunnerServer] GitHub.Services.WebApi.VssServiceResponseException: The resource cannot be found.
   at GitHub.Services.WebApi.VssHttpClientBase.HandleResponseAsync(HttpResponseMessage response, CancellationToken cancellationToken)
   at GitHub.Services.WebApi.VssHttpClientBase.SendAsync(HttpRequestMessage message, HttpCompletionOption completionOption, Object userState, CancellationToken cancellationToken)
   at GitHub.Services.WebApi.VssHttpClientBase.SendAsync[T](HttpRequestMessage message, Object userState, CancellationToken cancellationToken)
   at GitHub.Services.Location.Client.LocationHttpClient.GetConnectionDataAsync(ConnectOptions connectOptions, Int64 lastChangeId, CancellationToken cancellationToken, Object userState)
   at GitHub.Services.WebApi.Location.VssServerDataProvider.GetConnectionDataAsync(ConnectOptions connectOptions, Int32 lastChangeId, CancellationToken cancellationToken)
   at GitHub.Services.WebApi.Location.VssServerDataProvider.ConnectAsync(ConnectOptions connectOptions, CancellationToken cancellationToken)
   at GitHub.Runner.Common.RunnerService.EstablishVssConnection(Uri serverUrl, VssCredentials credentials, TimeSpan timeout)
[2025-10-09 03:53:27Z ERR  GitHubActionsService] GET request to https://pipelinesghubeus6.actions.githubusercontent.com/hKyNd5hzQTjPqVOxuFp9CyJ2tMUr8ytJJ9FfsFju3bqhBGI0lq/_apis/connectionData?connectOptions=1&lastChangeId=258625537&lastChangeId64=258625537 failed. HTTP Status: NotFound
[2025-10-09 03:53:27Z INFO GitHubActionsService] Finished operation Location.GetConnectionData
[2025-10-09 03:53:27Z INFO RunnerServer] Catch exception during connect. 1 attempt left.
[2025-10-09 03:53:27Z ERR  RunnerServer] GitHub.Services.WebApi.VssServiceResponseException: The resource cannot be found.
   at GitHub.Services.WebApi.VssHttpClientBase.HandleResponseAsync(HttpResponseMessage response, CancellationToken cancellationToken)
   at GitHub.Services.WebApi.VssHttpClientBase.SendAsync(HttpRequestMessage message, HttpCompletionOption completionOption, Object userState, CancellationToken cancellationToken)
   at GitHub.Services.WebApi.VssHttpClientBase.SendAsync[T](HttpRequestMessage message, Object userState, CancellationToken cancellationToken)
   at GitHub.Services.Location.Client.LocationHttpClient.GetConnectionDataAsync(ConnectOptions connectOptions, Int64 lastChangeId, CancellationToken cancellationToken, Object userState)
   at GitHub.Services.WebApi.Location.VssServerDataProvider.GetConnectionDataAsync(ConnectOptions connectOptions, Int32 lastChangeId, CancellationToken cancellationToken)
   at GitHub.Services.WebApi.Location.VssServerDataProvider.ConnectAsync(ConnectOptions connectOptions, CancellationToken cancellationToken)
   at GitHub.Runner.Common.RunnerService.EstablishVssConnection(Uri serverUrl, VssCredentials credentials, TimeSpan timeout)
[2025-10-09 03:53:27Z INFO GitHubActionsService] Starting operation Location.GetConnectionData
[2025-10-09 03:53:27Z INFO GitHubActionsService] Starting operation Location.GetConnectionData
[2025-10-09 03:53:28Z ERR  GitHubActionsService] GET request to https://pipelinesghubeus6.actions.githubusercontent.com/hKyNd5hzQTjPqVOxuFp9CyJ2tMUr8ytJJ9FfsFju3bqhBGI0lq/_apis/connectionData?connectOptions=1&lastChangeId=258625537&lastChangeId64=258625537 failed. HTTP Status: NotFound
[2025-10-09 03:53:28Z INFO GitHubActionsService] Finished operation Location.GetConnectionData
[2025-10-09 03:53:28Z ERR  GitHubActionsService] GET request to https://pipelinesghubeus6.actions.githubusercontent.com/hKyNd5hzQTjPqVOxuFp9CyJ2tMUr8ytJJ9FfsFju3bqhBGI0lq/_apis/connectionData?connectOptions=1&lastChangeId=258625537&lastChangeId64=258625537 failed. HTTP Status: NotFound
[2025-10-09 03:53:28Z INFO GitHubActionsService] Finished operation Location.GetConnectionData
[2025-10-09 03:53:28Z ERR  GitHubActionsService] GET request to https://pipelinesghubeus6.actions.githubusercontent.com/hKyNd5hzQTjPqVOxuFp9CyJ2tMUr8ytJJ9FfsFju3bqhBGI0lq/_apis/connectionData?connectOptions=1&lastChangeId=258625537&lastChangeId64=258625537 failed. HTTP Status: NotFound
[2025-10-09 03:53:28Z INFO GitHubActionsService] Finished operation Location.GetConnectionData
[2025-10-09 03:53:28Z ERR  BrokerMessageListener] Catch exception during create session.
[2025-10-09 03:53:28Z ERR  BrokerMessageListener] GitHub.Services.WebApi.VssServiceResponseException: The resource cannot be found.
   at GitHub.Services.WebApi.VssHttpClientBase.HandleResponseAsync(HttpResponseMessage response, CancellationToken cancellationToken)
   at GitHub.Services.WebApi.VssHttpClientBase.SendAsync(HttpRequestMessage message, HttpCompletionOption completionOption, Object userState, CancellationToken cancellationToken)
   at GitHub.Services.WebApi.VssHttpClientBase.SendAsync[T](HttpRequestMessage message, Object userState, CancellationToken cancellationToken)
   at GitHub.Services.Location.Client.LocationHttpClient.GetConnectionDataAsync(ConnectOptions connectOptions, Int64 lastChangeId, CancellationToken cancellationToken, Object userState)
   at GitHub.Services.WebApi.Location.VssServerDataProvider.GetConnectionDataAsync(ConnectOptions connectOptions, Int32 lastChangeId, CancellationToken cancellationToken)
   at GitHub.Services.WebApi.Location.VssServerDataProvider.ConnectAsync(ConnectOptions connectOptions, CancellationToken cancellationToken)
   at GitHub.Runner.Common.RunnerService.EstablishVssConnection(Uri serverUrl, VssCredentials credentials, TimeSpan timeout)
   at GitHub.Runner.Common.RunnerServer.ConnectAsync(Uri serverUrl, VssCredentials credentials)
   at GitHub.Runner.Listener.BrokerMessageListener.CreateSessionAsync(CancellationToken token)
[2025-10-09 03:53:28Z INFO BrokerMessageListener] Retriable exception: The resource cannot be found.
[2025-10-09 03:53:28Z INFO BrokerMessageListener] Sleeping for 30 seconds before retrying.
[2025-10-09 03:53:46Z INFO HostContext] Runner will be shutdown for UserCancelled
[2025-10-09 03:53:46Z INFO Listener] Runner execution been cancelled.
