[2025-10-01 16:52:56Z INFO GitHubActionsService] Starting operation Location.GetConnectionData
[2025-10-01 16:52:56Z INFO GitHubActionsService] Starting operation Location.GetConnectionData
[2025-10-01 16:52:57Z ERR  GitHubActionsService] GET request to https://pipelinesghubeus6.actions.githubusercontent.com/hKyNd5hzQTjPqVOxuFp9CyJ2tMUr8ytJJ9FfsFju3bqhBGI0lq/_apis/connectionData?connectOptions=1&lastChangeId=258625537&lastChangeId64=258625537 failed. HTTP Status: NotFound
[2025-10-01 16:52:57Z INFO GitHubActionsService] Finished operation Location.GetConnectionData
[2025-10-01 16:52:57Z INFO RunnerServer] Catch exception during connect. 2 attempt left.
[2025-10-01 16:52:57Z ERR  RunnerServer] GitHub.Services.WebApi.VssServiceResponseException: The resource cannot be found.
   at GitHub.Services.WebApi.VssHttpClientBase.HandleResponseAsync(HttpResponseMessage response, CancellationToken cancellationToken)
   at GitHub.Services.WebApi.VssHttpClientBase.SendAsync(HttpRequestMessage message, HttpCompletionOption completionOption, Object userState, CancellationToken cancellationToken)
   at GitHub.Services.WebApi.VssHttpClientBase.SendAsync[T](HttpRequestMessage message, Object userState, CancellationToken cancellationToken)
   at GitHub.Services.Location.Client.LocationHttpClient.GetConnectionDataAsync(ConnectOptions connectOptions, Int64 lastChangeId, CancellationToken cancellationToken, Object userState)
   at GitHub.Services.WebApi.Location.VssServerDataProvider.GetConnectionDataAsync(ConnectOptions connectOptions, Int32 lastChangeId, CancellationToken cancellationToken)
   at GitHub.Services.WebApi.Location.VssServerDataProvider.ConnectAsync(ConnectOptions connectOptions, CancellationToken cancellationToken)
   at GitHub.Runner.Common.RunnerService.EstablishVssConnection(Uri serverUrl, VssCredentials credentials, TimeSpan timeout)
[2025-10-01 16:52:57Z INFO GitHubActionsService] Starting operation Location.GetConnectionData
[2025-10-01 16:52:57Z ERR  GitHubActionsService] GET request to https://pipelinesghubeus6.actions.githubusercontent.com/hKyNd5hzQTjPqVOxuFp9CyJ2tMUr8ytJJ9FfsFju3bqhBGI0lq/_apis/connectionData?connectOptions=1&lastChangeId=258625537&lastChangeId64=258625537 failed. HTTP Status: NotFound
[2025-10-01 16:52:57Z INFO GitHubActionsService] Finished operation Location.GetConnectionData
[2025-10-01 16:52:57Z INFO RunnerServer] Catch exception during connect. 2 attempt left.
[2025-10-01 16:52:57Z ERR  RunnerServer] GitHub.Services.WebApi.VssServiceResponseException: The resource cannot be found.
   at GitHub.Services.WebApi.VssHttpClientBase.HandleResponseAsync(HttpResponseMessage response, CancellationToken cancellationToken)
   at GitHub.Services.WebApi.VssHttpClientBase.SendAsync(HttpRequestMessage message, HttpCompletionOption completionOption, Object userState, CancellationToken cancellationToken)
   at GitHub.Services.WebApi.VssHttpClientBase.SendAsync[T](HttpRequestMessage message, Object userState, CancellationToken cancellationToken)
   at GitHub.Services.Location.Client.LocationHttpClient.GetConnectionDataAsync(ConnectOptions connectOptions, Int64 lastChangeId, CancellationToken cancellationToken, Object userState)
   at GitHub.Services.WebApi.Location.VssServerDataProvider.GetConnectionDataAsync(ConnectOptions connectOptions, Int32 lastChangeId, CancellationToken cancellationToken)
   at GitHub.Services.WebApi.Location.VssServerDataProvider.ConnectAsync(ConnectOptions connectOptions, CancellationToken cancellationToken)
   at GitHub.Runner.Common.RunnerService.EstablishVssConnection(Uri serverUrl, VssCredentials credentials, TimeSpan timeout)
[2025-10-01 16:52:57Z ERR  GitHubActionsService] GET request to https://pipelinesghubeus6.actions.githubusercontent.com/hKyNd5hzQTjPqVOxuFp9CyJ2tMUr8ytJJ9FfsFju3bqhBGI0lq/_apis/connectionData?connectOptions=1&lastChangeId=258625537&lastChangeId64=258625537 failed. HTTP Status: NotFound
[2025-10-01 16:52:57Z INFO GitHubActionsService] Finished operation Location.GetConnectionData
[2025-10-01 16:52:57Z INFO RunnerServer] Catch exception during connect. 2 attempt left.
[2025-10-01 16:52:57Z ERR  RunnerServer] GitHub.Services.WebApi.VssServiceResponseException: The resource cannot be found.
   at GitHub.Services.WebApi.VssHttpClientBase.HandleResponseAsync(HttpResponseMessage response, CancellationToken cancellationToken)
   at GitHub.Services.WebApi.VssHttpClientBase.SendAsync(HttpRequestMessage message, HttpCompletionOption completionOption, Object userState, CancellationToken cancellationToken)
   at GitHub.Services.WebApi.VssHttpClientBase.SendAsync[T](HttpRequestMessage message, Object userState, CancellationToken cancellationToken)
   at GitHub.Services.Location.Client.LocationHttpClient.GetConnectionDataAsync(ConnectOptions connectOptions, Int64 lastChangeId, CancellationToken cancellationToken, Object userState)
   at GitHub.Services.WebApi.Location.VssServerDataProvider.GetConnectionDataAsync(ConnectOptions connectOptions, Int32 lastChangeId, CancellationToken cancellationToken)
   at GitHub.Services.WebApi.Location.VssServerDataProvider.ConnectAsync(ConnectOptions connectOptions, CancellationToken cancellationToken)
   at GitHub.Runner.Common.RunnerService.EstablishVssConnection(Uri serverUrl, VssCredentials credentials, TimeSpan timeout)
[2025-10-01 16:52:57Z INFO GitHubActionsService] Starting operation Location.GetConnectionData
[2025-10-01 16:52:57Z INFO GitHubActionsService] Starting operation Location.GetConnectionData
[2025-10-01 16:52:57Z ERR  GitHubActionsService] GET request to https://pipelinesghubeus6.actions.githubusercontent.com/hKyNd5hzQTjPqVOxuFp9CyJ2tMUr8ytJJ9FfsFju3bqhBGI0lq/_apis/connectionData?connectOptions=1&lastChangeId=258625537&lastChangeId64=258625537 failed. HTTP Status: NotFound
[2025-10-01 16:52:57Z INFO GitHubActionsService] Finished operation Location.GetConnectionData
[2025-10-01 16:52:57Z INFO RunnerServer] Catch exception during connect. 1 attempt left.
[2025-10-01 16:52:57Z ERR  RunnerServer] GitHub.Services.WebApi.VssServiceResponseException: The resource cannot be found.
   at GitHub.Services.WebApi.VssHttpClientBase.HandleResponseAsync(HttpResponseMessage response, CancellationToken cancellationToken)
   at GitHub.Services.WebApi.VssHttpClientBase.SendAsync(HttpRequestMessage message, HttpCompletionOption completionOption, Object userState, CancellationToken cancellationToken)
   at GitHub.Services.WebApi.VssHttpClientBase.SendAsync[T](HttpRequestMessage message, Object userState, CancellationToken cancellationToken)
   at GitHub.Services.Location.Client.LocationHttpClient.GetConnectionDataAsync(ConnectOptions connectOptions, Int64 lastChangeId, CancellationToken cancellationToken, Object userState)
   at GitHub.Services.WebApi.Location.VssServerDataProvider.GetConnectionDataAsync(ConnectOptions connectOptions, Int32 lastChangeId, CancellationToken cancellationToken)
   at GitHub.Services.WebApi.Location.VssServerDataProvider.ConnectAsync(ConnectOptions connectOptions, CancellationToken cancellationToken)
   at GitHub.Runner.Common.RunnerService.EstablishVssConnection(Uri serverUrl, VssCredentials credentials, TimeSpan timeout)
[2025-10-01 16:52:58Z INFO GitHubActionsService] Starting operation Location.GetConnectionData
[2025-10-01 16:52:58Z ERR  GitHubActionsService] GET request to https://pipelinesghubeus6.actions.githubusercontent.com/hKyNd5hzQTjPqVOxuFp9CyJ2tMUr8ytJJ9FfsFju3bqhBGI0lq/_apis/connectionData?connectOptions=1&lastChangeId=258625537&lastChangeId64=258625537 failed. HTTP Status: NotFound
[2025-10-01 16:52:58Z INFO GitHubActionsService] Finished operation Location.GetConnectionData
[2025-10-01 16:52:58Z INFO RunnerServer] Catch exception during connect. 1 attempt left.
[2025-10-01 16:52:58Z ERR  RunnerServer] GitHub.Services.WebApi.VssServiceResponseException: The resource cannot be found.
   at GitHub.Services.WebApi.VssHttpClientBase.HandleResponseAsync(HttpResponseMessage response, CancellationToken cancellationToken)
   at GitHub.Services.WebApi.VssHttpClientBase.SendAsync(HttpRequestMessage message, HttpCompletionOption completionOption, Object userState, CancellationToken cancellationToken)
   at GitHub.Services.WebApi.VssHttpClientBase.SendAsync[T](HttpRequestMessage message, Object userState, CancellationToken cancellationToken)
   at GitHub.Services.Location.Client.LocationHttpClient.GetConnectionDataAsync(ConnectOptions connectOptions, Int64 lastChangeId, CancellationToken cancellationToken, Object userState)
   at GitHub.Services.WebApi.Location.VssServerDataProvider.GetConnectionDataAsync(ConnectOptions connectOptions, Int32 lastChangeId, CancellationToken cancellationToken)
   at GitHub.Services.WebApi.Location.VssServerDataProvider.ConnectAsync(ConnectOptions connectOptions, CancellationToken cancellationToken)
   at GitHub.Runner.Common.RunnerService.EstablishVssConnection(Uri serverUrl, VssCredentials credentials, TimeSpan timeout)
[2025-10-01 16:52:58Z ERR  GitHubActionsService] GET request to https://pipelinesghubeus6.actions.githubusercontent.com/hKyNd5hzQTjPqVOxuFp9CyJ2tMUr8ytJJ9FfsFju3bqhBGI0lq/_apis/connectionData?connectOptions=1&lastChangeId=258625537&lastChangeId64=258625537 failed. HTTP Status: NotFound
[2025-10-01 16:52:58Z INFO GitHubActionsService] Finished operation Location.GetConnectionData
[2025-10-01 16:52:58Z INFO RunnerServer] Catch exception during connect. 1 attempt left.
[2025-10-01 16:52:58Z ERR  RunnerServer] GitHub.Services.WebApi.VssServiceResponseException: The resource cannot be found.
   at GitHub.Services.WebApi.VssHttpClientBase.HandleResponseAsync(HttpResponseMessage response, CancellationToken cancellationToken)
   at GitHub.Services.WebApi.VssHttpClientBase.SendAsync(HttpRequestMessage message, HttpCompletionOption completionOption, Object userState, CancellationToken cancellationToken)
   at GitHub.Services.WebApi.VssHttpClientBase.SendAsync[T](HttpRequestMessage message, Object userState, CancellationToken cancellationToken)
   at GitHub.Services.Location.Client.LocationHttpClient.GetConnectionDataAsync(ConnectOptions connectOptions, Int64 lastChangeId, CancellationToken cancellationToken, Object userState)
   at GitHub.Services.WebApi.Location.VssServerDataProvider.GetConnectionDataAsync(ConnectOptions connectOptions, Int32 lastChangeId, CancellationToken cancellationToken)
   at GitHub.Services.WebApi.Location.VssServerDataProvider.ConnectAsync(ConnectOptions connectOptions, CancellationToken cancellationToken)
   at GitHub.Runner.Common.RunnerService.EstablishVssConnection(Uri serverUrl, VssCredentials credentials, TimeSpan timeout)
[2025-10-01 16:52:58Z INFO GitHubActionsService] Starting operation Location.GetConnectionData
[2025-10-01 16:52:58Z INFO GitHubActionsService] Starting operation Location.GetConnectionData
[2025-10-01 16:52:58Z ERR  GitHubActionsService] GET request to https://pipelinesghubeus6.actions.githubusercontent.com/hKyNd5hzQTjPqVOxuFp9CyJ2tMUr8ytJJ9FfsFju3bqhBGI0lq/_apis/connectionData?connectOptions=1&lastChangeId=258625537&lastChangeId64=258625537 failed. HTTP Status: NotFound
[2025-10-01 16:52:58Z INFO GitHubActionsService] Finished operation Location.GetConnectionData
[2025-10-01 16:52:58Z ERR  GitHubActionsService] GET request to https://pipelinesghubeus6.actions.githubusercontent.com/hKyNd5hzQTjPqVOxuFp9CyJ2tMUr8ytJJ9FfsFju3bqhBGI0lq/_apis/connectionData?connectOptions=1&lastChangeId=258625537&lastChangeId64=258625537 failed. HTTP Status: NotFound
[2025-10-01 16:52:58Z INFO GitHubActionsService] Finished operation Location.GetConnectionData
[2025-10-01 16:52:58Z ERR  GitHubActionsService] GET request to https://pipelinesghubeus6.actions.githubusercontent.com/hKyNd5hzQTjPqVOxuFp9CyJ2tMUr8ytJJ9FfsFju3bqhBGI0lq/_apis/connectionData?connectOptions=1&lastChangeId=258625537&lastChangeId64=258625537 failed. HTTP Status: NotFound
[2025-10-01 16:52:58Z INFO GitHubActionsService] Finished operation Location.GetConnectionData
[2025-10-01 16:52:58Z ERR  BrokerMessageListener] Catch exception during create session.
[2025-10-01 16:52:58Z ERR  BrokerMessageListener] GitHub.Services.WebApi.VssServiceResponseException: The resource cannot be found.
   at GitHub.Services.WebApi.VssHttpClientBase.HandleResponseAsync(HttpResponseMessage response, CancellationToken cancellationToken)
   at GitHub.Services.WebApi.VssHttpClientBase.SendAsync(HttpRequestMessage message, HttpCompletionOption completionOption, Object userState, CancellationToken cancellationToken)
   at GitHub.Services.WebApi.VssHttpClientBase.SendAsync[T](HttpRequestMessage message, Object userState, CancellationToken cancellationToken)
   at GitHub.Services.Location.Client.LocationHttpClient.GetConnectionDataAsync(ConnectOptions connectOptions, Int64 lastChangeId, CancellationToken cancellationToken, Object userState)
   at GitHub.Services.WebApi.Location.VssServerDataProvider.GetConnectionDataAsync(ConnectOptions connectOptions, Int32 lastChangeId, CancellationToken cancellationToken)
   at GitHub.Services.WebApi.Location.VssServerDataProvider.ConnectAsync(ConnectOptions connectOptions, CancellationToken cancellationToken)
   at GitHub.Runner.Common.RunnerService.EstablishVssConnection(Uri serverUrl, VssCredentials credentials, TimeSpan timeout)
   at GitHub.Runner.Common.RunnerServer.ConnectAsync(Uri serverUrl, VssCredentials credentials)
   at GitHub.Runner.Listener.BrokerMessageListener.CreateSessionAsync(CancellationToken token)
[2025-10-01 16:52:58Z INFO BrokerMessageListener] Retriable exception: The resource cannot be found.
[2025-10-01 16:52:58Z INFO BrokerMessageListener] Sleeping for 30 seconds before retrying.
[2025-10-01 16:53:28Z INFO BrokerMessageListener] Attempt to create session.
[2025-10-01 16:53:28Z INFO BrokerMessageListener] Connecting to the Broker Server...
[2025-10-01 16:53:28Z INFO ConfigurationStore] HasCredentials()
[2025-10-01 16:53:28Z INFO ConfigurationStore] stored True
[2025-10-01 16:53:28Z INFO CredentialManager] GetCredentialProvider
[2025-10-01 16:53:28Z INFO CredentialManager] Creating type OAuth
[2025-10-01 16:53:28Z INFO CredentialManager] Creating credential type: OAuth
[2025-10-01 16:53:28Z INFO RSAEncryptedFileKeyManager] Loading RSA key parameters from file G:\Brunella\actions-runner\.credentials_rsaparams
[2025-10-01 16:53:28Z INFO BrokerMessageListener] VssConnection created
[2025-10-01 16:53:28Z INFO BrokerMessageListener] Connecting to the Runner server...
[2025-10-01 16:53:28Z INFO RunnerServer] EstablishVssConnection
[2025-10-01 16:53:28Z INFO RunnerServer] Establish connection with 100 seconds timeout.
[2025-10-01 16:53:28Z INFO GitHubActionsService] Starting operation Location.GetConnectionData
[2025-10-01 16:53:28Z INFO RunnerServer] EstablishVssConnection
[2025-10-01 16:53:28Z INFO RunnerServer] Establish connection with 60 seconds timeout.
[2025-10-01 16:53:28Z INFO GitHubActionsService] Starting operation Location.GetConnectionData
[2025-10-01 16:53:28Z INFO RunnerServer] EstablishVssConnection
[2025-10-01 16:53:28Z INFO RunnerServer] Establish connection with 60 seconds timeout.
[2025-10-01 16:53:28Z INFO GitHubActionsService] Starting operation Location.GetConnectionData
[2025-10-01 16:53:29Z ERR  GitHubActionsService] GET request to https://pipelinesghubeus6.actions.githubusercontent.com/hKyNd5hzQTjPqVOxuFp9CyJ2tMUr8ytJJ9FfsFju3bqhBGI0lq/_apis/connectionData?connectOptions=1&lastChangeId=258625537&lastChangeId64=258625537 failed. HTTP Status: NotFound
[2025-10-01 16:53:29Z INFO GitHubActionsService] Finished operation Location.GetConnectionData
[2025-10-01 16:53:29Z INFO RunnerServer] Catch exception during connect. 4 attempt left.
[2025-10-01 16:53:29Z ERR  RunnerServer] GitHub.Services.WebApi.VssServiceResponseException: The resource cannot be found.
   at GitHub.Services.WebApi.VssHttpClientBase.HandleResponseAsync(HttpResponseMessage response, CancellationToken cancellationToken)
   at GitHub.Services.WebApi.VssHttpClientBase.SendAsync(HttpRequestMessage message, HttpCompletionOption completionOption, Object userState, CancellationToken cancellationToken)
   at GitHub.Services.WebApi.VssHttpClientBase.SendAsync[T](HttpRequestMessage message, Object userState, CancellationToken cancellationToken)
   at GitHub.Services.Location.Client.LocationHttpClient.GetConnectionDataAsync(ConnectOptions connectOptions, Int64 lastChangeId, CancellationToken cancellationToken, Object userState)
   at GitHub.Services.WebApi.Location.VssServerDataProvider.GetConnectionDataAsync(ConnectOptions connectOptions, Int32 lastChangeId, CancellationToken cancellationToken)
   at GitHub.Services.WebApi.Location.VssServerDataProvider.ConnectAsync(ConnectOptions connectOptions, CancellationToken cancellationToken)
   at GitHub.Runner.Common.RunnerService.EstablishVssConnection(Uri serverUrl, VssCredentials credentials, TimeSpan timeout)
[2025-10-01 16:53:29Z INFO GitHubActionsService] Starting operation Location.GetConnectionData
[2025-10-01 16:53:29Z ERR  GitHubActionsService] GET request to https://pipelinesghubeus6.actions.githubusercontent.com/hKyNd5hzQTjPqVOxuFp9CyJ2tMUr8ytJJ9FfsFju3bqhBGI0lq/_apis/connectionData?connectOptions=1&lastChangeId=258625537&lastChangeId64=258625537 failed. HTTP Status: NotFound
[2025-10-01 16:53:29Z INFO GitHubActionsService] Finished operation Location.GetConnectionData
[2025-10-01 16:53:29Z INFO RunnerServer] Catch exception during connect. 4 attempt left.
[2025-10-01 16:53:29Z ERR  RunnerServer] GitHub.Services.WebApi.VssServiceResponseException: The resource cannot be found.
   at GitHub.Services.WebApi.VssHttpClientBase.HandleResponseAsync(HttpResponseMessage response, CancellationToken cancellationToken)
   at GitHub.Services.WebApi.VssHttpClientBase.SendAsync(HttpRequestMessage message, HttpCompletionOption completionOption, Object userState, CancellationToken cancellationToken)
   at GitHub.Services.WebApi.VssHttpClientBase.SendAsync[T](HttpRequestMessage message, Object userState, CancellationToken cancellationToken)
   at GitHub.Services.Location.Client.LocationHttpClient.GetConnectionDataAsync(ConnectOptions connectOptions, Int64 lastChangeId, CancellationToken cancellationToken, Object userState)
   at GitHub.Services.WebApi.Location.VssServerDataProvider.GetConnectionDataAsync(ConnectOptions connectOptions, Int32 lastChangeId, CancellationToken cancellationToken)
   at GitHub.Services.WebApi.Location.VssServerDataProvider.ConnectAsync(ConnectOptions connectOptions, CancellationToken cancellationToken)
   at GitHub.Runner.Common.RunnerService.EstablishVssConnection(Uri serverUrl, VssCredentials credentials, TimeSpan timeout)
[2025-10-01 16:53:29Z ERR  GitHubActionsService] GET request to https://pipelinesghubeus6.actions.githubusercontent.com/hKyNd5hzQTjPqVOxuFp9CyJ2tMUr8ytJJ9FfsFju3bqhBGI0lq/_apis/connectionData?connectOptions=1&lastChangeId=258625537&lastChangeId64=258625537 failed. HTTP Status: NotFound
[2025-10-01 16:53:29Z INFO GitHubActionsService] Finished operation Location.GetConnectionData
[2025-10-01 16:53:29Z INFO RunnerServer] Catch exception during connect. 4 attempt left.
[2025-10-01 16:53:29Z ERR  RunnerServer] GitHub.Services.WebApi.VssServiceResponseException: The resource cannot be found.
   at GitHub.Services.WebApi.VssHttpClientBase.HandleResponseAsync(HttpResponseMessage response, CancellationToken cancellationToken)
   at GitHub.Services.WebApi.VssHttpClientBase.SendAsync(HttpRequestMessage message, HttpCompletionOption completionOption, Object userState, CancellationToken cancellationToken)
   at GitHub.Services.WebApi.VssHttpClientBase.SendAsync[T](HttpRequestMessage message, Object userState, CancellationToken cancellationToken)
   at GitHub.Services.Location.Client.LocationHttpClient.GetConnectionDataAsync(ConnectOptions connectOptions, Int64 lastChangeId, CancellationToken cancellationToken, Object userState)
   at GitHub.Services.WebApi.Location.VssServerDataProvider.GetConnectionDataAsync(ConnectOptions connectOptions, Int32 lastChangeId, CancellationToken cancellationToken)
   at GitHub.Services.WebApi.Location.VssServerDataProvider.ConnectAsync(ConnectOptions connectOptions, CancellationToken cancellationToken)
   at GitHub.Runner.Common.RunnerService.EstablishVssConnection(Uri serverUrl, VssCredentials credentials, TimeSpan timeout)
[2025-10-01 16:53:29Z INFO GitHubActionsService] Starting operation Location.GetConnectionData
[2025-10-01 16:53:29Z INFO GitHubActionsService] Starting operation Location.GetConnectionData
[2025-10-01 16:53:30Z ERR  GitHubActionsService] GET request to https://pipelinesghubeus6.actions.githubusercontent.com/hKyNd5hzQTjPqVOxuFp9CyJ2tMUr8ytJJ9FfsFju3bqhBGI0lq/_apis/connectionData?connectOptions=1&lastChangeId=258625537&lastChangeId64=258625537 failed. HTTP Status: NotFound
[2025-10-01 16:53:30Z ERR  GitHubActionsService] GET request to https://pipelinesghubeus6.actions.githubusercontent.com/hKyNd5hzQTjPqVOxuFp9CyJ2tMUr8ytJJ9FfsFju3bqhBGI0lq/_apis/connectionData?connectOptions=1&lastChangeId=258625537&lastChangeId64=258625537 failed. HTTP Status: NotFound
[2025-10-01 16:53:30Z INFO GitHubActionsService] Finished operation Location.GetConnectionData
[2025-10-01 16:53:30Z INFO GitHubActionsService] Finished operation Location.GetConnectionData
[2025-10-01 16:53:30Z INFO RunnerServer] Catch exception during connect. 3 attempt left.
[2025-10-01 16:53:30Z INFO RunnerServer] Catch exception during connect. 3 attempt left.
[2025-10-01 16:53:30Z ERR  RunnerServer] GitHub.Services.WebApi.VssServiceResponseException: The resource cannot be found.
   at GitHub.Services.WebApi.VssHttpClientBase.HandleResponseAsync(HttpResponseMessage response, CancellationToken cancellationToken)
   at GitHub.Services.WebApi.VssHttpClientBase.SendAsync(HttpRequestMessage message, HttpCompletionOption completionOption, Object userState, CancellationToken cancellationToken)
   at GitHub.Services.WebApi.VssHttpClientBase.SendAsync[T](HttpRequestMessage message, Object userState, CancellationToken cancellationToken)
   at GitHub.Services.Location.Client.LocationHttpClient.GetConnectionDataAsync(ConnectOptions connectOptions, Int64 lastChangeId, CancellationToken cancellationToken, Object userState)
   at GitHub.Services.WebApi.Location.VssServerDataProvider.GetConnectionDataAsync(ConnectOptions connectOptions, Int32 lastChangeId, CancellationToken cancellationToken)
   at GitHub.Services.WebApi.Location.VssServerDataProvider.ConnectAsync(ConnectOptions connectOptions, CancellationToken cancellationToken)
   at GitHub.Runner.Common.RunnerService.EstablishVssConnection(Uri serverUrl, VssCredentials credentials, TimeSpan timeout)
[2025-10-01 16:53:30Z ERR  RunnerServer] GitHub.Services.WebApi.VssServiceResponseException: The resource cannot be found.
   at GitHub.Services.WebApi.VssHttpClientBase.HandleResponseAsync(HttpResponseMessage response, CancellationToken cancellationToken)
   at GitHub.Services.WebApi.VssHttpClientBase.SendAsync(HttpRequestMessage message, HttpCompletionOption completionOption, Object userState, CancellationToken cancellationToken)
   at GitHub.Services.WebApi.VssHttpClientBase.SendAsync[T](HttpRequestMessage message, Object userState, CancellationToken cancellationToken)
   at GitHub.Services.Location.Client.LocationHttpClient.GetConnectionDataAsync(ConnectOptions connectOptions, Int64 lastChangeId, CancellationToken cancellationToken, Object userState)
   at GitHub.Services.WebApi.Location.VssServerDataProvider.GetConnectionDataAsync(ConnectOptions connectOptions, Int32 lastChangeId, CancellationToken cancellationToken)
   at GitHub.Services.WebApi.Location.VssServerDataProvider.ConnectAsync(ConnectOptions connectOptions, CancellationToken cancellationToken)
   at GitHub.Runner.Common.RunnerService.EstablishVssConnection(Uri serverUrl, VssCredentials credentials, TimeSpan timeout)
[2025-10-01 16:53:30Z INFO GitHubActionsService] Starting operation Location.GetConnectionData
[2025-10-01 16:53:30Z INFO GitHubActionsService] Starting operation Location.GetConnectionData
[2025-10-01 16:53:30Z ERR  GitHubActionsService] GET request to https://pipelinesghubeus6.actions.githubusercontent.com/hKyNd5hzQTjPqVOxuFp9CyJ2tMUr8ytJJ9FfsFju3bqhBGI0lq/_apis/connectionData?connectOptions=1&lastChangeId=258625537&lastChangeId64=258625537 failed. HTTP Status: NotFound
[2025-10-01 16:53:30Z INFO GitHubActionsService] Finished operation Location.GetConnectionData
[2025-10-01 16:53:30Z INFO RunnerServer] Catch exception during connect. 3 attempt left.
[2025-10-01 16:53:30Z ERR  RunnerServer] GitHub.Services.WebApi.VssServiceResponseException: The resource cannot be found.
   at GitHub.Services.WebApi.VssHttpClientBase.HandleResponseAsync(HttpResponseMessage response, CancellationToken cancellationToken)
   at GitHub.Services.WebApi.VssHttpClientBase.SendAsync(HttpRequestMessage message, HttpCompletionOption completionOption, Object userState, CancellationToken cancellationToken)
   at GitHub.Services.WebApi.VssHttpClientBase.SendAsync[T](HttpRequestMessage message, Object userState, CancellationToken cancellationToken)
   at GitHub.Services.Location.Client.LocationHttpClient.GetConnectionDataAsync(ConnectOptions connectOptions, Int64 lastChangeId, CancellationToken cancellationToken, Object userState)
   at GitHub.Services.WebApi.Location.VssServerDataProvider.GetConnectionDataAsync(ConnectOptions connectOptions, Int32 lastChangeId, CancellationToken cancellationToken)
   at GitHub.Services.WebApi.Location.VssServerDataProvider.ConnectAsync(ConnectOptions connectOptions, CancellationToken cancellationToken)
   at GitHub.Runner.Common.RunnerService.EstablishVssConnection(Uri serverUrl, VssCredentials credentials, TimeSpan timeout)
[2025-10-01 16:53:30Z INFO GitHubActionsService] Starting operation Location.GetConnectionData
[2025-10-01 16:53:31Z ERR  GitHubActionsService] GET request to https://pipelinesghubeus6.actions.githubusercontent.com/hKyNd5hzQTjPqVOxuFp9CyJ2tMUr8ytJJ9FfsFju3bqhBGI0lq/_apis/connectionData?connectOptions=1&lastChangeId=258625537&lastChangeId64=258625537 failed. HTTP Status: NotFound
[2025-10-01 16:53:31Z INFO GitHubActionsService] Finished operation Location.GetConnectionData
[2025-10-01 16:53:31Z INFO RunnerServer] Catch exception during connect. 2 attempt left.
[2025-10-01 16:53:31Z ERR  RunnerServer] GitHub.Services.WebApi.VssServiceResponseException: The resource cannot be found.
   at GitHub.Services.WebApi.VssHttpClientBase.HandleResponseAsync(HttpResponseMessage response, CancellationToken cancellationToken)
   at GitHub.Services.WebApi.VssHttpClientBase.SendAsync(HttpRequestMessage message, HttpCompletionOption completionOption, Object userState, CancellationToken cancellationToken)
   at GitHub.Services.WebApi.VssHttpClientBase.SendAsync[T](HttpRequestMessage message, Object userState, CancellationToken cancellationToken)
   at GitHub.Services.Location.Client.LocationHttpClient.GetConnectionDataAsync(ConnectOptions connectOptions, Int64 lastChangeId, CancellationToken cancellationToken, Object userState)
   at GitHub.Services.WebApi.Location.VssServerDataProvider.GetConnectionDataAsync(ConnectOptions connectOptions, Int32 lastChangeId, CancellationToken cancellationToken)
   at GitHub.Services.WebApi.Location.VssServerDataProvider.ConnectAsync(ConnectOptions connectOptions, CancellationToken cancellationToken)
   at GitHub.Runner.Common.RunnerService.EstablishVssConnection(Uri serverUrl, VssCredentials credentials, TimeSpan timeout)
[2025-10-01 16:53:31Z ERR  GitHubActionsService] GET request to https://pipelinesghubeus6.actions.githubusercontent.com/hKyNd5hzQTjPqVOxuFp9CyJ2tMUr8ytJJ9FfsFju3bqhBGI0lq/_apis/connectionData?connectOptions=1&lastChangeId=258625537&lastChangeId64=258625537 failed. HTTP Status: NotFound
[2025-10-01 16:53:31Z INFO GitHubActionsService] Finished operation Location.GetConnectionData
[2025-10-01 16:53:31Z INFO RunnerServer] Catch exception during connect. 2 attempt left.
[2025-10-01 16:53:31Z ERR  RunnerServer] GitHub.Services.WebApi.VssServiceResponseException: The resource cannot be found.
   at GitHub.Services.WebApi.VssHttpClientBase.HandleResponseAsync(HttpResponseMessage response, CancellationToken cancellationToken)
   at GitHub.Services.WebApi.VssHttpClientBase.SendAsync(HttpRequestMessage message, HttpCompletionOption completionOption, Object userState, CancellationToken cancellationToken)
   at GitHub.Services.WebApi.VssHttpClientBase.SendAsync[T](HttpRequestMessage message, Object userState, CancellationToken cancellationToken)
   at GitHub.Services.Location.Client.LocationHttpClient.GetConnectionDataAsync(ConnectOptions connectOptions, Int64 lastChangeId, CancellationToken cancellationToken, Object userState)
   at GitHub.Services.WebApi.Location.VssServerDataProvider.GetConnectionDataAsync(ConnectOptions connectOptions, Int32 lastChangeId, CancellationToken cancellationToken)
   at GitHub.Services.WebApi.Location.VssServerDataProvider.ConnectAsync(ConnectOptions connectOptions, CancellationToken cancellationToken)
   at GitHub.Runner.Common.RunnerService.EstablishVssConnection(Uri serverUrl, VssCredentials credentials, TimeSpan timeout)
[2025-10-01 16:53:31Z INFO GitHubActionsService] Starting operation Location.GetConnectionData
[2025-10-01 16:53:31Z INFO GitHubActionsService] Starting operation Location.GetConnectionData
[2025-10-01 16:53:31Z ERR  GitHubActionsService] GET request to https://pipelinesghubeus6.actions.githubusercontent.com/hKyNd5hzQTjPqVOxuFp9CyJ2tMUr8ytJJ9FfsFju3bqhBGI0lq/_apis/connectionData?connectOptions=1&lastChangeId=258625537&lastChangeId64=258625537 failed. HTTP Status: NotFound
[2025-10-01 16:53:31Z INFO GitHubActionsService] Finished operation Location.GetConnectionData
[2025-10-01 16:53:31Z INFO RunnerServer] Catch exception during connect. 2 attempt left.
[2025-10-01 16:53:31Z ERR  RunnerServer] GitHub.Services.WebApi.VssServiceResponseException: The resource cannot be found.
   at GitHub.Services.WebApi.VssHttpClientBase.HandleResponseAsync(HttpResponseMessage response, CancellationToken cancellationToken)
   at GitHub.Services.WebApi.VssHttpClientBase.SendAsync(HttpRequestMessage message, HttpCompletionOption completionOption, Object userState, CancellationToken cancellationToken)
   at GitHub.Services.WebApi.VssHttpClientBase.SendAsync[T](HttpRequestMessage message, Object userState, CancellationToken cancellationToken)
   at GitHub.Services.Location.Client.LocationHttpClient.GetConnectionDataAsync(ConnectOptions connectOptions, Int64 lastChangeId, CancellationToken cancellationToken, Object userState)
   at GitHub.Services.WebApi.Location.VssServerDataProvider.GetConnectionDataAsync(ConnectOptions connectOptions, Int32 lastChangeId, CancellationToken cancellationToken)
   at GitHub.Services.WebApi.Location.VssServerDataProvider.ConnectAsync(ConnectOptions connectOptions, CancellationToken cancellationToken)
   at GitHub.Runner.Common.RunnerService.EstablishVssConnection(Uri serverUrl, VssCredentials credentials, TimeSpan timeout)
[2025-10-01 16:53:31Z INFO GitHubActionsService] Starting operation Location.GetConnectionData
[2025-10-01 16:53:31Z ERR  GitHubActionsService] GET request to https://pipelinesghubeus6.actions.githubusercontent.com/hKyNd5hzQTjPqVOxuFp9CyJ2tMUr8ytJJ9FfsFju3bqhBGI0lq/_apis/connectionData?connectOptions=1&lastChangeId=258625537&lastChangeId64=258625537 failed. HTTP Status: NotFound
[2025-10-01 16:53:31Z INFO GitHubActionsService] Finished operation Location.GetConnectionData
[2025-10-01 16:53:31Z INFO RunnerServer] Catch exception during connect. 1 attempt left.
[2025-10-01 16:53:31Z ERR  RunnerServer] GitHub.Services.WebApi.VssServiceResponseException: The resource cannot be found.
   at GitHub.Services.WebApi.VssHttpClientBase.HandleResponseAsync(HttpResponseMessage response, CancellationToken cancellationToken)
   at GitHub.Services.WebApi.VssHttpClientBase.SendAsync(HttpRequestMessage message, HttpCompletionOption completionOption, Object userState, CancellationToken cancellationToken)
   at GitHub.Services.WebApi.VssHttpClientBase.SendAsync[T](HttpRequestMessage message, Object userState, CancellationToken cancellationToken)
   at GitHub.Services.Location.Client.LocationHttpClient.GetConnectionDataAsync(ConnectOptions connectOptions, Int64 lastChangeId, CancellationToken cancellationToken, Object userState)
   at GitHub.Services.WebApi.Location.VssServerDataProvider.GetConnectionDataAsync(ConnectOptions connectOptions, Int32 lastChangeId, CancellationToken cancellationToken)
   at GitHub.Services.WebApi.Location.VssServerDataProvider.ConnectAsync(ConnectOptions connectOptions, CancellationToken cancellationToken)
   at GitHub.Runner.Common.RunnerService.EstablishVssConnection(Uri serverUrl, VssCredentials credentials, TimeSpan timeout)
[2025-10-01 16:53:31Z ERR  GitHubActionsService] GET request to https://pipelinesghubeus6.actions.githubusercontent.com/hKyNd5hzQTjPqVOxuFp9CyJ2tMUr8ytJJ9FfsFju3bqhBGI0lq/_apis/connectionData?connectOptions=1&lastChangeId=258625537&lastChangeId64=258625537 failed. HTTP Status: NotFound
[2025-10-01 16:53:31Z INFO GitHubActionsService] Finished operation Location.GetConnectionData
[2025-10-01 16:53:31Z INFO RunnerServer] Catch exception during connect. 1 attempt left.
[2025-10-01 16:53:31Z ERR  RunnerServer] GitHub.Services.WebApi.VssServiceResponseException: The resource cannot be found.
   at GitHub.Services.WebApi.VssHttpClientBase.HandleResponseAsync(HttpResponseMessage response, CancellationToken cancellationToken)
   at GitHub.Services.WebApi.VssHttpClientBase.SendAsync(HttpRequestMessage message, HttpCompletionOption completionOption, Object userState, CancellationToken cancellationToken)
   at GitHub.Services.WebApi.VssHttpClientBase.SendAsync[T](HttpRequestMessage message, Object userState, CancellationToken cancellationToken)
   at GitHub.Services.Location.Client.LocationHttpClient.GetConnectionDataAsync(ConnectOptions connectOptions, Int64 lastChangeId, CancellationToken cancellationToken, Object userState)
   at GitHub.Services.WebApi.Location.VssServerDataProvider.GetConnectionDataAsync(ConnectOptions connectOptions, Int32 lastChangeId, CancellationToken cancellationToken)
   at GitHub.Services.WebApi.Location.VssServerDataProvider.ConnectAsync(ConnectOptions connectOptions, CancellationToken cancellationToken)
   at GitHub.Runner.Common.RunnerService.EstablishVssConnection(Uri serverUrl, VssCredentials credentials, TimeSpan timeout)
[2025-10-01 16:53:31Z INFO GitHubActionsService] Starting operation Location.GetConnectionData
[2025-10-01 16:53:31Z INFO GitHubActionsService] Starting operation Location.GetConnectionData
[2025-10-01 16:53:32Z ERR  GitHubActionsService] GET request to https://pipelinesghubeus6.actions.githubusercontent.com/hKyNd5hzQTjPqVOxuFp9CyJ2tMUr8ytJJ9FfsFju3bqhBGI0lq/_apis/connectionData?connectOptions=1&lastChangeId=258625537&lastChangeId64=258625537 failed. HTTP Status: NotFound
[2025-10-01 16:53:32Z INFO GitHubActionsService] Finished operation Location.GetConnectionData
[2025-10-01 16:53:32Z INFO RunnerServer] Catch exception during connect. 1 attempt left.
[2025-10-01 16:53:32Z ERR  RunnerServer] GitHub.Services.WebApi.VssServiceResponseException: The resource cannot be found.
   at GitHub.Services.WebApi.VssHttpClientBase.HandleResponseAsync(HttpResponseMessage response, CancellationToken cancellationToken)
   at GitHub.Services.WebApi.VssHttpClientBase.SendAsync(HttpRequestMessage message, HttpCompletionOption completionOption, Object userState, CancellationToken cancellationToken)
   at GitHub.Services.WebApi.VssHttpClientBase.SendAsync[T](HttpRequestMessage message, Object userState, CancellationToken cancellationToken)
   at GitHub.Services.Location.Client.LocationHttpClient.GetConnectionDataAsync(ConnectOptions connectOptions, Int64 lastChangeId, CancellationToken cancellationToken, Object userState)
   at GitHub.Services.WebApi.Location.VssServerDataProvider.GetConnectionDataAsync(ConnectOptions connectOptions, Int32 lastChangeId, CancellationToken cancellationToken)
   at GitHub.Services.WebApi.Location.VssServerDataProvider.ConnectAsync(ConnectOptions connectOptions, CancellationToken cancellationToken)
   at GitHub.Runner.Common.RunnerService.EstablishVssConnection(Uri serverUrl, VssCredentials credentials, TimeSpan timeout)
[2025-10-01 16:53:32Z INFO GitHubActionsService] Starting operation Location.GetConnectionData
[2025-10-01 16:53:32Z ERR  GitHubActionsService] GET request to https://pipelinesghubeus6.actions.githubusercontent.com/hKyNd5hzQTjPqVOxuFp9CyJ2tMUr8ytJJ9FfsFju3bqhBGI0lq/_apis/connectionData?connectOptions=1&lastChangeId=258625537&lastChangeId64=258625537 failed. HTTP Status: NotFound
[2025-10-01 16:53:32Z INFO GitHubActionsService] Finished operation Location.GetConnectionData
[2025-10-01 16:53:32Z ERR  GitHubActionsService] GET request to https://pipelinesghubeus6.actions.githubusercontent.com/hKyNd5hzQTjPqVOxuFp9CyJ2tMUr8ytJJ9FfsFju3bqhBGI0lq/_apis/connectionData?connectOptions=1&lastChangeId=258625537&lastChangeId64=258625537 failed. HTTP Status: NotFound
[2025-10-01 16:53:32Z INFO GitHubActionsService] Finished operation Location.GetConnectionData
[2025-10-01 16:53:32Z ERR  GitHubActionsService] GET request to https://pipelinesghubeus6.actions.githubusercontent.com/hKyNd5hzQTjPqVOxuFp9CyJ2tMUr8ytJJ9FfsFju3bqhBGI0lq/_apis/connectionData?connectOptions=1&lastChangeId=258625537&lastChangeId64=258625537 failed. HTTP Status: NotFound
[2025-10-01 16:53:32Z INFO GitHubActionsService] Finished operation Location.GetConnectionData
[2025-10-01 16:53:32Z ERR  BrokerMessageListener] Catch exception during create session.
[2025-10-01 16:53:32Z ERR  BrokerMessageListener] GitHub.Services.WebApi.VssServiceResponseException: The resource cannot be found.
   at GitHub.Services.WebApi.VssHttpClientBase.HandleResponseAsync(HttpResponseMessage response, CancellationToken cancellationToken)
   at GitHub.Services.WebApi.VssHttpClientBase.SendAsync(HttpRequestMessage message, HttpCompletionOption completionOption, Object userState, CancellationToken cancellationToken)
   at GitHub.Services.WebApi.VssHttpClientBase.SendAsync[T](HttpRequestMessage message, Object userState, CancellationToken cancellationToken)
   at GitHub.Services.Location.Client.LocationHttpClient.GetConnectionDataAsync(ConnectOptions connectOptions, Int64 lastChangeId, CancellationToken cancellationToken, Object userState)
   at GitHub.Services.WebApi.Location.VssServerDataProvider.GetConnectionDataAsync(ConnectOptions connectOptions, Int32 lastChangeId, CancellationToken cancellationToken)
   at GitHub.Services.WebApi.Location.VssServerDataProvider.ConnectAsync(ConnectOptions connectOptions, CancellationToken cancellationToken)
   at GitHub.Runner.Common.RunnerService.EstablishVssConnection(Uri serverUrl, VssCredentials credentials, TimeSpan timeout)
   at GitHub.Runner.Common.RunnerServer.ConnectAsync(Uri serverUrl, VssCredentials credentials)
   at GitHub.Runner.Listener.BrokerMessageListener.CreateSessionAsync(CancellationToken token)
[2025-10-01 16:53:32Z INFO BrokerMessageListener] Retriable exception: The resource cannot be found.
[2025-10-01 16:53:32Z INFO BrokerMessageListener] Sleeping for 30 seconds before retrying.
[2025-10-01 16:54:02Z INFO BrokerMessageListener] Attempt to create session.
[2025-10-01 16:54:02Z INFO BrokerMessageListener] Connecting to the Broker Server...
[2025-10-01 16:54:02Z INFO ConfigurationStore] HasCredentials()
[2025-10-01 16:54:02Z INFO ConfigurationStore] stored True
[2025-10-01 16:54:02Z INFO CredentialManager] GetCredentialProvider
[2025-10-01 16:54:02Z INFO CredentialManager] Creating type OAuth
[2025-10-01 16:54:02Z INFO CredentialManager] Creating credential type: OAuth
[2025-10-01 16:54:02Z INFO RSAEncryptedFileKeyManager] Loading RSA key parameters from file G:\Brunella\actions-runner\.credentials_rsaparams
[2025-10-01 16:54:02Z INFO BrokerMessageListener] VssConnection created
[2025-10-01 16:54:02Z INFO BrokerMessageListener] Connecting to the Runner server...
[2025-10-01 16:54:02Z INFO RunnerServer] EstablishVssConnection
[2025-10-01 16:54:02Z INFO RunnerServer] Establish connection with 100 seconds timeout.
[2025-10-01 16:54:02Z INFO GitHubActionsService] Starting operation Location.GetConnectionData
[2025-10-01 16:54:02Z INFO RunnerServer] EstablishVssConnection
[2025-10-01 16:54:02Z INFO RunnerServer] Establish connection with 60 seconds timeout.
[2025-10-01 16:54:02Z INFO GitHubActionsService] Starting operation Location.GetConnectionData
[2025-10-01 16:54:02Z INFO RunnerServer] EstablishVssConnection
[2025-10-01 16:54:02Z INFO RunnerServer] Establish connection with 60 seconds timeout.
[2025-10-01 16:54:02Z INFO GitHubActionsService] Starting operation Location.GetConnectionData
[2025-10-01 16:54:03Z ERR  GitHubActionsService] GET request to https://pipelinesghubeus6.actions.githubusercontent.com/hKyNd5hzQTjPqVOxuFp9CyJ2tMUr8ytJJ9FfsFju3bqhBGI0lq/_apis/connectionData?connectOptions=1&lastChangeId=258625537&lastChangeId64=258625537 failed. HTTP Status: NotFound
[2025-10-01 16:54:03Z ERR  GitHubActionsService] GET request to https://pipelinesghubeus6.actions.githubusercontent.com/hKyNd5hzQTjPqVOxuFp9CyJ2tMUr8ytJJ9FfsFju3bqhBGI0lq/_apis/connectionData?connectOptions=1&lastChangeId=258625537&lastChangeId64=258625537 failed. HTTP Status: NotFound
[2025-10-01 16:54:03Z INFO GitHubActionsService] Finished operation Location.GetConnectionData
[2025-10-01 16:54:03Z INFO GitHubActionsService] Finished operation Location.GetConnectionData
[2025-10-01 16:54:03Z INFO RunnerServer] Catch exception during connect. 4 attempt left.
[2025-10-01 16:54:03Z INFO RunnerServer] Catch exception during connect. 4 attempt left.
[2025-10-01 16:54:03Z ERR  RunnerServer] GitHub.Services.WebApi.VssServiceResponseException: The resource cannot be found.
   at GitHub.Services.WebApi.VssHttpClientBase.HandleResponseAsync(HttpResponseMessage response, CancellationToken cancellationToken)
   at GitHub.Services.WebApi.VssHttpClientBase.SendAsync(HttpRequestMessage message, HttpCompletionOption completionOption, Object userState, CancellationToken cancellationToken)
   at GitHub.Services.WebApi.VssHttpClientBase.SendAsync[T](HttpRequestMessage message, Object userState, CancellationToken cancellationToken)
   at GitHub.Services.Location.Client.LocationHttpClient.GetConnectionDataAsync(ConnectOptions connectOptions, Int64 lastChangeId, CancellationToken cancellationToken, Object userState)
   at GitHub.Services.WebApi.Location.VssServerDataProvider.GetConnectionDataAsync(ConnectOptions connectOptions, Int32 lastChangeId, CancellationToken cancellationToken)
   at GitHub.Services.WebApi.Location.VssServerDataProvider.ConnectAsync(ConnectOptions connectOptions, CancellationToken cancellationToken)
   at GitHub.Runner.Common.RunnerService.EstablishVssConnection(Uri serverUrl, VssCredentials credentials, TimeSpan timeout)
[2025-10-01 16:54:03Z ERR  RunnerServer] GitHub.Services.WebApi.VssServiceResponseException: The resource cannot be found.
   at GitHub.Services.WebApi.VssHttpClientBase.HandleResponseAsync(HttpResponseMessage response, CancellationToken cancellationToken)
   at GitHub.Services.WebApi.VssHttpClientBase.SendAsync(HttpRequestMessage message, HttpCompletionOption completionOption, Object userState, CancellationToken cancellationToken)
   at GitHub.Services.WebApi.VssHttpClientBase.SendAsync[T](HttpRequestMessage message, Object userState, CancellationToken cancellationToken)
   at GitHub.Services.Location.Client.LocationHttpClient.GetConnectionDataAsync(ConnectOptions connectOptions, Int64 lastChangeId, CancellationToken cancellationToken, Object userState)
   at GitHub.Services.WebApi.Location.VssServerDataProvider.GetConnectionDataAsync(ConnectOptions connectOptions, Int32 lastChangeId, CancellationToken cancellationToken)
   at GitHub.Services.WebApi.Location.VssServerDataProvider.ConnectAsync(ConnectOptions connectOptions, CancellationToken cancellationToken)
   at GitHub.Runner.Common.RunnerService.EstablishVssConnection(Uri serverUrl, VssCredentials credentials, TimeSpan timeout)
[2025-10-01 16:54:03Z ERR  GitHubActionsService] GET request to https://pipelinesghubeus6.actions.githubusercontent.com/hKyNd5hzQTjPqVOxuFp9CyJ2tMUr8ytJJ9FfsFju3bqhBGI0lq/_apis/connectionData?connectOptions=1&lastChangeId=258625537&lastChangeId64=258625537 failed. HTTP Status: NotFound
[2025-10-01 16:54:03Z INFO GitHubActionsService] Finished operation Location.GetConnectionData
[2025-10-01 16:54:03Z INFO RunnerServer] Catch exception during connect. 4 attempt left.
[2025-10-01 16:54:03Z ERR  RunnerServer] GitHub.Services.WebApi.VssServiceResponseException: The resource cannot be found.
   at GitHub.Services.WebApi.VssHttpClientBase.HandleResponseAsync(HttpResponseMessage response, CancellationToken cancellationToken)
   at GitHub.Services.WebApi.VssHttpClientBase.SendAsync(HttpRequestMessage message, HttpCompletionOption completionOption, Object userState, CancellationToken cancellationToken)
   at GitHub.Services.WebApi.VssHttpClientBase.SendAsync[T](HttpRequestMessage message, Object userState, CancellationToken cancellationToken)
   at GitHub.Services.Location.Client.LocationHttpClient.GetConnectionDataAsync(ConnectOptions connectOptions, Int64 lastChangeId, CancellationToken cancellationToken, Object userState)
   at GitHub.Services.WebApi.Location.VssServerDataProvider.GetConnectionDataAsync(ConnectOptions connectOptions, Int32 lastChangeId, CancellationToken cancellationToken)
   at GitHub.Services.WebApi.Location.VssServerDataProvider.ConnectAsync(ConnectOptions connectOptions, CancellationToken cancellationToken)
   at GitHub.Runner.Common.RunnerService.EstablishVssConnection(Uri serverUrl, VssCredentials credentials, TimeSpan timeout)
[2025-10-01 16:54:03Z INFO GitHubActionsService] Starting operation Location.GetConnectionData
[2025-10-01 16:54:03Z INFO GitHubActionsService] Starting operation Location.GetConnectionData
[2025-10-01 16:54:03Z INFO GitHubActionsService] Starting operation Location.GetConnectionData
[2025-10-01 16:54:04Z ERR  GitHubActionsService] GET request to https://pipelinesghubeus6.actions.githubusercontent.com/hKyNd5hzQTjPqVOxuFp9CyJ2tMUr8ytJJ9FfsFju3bqhBGI0lq/_apis/connectionData?connectOptions=1&lastChangeId=258625537&lastChangeId64=258625537 failed. HTTP Status: NotFound
[2025-10-01 16:54:04Z INFO GitHubActionsService] Finished operation Location.GetConnectionData
[2025-10-01 16:54:04Z INFO RunnerServer] Catch exception during connect. 3 attempt left.
[2025-10-01 16:54:04Z ERR  RunnerServer] GitHub.Services.WebApi.VssServiceResponseException: The resource cannot be found.
   at GitHub.Services.WebApi.VssHttpClientBase.HandleResponseAsync(HttpResponseMessage response, CancellationToken cancellationToken)
   at GitHub.Services.WebApi.VssHttpClientBase.SendAsync(HttpRequestMessage message, HttpCompletionOption completionOption, Object userState, CancellationToken cancellationToken)
   at GitHub.Services.WebApi.VssHttpClientBase.SendAsync[T](HttpRequestMessage message, Object userState, CancellationToken cancellationToken)
   at GitHub.Services.Location.Client.LocationHttpClient.GetConnectionDataAsync(ConnectOptions connectOptions, Int64 lastChangeId, CancellationToken cancellationToken, Object userState)
   at GitHub.Services.WebApi.Location.VssServerDataProvider.GetConnectionDataAsync(ConnectOptions connectOptions, Int32 lastChangeId, CancellationToken cancellationToken)
   at GitHub.Services.WebApi.Location.VssServerDataProvider.ConnectAsync(ConnectOptions connectOptions, CancellationToken cancellationToken)
   at GitHub.Runner.Common.RunnerService.EstablishVssConnection(Uri serverUrl, VssCredentials credentials, TimeSpan timeout)
[2025-10-01 16:54:04Z ERR  GitHubActionsService] GET request to https://pipelinesghubeus6.actions.githubusercontent.com/hKyNd5hzQTjPqVOxuFp9CyJ2tMUr8ytJJ9FfsFju3bqhBGI0lq/_apis/connectionData?connectOptions=1&lastChangeId=258625537&lastChangeId64=258625537 failed. HTTP Status: NotFound
[2025-10-01 16:54:04Z INFO GitHubActionsService] Finished operation Location.GetConnectionData
[2025-10-01 16:54:04Z INFO RunnerServer] Catch exception during connect. 3 attempt left.
[2025-10-01 16:54:04Z ERR  RunnerServer] GitHub.Services.WebApi.VssServiceResponseException: The resource cannot be found.
   at GitHub.Services.WebApi.VssHttpClientBase.HandleResponseAsync(HttpResponseMessage response, CancellationToken cancellationToken)
   at GitHub.Services.WebApi.VssHttpClientBase.SendAsync(HttpRequestMessage message, HttpCompletionOption completionOption, Object userState, CancellationToken cancellationToken)
   at GitHub.Services.WebApi.VssHttpClientBase.SendAsync[T](HttpRequestMessage message, Object userState, CancellationToken cancellationToken)
   at GitHub.Services.Location.Client.LocationHttpClient.GetConnectionDataAsync(ConnectOptions connectOptions, Int64 lastChangeId, CancellationToken cancellationToken, Object userState)
   at GitHub.Services.WebApi.Location.VssServerDataProvider.GetConnectionDataAsync(ConnectOptions connectOptions, Int32 lastChangeId, CancellationToken cancellationToken)
   at GitHub.Services.WebApi.Location.VssServerDataProvider.ConnectAsync(ConnectOptions connectOptions, CancellationToken cancellationToken)
   at GitHub.Runner.Common.RunnerService.EstablishVssConnection(Uri serverUrl, VssCredentials credentials, TimeSpan timeout)
[2025-10-01 16:54:04Z ERR  GitHubActionsService] GET request to https://pipelinesghubeus6.actions.githubusercontent.com/hKyNd5hzQTjPqVOxuFp9CyJ2tMUr8ytJJ9FfsFju3bqhBGI0lq/_apis/connectionData?connectOptions=1&lastChangeId=258625537&lastChangeId64=258625537 failed. HTTP Status: NotFound
[2025-10-01 16:54:04Z INFO GitHubActionsService] Finished operation Location.GetConnectionData
[2025-10-01 16:54:04Z INFO RunnerServer] Catch exception during connect. 3 attempt left.
[2025-10-01 16:54:04Z ERR  RunnerServer] GitHub.Services.WebApi.VssServiceResponseException: The resource cannot be found.
   at GitHub.Services.WebApi.VssHttpClientBase.HandleResponseAsync(HttpResponseMessage response, CancellationToken cancellationToken)
   at GitHub.Services.WebApi.VssHttpClientBase.SendAsync(HttpRequestMessage message, HttpCompletionOption completionOption, Object userState, CancellationToken cancellationToken)
   at GitHub.Services.WebApi.VssHttpClientBase.SendAsync[T](HttpRequestMessage message, Object userState, CancellationToken cancellationToken)
   at GitHub.Services.Location.Client.LocationHttpClient.GetConnectionDataAsync(ConnectOptions connectOptions, Int64 lastChangeId, CancellationToken cancellationToken, Object userState)
   at GitHub.Services.WebApi.Location.VssServerDataProvider.GetConnectionDataAsync(ConnectOptions connectOptions, Int32 lastChangeId, CancellationToken cancellationToken)
   at GitHub.Services.WebApi.Location.VssServerDataProvider.ConnectAsync(ConnectOptions connectOptions, CancellationToken cancellationToken)
   at GitHub.Runner.Common.RunnerService.EstablishVssConnection(Uri serverUrl, VssCredentials credentials, TimeSpan timeout)
[2025-10-01 16:54:04Z INFO GitHubActionsService] Starting operation Location.GetConnectionData
[2025-10-01 16:54:04Z INFO GitHubActionsService] Starting operation Location.GetConnectionData
[2025-10-01 16:54:04Z INFO GitHubActionsService] Starting operation Location.GetConnectionData
[2025-10-01 16:54:05Z ERR  GitHubActionsService] GET request to https://pipelinesghubeus6.actions.githubusercontent.com/hKyNd5hzQTjPqVOxuFp9CyJ2tMUr8ytJJ9FfsFju3bqhBGI0lq/_apis/connectionData?connectOptions=1&lastChangeId=258625537&lastChangeId64=258625537 failed. HTTP Status: NotFound
[2025-10-01 16:54:05Z INFO GitHubActionsService] Finished operation Location.GetConnectionData
[2025-10-01 16:54:05Z INFO RunnerServer] Catch exception during connect. 2 attempt left.
[2025-10-01 16:54:05Z ERR  RunnerServer] GitHub.Services.WebApi.VssServiceResponseException: The resource cannot be found.
   at GitHub.Services.WebApi.VssHttpClientBase.HandleResponseAsync(HttpResponseMessage response, CancellationToken cancellationToken)
   at GitHub.Services.WebApi.VssHttpClientBase.SendAsync(HttpRequestMessage message, HttpCompletionOption completionOption, Object userState, CancellationToken cancellationToken)
   at GitHub.Services.WebApi.VssHttpClientBase.SendAsync[T](HttpRequestMessage message, Object userState, CancellationToken cancellationToken)
   at GitHub.Services.Location.Client.LocationHttpClient.GetConnectionDataAsync(ConnectOptions connectOptions, Int64 lastChangeId, CancellationToken cancellationToken, Object userState)
   at GitHub.Services.WebApi.Location.VssServerDataProvider.GetConnectionDataAsync(ConnectOptions connectOptions, Int32 lastChangeId, CancellationToken cancellationToken)
   at GitHub.Services.WebApi.Location.VssServerDataProvider.ConnectAsync(ConnectOptions connectOptions, CancellationToken cancellationToken)
   at GitHub.Runner.Common.RunnerService.EstablishVssConnection(Uri serverUrl, VssCredentials credentials, TimeSpan timeout)
[2025-10-01 16:54:05Z ERR  GitHubActionsService] GET request to https://pipelinesghubeus6.actions.githubusercontent.com/hKyNd5hzQTjPqVOxuFp9CyJ2tMUr8ytJJ9FfsFju3bqhBGI0lq/_apis/connectionData?connectOptions=1&lastChangeId=258625537&lastChangeId64=258625537 failed. HTTP Status: NotFound
[2025-10-01 16:54:05Z INFO GitHubActionsService] Finished operation Location.GetConnectionData
[2025-10-01 16:54:05Z INFO RunnerServer] Catch exception during connect. 2 attempt left.
[2025-10-01 16:54:05Z ERR  RunnerServer] GitHub.Services.WebApi.VssServiceResponseException: The resource cannot be found.
   at GitHub.Services.WebApi.VssHttpClientBase.HandleResponseAsync(HttpResponseMessage response, CancellationToken cancellationToken)
   at GitHub.Services.WebApi.VssHttpClientBase.SendAsync(HttpRequestMessage message, HttpCompletionOption completionOption, Object userState, CancellationToken cancellationToken)
   at GitHub.Services.WebApi.VssHttpClientBase.SendAsync[T](HttpRequestMessage message, Object userState, CancellationToken cancellationToken)
   at GitHub.Services.Location.Client.LocationHttpClient.GetConnectionDataAsync(ConnectOptions connectOptions, Int64 lastChangeId, CancellationToken cancellationToken, Object userState)
   at GitHub.Services.WebApi.Location.VssServerDataProvider.GetConnectionDataAsync(ConnectOptions connectOptions, Int32 lastChangeId, CancellationToken cancellationToken)
   at GitHub.Services.WebApi.Location.VssServerDataProvider.ConnectAsync(ConnectOptions connectOptions, CancellationToken cancellationToken)
   at GitHub.Runner.Common.RunnerService.EstablishVssConnection(Uri serverUrl, VssCredentials credentials, TimeSpan timeout)
[2025-10-01 16:54:05Z ERR  GitHubActionsService] GET request to https://pipelinesghubeus6.actions.githubusercontent.com/hKyNd5hzQTjPqVOxuFp9CyJ2tMUr8ytJJ9FfsFju3bqhBGI0lq/_apis/connectionData?connectOptions=1&lastChangeId=258625537&lastChangeId64=258625537 failed. HTTP Status: NotFound
[2025-10-01 16:54:05Z INFO GitHubActionsService] Finished operation Location.GetConnectionData
[2025-10-01 16:54:05Z INFO RunnerServer] Catch exception during connect. 2 attempt left.
[2025-10-01 16:54:05Z ERR  RunnerServer] GitHub.Services.WebApi.VssServiceResponseException: The resource cannot be found.
   at GitHub.Services.WebApi.VssHttpClientBase.HandleResponseAsync(HttpResponseMessage response, CancellationToken cancellationToken)
   at GitHub.Services.WebApi.VssHttpClientBase.SendAsync(HttpRequestMessage message, HttpCompletionOption completionOption, Object userState, CancellationToken cancellationToken)
   at GitHub.Services.WebApi.VssHttpClientBase.SendAsync[T](HttpRequestMessage message, Object userState, CancellationToken cancellationToken)
   at GitHub.Services.Location.Client.LocationHttpClient.GetConnectionDataAsync(ConnectOptions connectOptions, Int64 lastChangeId, CancellationToken cancellationToken, Object userState)
   at GitHub.Services.WebApi.Location.VssServerDataProvider.GetConnectionDataAsync(ConnectOptions connectOptions, Int32 lastChangeId, CancellationToken cancellationToken)
   at GitHub.Services.WebApi.Location.VssServerDataProvider.ConnectAsync(ConnectOptions connectOptions, CancellationToken cancellationToken)
   at GitHub.Runner.Common.RunnerService.EstablishVssConnection(Uri serverUrl, VssCredentials credentials, TimeSpan timeout)
[2025-10-01 16:54:05Z INFO GitHubActionsService] Starting operation Location.GetConnectionData
[2025-10-01 16:54:05Z INFO GitHubActionsService] Starting operation Location.GetConnectionData
[2025-10-01 16:54:05Z INFO GitHubActionsService] Starting operation Location.GetConnectionData
[2025-10-01 16:54:05Z ERR  GitHubActionsService] GET request to https://pipelinesghubeus6.actions.githubusercontent.com/hKyNd5hzQTjPqVOxuFp9CyJ2tMUr8ytJJ9FfsFju3bqhBGI0lq/_apis/connectionData?connectOptions=1&lastChangeId=258625537&lastChangeId64=258625537 failed. HTTP Status: NotFound
[2025-10-01 16:54:05Z INFO GitHubActionsService] Finished operation Location.GetConnectionData
[2025-10-01 16:54:05Z INFO RunnerServer] Catch exception during connect. 1 attempt left.
[2025-10-01 16:54:05Z ERR  RunnerServer] GitHub.Services.WebApi.VssServiceResponseException: The resource cannot be found.
   at GitHub.Services.WebApi.VssHttpClientBase.HandleResponseAsync(HttpResponseMessage response, CancellationToken cancellationToken)
   at GitHub.Services.WebApi.VssHttpClientBase.SendAsync(HttpRequestMessage message, HttpCompletionOption completionOption, Object userState, CancellationToken cancellationToken)
   at GitHub.Services.WebApi.VssHttpClientBase.SendAsync[T](HttpRequestMessage message, Object userState, CancellationToken cancellationToken)
   at GitHub.Services.Location.Client.LocationHttpClient.GetConnectionDataAsync(ConnectOptions connectOptions, Int64 lastChangeId, CancellationToken cancellationToken, Object userState)
   at GitHub.Services.WebApi.Location.VssServerDataProvider.GetConnectionDataAsync(ConnectOptions connectOptions, Int32 lastChangeId, CancellationToken cancellationToken)
   at GitHub.Services.WebApi.Location.VssServerDataProvider.ConnectAsync(ConnectOptions connectOptions, CancellationToken cancellationToken)
   at GitHub.Runner.Common.RunnerService.EstablishVssConnection(Uri serverUrl, VssCredentials credentials, TimeSpan timeout)
[2025-10-01 16:54:05Z ERR  GitHubActionsService] GET request to https://pipelinesghubeus6.actions.githubusercontent.com/hKyNd5hzQTjPqVOxuFp9CyJ2tMUr8ytJJ9FfsFju3bqhBGI0lq/_apis/connectionData?connectOptions=1&lastChangeId=258625537&lastChangeId64=258625537 failed. HTTP Status: NotFound
[2025-10-01 16:54:05Z INFO GitHubActionsService] Finished operation Location.GetConnectionData
[2025-10-01 16:54:05Z INFO RunnerServer] Catch exception during connect. 1 attempt left.
[2025-10-01 16:54:05Z ERR  RunnerServer] GitHub.Services.WebApi.VssServiceResponseException: The resource cannot be found.
   at GitHub.Services.WebApi.VssHttpClientBase.HandleResponseAsync(HttpResponseMessage response, CancellationToken cancellationToken)
   at GitHub.Services.WebApi.VssHttpClientBase.SendAsync(HttpRequestMessage message, HttpCompletionOption completionOption, Object userState, CancellationToken cancellationToken)
   at GitHub.Services.WebApi.VssHttpClientBase.SendAsync[T](HttpRequestMessage message, Object userState, CancellationToken cancellationToken)
   at GitHub.Services.Location.Client.LocationHttpClient.GetConnectionDataAsync(ConnectOptions connectOptions, Int64 lastChangeId, CancellationToken cancellationToken, Object userState)
   at GitHub.Services.WebApi.Location.VssServerDataProvider.GetConnectionDataAsync(ConnectOptions connectOptions, Int32 lastChangeId, CancellationToken cancellationToken)
   at GitHub.Services.WebApi.Location.VssServerDataProvider.ConnectAsync(ConnectOptions connectOptions, CancellationToken cancellationToken)
   at GitHub.Runner.Common.RunnerService.EstablishVssConnection(Uri serverUrl, VssCredentials credentials, TimeSpan timeout)
[2025-10-01 16:54:05Z ERR  GitHubActionsService] GET request to https://pipelinesghubeus6.actions.githubusercontent.com/hKyNd5hzQTjPqVOxuFp9CyJ2tMUr8ytJJ9FfsFju3bqhBGI0lq/_apis/connectionData?connectOptions=1&lastChangeId=258625537&lastChangeId64=258625537 failed. HTTP Status: NotFound
[2025-10-01 16:54:05Z INFO GitHubActionsService] Finished operation Location.GetConnectionData
[2025-10-01 16:54:05Z INFO RunnerServer] Catch exception during connect. 1 attempt left.
[2025-10-01 16:54:05Z ERR  RunnerServer] GitHub.Services.WebApi.VssServiceResponseException: The resource cannot be found.
   at GitHub.Services.WebApi.VssHttpClientBase.HandleResponseAsync(HttpResponseMessage response, CancellationToken cancellationToken)
   at GitHub.Services.WebApi.VssHttpClientBase.SendAsync(HttpRequestMessage message, HttpCompletionOption completionOption, Object userState, CancellationToken cancellationToken)
   at GitHub.Services.WebApi.VssHttpClientBase.SendAsync[T](HttpRequestMessage message, Object userState, CancellationToken cancellationToken)
   at GitHub.Services.Location.Client.LocationHttpClient.GetConnectionDataAsync(ConnectOptions connectOptions, Int64 lastChangeId, CancellationToken cancellationToken, Object userState)
   at GitHub.Services.WebApi.Location.VssServerDataProvider.GetConnectionDataAsync(ConnectOptions connectOptions, Int32 lastChangeId, CancellationToken cancellationToken)
   at GitHub.Services.WebApi.Location.VssServerDataProvider.ConnectAsync(ConnectOptions connectOptions, CancellationToken cancellationToken)
   at GitHub.Runner.Common.RunnerService.EstablishVssConnection(Uri serverUrl, VssCredentials credentials, TimeSpan timeout)
[2025-10-01 16:54:05Z INFO GitHubActionsService] Starting operation Location.GetConnectionData
[2025-10-01 16:54:06Z INFO GitHubActionsService] Starting operation Location.GetConnectionData
[2025-10-01 16:54:06Z INFO GitHubActionsService] Starting operation Location.GetConnectionData
[2025-10-01 16:54:06Z ERR  GitHubActionsService] GET request to https://pipelinesghubeus6.actions.githubusercontent.com/hKyNd5hzQTjPqVOxuFp9CyJ2tMUr8ytJJ9FfsFju3bqhBGI0lq/_apis/connectionData?connectOptions=1&lastChangeId=258625537&lastChangeId64=258625537 failed. HTTP Status: NotFound
[2025-10-01 16:54:06Z INFO GitHubActionsService] Finished operation Location.GetConnectionData
[2025-10-01 16:54:06Z ERR  GitHubActionsService] GET request to https://pipelinesghubeus6.actions.githubusercontent.com/hKyNd5hzQTjPqVOxuFp9CyJ2tMUr8ytJJ9FfsFju3bqhBGI0lq/_apis/connectionData?connectOptions=1&lastChangeId=258625537&lastChangeId64=258625537 failed. HTTP Status: NotFound
[2025-10-01 16:54:06Z INFO GitHubActionsService] Finished operation Location.GetConnectionData
[2025-10-01 16:54:06Z ERR  GitHubActionsService] GET request to https://pipelinesghubeus6.actions.githubusercontent.com/hKyNd5hzQTjPqVOxuFp9CyJ2tMUr8ytJJ9FfsFju3bqhBGI0lq/_apis/connectionData?connectOptions=1&lastChangeId=258625537&lastChangeId64=258625537 failed. HTTP Status: NotFound
[2025-10-01 16:54:06Z INFO GitHubActionsService] Finished operation Location.GetConnectionData
[2025-10-01 16:54:06Z ERR  BrokerMessageListener] Catch exception during create session.
[2025-10-01 16:54:06Z ERR  BrokerMessageListener] GitHub.Services.WebApi.VssServiceResponseException: The resource cannot be found.
   at GitHub.Services.WebApi.VssHttpClientBase.HandleResponseAsync(HttpResponseMessage response, CancellationToken cancellationToken)
   at GitHub.Services.WebApi.VssHttpClientBase.SendAsync(HttpRequestMessage message, HttpCompletionOption completionOption, Object userState, CancellationToken cancellationToken)
   at GitHub.Services.WebApi.VssHttpClientBase.SendAsync[T](HttpRequestMessage message, Object userState, CancellationToken cancellationToken)
   at GitHub.Services.Location.Client.LocationHttpClient.GetConnectionDataAsync(ConnectOptions connectOptions, Int64 lastChangeId, CancellationToken cancellationToken, Object userState)
   at GitHub.Services.WebApi.Location.VssServerDataProvider.GetConnectionDataAsync(ConnectOptions connectOptions, Int32 lastChangeId, CancellationToken cancellationToken)
   at GitHub.Services.WebApi.Location.VssServerDataProvider.ConnectAsync(ConnectOptions connectOptions, CancellationToken cancellationToken)
   at GitHub.Runner.Common.RunnerService.EstablishVssConnection(Uri serverUrl, VssCredentials credentials, TimeSpan timeout)
   at GitHub.Runner.Common.RunnerServer.ConnectAsync(Uri serverUrl, VssCredentials credentials)
   at GitHub.Runner.Listener.BrokerMessageListener.CreateSessionAsync(CancellationToken token)
[2025-10-01 16:54:06Z INFO BrokerMessageListener] Retriable exception: The resource cannot be found.
[2025-10-01 16:54:06Z INFO BrokerMessageListener] Sleeping for 30 seconds before retrying.
[2025-10-01 16:54:36Z INFO BrokerMessageListener] Attempt to create session.
[2025-10-01 16:54:36Z INFO BrokerMessageListener] Connecting to the Broker Server...
[2025-10-01 16:54:36Z INFO ConfigurationStore] HasCredentials()
[2025-10-01 16:54:36Z INFO ConfigurationStore] stored True
[2025-10-01 16:54:36Z INFO CredentialManager] GetCredentialProvider
[2025-10-01 16:54:36Z INFO CredentialManager] Creating type OAuth
[2025-10-01 16:54:36Z INFO CredentialManager] Creating credential type: OAuth
[2025-10-01 16:54:36Z INFO RSAEncryptedFileKeyManager] Loading RSA key parameters from file G:\Brunella\actions-runner\.credentials_rsaparams
[2025-10-01 16:54:36Z INFO BrokerMessageListener] VssConnection created
[2025-10-01 16:54:36Z INFO BrokerMessageListener] Connecting to the Runner server...
[2025-10-01 16:54:36Z INFO RunnerServer] EstablishVssConnection
[2025-10-01 16:54:36Z INFO RunnerServer] Establish connection with 100 seconds timeout.
[2025-10-01 16:54:36Z INFO GitHubActionsService] Starting operation Location.GetConnectionData
[2025-10-01 16:54:36Z INFO RunnerServer] EstablishVssConnection
[2025-10-01 16:54:36Z INFO RunnerServer] Establish connection with 60 seconds timeout.
[2025-10-01 16:54:36Z INFO GitHubActionsService] Starting operation Location.GetConnectionData
[2025-10-01 16:54:36Z INFO RunnerServer] EstablishVssConnection
[2025-10-01 16:54:36Z INFO RunnerServer] Establish connection with 60 seconds timeout.
[2025-10-01 16:54:36Z INFO GitHubActionsService] Starting operation Location.GetConnectionData
[2025-10-01 16:54:37Z ERR  GitHubActionsService] GET request to https://pipelinesghubeus6.actions.githubusercontent.com/hKyNd5hzQTjPqVOxuFp9CyJ2tMUr8ytJJ9FfsFju3bqhBGI0lq/_apis/connectionData?connectOptions=1&lastChangeId=258625537&lastChangeId64=258625537 failed. HTTP Status: NotFound
[2025-10-01 16:54:37Z INFO GitHubActionsService] Finished operation Location.GetConnectionData
[2025-10-01 16:54:37Z INFO RunnerServer] Catch exception during connect. 4 attempt left.
[2025-10-01 16:54:37Z ERR  RunnerServer] GitHub.Services.WebApi.VssServiceResponseException: The resource cannot be found.
   at GitHub.Services.WebApi.VssHttpClientBase.HandleResponseAsync(HttpResponseMessage response, CancellationToken cancellationToken)
   at GitHub.Services.WebApi.VssHttpClientBase.SendAsync(HttpRequestMessage message, HttpCompletionOption completionOption, Object userState, CancellationToken cancellationToken)
   at GitHub.Services.WebApi.VssHttpClientBase.SendAsync[T](HttpRequestMessage message, Object userState, CancellationToken cancellationToken)
   at GitHub.Services.Location.Client.LocationHttpClient.GetConnectionDataAsync(ConnectOptions connectOptions, Int64 lastChangeId, CancellationToken cancellationToken, Object userState)
   at GitHub.Services.WebApi.Location.VssServerDataProvider.GetConnectionDataAsync(ConnectOptions connectOptions, Int32 lastChangeId, CancellationToken cancellationToken)
   at GitHub.Services.WebApi.Location.VssServerDataProvider.ConnectAsync(ConnectOptions connectOptions, CancellationToken cancellationToken)
   at GitHub.Runner.Common.RunnerService.EstablishVssConnection(Uri serverUrl, VssCredentials credentials, TimeSpan timeout)
[2025-10-01 16:54:37Z ERR  GitHubActionsService] GET request to https://pipelinesghubeus6.actions.githubusercontent.com/hKyNd5hzQTjPqVOxuFp9CyJ2tMUr8ytJJ9FfsFju3bqhBGI0lq/_apis/connectionData?connectOptions=1&lastChangeId=258625537&lastChangeId64=258625537 failed. HTTP Status: NotFound
[2025-10-01 16:54:37Z INFO GitHubActionsService] Finished operation Location.GetConnectionData
[2025-10-01 16:54:37Z INFO RunnerServer] Catch exception during connect. 4 attempt left.
[2025-10-01 16:54:37Z ERR  RunnerServer] GitHub.Services.WebApi.VssServiceResponseException: The resource cannot be found.
   at GitHub.Services.WebApi.VssHttpClientBase.HandleResponseAsync(HttpResponseMessage response, CancellationToken cancellationToken)
   at GitHub.Services.WebApi.VssHttpClientBase.SendAsync(HttpRequestMessage message, HttpCompletionOption completionOption, Object userState, CancellationToken cancellationToken)
   at GitHub.Services.WebApi.VssHttpClientBase.SendAsync[T](HttpRequestMessage message, Object userState, CancellationToken cancellationToken)
   at GitHub.Services.Location.Client.LocationHttpClient.GetConnectionDataAsync(ConnectOptions connectOptions, Int64 lastChangeId, CancellationToken cancellationToken, Object userState)
   at GitHub.Services.WebApi.Location.VssServerDataProvider.GetConnectionDataAsync(ConnectOptions connectOptions, Int32 lastChangeId, CancellationToken cancellationToken)
   at GitHub.Services.WebApi.Location.VssServerDataProvider.ConnectAsync(ConnectOptions connectOptions, CancellationToken cancellationToken)
   at GitHub.Runner.Common.RunnerService.EstablishVssConnection(Uri serverUrl, VssCredentials credentials, TimeSpan timeout)
[2025-10-01 16:54:37Z ERR  GitHubActionsService] GET request to https://pipelinesghubeus6.actions.githubusercontent.com/hKyNd5hzQTjPqVOxuFp9CyJ2tMUr8ytJJ9FfsFju3bqhBGI0lq/_apis/connectionData?connectOptions=1&lastChangeId=258625537&lastChangeId64=258625537 failed. HTTP Status: NotFound
[2025-10-01 16:54:37Z INFO GitHubActionsService] Finished operation Location.GetConnectionData
[2025-10-01 16:54:37Z INFO RunnerServer] Catch exception during connect. 4 attempt left.
[2025-10-01 16:54:37Z ERR  RunnerServer] GitHub.Services.WebApi.VssServiceResponseException: The resource cannot be found.
   at GitHub.Services.WebApi.VssHttpClientBase.HandleResponseAsync(HttpResponseMessage response, CancellationToken cancellationToken)
   at GitHub.Services.WebApi.VssHttpClientBase.SendAsync(HttpRequestMessage message, HttpCompletionOption completionOption, Object userState, CancellationToken cancellationToken)
   at GitHub.Services.WebApi.VssHttpClientBase.SendAsync[T](HttpRequestMessage message, Object userState, CancellationToken cancellationToken)
   at GitHub.Services.Location.Client.LocationHttpClient.GetConnectionDataAsync(ConnectOptions connectOptions, Int64 lastChangeId, CancellationToken cancellationToken, Object userState)
   at GitHub.Services.WebApi.Location.VssServerDataProvider.GetConnectionDataAsync(ConnectOptions connectOptions, Int32 lastChangeId, CancellationToken cancellationToken)
   at GitHub.Services.WebApi.Location.VssServerDataProvider.ConnectAsync(ConnectOptions connectOptions, CancellationToken cancellationToken)
   at GitHub.Runner.Common.RunnerService.EstablishVssConnection(Uri serverUrl, VssCredentials credentials, TimeSpan timeout)
[2025-10-01 16:54:37Z INFO GitHubActionsService] Starting operation Location.GetConnectionData
[2025-10-01 16:54:37Z INFO GitHubActionsService] Starting operation Location.GetConnectionData
[2025-10-01 16:54:37Z INFO GitHubActionsService] Starting operation Location.GetConnectionData
[2025-10-01 16:54:38Z ERR  GitHubActionsService] GET request to https://pipelinesghubeus6.actions.githubusercontent.com/hKyNd5hzQTjPqVOxuFp9CyJ2tMUr8ytJJ9FfsFju3bqhBGI0lq/_apis/connectionData?connectOptions=1&lastChangeId=258625537&lastChangeId64=258625537 failed. HTTP Status: NotFound
[2025-10-01 16:54:38Z INFO GitHubActionsService] Finished operation Location.GetConnectionData
[2025-10-01 16:54:38Z INFO RunnerServer] Catch exception during connect. 3 attempt left.
[2025-10-01 16:54:38Z ERR  RunnerServer] GitHub.Services.WebApi.VssServiceResponseException: The resource cannot be found.
   at GitHub.Services.WebApi.VssHttpClientBase.HandleResponseAsync(HttpResponseMessage response, CancellationToken cancellationToken)
   at GitHub.Services.WebApi.VssHttpClientBase.SendAsync(HttpRequestMessage message, HttpCompletionOption completionOption, Object userState, CancellationToken cancellationToken)
   at GitHub.Services.WebApi.VssHttpClientBase.SendAsync[T](HttpRequestMessage message, Object userState, CancellationToken cancellationToken)
   at GitHub.Services.Location.Client.LocationHttpClient.GetConnectionDataAsync(ConnectOptions connectOptions, Int64 lastChangeId, CancellationToken cancellationToken, Object userState)
   at GitHub.Services.WebApi.Location.VssServerDataProvider.GetConnectionDataAsync(ConnectOptions connectOptions, Int32 lastChangeId, CancellationToken cancellationToken)
   at GitHub.Services.WebApi.Location.VssServerDataProvider.ConnectAsync(ConnectOptions connectOptions, CancellationToken cancellationToken)
   at GitHub.Runner.Common.RunnerService.EstablishVssConnection(Uri serverUrl, VssCredentials credentials, TimeSpan timeout)
[2025-10-01 16:54:38Z ERR  GitHubActionsService] GET request to https://pipelinesghubeus6.actions.githubusercontent.com/hKyNd5hzQTjPqVOxuFp9CyJ2tMUr8ytJJ9FfsFju3bqhBGI0lq/_apis/connectionData?connectOptions=1&lastChangeId=258625537&lastChangeId64=258625537 failed. HTTP Status: NotFound
[2025-10-01 16:54:38Z INFO GitHubActionsService] Finished operation Location.GetConnectionData
[2025-10-01 16:54:38Z INFO RunnerServer] Catch exception during connect. 3 attempt left.
[2025-10-01 16:54:38Z ERR  RunnerServer] GitHub.Services.WebApi.VssServiceResponseException: The resource cannot be found.
   at GitHub.Services.WebApi.VssHttpClientBase.HandleResponseAsync(HttpResponseMessage response, CancellationToken cancellationToken)
   at GitHub.Services.WebApi.VssHttpClientBase.SendAsync(HttpRequestMessage message, HttpCompletionOption completionOption, Object userState, CancellationToken cancellationToken)
   at GitHub.Services.WebApi.VssHttpClientBase.SendAsync[T](HttpRequestMessage message, Object userState, CancellationToken cancellationToken)
   at GitHub.Services.Location.Client.LocationHttpClient.GetConnectionDataAsync(ConnectOptions connectOptions, Int64 lastChangeId, CancellationToken cancellationToken, Object userState)
   at GitHub.Services.WebApi.Location.VssServerDataProvider.GetConnectionDataAsync(ConnectOptions connectOptions, Int32 lastChangeId, CancellationToken cancellationToken)
   at GitHub.Services.WebApi.Location.VssServerDataProvider.ConnectAsync(ConnectOptions connectOptions, CancellationToken cancellationToken)
   at GitHub.Runner.Common.RunnerService.EstablishVssConnection(Uri serverUrl, VssCredentials credentials, TimeSpan timeout)
[2025-10-01 16:54:38Z ERR  GitHubActionsService] GET request to https://pipelinesghubeus6.actions.githubusercontent.com/hKyNd5hzQTjPqVOxuFp9CyJ2tMUr8ytJJ9FfsFju3bqhBGI0lq/_apis/connectionData?connectOptions=1&lastChangeId=258625537&lastChangeId64=258625537 failed. HTTP Status: NotFound
[2025-10-01 16:54:38Z INFO GitHubActionsService] Finished operation Location.GetConnectionData
[2025-10-01 16:54:38Z INFO RunnerServer] Catch exception during connect. 3 attempt left.
[2025-10-01 16:54:38Z ERR  RunnerServer] GitHub.Services.WebApi.VssServiceResponseException: The resource cannot be found.
   at GitHub.Services.WebApi.VssHttpClientBase.HandleResponseAsync(HttpResponseMessage response, CancellationToken cancellationToken)
   at GitHub.Services.WebApi.VssHttpClientBase.SendAsync(HttpRequestMessage message, HttpCompletionOption completionOption, Object userState, CancellationToken cancellationToken)
   at GitHub.Services.WebApi.VssHttpClientBase.SendAsync[T](HttpRequestMessage message, Object userState, CancellationToken cancellationToken)
   at GitHub.Services.Location.Client.LocationHttpClient.GetConnectionDataAsync(ConnectOptions connectOptions, Int64 lastChangeId, CancellationToken cancellationToken, Object userState)
   at GitHub.Services.WebApi.Location.VssServerDataProvider.GetConnectionDataAsync(ConnectOptions connectOptions, Int32 lastChangeId, CancellationToken cancellationToken)
   at GitHub.Services.WebApi.Location.VssServerDataProvider.ConnectAsync(ConnectOptions connectOptions, CancellationToken cancellationToken)
   at GitHub.Runner.Common.RunnerService.EstablishVssConnection(Uri serverUrl, VssCredentials credentials, TimeSpan timeout)
[2025-10-01 16:54:38Z INFO GitHubActionsService] Starting operation Location.GetConnectionData
[2025-10-01 16:54:38Z INFO GitHubActionsService] Starting operation Location.GetConnectionData
[2025-10-01 16:54:38Z INFO GitHubActionsService] Starting operation Location.GetConnectionData
[2025-10-01 16:54:38Z ERR  GitHubActionsService] GET request to https://pipelinesghubeus6.actions.githubusercontent.com/hKyNd5hzQTjPqVOxuFp9CyJ2tMUr8ytJJ9FfsFju3bqhBGI0lq/_apis/connectionData?connectOptions=1&lastChangeId=258625537&lastChangeId64=258625537 failed. HTTP Status: NotFound
[2025-10-01 16:54:38Z INFO GitHubActionsService] Finished operation Location.GetConnectionData
[2025-10-01 16:54:38Z INFO RunnerServer] Catch exception during connect. 2 attempt left.
[2025-10-01 16:54:38Z ERR  RunnerServer] GitHub.Services.WebApi.VssServiceResponseException: The resource cannot be found.
   at GitHub.Services.WebApi.VssHttpClientBase.HandleResponseAsync(HttpResponseMessage response, CancellationToken cancellationToken)
   at GitHub.Services.WebApi.VssHttpClientBase.SendAsync(HttpRequestMessage message, HttpCompletionOption completionOption, Object userState, CancellationToken cancellationToken)
   at GitHub.Services.WebApi.VssHttpClientBase.SendAsync[T](HttpRequestMessage message, Object userState, CancellationToken cancellationToken)
   at GitHub.Services.Location.Client.LocationHttpClient.GetConnectionDataAsync(ConnectOptions connectOptions, Int64 lastChangeId, CancellationToken cancellationToken, Object userState)
   at GitHub.Services.WebApi.Location.VssServerDataProvider.GetConnectionDataAsync(ConnectOptions connectOptions, Int32 lastChangeId, CancellationToken cancellationToken)
   at GitHub.Services.WebApi.Location.VssServerDataProvider.ConnectAsync(ConnectOptions connectOptions, CancellationToken cancellationToken)
   at GitHub.Runner.Common.RunnerService.EstablishVssConnection(Uri serverUrl, VssCredentials credentials, TimeSpan timeout)
[2025-10-01 16:54:38Z ERR  GitHubActionsService] GET request to https://pipelinesghubeus6.actions.githubusercontent.com/hKyNd5hzQTjPqVOxuFp9CyJ2tMUr8ytJJ9FfsFju3bqhBGI0lq/_apis/connectionData?connectOptions=1&lastChangeId=258625537&lastChangeId64=258625537 failed. HTTP Status: NotFound
[2025-10-01 16:54:38Z INFO GitHubActionsService] Finished operation Location.GetConnectionData
[2025-10-01 16:54:38Z INFO RunnerServer] Catch exception during connect. 2 attempt left.
[2025-10-01 16:54:38Z ERR  RunnerServer] GitHub.Services.WebApi.VssServiceResponseException: The resource cannot be found.
   at GitHub.Services.WebApi.VssHttpClientBase.HandleResponseAsync(HttpResponseMessage response, CancellationToken cancellationToken)
   at GitHub.Services.WebApi.VssHttpClientBase.SendAsync(HttpRequestMessage message, HttpCompletionOption completionOption, Object userState, CancellationToken cancellationToken)
   at GitHub.Services.WebApi.VssHttpClientBase.SendAsync[T](HttpRequestMessage message, Object userState, CancellationToken cancellationToken)
   at GitHub.Services.Location.Client.LocationHttpClient.GetConnectionDataAsync(ConnectOptions connectOptions, Int64 lastChangeId, CancellationToken cancellationToken, Object userState)
   at GitHub.Services.WebApi.Location.VssServerDataProvider.GetConnectionDataAsync(ConnectOptions connectOptions, Int32 lastChangeId, CancellationToken cancellationToken)
   at GitHub.Services.WebApi.Location.VssServerDataProvider.ConnectAsync(ConnectOptions connectOptions, CancellationToken cancellationToken)
   at GitHub.Runner.Common.RunnerService.EstablishVssConnection(Uri serverUrl, VssCredentials credentials, TimeSpan timeout)
[2025-10-01 16:54:38Z ERR  GitHubActionsService] GET request to https://pipelinesghubeus6.actions.githubusercontent.com/hKyNd5hzQTjPqVOxuFp9CyJ2tMUr8ytJJ9FfsFju3bqhBGI0lq/_apis/connectionData?connectOptions=1&lastChangeId=258625537&lastChangeId64=258625537 failed. HTTP Status: NotFound
[2025-10-01 16:54:38Z INFO GitHubActionsService] Finished operation Location.GetConnectionData
[2025-10-01 16:54:38Z INFO RunnerServer] Catch exception during connect. 2 attempt left.
[2025-10-01 16:54:38Z ERR  RunnerServer] GitHub.Services.WebApi.VssServiceResponseException: The resource cannot be found.
   at GitHub.Services.WebApi.VssHttpClientBase.HandleResponseAsync(HttpResponseMessage response, CancellationToken cancellationToken)
   at GitHub.Services.WebApi.VssHttpClientBase.SendAsync(HttpRequestMessage message, HttpCompletionOption completionOption, Object userState, CancellationToken cancellationToken)
   at GitHub.Services.WebApi.VssHttpClientBase.SendAsync[T](HttpRequestMessage message, Object userState, CancellationToken cancellationToken)
   at GitHub.Services.Location.Client.LocationHttpClient.GetConnectionDataAsync(ConnectOptions connectOptions, Int64 lastChangeId, CancellationToken cancellationToken, Object userState)
   at GitHub.Services.WebApi.Location.VssServerDataProvider.GetConnectionDataAsync(ConnectOptions connectOptions, Int32 lastChangeId, CancellationToken cancellationToken)
   at GitHub.Services.WebApi.Location.VssServerDataProvider.ConnectAsync(ConnectOptions connectOptions, CancellationToken cancellationToken)
   at GitHub.Runner.Common.RunnerService.EstablishVssConnection(Uri serverUrl, VssCredentials credentials, TimeSpan timeout)
[2025-10-01 16:54:39Z INFO GitHubActionsService] Starting operation Location.GetConnectionData
[2025-10-01 16:54:39Z INFO GitHubActionsService] Starting operation Location.GetConnectionData
[2025-10-01 16:54:39Z INFO GitHubActionsService] Starting operation Location.GetConnectionData
[2025-10-01 16:54:39Z ERR  GitHubActionsService] GET request to https://pipelinesghubeus6.actions.githubusercontent.com/hKyNd5hzQTjPqVOxuFp9CyJ2tMUr8ytJJ9FfsFju3bqhBGI0lq/_apis/connectionData?connectOptions=1&lastChangeId=258625537&lastChangeId64=258625537 failed. HTTP Status: NotFound
[2025-10-01 16:54:39Z INFO GitHubActionsService] Finished operation Location.GetConnectionData
[2025-10-01 16:54:39Z INFO RunnerServer] Catch exception during connect. 1 attempt left.
[2025-10-01 16:54:39Z ERR  RunnerServer] GitHub.Services.WebApi.VssServiceResponseException: The resource cannot be found.
   at GitHub.Services.WebApi.VssHttpClientBase.HandleResponseAsync(HttpResponseMessage response, CancellationToken cancellationToken)
   at GitHub.Services.WebApi.VssHttpClientBase.SendAsync(HttpRequestMessage message, HttpCompletionOption completionOption, Object userState, CancellationToken cancellationToken)
   at GitHub.Services.WebApi.VssHttpClientBase.SendAsync[T](HttpRequestMessage message, Object userState, CancellationToken cancellationToken)
   at GitHub.Services.Location.Client.LocationHttpClient.GetConnectionDataAsync(ConnectOptions connectOptions, Int64 lastChangeId, CancellationToken cancellationToken, Object userState)
   at GitHub.Services.WebApi.Location.VssServerDataProvider.GetConnectionDataAsync(ConnectOptions connectOptions, Int32 lastChangeId, CancellationToken cancellationToken)
   at GitHub.Services.WebApi.Location.VssServerDataProvider.ConnectAsync(ConnectOptions connectOptions, CancellationToken cancellationToken)
   at GitHub.Runner.Common.RunnerService.EstablishVssConnection(Uri serverUrl, VssCredentials credentials, TimeSpan timeout)
[2025-10-01 16:54:39Z INFO GitHubActionsService] Starting operation Location.GetConnectionData
[2025-10-01 16:54:39Z ERR  GitHubActionsService] GET request to https://pipelinesghubeus6.actions.githubusercontent.com/hKyNd5hzQTjPqVOxuFp9CyJ2tMUr8ytJJ9FfsFju3bqhBGI0lq/_apis/connectionData?connectOptions=1&lastChangeId=258625537&lastChangeId64=258625537 failed. HTTP Status: NotFound
[2025-10-01 16:54:39Z INFO GitHubActionsService] Finished operation Location.GetConnectionData
[2025-10-01 16:54:39Z INFO RunnerServer] Catch exception during connect. 1 attempt left.
[2025-10-01 16:54:39Z ERR  RunnerServer] GitHub.Services.WebApi.VssServiceResponseException: The resource cannot be found.
   at GitHub.Services.WebApi.VssHttpClientBase.HandleResponseAsync(HttpResponseMessage response, CancellationToken cancellationToken)
   at GitHub.Services.WebApi.VssHttpClientBase.SendAsync(HttpRequestMessage message, HttpCompletionOption completionOption, Object userState, CancellationToken cancellationToken)
   at GitHub.Services.WebApi.VssHttpClientBase.SendAsync[T](HttpRequestMessage message, Object userState, CancellationToken cancellationToken)
   at GitHub.Services.Location.Client.LocationHttpClient.GetConnectionDataAsync(ConnectOptions connectOptions, Int64 lastChangeId, CancellationToken cancellationToken, Object userState)
   at GitHub.Services.WebApi.Location.VssServerDataProvider.GetConnectionDataAsync(ConnectOptions connectOptions, Int32 lastChangeId, CancellationToken cancellationToken)
   at GitHub.Services.WebApi.Location.VssServerDataProvider.ConnectAsync(ConnectOptions connectOptions, CancellationToken cancellationToken)
   at GitHub.Runner.Common.RunnerService.EstablishVssConnection(Uri serverUrl, VssCredentials credentials, TimeSpan timeout)
[2025-10-01 16:54:39Z ERR  GitHubActionsService] GET request to https://pipelinesghubeus6.actions.githubusercontent.com/hKyNd5hzQTjPqVOxuFp9CyJ2tMUr8ytJJ9FfsFju3bqhBGI0lq/_apis/connectionData?connectOptions=1&lastChangeId=258625537&lastChangeId64=258625537 failed. HTTP Status: NotFound
[2025-10-01 16:54:39Z INFO GitHubActionsService] Finished operation Location.GetConnectionData
[2025-10-01 16:54:39Z INFO RunnerServer] Catch exception during connect. 1 attempt left.
[2025-10-01 16:54:39Z ERR  RunnerServer] GitHub.Services.WebApi.VssServiceResponseException: The resource cannot be found.
   at GitHub.Services.WebApi.VssHttpClientBase.HandleResponseAsync(HttpResponseMessage response, CancellationToken cancellationToken)
   at GitHub.Services.WebApi.VssHttpClientBase.SendAsync(HttpRequestMessage message, HttpCompletionOption completionOption, Object userState, CancellationToken cancellationToken)
   at GitHub.Services.WebApi.VssHttpClientBase.SendAsync[T](HttpRequestMessage message, Object userState, CancellationToken cancellationToken)
   at GitHub.Services.Location.Client.LocationHttpClient.GetConnectionDataAsync(ConnectOptions connectOptions, Int64 lastChangeId, CancellationToken cancellationToken, Object userState)
   at GitHub.Services.WebApi.Location.VssServerDataProvider.GetConnectionDataAsync(ConnectOptions connectOptions, Int32 lastChangeId, CancellationToken cancellationToken)
   at GitHub.Services.WebApi.Location.VssServerDataProvider.ConnectAsync(ConnectOptions connectOptions, CancellationToken cancellationToken)
   at GitHub.Runner.Common.RunnerService.EstablishVssConnection(Uri serverUrl, VssCredentials credentials, TimeSpan timeout)
[2025-10-01 16:54:39Z INFO GitHubActionsService] Starting operation Location.GetConnectionData
[2025-10-01 16:54:39Z INFO GitHubActionsService] Starting operation Location.GetConnectionData
[2025-10-01 16:54:40Z ERR  GitHubActionsService] GET request to https://pipelinesghubeus6.actions.githubusercontent.com/hKyNd5hzQTjPqVOxuFp9CyJ2tMUr8ytJJ9FfsFju3bqhBGI0lq/_apis/connectionData?connectOptions=1&lastChangeId=258625537&lastChangeId64=258625537 failed. HTTP Status: NotFound
[2025-10-01 16:54:40Z INFO GitHubActionsService] Finished operation Location.GetConnectionData
[2025-10-01 16:54:40Z ERR  GitHubActionsService] GET request to https://pipelinesghubeus6.actions.githubusercontent.com/hKyNd5hzQTjPqVOxuFp9CyJ2tMUr8ytJJ9FfsFju3bqhBGI0lq/_apis/connectionData?connectOptions=1&lastChangeId=258625537&lastChangeId64=258625537 failed. HTTP Status: NotFound
[2025-10-01 16:54:40Z INFO GitHubActionsService] Finished operation Location.GetConnectionData
[2025-10-01 16:54:40Z ERR  GitHubActionsService] GET request to https://pipelinesghubeus6.actions.githubusercontent.com/hKyNd5hzQTjPqVOxuFp9CyJ2tMUr8ytJJ9FfsFju3bqhBGI0lq/_apis/connectionData?connectOptions=1&lastChangeId=258625537&lastChangeId64=258625537 failed. HTTP Status: NotFound
[2025-10-01 16:54:40Z INFO GitHubActionsService] Finished operation Location.GetConnectionData
[2025-10-01 16:54:40Z ERR  BrokerMessageListener] Catch exception during create session.
[2025-10-01 16:54:40Z ERR  BrokerMessageListener] GitHub.Services.WebApi.VssServiceResponseException: The resource cannot be found.
   at GitHub.Services.WebApi.VssHttpClientBase.HandleResponseAsync(HttpResponseMessage response, CancellationToken cancellationToken)
   at GitHub.Services.WebApi.VssHttpClientBase.SendAsync(HttpRequestMessage message, HttpCompletionOption completionOption, Object userState, CancellationToken cancellationToken)
   at GitHub.Services.WebApi.VssHttpClientBase.SendAsync[T](HttpRequestMessage message, Object userState, CancellationToken cancellationToken)
   at GitHub.Services.Location.Client.LocationHttpClient.GetConnectionDataAsync(ConnectOptions connectOptions, Int64 lastChangeId, CancellationToken cancellationToken, Object userState)
   at GitHub.Services.WebApi.Location.VssServerDataProvider.GetConnectionDataAsync(ConnectOptions connectOptions, Int32 lastChangeId, CancellationToken cancellationToken)
   at GitHub.Services.WebApi.Location.VssServerDataProvider.ConnectAsync(ConnectOptions connectOptions, CancellationToken cancellationToken)
   at GitHub.Runner.Common.RunnerService.EstablishVssConnection(Uri serverUrl, VssCredentials credentials, TimeSpan timeout)
   at GitHub.Runner.Common.RunnerServer.ConnectAsync(Uri serverUrl, VssCredentials credentials)
   at GitHub.Runner.Listener.BrokerMessageListener.CreateSessionAsync(CancellationToken token)
[2025-10-01 16:54:40Z INFO BrokerMessageListener] Retriable exception: The resource cannot be found.
[2025-10-01 16:54:40Z INFO BrokerMessageListener] Sleeping for 30 seconds before retrying.
[2025-10-01 16:55:10Z INFO BrokerMessageListener] Attempt to create session.
[2025-10-01 16:55:10Z INFO BrokerMessageListener] Connecting to the Broker Server...
[2025-10-01 16:55:10Z INFO ConfigurationStore] HasCredentials()
[2025-10-01 16:55:10Z INFO ConfigurationStore] stored True
[2025-10-01 16:55:10Z INFO CredentialManager] GetCredentialProvider
[2025-10-01 16:55:10Z INFO CredentialManager] Creating type OAuth
[2025-10-01 16:55:10Z INFO CredentialManager] Creating credential type: OAuth
[2025-10-01 16:55:10Z INFO RSAEncryptedFileKeyManager] Loading RSA key parameters from file G:\Brunella\actions-runner\.credentials_rsaparams
[2025-10-01 16:55:10Z INFO BrokerMessageListener] VssConnection created
[2025-10-01 16:55:10Z INFO BrokerMessageListener] Connecting to the Runner server...
[2025-10-01 16:55:10Z INFO RunnerServer] EstablishVssConnection
[2025-10-01 16:55:10Z INFO RunnerServer] Establish connection with 100 seconds timeout.
[2025-10-01 16:55:10Z INFO GitHubActionsService] Starting operation Location.GetConnectionData
[2025-10-01 16:55:10Z INFO RunnerServer] EstablishVssConnection
[2025-10-01 16:55:10Z INFO RunnerServer] Establish connection with 60 seconds timeout.
[2025-10-01 16:55:10Z INFO GitHubActionsService] Starting operation Location.GetConnectionData
[2025-10-01 16:55:10Z INFO RunnerServer] EstablishVssConnection
[2025-10-01 16:55:10Z INFO RunnerServer] Establish connection with 60 seconds timeout.
[2025-10-01 16:55:10Z INFO GitHubActionsService] Starting operation Location.GetConnectionData
[2025-10-01 16:55:11Z ERR  GitHubActionsService] GET request to https://pipelinesghubeus6.actions.githubusercontent.com/hKyNd5hzQTjPqVOxuFp9CyJ2tMUr8ytJJ9FfsFju3bqhBGI0lq/_apis/connectionData?connectOptions=1&lastChangeId=258625537&lastChangeId64=258625537 failed. HTTP Status: NotFound
[2025-10-01 16:55:11Z INFO GitHubActionsService] Finished operation Location.GetConnectionData
[2025-10-01 16:55:11Z INFO RunnerServer] Catch exception during connect. 4 attempt left.
[2025-10-01 16:55:11Z ERR  GitHubActionsService] GET request to https://pipelinesghubeus6.actions.githubusercontent.com/hKyNd5hzQTjPqVOxuFp9CyJ2tMUr8ytJJ9FfsFju3bqhBGI0lq/_apis/connectionData?connectOptions=1&lastChangeId=258625537&lastChangeId64=258625537 failed. HTTP Status: NotFound
[2025-10-01 16:55:11Z INFO GitHubActionsService] Finished operation Location.GetConnectionData
[2025-10-01 16:55:11Z ERR  RunnerServer] GitHub.Services.WebApi.VssServiceResponseException: The resource cannot be found.
   at GitHub.Services.WebApi.VssHttpClientBase.HandleResponseAsync(HttpResponseMessage response, CancellationToken cancellationToken)
   at GitHub.Services.WebApi.VssHttpClientBase.SendAsync(HttpRequestMessage message, HttpCompletionOption completionOption, Object userState, CancellationToken cancellationToken)
   at GitHub.Services.WebApi.VssHttpClientBase.SendAsync[T](HttpRequestMessage message, Object userState, CancellationToken cancellationToken)
   at GitHub.Services.Location.Client.LocationHttpClient.GetConnectionDataAsync(ConnectOptions connectOptions, Int64 lastChangeId, CancellationToken cancellationToken, Object userState)
   at GitHub.Services.WebApi.Location.VssServerDataProvider.GetConnectionDataAsync(ConnectOptions connectOptions, Int32 lastChangeId, CancellationToken cancellationToken)
   at GitHub.Services.WebApi.Location.VssServerDataProvider.ConnectAsync(ConnectOptions connectOptions, CancellationToken cancellationToken)
   at GitHub.Runner.Common.RunnerService.EstablishVssConnection(Uri serverUrl, VssCredentials credentials, TimeSpan timeout)
[2025-10-01 16:55:11Z INFO RunnerServer] Catch exception during connect. 4 attempt left.
[2025-10-01 16:55:11Z ERR  RunnerServer] GitHub.Services.WebApi.VssServiceResponseException: The resource cannot be found.
   at GitHub.Services.WebApi.VssHttpClientBase.HandleResponseAsync(HttpResponseMessage response, CancellationToken cancellationToken)
   at GitHub.Services.WebApi.VssHttpClientBase.SendAsync(HttpRequestMessage message, HttpCompletionOption completionOption, Object userState, CancellationToken cancellationToken)
   at GitHub.Services.WebApi.VssHttpClientBase.SendAsync[T](HttpRequestMessage message, Object userState, CancellationToken cancellationToken)
   at GitHub.Services.Location.Client.LocationHttpClient.GetConnectionDataAsync(ConnectOptions connectOptions, Int64 lastChangeId, CancellationToken cancellationToken, Object userState)
   at GitHub.Services.WebApi.Location.VssServerDataProvider.GetConnectionDataAsync(ConnectOptions connectOptions, Int32 lastChangeId, CancellationToken cancellationToken)
   at GitHub.Services.WebApi.Location.VssServerDataProvider.ConnectAsync(ConnectOptions connectOptions, CancellationToken cancellationToken)
   at GitHub.Runner.Common.RunnerService.EstablishVssConnection(Uri serverUrl, VssCredentials credentials, TimeSpan timeout)
[2025-10-01 16:55:11Z ERR  GitHubActionsService] GET request to https://pipelinesghubeus6.actions.githubusercontent.com/hKyNd5hzQTjPqVOxuFp9CyJ2tMUr8ytJJ9FfsFju3bqhBGI0lq/_apis/connectionData?connectOptions=1&lastChangeId=258625537&lastChangeId64=258625537 failed. HTTP Status: NotFound
[2025-10-01 16:55:11Z INFO GitHubActionsService] Finished operation Location.GetConnectionData
[2025-10-01 16:55:11Z INFO RunnerServer] Catch exception during connect. 4 attempt left.
[2025-10-01 16:55:11Z ERR  RunnerServer] GitHub.Services.WebApi.VssServiceResponseException: The resource cannot be found.
   at GitHub.Services.WebApi.VssHttpClientBase.HandleResponseAsync(HttpResponseMessage response, CancellationToken cancellationToken)
   at GitHub.Services.WebApi.VssHttpClientBase.SendAsync(HttpRequestMessage message, HttpCompletionOption completionOption, Object userState, CancellationToken cancellationToken)
   at GitHub.Services.WebApi.VssHttpClientBase.SendAsync[T](HttpRequestMessage message, Object userState, CancellationToken cancellationToken)
   at GitHub.Services.Location.Client.LocationHttpClient.GetConnectionDataAsync(ConnectOptions connectOptions, Int64 lastChangeId, CancellationToken cancellationToken, Object userState)
   at GitHub.Services.WebApi.Location.VssServerDataProvider.GetConnectionDataAsync(ConnectOptions connectOptions, Int32 lastChangeId, CancellationToken cancellationToken)
   at GitHub.Services.WebApi.Location.VssServerDataProvider.ConnectAsync(ConnectOptions connectOptions, CancellationToken cancellationToken)
   at GitHub.Runner.Common.RunnerService.EstablishVssConnection(Uri serverUrl, VssCredentials credentials, TimeSpan timeout)
[2025-10-01 16:55:11Z INFO GitHubActionsService] Starting operation Location.GetConnectionData
[2025-10-01 16:55:11Z INFO GitHubActionsService] Starting operation Location.GetConnectionData
[2025-10-01 16:55:11Z INFO GitHubActionsService] Starting operation Location.GetConnectionData
[2025-10-01 16:55:11Z ERR  GitHubActionsService] GET request to https://pipelinesghubeus6.actions.githubusercontent.com/hKyNd5hzQTjPqVOxuFp9CyJ2tMUr8ytJJ9FfsFju3bqhBGI0lq/_apis/connectionData?connectOptions=1&lastChangeId=258625537&lastChangeId64=258625537 failed. HTTP Status: NotFound
[2025-10-01 16:55:11Z INFO GitHubActionsService] Finished operation Location.GetConnectionData
[2025-10-01 16:55:11Z INFO RunnerServer] Catch exception during connect. 3 attempt left.
[2025-10-01 16:55:11Z ERR  RunnerServer] GitHub.Services.WebApi.VssServiceResponseException: The resource cannot be found.
   at GitHub.Services.WebApi.VssHttpClientBase.HandleResponseAsync(HttpResponseMessage response, CancellationToken cancellationToken)
   at GitHub.Services.WebApi.VssHttpClientBase.SendAsync(HttpRequestMessage message, HttpCompletionOption completionOption, Object userState, CancellationToken cancellationToken)
   at GitHub.Services.WebApi.VssHttpClientBase.SendAsync[T](HttpRequestMessage message, Object userState, CancellationToken cancellationToken)
   at GitHub.Services.Location.Client.LocationHttpClient.GetConnectionDataAsync(ConnectOptions connectOptions, Int64 lastChangeId, CancellationToken cancellationToken, Object userState)
   at GitHub.Services.WebApi.Location.VssServerDataProvider.GetConnectionDataAsync(ConnectOptions connectOptions, Int32 lastChangeId, CancellationToken cancellationToken)
   at GitHub.Services.WebApi.Location.VssServerDataProvider.ConnectAsync(ConnectOptions connectOptions, CancellationToken cancellationToken)
   at GitHub.Runner.Common.RunnerService.EstablishVssConnection(Uri serverUrl, VssCredentials credentials, TimeSpan timeout)
[2025-10-01 16:55:11Z ERR  GitHubActionsService] GET request to https://pipelinesghubeus6.actions.githubusercontent.com/hKyNd5hzQTjPqVOxuFp9CyJ2tMUr8ytJJ9FfsFju3bqhBGI0lq/_apis/connectionData?connectOptions=1&lastChangeId=258625537&lastChangeId64=258625537 failed. HTTP Status: NotFound
[2025-10-01 16:55:11Z INFO GitHubActionsService] Finished operation Location.GetConnectionData
[2025-10-01 16:55:11Z INFO RunnerServer] Catch exception during connect. 3 attempt left.
[2025-10-01 16:55:11Z ERR  RunnerServer] GitHub.Services.WebApi.VssServiceResponseException: The resource cannot be found.
   at GitHub.Services.WebApi.VssHttpClientBase.HandleResponseAsync(HttpResponseMessage response, CancellationToken cancellationToken)
   at GitHub.Services.WebApi.VssHttpClientBase.SendAsync(HttpRequestMessage message, HttpCompletionOption completionOption, Object userState, CancellationToken cancellationToken)
   at GitHub.Services.WebApi.VssHttpClientBase.SendAsync[T](HttpRequestMessage message, Object userState, CancellationToken cancellationToken)
   at GitHub.Services.Location.Client.LocationHttpClient.GetConnectionDataAsync(ConnectOptions connectOptions, Int64 lastChangeId, CancellationToken cancellationToken, Object userState)
   at GitHub.Services.WebApi.Location.VssServerDataProvider.GetConnectionDataAsync(ConnectOptions connectOptions, Int32 lastChangeId, CancellationToken cancellationToken)
   at GitHub.Services.WebApi.Location.VssServerDataProvider.ConnectAsync(ConnectOptions connectOptions, CancellationToken cancellationToken)
   at GitHub.Runner.Common.RunnerService.EstablishVssConnection(Uri serverUrl, VssCredentials credentials, TimeSpan timeout)
[2025-10-01 16:55:12Z INFO GitHubActionsService] Starting operation Location.GetConnectionData
[2025-10-01 16:55:12Z INFO GitHubActionsService] Starting operation Location.GetConnectionData
[2025-10-01 16:55:12Z ERR  GitHubActionsService] GET request to https://pipelinesghubeus6.actions.githubusercontent.com/hKyNd5hzQTjPqVOxuFp9CyJ2tMUr8ytJJ9FfsFju3bqhBGI0lq/_apis/connectionData?connectOptions=1&lastChangeId=258625537&lastChangeId64=258625537 failed. HTTP Status: NotFound
[2025-10-01 16:55:12Z INFO GitHubActionsService] Finished operation Location.GetConnectionData
[2025-10-01 16:55:12Z INFO RunnerServer] Catch exception during connect. 3 attempt left.
[2025-10-01 16:55:12Z ERR  RunnerServer] GitHub.Services.WebApi.VssServiceResponseException: The resource cannot be found.
   at GitHub.Services.WebApi.VssHttpClientBase.HandleResponseAsync(HttpResponseMessage response, CancellationToken cancellationToken)
   at GitHub.Services.WebApi.VssHttpClientBase.SendAsync(HttpRequestMessage message, HttpCompletionOption completionOption, Object userState, CancellationToken cancellationToken)
   at GitHub.Services.WebApi.VssHttpClientBase.SendAsync[T](HttpRequestMessage message, Object userState, CancellationToken cancellationToken)
   at GitHub.Services.Location.Client.LocationHttpClient.GetConnectionDataAsync(ConnectOptions connectOptions, Int64 lastChangeId, CancellationToken cancellationToken, Object userState)
   at GitHub.Services.WebApi.Location.VssServerDataProvider.GetConnectionDataAsync(ConnectOptions connectOptions, Int32 lastChangeId, CancellationToken cancellationToken)
   at GitHub.Services.WebApi.Location.VssServerDataProvider.ConnectAsync(ConnectOptions connectOptions, CancellationToken cancellationToken)
   at GitHub.Runner.Common.RunnerService.EstablishVssConnection(Uri serverUrl, VssCredentials credentials, TimeSpan timeout)
[2025-10-01 16:55:12Z INFO GitHubActionsService] Starting operation Location.GetConnectionData
[2025-10-01 16:55:12Z ERR  GitHubActionsService] GET request to https://pipelinesghubeus6.actions.githubusercontent.com/hKyNd5hzQTjPqVOxuFp9CyJ2tMUr8ytJJ9FfsFju3bqhBGI0lq/_apis/connectionData?connectOptions=1&lastChangeId=258625537&lastChangeId64=258625537 failed. HTTP Status: NotFound
[2025-10-01 16:55:12Z INFO GitHubActionsService] Finished operation Location.GetConnectionData
[2025-10-01 16:55:12Z INFO RunnerServer] Catch exception during connect. 2 attempt left.
[2025-10-01 16:55:12Z ERR  RunnerServer] GitHub.Services.WebApi.VssServiceResponseException: The resource cannot be found.
   at GitHub.Services.WebApi.VssHttpClientBase.HandleResponseAsync(HttpResponseMessage response, CancellationToken cancellationToken)
   at GitHub.Services.WebApi.VssHttpClientBase.SendAsync(HttpRequestMessage message, HttpCompletionOption completionOption, Object userState, CancellationToken cancellationToken)
   at GitHub.Services.WebApi.VssHttpClientBase.SendAsync[T](HttpRequestMessage message, Object userState, CancellationToken cancellationToken)
   at GitHub.Services.Location.Client.LocationHttpClient.GetConnectionDataAsync(ConnectOptions connectOptions, Int64 lastChangeId, CancellationToken cancellationToken, Object userState)
   at GitHub.Services.WebApi.Location.VssServerDataProvider.GetConnectionDataAsync(ConnectOptions connectOptions, Int32 lastChangeId, CancellationToken cancellationToken)
   at GitHub.Services.WebApi.Location.VssServerDataProvider.ConnectAsync(ConnectOptions connectOptions, CancellationToken cancellationToken)
   at GitHub.Runner.Common.RunnerService.EstablishVssConnection(Uri serverUrl, VssCredentials credentials, TimeSpan timeout)
[2025-10-01 16:55:12Z ERR  GitHubActionsService] GET request to https://pipelinesghubeus6.actions.githubusercontent.com/hKyNd5hzQTjPqVOxuFp9CyJ2tMUr8ytJJ9FfsFju3bqhBGI0lq/_apis/connectionData?connectOptions=1&lastChangeId=258625537&lastChangeId64=258625537 failed. HTTP Status: NotFound
[2025-10-01 16:55:12Z INFO GitHubActionsService] Finished operation Location.GetConnectionData
[2025-10-01 16:55:12Z INFO RunnerServer] Catch exception during connect. 2 attempt left.
[2025-10-01 16:55:12Z ERR  RunnerServer] GitHub.Services.WebApi.VssServiceResponseException: The resource cannot be found.
   at GitHub.Services.WebApi.VssHttpClientBase.HandleResponseAsync(HttpResponseMessage response, CancellationToken cancellationToken)
   at GitHub.Services.WebApi.VssHttpClientBase.SendAsync(HttpRequestMessage message, HttpCompletionOption completionOption, Object userState, CancellationToken cancellationToken)
   at GitHub.Services.WebApi.VssHttpClientBase.SendAsync[T](HttpRequestMessage message, Object userState, CancellationToken cancellationToken)
   at GitHub.Services.Location.Client.LocationHttpClient.GetConnectionDataAsync(ConnectOptions connectOptions, Int64 lastChangeId, CancellationToken cancellationToken, Object userState)
   at GitHub.Services.WebApi.Location.VssServerDataProvider.GetConnectionDataAsync(ConnectOptions connectOptions, Int32 lastChangeId, CancellationToken cancellationToken)
   at GitHub.Services.WebApi.Location.VssServerDataProvider.ConnectAsync(ConnectOptions connectOptions, CancellationToken cancellationToken)
   at GitHub.Runner.Common.RunnerService.EstablishVssConnection(Uri serverUrl, VssCredentials credentials, TimeSpan timeout)
[2025-10-01 16:55:12Z INFO GitHubActionsService] Starting operation Location.GetConnectionData
[2025-10-01 16:55:12Z INFO GitHubActionsService] Starting operation Location.GetConnectionData
[2025-10-01 16:55:12Z ERR  GitHubActionsService] GET request to https://pipelinesghubeus6.actions.githubusercontent.com/hKyNd5hzQTjPqVOxuFp9CyJ2tMUr8ytJJ9FfsFju3bqhBGI0lq/_apis/connectionData?connectOptions=1&lastChangeId=258625537&lastChangeId64=258625537 failed. HTTP Status: NotFound
[2025-10-01 16:55:12Z INFO GitHubActionsService] Finished operation Location.GetConnectionData
[2025-10-01 16:55:12Z INFO RunnerServer] Catch exception during connect. 2 attempt left.
[2025-10-01 16:55:12Z ERR  RunnerServer] GitHub.Services.WebApi.VssServiceResponseException: The resource cannot be found.
   at GitHub.Services.WebApi.VssHttpClientBase.HandleResponseAsync(HttpResponseMessage response, CancellationToken cancellationToken)
   at GitHub.Services.WebApi.VssHttpClientBase.SendAsync(HttpRequestMessage message, HttpCompletionOption completionOption, Object userState, CancellationToken cancellationToken)
   at GitHub.Services.WebApi.VssHttpClientBase.SendAsync[T](HttpRequestMessage message, Object userState, CancellationToken cancellationToken)
   at GitHub.Services.Location.Client.LocationHttpClient.GetConnectionDataAsync(ConnectOptions connectOptions, Int64 lastChangeId, CancellationToken cancellationToken, Object userState)
   at GitHub.Services.WebApi.Location.VssServerDataProvider.GetConnectionDataAsync(ConnectOptions connectOptions, Int32 lastChangeId, CancellationToken cancellationToken)
   at GitHub.Services.WebApi.Location.VssServerDataProvider.ConnectAsync(ConnectOptions connectOptions, CancellationToken cancellationToken)
   at GitHub.Runner.Common.RunnerService.EstablishVssConnection(Uri serverUrl, VssCredentials credentials, TimeSpan timeout)
[2025-10-01 16:55:12Z INFO GitHubActionsService] Starting operation Location.GetConnectionData
[2025-10-01 16:55:13Z ERR  GitHubActionsService] GET request to https://pipelinesghubeus6.actions.githubusercontent.com/hKyNd5hzQTjPqVOxuFp9CyJ2tMUr8ytJJ9FfsFju3bqhBGI0lq/_apis/connectionData?connectOptions=1&lastChangeId=258625537&lastChangeId64=258625537 failed. HTTP Status: NotFound
[2025-10-01 16:55:13Z INFO GitHubActionsService] Finished operation Location.GetConnectionData
[2025-10-01 16:55:13Z INFO RunnerServer] Catch exception during connect. 1 attempt left.
[2025-10-01 16:55:13Z ERR  RunnerServer] GitHub.Services.WebApi.VssServiceResponseException: The resource cannot be found.
   at GitHub.Services.WebApi.VssHttpClientBase.HandleResponseAsync(HttpResponseMessage response, CancellationToken cancellationToken)
   at GitHub.Services.WebApi.VssHttpClientBase.SendAsync(HttpRequestMessage message, HttpCompletionOption completionOption, Object userState, CancellationToken cancellationToken)
   at GitHub.Services.WebApi.VssHttpClientBase.SendAsync[T](HttpRequestMessage message, Object userState, CancellationToken cancellationToken)
   at GitHub.Services.Location.Client.LocationHttpClient.GetConnectionDataAsync(ConnectOptions connectOptions, Int64 lastChangeId, CancellationToken cancellationToken, Object userState)
   at GitHub.Services.WebApi.Location.VssServerDataProvider.GetConnectionDataAsync(ConnectOptions connectOptions, Int32 lastChangeId, CancellationToken cancellationToken)
   at GitHub.Services.WebApi.Location.VssServerDataProvider.ConnectAsync(ConnectOptions connectOptions, CancellationToken cancellationToken)
   at GitHub.Runner.Common.RunnerService.EstablishVssConnection(Uri serverUrl, VssCredentials credentials, TimeSpan timeout)
[2025-10-01 16:55:13Z ERR  GitHubActionsService] GET request to https://pipelinesghubeus6.actions.githubusercontent.com/hKyNd5hzQTjPqVOxuFp9CyJ2tMUr8ytJJ9FfsFju3bqhBGI0lq/_apis/connectionData?connectOptions=1&lastChangeId=258625537&lastChangeId64=258625537 failed. HTTP Status: NotFound
[2025-10-01 16:55:13Z INFO GitHubActionsService] Finished operation Location.GetConnectionData
[2025-10-01 16:55:13Z INFO RunnerServer] Catch exception during connect. 1 attempt left.
[2025-10-01 16:55:13Z ERR  RunnerServer] GitHub.Services.WebApi.VssServiceResponseException: The resource cannot be found.
   at GitHub.Services.WebApi.VssHttpClientBase.HandleResponseAsync(HttpResponseMessage response, CancellationToken cancellationToken)
   at GitHub.Services.WebApi.VssHttpClientBase.SendAsync(HttpRequestMessage message, HttpCompletionOption completionOption, Object userState, CancellationToken cancellationToken)
   at GitHub.Services.WebApi.VssHttpClientBase.SendAsync[T](HttpRequestMessage message, Object userState, CancellationToken cancellationToken)
   at GitHub.Services.Location.Client.LocationHttpClient.GetConnectionDataAsync(ConnectOptions connectOptions, Int64 lastChangeId, CancellationToken cancellationToken, Object userState)
   at GitHub.Services.WebApi.Location.VssServerDataProvider.GetConnectionDataAsync(ConnectOptions connectOptions, Int32 lastChangeId, CancellationToken cancellationToken)
   at GitHub.Services.WebApi.Location.VssServerDataProvider.ConnectAsync(ConnectOptions connectOptions, CancellationToken cancellationToken)
   at GitHub.Runner.Common.RunnerService.EstablishVssConnection(Uri serverUrl, VssCredentials credentials, TimeSpan timeout)
[2025-10-01 16:55:13Z INFO GitHubActionsService] Starting operation Location.GetConnectionData
[2025-10-01 16:55:13Z INFO GitHubActionsService] Starting operation Location.GetConnectionData
[2025-10-01 16:55:13Z ERR  GitHubActionsService] GET request to https://pipelinesghubeus6.actions.githubusercontent.com/hKyNd5hzQTjPqVOxuFp9CyJ2tMUr8ytJJ9FfsFju3bqhBGI0lq/_apis/connectionData?connectOptions=1&lastChangeId=258625537&lastChangeId64=258625537 failed. HTTP Status: NotFound
[2025-10-01 16:55:13Z INFO GitHubActionsService] Finished operation Location.GetConnectionData
[2025-10-01 16:55:13Z INFO RunnerServer] Catch exception during connect. 1 attempt left.
[2025-10-01 16:55:13Z ERR  RunnerServer] GitHub.Services.WebApi.VssServiceResponseException: The resource cannot be found.
   at GitHub.Services.WebApi.VssHttpClientBase.HandleResponseAsync(HttpResponseMessage response, CancellationToken cancellationToken)
   at GitHub.Services.WebApi.VssHttpClientBase.SendAsync(HttpRequestMessage message, HttpCompletionOption completionOption, Object userState, CancellationToken cancellationToken)
   at GitHub.Services.WebApi.VssHttpClientBase.SendAsync[T](HttpRequestMessage message, Object userState, CancellationToken cancellationToken)
   at GitHub.Services.Location.Client.LocationHttpClient.GetConnectionDataAsync(ConnectOptions connectOptions, Int64 lastChangeId, CancellationToken cancellationToken, Object userState)
   at GitHub.Services.WebApi.Location.VssServerDataProvider.GetConnectionDataAsync(ConnectOptions connectOptions, Int32 lastChangeId, CancellationToken cancellationToken)
   at GitHub.Services.WebApi.Location.VssServerDataProvider.ConnectAsync(ConnectOptions connectOptions, CancellationToken cancellationToken)
   at GitHub.Runner.Common.RunnerService.EstablishVssConnection(Uri serverUrl, VssCredentials credentials, TimeSpan timeout)
[2025-10-01 16:55:13Z INFO GitHubActionsService] Starting operation Location.GetConnectionData
[2025-10-01 16:55:14Z ERR  GitHubActionsService] GET request to https://pipelinesghubeus6.actions.githubusercontent.com/hKyNd5hzQTjPqVOxuFp9CyJ2tMUr8ytJJ9FfsFju3bqhBGI0lq/_apis/connectionData?connectOptions=1&lastChangeId=258625537&lastChangeId64=258625537 failed. HTTP Status: NotFound
[2025-10-01 16:55:14Z INFO GitHubActionsService] Finished operation Location.GetConnectionData
[2025-10-01 16:55:14Z ERR  GitHubActionsService] GET request to https://pipelinesghubeus6.actions.githubusercontent.com/hKyNd5hzQTjPqVOxuFp9CyJ2tMUr8ytJJ9FfsFju3bqhBGI0lq/_apis/connectionData?connectOptions=1&lastChangeId=258625537&lastChangeId64=258625537 failed. HTTP Status: NotFound
[2025-10-01 16:55:14Z INFO GitHubActionsService] Finished operation Location.GetConnectionData
[2025-10-01 16:55:14Z ERR  GitHubActionsService] GET request to https://pipelinesghubeus6.actions.githubusercontent.com/hKyNd5hzQTjPqVOxuFp9CyJ2tMUr8ytJJ9FfsFju3bqhBGI0lq/_apis/connectionData?connectOptions=1&lastChangeId=258625537&lastChangeId64=258625537 failed. HTTP Status: NotFound
[2025-10-01 16:55:14Z INFO GitHubActionsService] Finished operation Location.GetConnectionData
[2025-10-01 16:55:14Z ERR  BrokerMessageListener] Catch exception during create session.
[2025-10-01 16:55:14Z ERR  BrokerMessageListener] GitHub.Services.WebApi.VssServiceResponseException: The resource cannot be found.
   at GitHub.Services.WebApi.VssHttpClientBase.HandleResponseAsync(HttpResponseMessage response, CancellationToken cancellationToken)
   at GitHub.Services.WebApi.VssHttpClientBase.SendAsync(HttpRequestMessage message, HttpCompletionOption completionOption, Object userState, CancellationToken cancellationToken)
   at GitHub.Services.WebApi.VssHttpClientBase.SendAsync[T](HttpRequestMessage message, Object userState, CancellationToken cancellationToken)
   at GitHub.Services.Location.Client.LocationHttpClient.GetConnectionDataAsync(ConnectOptions connectOptions, Int64 lastChangeId, CancellationToken cancellationToken, Object userState)
   at GitHub.Services.WebApi.Location.VssServerDataProvider.GetConnectionDataAsync(ConnectOptions connectOptions, Int32 lastChangeId, CancellationToken cancellationToken)
   at GitHub.Services.WebApi.Location.VssServerDataProvider.ConnectAsync(ConnectOptions connectOptions, CancellationToken cancellationToken)
   at GitHub.Runner.Common.RunnerService.EstablishVssConnection(Uri serverUrl, VssCredentials credentials, TimeSpan timeout)
   at GitHub.Runner.Common.RunnerServer.ConnectAsync(Uri serverUrl, VssCredentials credentials)
   at GitHub.Runner.Listener.BrokerMessageListener.CreateSessionAsync(CancellationToken token)
[2025-10-01 16:55:14Z INFO BrokerMessageListener] Retriable exception: The resource cannot be found.
[2025-10-01 16:55:14Z INFO BrokerMessageListener] Sleeping for 30 seconds before retrying.
[2025-10-01 16:55:44Z INFO BrokerMessageListener] Attempt to create session.
[2025-10-01 16:55:44Z INFO BrokerMessageListener] Connecting to the Broker Server...
[2025-10-01 16:55:44Z INFO ConfigurationStore] HasCredentials()
[2025-10-01 16:55:44Z INFO ConfigurationStore] stored True
[2025-10-01 16:55:44Z INFO CredentialManager] GetCredentialProvider
[2025-10-01 16:55:44Z INFO CredentialManager] Creating type OAuth
[2025-10-01 16:55:44Z INFO CredentialManager] Creating credential type: OAuth
[2025-10-01 16:55:44Z INFO RSAEncryptedFileKeyManager] Loading RSA key parameters from file G:\Brunella\actions-runner\.credentials_rsaparams
[2025-10-01 16:55:44Z INFO BrokerMessageListener] VssConnection created
[2025-10-01 16:55:44Z INFO BrokerMessageListener] Connecting to the Runner server...
[2025-10-01 16:55:44Z INFO RunnerServer] EstablishVssConnection
[2025-10-01 16:55:44Z INFO RunnerServer] Establish connection with 100 seconds timeout.
[2025-10-01 16:55:44Z INFO GitHubActionsService] Starting operation Location.GetConnectionData
[2025-10-01 16:55:44Z INFO RunnerServer] EstablishVssConnection
[2025-10-01 16:55:44Z INFO RunnerServer] Establish connection with 60 seconds timeout.
[2025-10-01 16:55:44Z INFO GitHubActionsService] Starting operation Location.GetConnectionData
[2025-10-01 16:55:44Z INFO RunnerServer] EstablishVssConnection
[2025-10-01 16:55:44Z INFO RunnerServer] Establish connection with 60 seconds timeout.
[2025-10-01 16:55:44Z INFO GitHubActionsService] Starting operation Location.GetConnectionData
[2025-10-01 16:55:45Z ERR  GitHubActionsService] GET request to https://pipelinesghubeus6.actions.githubusercontent.com/hKyNd5hzQTjPqVOxuFp9CyJ2tMUr8ytJJ9FfsFju3bqhBGI0lq/_apis/connectionData?connectOptions=1&lastChangeId=258625537&lastChangeId64=258625537 failed. HTTP Status: NotFound
[2025-10-01 16:55:45Z INFO GitHubActionsService] Finished operation Location.GetConnectionData
[2025-10-01 16:55:45Z INFO RunnerServer] Catch exception during connect. 4 attempt left.
[2025-10-01 16:55:45Z ERR  RunnerServer] GitHub.Services.WebApi.VssServiceResponseException: The resource cannot be found.
   at GitHub.Services.WebApi.VssHttpClientBase.HandleResponseAsync(HttpResponseMessage response, CancellationToken cancellationToken)
   at GitHub.Services.WebApi.VssHttpClientBase.SendAsync(HttpRequestMessage message, HttpCompletionOption completionOption, Object userState, CancellationToken cancellationToken)
   at GitHub.Services.WebApi.VssHttpClientBase.SendAsync[T](HttpRequestMessage message, Object userState, CancellationToken cancellationToken)
   at GitHub.Services.Location.Client.LocationHttpClient.GetConnectionDataAsync(ConnectOptions connectOptions, Int64 lastChangeId, CancellationToken cancellationToken, Object userState)
   at GitHub.Services.WebApi.Location.VssServerDataProvider.GetConnectionDataAsync(ConnectOptions connectOptions, Int32 lastChangeId, CancellationToken cancellationToken)
   at GitHub.Services.WebApi.Location.VssServerDataProvider.ConnectAsync(ConnectOptions connectOptions, CancellationToken cancellationToken)
   at GitHub.Runner.Common.RunnerService.EstablishVssConnection(Uri serverUrl, VssCredentials credentials, TimeSpan timeout)
[2025-10-01 16:55:45Z ERR  GitHubActionsService] GET request to https://pipelinesghubeus6.actions.githubusercontent.com/hKyNd5hzQTjPqVOxuFp9CyJ2tMUr8ytJJ9FfsFju3bqhBGI0lq/_apis/connectionData?connectOptions=1&lastChangeId=258625537&lastChangeId64=258625537 failed. HTTP Status: NotFound
[2025-10-01 16:55:45Z INFO GitHubActionsService] Finished operation Location.GetConnectionData
[2025-10-01 16:55:45Z INFO RunnerServer] Catch exception during connect. 4 attempt left.
[2025-10-01 16:55:45Z ERR  RunnerServer] GitHub.Services.WebApi.VssServiceResponseException: The resource cannot be found.
   at GitHub.Services.WebApi.VssHttpClientBase.HandleResponseAsync(HttpResponseMessage response, CancellationToken cancellationToken)
   at GitHub.Services.WebApi.VssHttpClientBase.SendAsync(HttpRequestMessage message, HttpCompletionOption completionOption, Object userState, CancellationToken cancellationToken)
   at GitHub.Services.WebApi.VssHttpClientBase.SendAsync[T](HttpRequestMessage message, Object userState, CancellationToken cancellationToken)
   at GitHub.Services.Location.Client.LocationHttpClient.GetConnectionDataAsync(ConnectOptions connectOptions, Int64 lastChangeId, CancellationToken cancellationToken, Object userState)
   at GitHub.Services.WebApi.Location.VssServerDataProvider.GetConnectionDataAsync(ConnectOptions connectOptions, Int32 lastChangeId, CancellationToken cancellationToken)
   at GitHub.Services.WebApi.Location.VssServerDataProvider.ConnectAsync(ConnectOptions connectOptions, CancellationToken cancellationToken)
   at GitHub.Runner.Common.RunnerService.EstablishVssConnection(Uri serverUrl, VssCredentials credentials, TimeSpan timeout)
[2025-10-01 16:55:45Z ERR  GitHubActionsService] GET request to https://pipelinesghubeus6.actions.githubusercontent.com/hKyNd5hzQTjPqVOxuFp9CyJ2tMUr8ytJJ9FfsFju3bqhBGI0lq/_apis/connectionData?connectOptions=1&lastChangeId=258625537&lastChangeId64=258625537 failed. HTTP Status: NotFound
[2025-10-01 16:55:45Z INFO GitHubActionsService] Finished operation Location.GetConnectionData
[2025-10-01 16:55:45Z INFO RunnerServer] Catch exception during connect. 4 attempt left.
[2025-10-01 16:55:45Z ERR  RunnerServer] GitHub.Services.WebApi.VssServiceResponseException: The resource cannot be found.
   at GitHub.Services.WebApi.VssHttpClientBase.HandleResponseAsync(HttpResponseMessage response, CancellationToken cancellationToken)
   at GitHub.Services.WebApi.VssHttpClientBase.SendAsync(HttpRequestMessage message, HttpCompletionOption completionOption, Object userState, CancellationToken cancellationToken)
   at GitHub.Services.WebApi.VssHttpClientBase.SendAsync[T](HttpRequestMessage message, Object userState, CancellationToken cancellationToken)
   at GitHub.Services.Location.Client.LocationHttpClient.GetConnectionDataAsync(ConnectOptions connectOptions, Int64 lastChangeId, CancellationToken cancellationToken, Object userState)
   at GitHub.Services.WebApi.Location.VssServerDataProvider.GetConnectionDataAsync(ConnectOptions connectOptions, Int32 lastChangeId, CancellationToken cancellationToken)
   at GitHub.Services.WebApi.Location.VssServerDataProvider.ConnectAsync(ConnectOptions connectOptions, CancellationToken cancellationToken)
   at GitHub.Runner.Common.RunnerService.EstablishVssConnection(Uri serverUrl, VssCredentials credentials, TimeSpan timeout)
[2025-10-01 16:55:45Z INFO GitHubActionsService] Starting operation Location.GetConnectionData
[2025-10-01 16:55:45Z INFO GitHubActionsService] Starting operation Location.GetConnectionData
[2025-10-01 16:55:45Z INFO GitHubActionsService] Starting operation Location.GetConnectionData
[2025-10-01 16:55:45Z ERR  GitHubActionsService] GET request to https://pipelinesghubeus6.actions.githubusercontent.com/hKyNd5hzQTjPqVOxuFp9CyJ2tMUr8ytJJ9FfsFju3bqhBGI0lq/_apis/connectionData?connectOptions=1&lastChangeId=258625537&lastChangeId64=258625537 failed. HTTP Status: NotFound
[2025-10-01 16:55:45Z INFO GitHubActionsService] Finished operation Location.GetConnectionData
[2025-10-01 16:55:45Z INFO RunnerServer] Catch exception during connect. 3 attempt left.
[2025-10-01 16:55:45Z ERR  RunnerServer] GitHub.Services.WebApi.VssServiceResponseException: The resource cannot be found.
   at GitHub.Services.WebApi.VssHttpClientBase.HandleResponseAsync(HttpResponseMessage response, CancellationToken cancellationToken)
   at GitHub.Services.WebApi.VssHttpClientBase.SendAsync(HttpRequestMessage message, HttpCompletionOption completionOption, Object userState, CancellationToken cancellationToken)
   at GitHub.Services.WebApi.VssHttpClientBase.SendAsync[T](HttpRequestMessage message, Object userState, CancellationToken cancellationToken)
   at GitHub.Services.Location.Client.LocationHttpClient.GetConnectionDataAsync(ConnectOptions connectOptions, Int64 lastChangeId, CancellationToken cancellationToken, Object userState)
   at GitHub.Services.WebApi.Location.VssServerDataProvider.GetConnectionDataAsync(ConnectOptions connectOptions, Int32 lastChangeId, CancellationToken cancellationToken)
   at GitHub.Services.WebApi.Location.VssServerDataProvider.ConnectAsync(ConnectOptions connectOptions, CancellationToken cancellationToken)
   at GitHub.Runner.Common.RunnerService.EstablishVssConnection(Uri serverUrl, VssCredentials credentials, TimeSpan timeout)
[2025-10-01 16:55:45Z INFO GitHubActionsService] Starting operation Location.GetConnectionData
[2025-10-01 16:55:45Z ERR  GitHubActionsService] GET request to https://pipelinesghubeus6.actions.githubusercontent.com/hKyNd5hzQTjPqVOxuFp9CyJ2tMUr8ytJJ9FfsFju3bqhBGI0lq/_apis/connectionData?connectOptions=1&lastChangeId=258625537&lastChangeId64=258625537 failed. HTTP Status: NotFound
[2025-10-01 16:55:45Z INFO GitHubActionsService] Finished operation Location.GetConnectionData
[2025-10-01 16:55:45Z INFO RunnerServer] Catch exception during connect. 3 attempt left.
[2025-10-01 16:55:45Z ERR  RunnerServer] GitHub.Services.WebApi.VssServiceResponseException: The resource cannot be found.
   at GitHub.Services.WebApi.VssHttpClientBase.HandleResponseAsync(HttpResponseMessage response, CancellationToken cancellationToken)
   at GitHub.Services.WebApi.VssHttpClientBase.SendAsync(HttpRequestMessage message, HttpCompletionOption completionOption, Object userState, CancellationToken cancellationToken)
   at GitHub.Services.WebApi.VssHttpClientBase.SendAsync[T](HttpRequestMessage message, Object userState, CancellationToken cancellationToken)
   at GitHub.Services.Location.Client.LocationHttpClient.GetConnectionDataAsync(ConnectOptions connectOptions, Int64 lastChangeId, CancellationToken cancellationToken, Object userState)
   at GitHub.Services.WebApi.Location.VssServerDataProvider.GetConnectionDataAsync(ConnectOptions connectOptions, Int32 lastChangeId, CancellationToken cancellationToken)
   at GitHub.Services.WebApi.Location.VssServerDataProvider.ConnectAsync(ConnectOptions connectOptions, CancellationToken cancellationToken)
   at GitHub.Runner.Common.RunnerService.EstablishVssConnection(Uri serverUrl, VssCredentials credentials, TimeSpan timeout)
[2025-10-01 16:55:45Z ERR  GitHubActionsService] GET request to https://pipelinesghubeus6.actions.githubusercontent.com/hKyNd5hzQTjPqVOxuFp9CyJ2tMUr8ytJJ9FfsFju3bqhBGI0lq/_apis/connectionData?connectOptions=1&lastChangeId=258625537&lastChangeId64=258625537 failed. HTTP Status: NotFound
[2025-10-01 16:55:45Z INFO GitHubActionsService] Finished operation Location.GetConnectionData
[2025-10-01 16:55:45Z INFO RunnerServer] Catch exception during connect. 3 attempt left.
[2025-10-01 16:55:45Z ERR  RunnerServer] GitHub.Services.WebApi.VssServiceResponseException: The resource cannot be found.
   at GitHub.Services.WebApi.VssHttpClientBase.HandleResponseAsync(HttpResponseMessage response, CancellationToken cancellationToken)
   at GitHub.Services.WebApi.VssHttpClientBase.SendAsync(HttpRequestMessage message, HttpCompletionOption completionOption, Object userState, CancellationToken cancellationToken)
   at GitHub.Services.WebApi.VssHttpClientBase.SendAsync[T](HttpRequestMessage message, Object userState, CancellationToken cancellationToken)
   at GitHub.Services.Location.Client.LocationHttpClient.GetConnectionDataAsync(ConnectOptions connectOptions, Int64 lastChangeId, CancellationToken cancellationToken, Object userState)
   at GitHub.Services.WebApi.Location.VssServerDataProvider.GetConnectionDataAsync(ConnectOptions connectOptions, Int32 lastChangeId, CancellationToken cancellationToken)
   at GitHub.Services.WebApi.Location.VssServerDataProvider.ConnectAsync(ConnectOptions connectOptions, CancellationToken cancellationToken)
   at GitHub.Runner.Common.RunnerService.EstablishVssConnection(Uri serverUrl, VssCredentials credentials, TimeSpan timeout)
[2025-10-01 16:55:45Z INFO GitHubActionsService] Starting operation Location.GetConnectionData
[2025-10-01 16:55:45Z INFO GitHubActionsService] Starting operation Location.GetConnectionData
[2025-10-01 16:55:46Z ERR  GitHubActionsService] GET request to https://pipelinesghubeus6.actions.githubusercontent.com/hKyNd5hzQTjPqVOxuFp9CyJ2tMUr8ytJJ9FfsFju3bqhBGI0lq/_apis/connectionData?connectOptions=1&lastChangeId=258625537&lastChangeId64=258625537 failed. HTTP Status: NotFound
[2025-10-01 16:55:46Z INFO GitHubActionsService] Finished operation Location.GetConnectionData
[2025-10-01 16:55:46Z INFO RunnerServer] Catch exception during connect. 2 attempt left.
[2025-10-01 16:55:46Z ERR  RunnerServer] GitHub.Services.WebApi.VssServiceResponseException: The resource cannot be found.
   at GitHub.Services.WebApi.VssHttpClientBase.HandleResponseAsync(HttpResponseMessage response, CancellationToken cancellationToken)
   at GitHub.Services.WebApi.VssHttpClientBase.SendAsync(HttpRequestMessage message, HttpCompletionOption completionOption, Object userState, CancellationToken cancellationToken)
   at GitHub.Services.WebApi.VssHttpClientBase.SendAsync[T](HttpRequestMessage message, Object userState, CancellationToken cancellationToken)
   at GitHub.Services.Location.Client.LocationHttpClient.GetConnectionDataAsync(ConnectOptions connectOptions, Int64 lastChangeId, CancellationToken cancellationToken, Object userState)
   at GitHub.Services.WebApi.Location.VssServerDataProvider.GetConnectionDataAsync(ConnectOptions connectOptions, Int32 lastChangeId, CancellationToken cancellationToken)
   at GitHub.Services.WebApi.Location.VssServerDataProvider.ConnectAsync(ConnectOptions connectOptions, CancellationToken cancellationToken)
   at GitHub.Runner.Common.RunnerService.EstablishVssConnection(Uri serverUrl, VssCredentials credentials, TimeSpan timeout)
[2025-10-01 16:55:46Z INFO GitHubActionsService] Starting operation Location.GetConnectionData
[2025-10-01 16:55:46Z ERR  GitHubActionsService] GET request to https://pipelinesghubeus6.actions.githubusercontent.com/hKyNd5hzQTjPqVOxuFp9CyJ2tMUr8ytJJ9FfsFju3bqhBGI0lq/_apis/connectionData?connectOptions=1&lastChangeId=258625537&lastChangeId64=258625537 failed. HTTP Status: NotFound
[2025-10-01 16:55:46Z INFO GitHubActionsService] Finished operation Location.GetConnectionData
[2025-10-01 16:55:46Z INFO RunnerServer] Catch exception during connect. 2 attempt left.
[2025-10-01 16:55:46Z ERR  RunnerServer] GitHub.Services.WebApi.VssServiceResponseException: The resource cannot be found.
   at GitHub.Services.WebApi.VssHttpClientBase.HandleResponseAsync(HttpResponseMessage response, CancellationToken cancellationToken)
   at GitHub.Services.WebApi.VssHttpClientBase.SendAsync(HttpRequestMessage message, HttpCompletionOption completionOption, Object userState, CancellationToken cancellationToken)
   at GitHub.Services.WebApi.VssHttpClientBase.SendAsync[T](HttpRequestMessage message, Object userState, CancellationToken cancellationToken)
   at GitHub.Services.Location.Client.LocationHttpClient.GetConnectionDataAsync(ConnectOptions connectOptions, Int64 lastChangeId, CancellationToken cancellationToken, Object userState)
   at GitHub.Services.WebApi.Location.VssServerDataProvider.GetConnectionDataAsync(ConnectOptions connectOptions, Int32 lastChangeId, CancellationToken cancellationToken)
   at GitHub.Services.WebApi.Location.VssServerDataProvider.ConnectAsync(ConnectOptions connectOptions, CancellationToken cancellationToken)
   at GitHub.Runner.Common.RunnerService.EstablishVssConnection(Uri serverUrl, VssCredentials credentials, TimeSpan timeout)
[2025-10-01 16:55:46Z ERR  GitHubActionsService] GET request to https://pipelinesghubeus6.actions.githubusercontent.com/hKyNd5hzQTjPqVOxuFp9CyJ2tMUr8ytJJ9FfsFju3bqhBGI0lq/_apis/connectionData?connectOptions=1&lastChangeId=258625537&lastChangeId64=258625537 failed. HTTP Status: NotFound
[2025-10-01 16:55:46Z INFO GitHubActionsService] Finished operation Location.GetConnectionData
[2025-10-01 16:55:46Z INFO RunnerServer] Catch exception during connect. 2 attempt left.
[2025-10-01 16:55:46Z ERR  RunnerServer] GitHub.Services.WebApi.VssServiceResponseException: The resource cannot be found.
   at GitHub.Services.WebApi.VssHttpClientBase.HandleResponseAsync(HttpResponseMessage response, CancellationToken cancellationToken)
   at GitHub.Services.WebApi.VssHttpClientBase.SendAsync(HttpRequestMessage message, HttpCompletionOption completionOption, Object userState, CancellationToken cancellationToken)
   at GitHub.Services.WebApi.VssHttpClientBase.SendAsync[T](HttpRequestMessage message, Object userState, CancellationToken cancellationToken)
   at GitHub.Services.Location.Client.LocationHttpClient.GetConnectionDataAsync(ConnectOptions connectOptions, Int64 lastChangeId, CancellationToken cancellationToken, Object userState)
   at GitHub.Services.WebApi.Location.VssServerDataProvider.GetConnectionDataAsync(ConnectOptions connectOptions, Int32 lastChangeId, CancellationToken cancellationToken)
   at GitHub.Services.WebApi.Location.VssServerDataProvider.ConnectAsync(ConnectOptions connectOptions, CancellationToken cancellationToken)
   at GitHub.Runner.Common.RunnerService.EstablishVssConnection(Uri serverUrl, VssCredentials credentials, TimeSpan timeout)
[2025-10-01 16:55:46Z INFO GitHubActionsService] Starting operation Location.GetConnectionData
[2025-10-01 16:55:46Z INFO GitHubActionsService] Starting operation Location.GetConnectionData
[2025-10-01 16:55:47Z ERR  GitHubActionsService] GET request to https://pipelinesghubeus6.actions.githubusercontent.com/hKyNd5hzQTjPqVOxuFp9CyJ2tMUr8ytJJ9FfsFju3bqhBGI0lq/_apis/connectionData?connectOptions=1&lastChangeId=258625537&lastChangeId64=258625537 failed. HTTP Status: NotFound
[2025-10-01 16:55:47Z INFO GitHubActionsService] Finished operation Location.GetConnectionData
[2025-10-01 16:55:47Z INFO RunnerServer] Catch exception during connect. 1 attempt left.
[2025-10-01 16:55:47Z ERR  RunnerServer] GitHub.Services.WebApi.VssServiceResponseException: The resource cannot be found.
   at GitHub.Services.WebApi.VssHttpClientBase.HandleResponseAsync(HttpResponseMessage response, CancellationToken cancellationToken)
   at GitHub.Services.WebApi.VssHttpClientBase.SendAsync(HttpRequestMessage message, HttpCompletionOption completionOption, Object userState, CancellationToken cancellationToken)
   at GitHub.Services.WebApi.VssHttpClientBase.SendAsync[T](HttpRequestMessage message, Object userState, CancellationToken cancellationToken)
   at GitHub.Services.Location.Client.LocationHttpClient.GetConnectionDataAsync(ConnectOptions connectOptions, Int64 lastChangeId, CancellationToken cancellationToken, Object userState)
   at GitHub.Services.WebApi.Location.VssServerDataProvider.GetConnectionDataAsync(ConnectOptions connectOptions, Int32 lastChangeId, CancellationToken cancellationToken)
   at GitHub.Services.WebApi.Location.VssServerDataProvider.ConnectAsync(ConnectOptions connectOptions, CancellationToken cancellationToken)
   at GitHub.Runner.Common.RunnerService.EstablishVssConnection(Uri serverUrl, VssCredentials credentials, TimeSpan timeout)
[2025-10-01 16:55:47Z INFO GitHubActionsService] Starting operation Location.GetConnectionData
[2025-10-01 16:55:47Z ERR  GitHubActionsService] GET request to https://pipelinesghubeus6.actions.githubusercontent.com/hKyNd5hzQTjPqVOxuFp9CyJ2tMUr8ytJJ9FfsFju3bqhBGI0lq/_apis/connectionData?connectOptions=1&lastChangeId=258625537&lastChangeId64=258625537 failed. HTTP Status: NotFound
[2025-10-01 16:55:47Z INFO GitHubActionsService] Finished operation Location.GetConnectionData
[2025-10-01 16:55:47Z INFO RunnerServer] Catch exception during connect. 1 attempt left.
[2025-10-01 16:55:47Z ERR  RunnerServer] GitHub.Services.WebApi.VssServiceResponseException: The resource cannot be found.
   at GitHub.Services.WebApi.VssHttpClientBase.HandleResponseAsync(HttpResponseMessage response, CancellationToken cancellationToken)
   at GitHub.Services.WebApi.VssHttpClientBase.SendAsync(HttpRequestMessage message, HttpCompletionOption completionOption, Object userState, CancellationToken cancellationToken)
   at GitHub.Services.WebApi.VssHttpClientBase.SendAsync[T](HttpRequestMessage message, Object userState, CancellationToken cancellationToken)
   at GitHub.Services.Location.Client.LocationHttpClient.GetConnectionDataAsync(ConnectOptions connectOptions, Int64 lastChangeId, CancellationToken cancellationToken, Object userState)
   at GitHub.Services.WebApi.Location.VssServerDataProvider.GetConnectionDataAsync(ConnectOptions connectOptions, Int32 lastChangeId, CancellationToken cancellationToken)
   at GitHub.Services.WebApi.Location.VssServerDataProvider.ConnectAsync(ConnectOptions connectOptions, CancellationToken cancellationToken)
   at GitHub.Runner.Common.RunnerService.EstablishVssConnection(Uri serverUrl, VssCredentials credentials, TimeSpan timeout)
[2025-10-01 16:55:47Z ERR  GitHubActionsService] GET request to https://pipelinesghubeus6.actions.githubusercontent.com/hKyNd5hzQTjPqVOxuFp9CyJ2tMUr8ytJJ9FfsFju3bqhBGI0lq/_apis/connectionData?connectOptions=1&lastChangeId=258625537&lastChangeId64=258625537 failed. HTTP Status: NotFound
[2025-10-01 16:55:47Z INFO GitHubActionsService] Finished operation Location.GetConnectionData
[2025-10-01 16:55:47Z INFO RunnerServer] Catch exception during connect. 1 attempt left.
[2025-10-01 16:55:47Z ERR  RunnerServer] GitHub.Services.WebApi.VssServiceResponseException: The resource cannot be found.
   at GitHub.Services.WebApi.VssHttpClientBase.HandleResponseAsync(HttpResponseMessage response, CancellationToken cancellationToken)
   at GitHub.Services.WebApi.VssHttpClientBase.SendAsync(HttpRequestMessage message, HttpCompletionOption completionOption, Object userState, CancellationToken cancellationToken)
   at GitHub.Services.WebApi.VssHttpClientBase.SendAsync[T](HttpRequestMessage message, Object userState, CancellationToken cancellationToken)
   at GitHub.Services.Location.Client.LocationHttpClient.GetConnectionDataAsync(ConnectOptions connectOptions, Int64 lastChangeId, CancellationToken cancellationToken, Object userState)
   at GitHub.Services.WebApi.Location.VssServerDataProvider.GetConnectionDataAsync(ConnectOptions connectOptions, Int32 lastChangeId, CancellationToken cancellationToken)
   at GitHub.Services.WebApi.Location.VssServerDataProvider.ConnectAsync(ConnectOptions connectOptions, CancellationToken cancellationToken)
   at GitHub.Runner.Common.RunnerService.EstablishVssConnection(Uri serverUrl, VssCredentials credentials, TimeSpan timeout)
[2025-10-01 16:55:47Z INFO GitHubActionsService] Starting operation Location.GetConnectionData
[2025-10-01 16:55:47Z INFO GitHubActionsService] Starting operation Location.GetConnectionData
[2025-10-01 16:55:48Z ERR  GitHubActionsService] GET request to https://pipelinesghubeus6.actions.githubusercontent.com/hKyNd5hzQTjPqVOxuFp9CyJ2tMUr8ytJJ9FfsFju3bqhBGI0lq/_apis/connectionData?connectOptions=1&lastChangeId=258625537&lastChangeId64=258625537 failed. HTTP Status: NotFound
[2025-10-01 16:55:48Z INFO GitHubActionsService] Finished operation Location.GetConnectionData
[2025-10-01 16:55:48Z ERR  GitHubActionsService] GET request to https://pipelinesghubeus6.actions.githubusercontent.com/hKyNd5hzQTjPqVOxuFp9CyJ2tMUr8ytJJ9FfsFju3bqhBGI0lq/_apis/connectionData?connectOptions=1&lastChangeId=258625537&lastChangeId64=258625537 failed. HTTP Status: NotFound
[2025-10-01 16:55:48Z INFO GitHubActionsService] Finished operation Location.GetConnectionData
[2025-10-01 16:55:48Z ERR  GitHubActionsService] GET request to https://pipelinesghubeus6.actions.githubusercontent.com/hKyNd5hzQTjPqVOxuFp9CyJ2tMUr8ytJJ9FfsFju3bqhBGI0lq/_apis/connectionData?connectOptions=1&lastChangeId=258625537&lastChangeId64=258625537 failed. HTTP Status: NotFound
[2025-10-01 16:55:48Z INFO GitHubActionsService] Finished operation Location.GetConnectionData
[2025-10-01 16:55:48Z ERR  BrokerMessageListener] Catch exception during create session.
[2025-10-01 16:55:48Z ERR  BrokerMessageListener] GitHub.Services.WebApi.VssServiceResponseException: The resource cannot be found.
   at GitHub.Services.WebApi.VssHttpClientBase.HandleResponseAsync(HttpResponseMessage response, CancellationToken cancellationToken)
   at GitHub.Services.WebApi.VssHttpClientBase.SendAsync(HttpRequestMessage message, HttpCompletionOption completionOption, Object userState, CancellationToken cancellationToken)
   at GitHub.Services.WebApi.VssHttpClientBase.SendAsync[T](HttpRequestMessage message, Object userState, CancellationToken cancellationToken)
   at GitHub.Services.Location.Client.LocationHttpClient.GetConnectionDataAsync(ConnectOptions connectOptions, Int64 lastChangeId, CancellationToken cancellationToken, Object userState)
   at GitHub.Services.WebApi.Location.VssServerDataProvider.GetConnectionDataAsync(ConnectOptions connectOptions, Int32 lastChangeId, CancellationToken cancellationToken)
   at GitHub.Services.WebApi.Location.VssServerDataProvider.ConnectAsync(ConnectOptions connectOptions, CancellationToken cancellationToken)
   at GitHub.Runner.Common.RunnerService.EstablishVssConnection(Uri serverUrl, VssCredentials credentials, TimeSpan timeout)
   at GitHub.Runner.Common.RunnerServer.ConnectAsync(Uri serverUrl, VssCredentials credentials)
   at GitHub.Runner.Listener.BrokerMessageListener.CreateSessionAsync(CancellationToken token)
[2025-10-01 16:55:48Z INFO BrokerMessageListener] Retriable exception: The resource cannot be found.
[2025-10-01 16:55:48Z INFO BrokerMessageListener] Sleeping for 30 seconds before retrying.
[2025-10-01 16:56:18Z INFO BrokerMessageListener] Attempt to create session.
[2025-10-01 16:56:18Z INFO BrokerMessageListener] Connecting to the Broker Server...
[2025-10-01 16:56:18Z INFO ConfigurationStore] HasCredentials()
[2025-10-01 16:56:18Z INFO ConfigurationStore] stored True
[2025-10-01 16:56:18Z INFO CredentialManager] GetCredentialProvider
[2025-10-01 16:56:18Z INFO CredentialManager] Creating type OAuth
[2025-10-01 16:56:18Z INFO CredentialManager] Creating credential type: OAuth
[2025-10-01 16:56:18Z INFO RSAEncryptedFileKeyManager] Loading RSA key parameters from file G:\Brunella\actions-runner\.credentials_rsaparams
[2025-10-01 16:56:18Z INFO BrokerMessageListener] VssConnection created
[2025-10-01 16:56:18Z INFO BrokerMessageListener] Connecting to the Runner server...
[2025-10-01 16:56:18Z INFO RunnerServer] EstablishVssConnection
[2025-10-01 16:56:18Z INFO RunnerServer] Establish connection with 100 seconds timeout.
[2025-10-01 16:56:18Z INFO GitHubActionsService] Starting operation Location.GetConnectionData
[2025-10-01 16:56:18Z INFO RunnerServer] EstablishVssConnection
[2025-10-01 16:56:18Z INFO RunnerServer] Establish connection with 60 seconds timeout.
[2025-10-01 16:56:18Z INFO GitHubActionsService] Starting operation Location.GetConnectionData
[2025-10-01 16:56:18Z INFO RunnerServer] EstablishVssConnection
[2025-10-01 16:56:18Z INFO RunnerServer] Establish connection with 60 seconds timeout.
[2025-10-01 16:56:18Z INFO GitHubActionsService] Starting operation Location.GetConnectionData
[2025-10-01 16:56:18Z ERR  GitHubActionsService] GET request to https://pipelinesghubeus6.actions.githubusercontent.com/hKyNd5hzQTjPqVOxuFp9CyJ2tMUr8ytJJ9FfsFju3bqhBGI0lq/_apis/connectionData?connectOptions=1&lastChangeId=258625537&lastChangeId64=258625537 failed. HTTP Status: NotFound
[2025-10-01 16:56:18Z INFO GitHubActionsService] Finished operation Location.GetConnectionData
[2025-10-01 16:56:18Z INFO RunnerServer] Catch exception during connect. 4 attempt left.
[2025-10-01 16:56:18Z ERR  RunnerServer] GitHub.Services.WebApi.VssServiceResponseException: The resource cannot be found.
   at GitHub.Services.WebApi.VssHttpClientBase.HandleResponseAsync(HttpResponseMessage response, CancellationToken cancellationToken)
   at GitHub.Services.WebApi.VssHttpClientBase.SendAsync(HttpRequestMessage message, HttpCompletionOption completionOption, Object userState, CancellationToken cancellationToken)
   at GitHub.Services.WebApi.VssHttpClientBase.SendAsync[T](HttpRequestMessage message, Object userState, CancellationToken cancellationToken)
   at GitHub.Services.Location.Client.LocationHttpClient.GetConnectionDataAsync(ConnectOptions connectOptions, Int64 lastChangeId, CancellationToken cancellationToken, Object userState)
   at GitHub.Services.WebApi.Location.VssServerDataProvider.GetConnectionDataAsync(ConnectOptions connectOptions, Int32 lastChangeId, CancellationToken cancellationToken)
   at GitHub.Services.WebApi.Location.VssServerDataProvider.ConnectAsync(ConnectOptions connectOptions, CancellationToken cancellationToken)
   at GitHub.Runner.Common.RunnerService.EstablishVssConnection(Uri serverUrl, VssCredentials credentials, TimeSpan timeout)
[2025-10-01 16:56:18Z INFO GitHubActionsService] Starting operation Location.GetConnectionData
[2025-10-01 16:56:18Z ERR  GitHubActionsService] GET request to https://pipelinesghubeus6.actions.githubusercontent.com/hKyNd5hzQTjPqVOxuFp9CyJ2tMUr8ytJJ9FfsFju3bqhBGI0lq/_apis/connectionData?connectOptions=1&lastChangeId=258625537&lastChangeId64=258625537 failed. HTTP Status: NotFound
[2025-10-01 16:56:18Z INFO GitHubActionsService] Finished operation Location.GetConnectionData
[2025-10-01 16:56:18Z INFO RunnerServer] Catch exception during connect. 4 attempt left.
[2025-10-01 16:56:18Z ERR  RunnerServer] GitHub.Services.WebApi.VssServiceResponseException: The resource cannot be found.
   at GitHub.Services.WebApi.VssHttpClientBase.HandleResponseAsync(HttpResponseMessage response, CancellationToken cancellationToken)
   at GitHub.Services.WebApi.VssHttpClientBase.SendAsync(HttpRequestMessage message, HttpCompletionOption completionOption, Object userState, CancellationToken cancellationToken)
   at GitHub.Services.WebApi.VssHttpClientBase.SendAsync[T](HttpRequestMessage message, Object userState, CancellationToken cancellationToken)
   at GitHub.Services.Location.Client.LocationHttpClient.GetConnectionDataAsync(ConnectOptions connectOptions, Int64 lastChangeId, CancellationToken cancellationToken, Object userState)
   at GitHub.Services.WebApi.Location.VssServerDataProvider.GetConnectionDataAsync(ConnectOptions connectOptions, Int32 lastChangeId, CancellationToken cancellationToken)
   at GitHub.Services.WebApi.Location.VssServerDataProvider.ConnectAsync(ConnectOptions connectOptions, CancellationToken cancellationToken)
   at GitHub.Runner.Common.RunnerService.EstablishVssConnection(Uri serverUrl, VssCredentials credentials, TimeSpan timeout)
[2025-10-01 16:56:18Z ERR  GitHubActionsService] GET request to https://pipelinesghubeus6.actions.githubusercontent.com/hKyNd5hzQTjPqVOxuFp9CyJ2tMUr8ytJJ9FfsFju3bqhBGI0lq/_apis/connectionData?connectOptions=1&lastChangeId=258625537&lastChangeId64=258625537 failed. HTTP Status: NotFound
[2025-10-01 16:56:18Z INFO GitHubActionsService] Finished operation Location.GetConnectionData
[2025-10-01 16:56:18Z INFO RunnerServer] Catch exception during connect. 4 attempt left.
[2025-10-01 16:56:18Z ERR  RunnerServer] GitHub.Services.WebApi.VssServiceResponseException: The resource cannot be found.
   at GitHub.Services.WebApi.VssHttpClientBase.HandleResponseAsync(HttpResponseMessage response, CancellationToken cancellationToken)
   at GitHub.Services.WebApi.VssHttpClientBase.SendAsync(HttpRequestMessage message, HttpCompletionOption completionOption, Object userState, CancellationToken cancellationToken)
   at GitHub.Services.WebApi.VssHttpClientBase.SendAsync[T](HttpRequestMessage message, Object userState, CancellationToken cancellationToken)
   at GitHub.Services.Location.Client.LocationHttpClient.GetConnectionDataAsync(ConnectOptions connectOptions, Int64 lastChangeId, CancellationToken cancellationToken, Object userState)
   at GitHub.Services.WebApi.Location.VssServerDataProvider.GetConnectionDataAsync(ConnectOptions connectOptions, Int32 lastChangeId, CancellationToken cancellationToken)
   at GitHub.Services.WebApi.Location.VssServerDataProvider.ConnectAsync(ConnectOptions connectOptions, CancellationToken cancellationToken)
   at GitHub.Runner.Common.RunnerService.EstablishVssConnection(Uri serverUrl, VssCredentials credentials, TimeSpan timeout)
[2025-10-01 16:56:19Z INFO GitHubActionsService] Starting operation Location.GetConnectionData
[2025-10-01 16:56:19Z INFO GitHubActionsService] Starting operation Location.GetConnectionData
[2025-10-01 16:56:19Z ERR  GitHubActionsService] GET request to https://pipelinesghubeus6.actions.githubusercontent.com/hKyNd5hzQTjPqVOxuFp9CyJ2tMUr8ytJJ9FfsFju3bqhBGI0lq/_apis/connectionData?connectOptions=1&lastChangeId=258625537&lastChangeId64=258625537 failed. HTTP Status: NotFound
[2025-10-01 16:56:19Z INFO GitHubActionsService] Finished operation Location.GetConnectionData
[2025-10-01 16:56:19Z INFO RunnerServer] Catch exception during connect. 3 attempt left.
[2025-10-01 16:56:19Z ERR  RunnerServer] GitHub.Services.WebApi.VssServiceResponseException: The resource cannot be found.
   at GitHub.Services.WebApi.VssHttpClientBase.HandleResponseAsync(HttpResponseMessage response, CancellationToken cancellationToken)
   at GitHub.Services.WebApi.VssHttpClientBase.SendAsync(HttpRequestMessage message, HttpCompletionOption completionOption, Object userState, CancellationToken cancellationToken)
   at GitHub.Services.WebApi.VssHttpClientBase.SendAsync[T](HttpRequestMessage message, Object userState, CancellationToken cancellationToken)
   at GitHub.Services.Location.Client.LocationHttpClient.GetConnectionDataAsync(ConnectOptions connectOptions, Int64 lastChangeId, CancellationToken cancellationToken, Object userState)
   at GitHub.Services.WebApi.Location.VssServerDataProvider.GetConnectionDataAsync(ConnectOptions connectOptions, Int32 lastChangeId, CancellationToken cancellationToken)
   at GitHub.Services.WebApi.Location.VssServerDataProvider.ConnectAsync(ConnectOptions connectOptions, CancellationToken cancellationToken)
   at GitHub.Runner.Common.RunnerService.EstablishVssConnection(Uri serverUrl, VssCredentials credentials, TimeSpan timeout)
[2025-10-01 16:56:19Z ERR  GitHubActionsService] GET request to https://pipelinesghubeus6.actions.githubusercontent.com/hKyNd5hzQTjPqVOxuFp9CyJ2tMUr8ytJJ9FfsFju3bqhBGI0lq/_apis/connectionData?connectOptions=1&lastChangeId=258625537&lastChangeId64=258625537 failed. HTTP Status: NotFound
[2025-10-01 16:56:19Z INFO GitHubActionsService] Finished operation Location.GetConnectionData
[2025-10-01 16:56:19Z INFO RunnerServer] Catch exception during connect. 3 attempt left.
[2025-10-01 16:56:19Z ERR  RunnerServer] GitHub.Services.WebApi.VssServiceResponseException: The resource cannot be found.
   at GitHub.Services.WebApi.VssHttpClientBase.HandleResponseAsync(HttpResponseMessage response, CancellationToken cancellationToken)
   at GitHub.Services.WebApi.VssHttpClientBase.SendAsync(HttpRequestMessage message, HttpCompletionOption completionOption, Object userState, CancellationToken cancellationToken)
   at GitHub.Services.WebApi.VssHttpClientBase.SendAsync[T](HttpRequestMessage message, Object userState, CancellationToken cancellationToken)
   at GitHub.Services.Location.Client.LocationHttpClient.GetConnectionDataAsync(ConnectOptions connectOptions, Int64 lastChangeId, CancellationToken cancellationToken, Object userState)
   at GitHub.Services.WebApi.Location.VssServerDataProvider.GetConnectionDataAsync(ConnectOptions connectOptions, Int32 lastChangeId, CancellationToken cancellationToken)
   at GitHub.Services.WebApi.Location.VssServerDataProvider.ConnectAsync(ConnectOptions connectOptions, CancellationToken cancellationToken)
   at GitHub.Runner.Common.RunnerService.EstablishVssConnection(Uri serverUrl, VssCredentials credentials, TimeSpan timeout)
[2025-10-01 16:56:19Z INFO GitHubActionsService] Starting operation Location.GetConnectionData
[2025-10-01 16:56:19Z INFO GitHubActionsService] Starting operation Location.GetConnectionData
[2025-10-01 16:56:19Z ERR  GitHubActionsService] GET request to https://pipelinesghubeus6.actions.githubusercontent.com/hKyNd5hzQTjPqVOxuFp9CyJ2tMUr8ytJJ9FfsFju3bqhBGI0lq/_apis/connectionData?connectOptions=1&lastChangeId=258625537&lastChangeId64=258625537 failed. HTTP Status: NotFound
[2025-10-01 16:56:19Z INFO GitHubActionsService] Finished operation Location.GetConnectionData
[2025-10-01 16:56:19Z INFO RunnerServer] Catch exception during connect. 3 attempt left.
[2025-10-01 16:56:19Z ERR  RunnerServer] GitHub.Services.WebApi.VssServiceResponseException: The resource cannot be found.
   at GitHub.Services.WebApi.VssHttpClientBase.HandleResponseAsync(HttpResponseMessage response, CancellationToken cancellationToken)
   at GitHub.Services.WebApi.VssHttpClientBase.SendAsync(HttpRequestMessage message, HttpCompletionOption completionOption, Object userState, CancellationToken cancellationToken)
   at GitHub.Services.WebApi.VssHttpClientBase.SendAsync[T](HttpRequestMessage message, Object userState, CancellationToken cancellationToken)
   at GitHub.Services.Location.Client.LocationHttpClient.GetConnectionDataAsync(ConnectOptions connectOptions, Int64 lastChangeId, CancellationToken cancellationToken, Object userState)
   at GitHub.Services.WebApi.Location.VssServerDataProvider.GetConnectionDataAsync(ConnectOptions connectOptions, Int32 lastChangeId, CancellationToken cancellationToken)
   at GitHub.Services.WebApi.Location.VssServerDataProvider.ConnectAsync(ConnectOptions connectOptions, CancellationToken cancellationToken)
   at GitHub.Runner.Common.RunnerService.EstablishVssConnection(Uri serverUrl, VssCredentials credentials, TimeSpan timeout)
[2025-10-01 16:56:19Z INFO GitHubActionsService] Starting operation Location.GetConnectionData
[2025-10-01 16:56:20Z ERR  GitHubActionsService] GET request to https://pipelinesghubeus6.actions.githubusercontent.com/hKyNd5hzQTjPqVOxuFp9CyJ2tMUr8ytJJ9FfsFju3bqhBGI0lq/_apis/connectionData?connectOptions=1&lastChangeId=258625537&lastChangeId64=258625537 failed. HTTP Status: NotFound
[2025-10-01 16:56:20Z INFO GitHubActionsService] Finished operation Location.GetConnectionData
[2025-10-01 16:56:20Z INFO RunnerServer] Catch exception during connect. 2 attempt left.
[2025-10-01 16:56:20Z ERR  RunnerServer] GitHub.Services.WebApi.VssServiceResponseException: The resource cannot be found.
   at GitHub.Services.WebApi.VssHttpClientBase.HandleResponseAsync(HttpResponseMessage response, CancellationToken cancellationToken)
   at GitHub.Services.WebApi.VssHttpClientBase.SendAsync(HttpRequestMessage message, HttpCompletionOption completionOption, Object userState, CancellationToken cancellationToken)
   at GitHub.Services.WebApi.VssHttpClientBase.SendAsync[T](HttpRequestMessage message, Object userState, CancellationToken cancellationToken)
   at GitHub.Services.Location.Client.LocationHttpClient.GetConnectionDataAsync(ConnectOptions connectOptions, Int64 lastChangeId, CancellationToken cancellationToken, Object userState)
   at GitHub.Services.WebApi.Location.VssServerDataProvider.GetConnectionDataAsync(ConnectOptions connectOptions, Int32 lastChangeId, CancellationToken cancellationToken)
   at GitHub.Services.WebApi.Location.VssServerDataProvider.ConnectAsync(ConnectOptions connectOptions, CancellationToken cancellationToken)
   at GitHub.Runner.Common.RunnerService.EstablishVssConnection(Uri serverUrl, VssCredentials credentials, TimeSpan timeout)
[2025-10-01 16:56:20Z INFO GitHubActionsService] Starting operation Location.GetConnectionData
[2025-10-01 16:56:20Z ERR  GitHubActionsService] GET request to https://pipelinesghubeus6.actions.githubusercontent.com/hKyNd5hzQTjPqVOxuFp9CyJ2tMUr8ytJJ9FfsFju3bqhBGI0lq/_apis/connectionData?connectOptions=1&lastChangeId=258625537&lastChangeId64=258625537 failed. HTTP Status: NotFound
[2025-10-01 16:56:20Z INFO GitHubActionsService] Finished operation Location.GetConnectionData
[2025-10-01 16:56:20Z INFO RunnerServer] Catch exception during connect. 2 attempt left.
[2025-10-01 16:56:20Z ERR  RunnerServer] GitHub.Services.WebApi.VssServiceResponseException: The resource cannot be found.
   at GitHub.Services.WebApi.VssHttpClientBase.HandleResponseAsync(HttpResponseMessage response, CancellationToken cancellationToken)
   at GitHub.Services.WebApi.VssHttpClientBase.SendAsync(HttpRequestMessage message, HttpCompletionOption completionOption, Object userState, CancellationToken cancellationToken)
   at GitHub.Services.WebApi.VssHttpClientBase.SendAsync[T](HttpRequestMessage message, Object userState, CancellationToken cancellationToken)
   at GitHub.Services.Location.Client.LocationHttpClient.GetConnectionDataAsync(ConnectOptions connectOptions, Int64 lastChangeId, CancellationToken cancellationToken, Object userState)
   at GitHub.Services.WebApi.Location.VssServerDataProvider.GetConnectionDataAsync(ConnectOptions connectOptions, Int32 lastChangeId, CancellationToken cancellationToken)
   at GitHub.Services.WebApi.Location.VssServerDataProvider.ConnectAsync(ConnectOptions connectOptions, CancellationToken cancellationToken)
   at GitHub.Runner.Common.RunnerService.EstablishVssConnection(Uri serverUrl, VssCredentials credentials, TimeSpan timeout)
[2025-10-01 16:56:20Z INFO GitHubActionsService] Starting operation Location.GetConnectionData
[2025-10-01 16:56:20Z ERR  GitHubActionsService] GET request to https://pipelinesghubeus6.actions.githubusercontent.com/hKyNd5hzQTjPqVOxuFp9CyJ2tMUr8ytJJ9FfsFju3bqhBGI0lq/_apis/connectionData?connectOptions=1&lastChangeId=258625537&lastChangeId64=258625537 failed. HTTP Status: NotFound
[2025-10-01 16:56:20Z INFO GitHubActionsService] Finished operation Location.GetConnectionData
[2025-10-01 16:56:20Z INFO RunnerServer] Catch exception during connect. 2 attempt left.
[2025-10-01 16:56:20Z ERR  RunnerServer] GitHub.Services.WebApi.VssServiceResponseException: The resource cannot be found.
   at GitHub.Services.WebApi.VssHttpClientBase.HandleResponseAsync(HttpResponseMessage response, CancellationToken cancellationToken)
   at GitHub.Services.WebApi.VssHttpClientBase.SendAsync(HttpRequestMessage message, HttpCompletionOption completionOption, Object userState, CancellationToken cancellationToken)
   at GitHub.Services.WebApi.VssHttpClientBase.SendAsync[T](HttpRequestMessage message, Object userState, CancellationToken cancellationToken)
   at GitHub.Services.Location.Client.LocationHttpClient.GetConnectionDataAsync(ConnectOptions connectOptions, Int64 lastChangeId, CancellationToken cancellationToken, Object userState)
   at GitHub.Services.WebApi.Location.VssServerDataProvider.GetConnectionDataAsync(ConnectOptions connectOptions, Int32 lastChangeId, CancellationToken cancellationToken)
   at GitHub.Services.WebApi.Location.VssServerDataProvider.ConnectAsync(ConnectOptions connectOptions, CancellationToken cancellationToken)
   at GitHub.Runner.Common.RunnerService.EstablishVssConnection(Uri serverUrl, VssCredentials credentials, TimeSpan timeout)
[2025-10-01 16:56:20Z INFO GitHubActionsService] Starting operation Location.GetConnectionData
[2025-10-01 16:56:20Z ERR  GitHubActionsService] GET request to https://pipelinesghubeus6.actions.githubusercontent.com/hKyNd5hzQTjPqVOxuFp9CyJ2tMUr8ytJJ9FfsFju3bqhBGI0lq/_apis/connectionData?connectOptions=1&lastChangeId=258625537&lastChangeId64=258625537 failed. HTTP Status: NotFound
[2025-10-01 16:56:20Z INFO GitHubActionsService] Finished operation Location.GetConnectionData
[2025-10-01 16:56:20Z INFO RunnerServer] Catch exception during connect. 1 attempt left.
[2025-10-01 16:56:20Z ERR  RunnerServer] GitHub.Services.WebApi.VssServiceResponseException: The resource cannot be found.
   at GitHub.Services.WebApi.VssHttpClientBase.HandleResponseAsync(HttpResponseMessage response, CancellationToken cancellationToken)
   at GitHub.Services.WebApi.VssHttpClientBase.SendAsync(HttpRequestMessage message, HttpCompletionOption completionOption, Object userState, CancellationToken cancellationToken)
   at GitHub.Services.WebApi.VssHttpClientBase.SendAsync[T](HttpRequestMessage message, Object userState, CancellationToken cancellationToken)
   at GitHub.Services.Location.Client.LocationHttpClient.GetConnectionDataAsync(ConnectOptions connectOptions, Int64 lastChangeId, CancellationToken cancellationToken, Object userState)
   at GitHub.Services.WebApi.Location.VssServerDataProvider.GetConnectionDataAsync(ConnectOptions connectOptions, Int32 lastChangeId, CancellationToken cancellationToken)
   at GitHub.Services.WebApi.Location.VssServerDataProvider.ConnectAsync(ConnectOptions connectOptions, CancellationToken cancellationToken)
   at GitHub.Runner.Common.RunnerService.EstablishVssConnection(Uri serverUrl, VssCredentials credentials, TimeSpan timeout)
[2025-10-01 16:56:21Z INFO GitHubActionsService] Starting operation Location.GetConnectionData
[2025-10-01 16:56:21Z ERR  GitHubActionsService] GET request to https://pipelinesghubeus6.actions.githubusercontent.com/hKyNd5hzQTjPqVOxuFp9CyJ2tMUr8ytJJ9FfsFju3bqhBGI0lq/_apis/connectionData?connectOptions=1&lastChangeId=258625537&lastChangeId64=258625537 failed. HTTP Status: NotFound
[2025-10-01 16:56:21Z INFO GitHubActionsService] Finished operation Location.GetConnectionData
[2025-10-01 16:56:21Z INFO RunnerServer] Catch exception during connect. 1 attempt left.
[2025-10-01 16:56:21Z ERR  RunnerServer] GitHub.Services.WebApi.VssServiceResponseException: The resource cannot be found.
   at GitHub.Services.WebApi.VssHttpClientBase.HandleResponseAsync(HttpResponseMessage response, CancellationToken cancellationToken)
   at GitHub.Services.WebApi.VssHttpClientBase.SendAsync(HttpRequestMessage message, HttpCompletionOption completionOption, Object userState, CancellationToken cancellationToken)
   at GitHub.Services.WebApi.VssHttpClientBase.SendAsync[T](HttpRequestMessage message, Object userState, CancellationToken cancellationToken)
   at GitHub.Services.Location.Client.LocationHttpClient.GetConnectionDataAsync(ConnectOptions connectOptions, Int64 lastChangeId, CancellationToken cancellationToken, Object userState)
   at GitHub.Services.WebApi.Location.VssServerDataProvider.GetConnectionDataAsync(ConnectOptions connectOptions, Int32 lastChangeId, CancellationToken cancellationToken)
   at GitHub.Services.WebApi.Location.VssServerDataProvider.ConnectAsync(ConnectOptions connectOptions, CancellationToken cancellationToken)
   at GitHub.Runner.Common.RunnerService.EstablishVssConnection(Uri serverUrl, VssCredentials credentials, TimeSpan timeout)
[2025-10-01 16:56:21Z ERR  GitHubActionsService] GET request to https://pipelinesghubeus6.actions.githubusercontent.com/hKyNd5hzQTjPqVOxuFp9CyJ2tMUr8ytJJ9FfsFju3bqhBGI0lq/_apis/connectionData?connectOptions=1&lastChangeId=258625537&lastChangeId64=258625537 failed. HTTP Status: NotFound
[2025-10-01 16:56:21Z INFO GitHubActionsService] Finished operation Location.GetConnectionData
[2025-10-01 16:56:21Z INFO RunnerServer] Catch exception during connect. 1 attempt left.
[2025-10-01 16:56:21Z ERR  RunnerServer] GitHub.Services.WebApi.VssServiceResponseException: The resource cannot be found.
   at GitHub.Services.WebApi.VssHttpClientBase.HandleResponseAsync(HttpResponseMessage response, CancellationToken cancellationToken)
   at GitHub.Services.WebApi.VssHttpClientBase.SendAsync(HttpRequestMessage message, HttpCompletionOption completionOption, Object userState, CancellationToken cancellationToken)
   at GitHub.Services.WebApi.VssHttpClientBase.SendAsync[T](HttpRequestMessage message, Object userState, CancellationToken cancellationToken)
   at GitHub.Services.Location.Client.LocationHttpClient.GetConnectionDataAsync(ConnectOptions connectOptions, Int64 lastChangeId, CancellationToken cancellationToken, Object userState)
   at GitHub.Services.WebApi.Location.VssServerDataProvider.GetConnectionDataAsync(ConnectOptions connectOptions, Int32 lastChangeId, CancellationToken cancellationToken)
   at GitHub.Services.WebApi.Location.VssServerDataProvider.ConnectAsync(ConnectOptions connectOptions, CancellationToken cancellationToken)
   at GitHub.Runner.Common.RunnerService.EstablishVssConnection(Uri serverUrl, VssCredentials credentials, TimeSpan timeout)
[2025-10-01 16:56:21Z INFO GitHubActionsService] Starting operation Location.GetConnectionData
[2025-10-01 16:56:21Z INFO GitHubActionsService] Starting operation Location.GetConnectionData
[2025-10-01 16:56:21Z ERR  GitHubActionsService] GET request to https://pipelinesghubeus6.actions.githubusercontent.com/hKyNd5hzQTjPqVOxuFp9CyJ2tMUr8ytJJ9FfsFju3bqhBGI0lq/_apis/connectionData?connectOptions=1&lastChangeId=258625537&lastChangeId64=258625537 failed. HTTP Status: NotFound
[2025-10-01 16:56:21Z INFO GitHubActionsService] Finished operation Location.GetConnectionData
[2025-10-01 16:56:21Z ERR  GitHubActionsService] GET request to https://pipelinesghubeus6.actions.githubusercontent.com/hKyNd5hzQTjPqVOxuFp9CyJ2tMUr8ytJJ9FfsFju3bqhBGI0lq/_apis/connectionData?connectOptions=1&lastChangeId=258625537&lastChangeId64=258625537 failed. HTTP Status: NotFound
[2025-10-01 16:56:21Z INFO GitHubActionsService] Finished operation Location.GetConnectionData
[2025-10-01 16:56:21Z ERR  GitHubActionsService] GET request to https://pipelinesghubeus6.actions.githubusercontent.com/hKyNd5hzQTjPqVOxuFp9CyJ2tMUr8ytJJ9FfsFju3bqhBGI0lq/_apis/connectionData?connectOptions=1&lastChangeId=258625537&lastChangeId64=258625537 failed. HTTP Status: NotFound
[2025-10-01 16:56:21Z INFO GitHubActionsService] Finished operation Location.GetConnectionData
[2025-10-01 16:56:21Z ERR  BrokerMessageListener] Catch exception during create session.
[2025-10-01 16:56:21Z ERR  BrokerMessageListener] GitHub.Services.WebApi.VssServiceResponseException: The resource cannot be found.
   at GitHub.Services.WebApi.VssHttpClientBase.HandleResponseAsync(HttpResponseMessage response, CancellationToken cancellationToken)
   at GitHub.Services.WebApi.VssHttpClientBase.SendAsync(HttpRequestMessage message, HttpCompletionOption completionOption, Object userState, CancellationToken cancellationToken)
   at GitHub.Services.WebApi.VssHttpClientBase.SendAsync[T](HttpRequestMessage message, Object userState, CancellationToken cancellationToken)
   at GitHub.Services.Location.Client.LocationHttpClient.GetConnectionDataAsync(ConnectOptions connectOptions, Int64 lastChangeId, CancellationToken cancellationToken, Object userState)
   at GitHub.Services.WebApi.Location.VssServerDataProvider.GetConnectionDataAsync(ConnectOptions connectOptions, Int32 lastChangeId, CancellationToken cancellationToken)
   at GitHub.Services.WebApi.Location.VssServerDataProvider.ConnectAsync(ConnectOptions connectOptions, CancellationToken cancellationToken)
   at GitHub.Runner.Common.RunnerService.EstablishVssConnection(Uri serverUrl, VssCredentials credentials, TimeSpan timeout)
   at GitHub.Runner.Common.RunnerServer.ConnectAsync(Uri serverUrl, VssCredentials credentials)
   at GitHub.Runner.Listener.BrokerMessageListener.CreateSessionAsync(CancellationToken token)
[2025-10-01 16:56:21Z INFO BrokerMessageListener] Retriable exception: The resource cannot be found.
[2025-10-01 16:56:21Z INFO BrokerMessageListener] Sleeping for 30 seconds before retrying.
[2025-10-01 16:56:51Z INFO BrokerMessageListener] Attempt to create session.
[2025-10-01 16:56:51Z INFO BrokerMessageListener] Connecting to the Broker Server...
[2025-10-01 16:56:51Z INFO ConfigurationStore] HasCredentials()
[2025-10-01 16:56:51Z INFO ConfigurationStore] stored True
[2025-10-01 16:56:51Z INFO CredentialManager] GetCredentialProvider
[2025-10-01 16:56:51Z INFO CredentialManager] Creating type OAuth
[2025-10-01 16:56:51Z INFO CredentialManager] Creating credential type: OAuth
[2025-10-01 16:56:51Z INFO RSAEncryptedFileKeyManager] Loading RSA key parameters from file G:\Brunella\actions-runner\.credentials_rsaparams
[2025-10-01 16:56:51Z INFO BrokerMessageListener] VssConnection created
[2025-10-01 16:56:51Z INFO BrokerMessageListener] Connecting to the Runner server...
[2025-10-01 16:56:51Z INFO RunnerServer] EstablishVssConnection
[2025-10-01 16:56:51Z INFO RunnerServer] Establish connection with 100 seconds timeout.
[2025-10-01 16:56:51Z INFO GitHubActionsService] Starting operation Location.GetConnectionData
[2025-10-01 16:56:51Z INFO RunnerServer] EstablishVssConnection
[2025-10-01 16:56:51Z INFO RunnerServer] Establish connection with 60 seconds timeout.
[2025-10-01 16:56:51Z INFO GitHubActionsService] Starting operation Location.GetConnectionData
[2025-10-01 16:56:51Z INFO RunnerServer] EstablishVssConnection
[2025-10-01 16:56:51Z INFO RunnerServer] Establish connection with 60 seconds timeout.
[2025-10-01 16:56:51Z INFO GitHubActionsService] Starting operation Location.GetConnectionData
[2025-10-01 16:56:52Z ERR  GitHubActionsService] GET request to https://pipelinesghubeus6.actions.githubusercontent.com/hKyNd5hzQTjPqVOxuFp9CyJ2tMUr8ytJJ9FfsFju3bqhBGI0lq/_apis/connectionData?connectOptions=1&lastChangeId=258625537&lastChangeId64=258625537 failed. HTTP Status: NotFound
[2025-10-01 16:56:52Z INFO GitHubActionsService] Finished operation Location.GetConnectionData
[2025-10-01 16:56:52Z INFO RunnerServer] Catch exception during connect. 4 attempt left.
[2025-10-01 16:56:52Z ERR  RunnerServer] GitHub.Services.WebApi.VssServiceResponseException: The resource cannot be found.
   at GitHub.Services.WebApi.VssHttpClientBase.HandleResponseAsync(HttpResponseMessage response, CancellationToken cancellationToken)
   at GitHub.Services.WebApi.VssHttpClientBase.SendAsync(HttpRequestMessage message, HttpCompletionOption completionOption, Object userState, CancellationToken cancellationToken)
   at GitHub.Services.WebApi.VssHttpClientBase.SendAsync[T](HttpRequestMessage message, Object userState, CancellationToken cancellationToken)
   at GitHub.Services.Location.Client.LocationHttpClient.GetConnectionDataAsync(ConnectOptions connectOptions, Int64 lastChangeId, CancellationToken cancellationToken, Object userState)
   at GitHub.Services.WebApi.Location.VssServerDataProvider.GetConnectionDataAsync(ConnectOptions connectOptions, Int32 lastChangeId, CancellationToken cancellationToken)
   at GitHub.Services.WebApi.Location.VssServerDataProvider.ConnectAsync(ConnectOptions connectOptions, CancellationToken cancellationToken)
   at GitHub.Runner.Common.RunnerService.EstablishVssConnection(Uri serverUrl, VssCredentials credentials, TimeSpan timeout)
[2025-10-01 16:56:52Z ERR  GitHubActionsService] GET request to https://pipelinesghubeus6.actions.githubusercontent.com/hKyNd5hzQTjPqVOxuFp9CyJ2tMUr8ytJJ9FfsFju3bqhBGI0lq/_apis/connectionData?connectOptions=1&lastChangeId=258625537&lastChangeId64=258625537 failed. HTTP Status: NotFound
[2025-10-01 16:56:52Z INFO GitHubActionsService] Finished operation Location.GetConnectionData
[2025-10-01 16:56:52Z INFO RunnerServer] Catch exception during connect. 4 attempt left.
[2025-10-01 16:56:52Z ERR  RunnerServer] GitHub.Services.WebApi.VssServiceResponseException: The resource cannot be found.
   at GitHub.Services.WebApi.VssHttpClientBase.HandleResponseAsync(HttpResponseMessage response, CancellationToken cancellationToken)
   at GitHub.Services.WebApi.VssHttpClientBase.SendAsync(HttpRequestMessage message, HttpCompletionOption completionOption, Object userState, CancellationToken cancellationToken)
   at GitHub.Services.WebApi.VssHttpClientBase.SendAsync[T](HttpRequestMessage message, Object userState, CancellationToken cancellationToken)
   at GitHub.Services.Location.Client.LocationHttpClient.GetConnectionDataAsync(ConnectOptions connectOptions, Int64 lastChangeId, CancellationToken cancellationToken, Object userState)
   at GitHub.Services.WebApi.Location.VssServerDataProvider.GetConnectionDataAsync(ConnectOptions connectOptions, Int32 lastChangeId, CancellationToken cancellationToken)
   at GitHub.Services.WebApi.Location.VssServerDataProvider.ConnectAsync(ConnectOptions connectOptions, CancellationToken cancellationToken)
   at GitHub.Runner.Common.RunnerService.EstablishVssConnection(Uri serverUrl, VssCredentials credentials, TimeSpan timeout)
[2025-10-01 16:56:52Z ERR  GitHubActionsService] GET request to https://pipelinesghubeus6.actions.githubusercontent.com/hKyNd5hzQTjPqVOxuFp9CyJ2tMUr8ytJJ9FfsFju3bqhBGI0lq/_apis/connectionData?connectOptions=1&lastChangeId=258625537&lastChangeId64=258625537 failed. HTTP Status: NotFound
[2025-10-01 16:56:52Z INFO GitHubActionsService] Finished operation Location.GetConnectionData
[2025-10-01 16:56:52Z INFO RunnerServer] Catch exception during connect. 4 attempt left.
[2025-10-01 16:56:52Z ERR  RunnerServer] GitHub.Services.WebApi.VssServiceResponseException: The resource cannot be found.
   at GitHub.Services.WebApi.VssHttpClientBase.HandleResponseAsync(HttpResponseMessage response, CancellationToken cancellationToken)
   at GitHub.Services.WebApi.VssHttpClientBase.SendAsync(HttpRequestMessage message, HttpCompletionOption completionOption, Object userState, CancellationToken cancellationToken)
   at GitHub.Services.WebApi.VssHttpClientBase.SendAsync[T](HttpRequestMessage message, Object userState, CancellationToken cancellationToken)
   at GitHub.Services.Location.Client.LocationHttpClient.GetConnectionDataAsync(ConnectOptions connectOptions, Int64 lastChangeId, CancellationToken cancellationToken, Object userState)
   at GitHub.Services.WebApi.Location.VssServerDataProvider.GetConnectionDataAsync(ConnectOptions connectOptions, Int32 lastChangeId, CancellationToken cancellationToken)
   at GitHub.Services.WebApi.Location.VssServerDataProvider.ConnectAsync(ConnectOptions connectOptions, CancellationToken cancellationToken)
   at GitHub.Runner.Common.RunnerService.EstablishVssConnection(Uri serverUrl, VssCredentials credentials, TimeSpan timeout)
[2025-10-01 16:56:52Z INFO GitHubActionsService] Starting operation Location.GetConnectionData
[2025-10-01 16:56:52Z INFO GitHubActionsService] Starting operation Location.GetConnectionData
[2025-10-01 16:56:52Z INFO GitHubActionsService] Starting operation Location.GetConnectionData
[2025-10-01 16:56:53Z ERR  GitHubActionsService] GET request to https://pipelinesghubeus6.actions.githubusercontent.com/hKyNd5hzQTjPqVOxuFp9CyJ2tMUr8ytJJ9FfsFju3bqhBGI0lq/_apis/connectionData?connectOptions=1&lastChangeId=258625537&lastChangeId64=258625537 failed. HTTP Status: NotFound
[2025-10-01 16:56:53Z INFO GitHubActionsService] Finished operation Location.GetConnectionData
[2025-10-01 16:56:53Z INFO RunnerServer] Catch exception during connect. 3 attempt left.
[2025-10-01 16:56:53Z ERR  RunnerServer] GitHub.Services.WebApi.VssServiceResponseException: The resource cannot be found.
   at GitHub.Services.WebApi.VssHttpClientBase.HandleResponseAsync(HttpResponseMessage response, CancellationToken cancellationToken)
   at GitHub.Services.WebApi.VssHttpClientBase.SendAsync(HttpRequestMessage message, HttpCompletionOption completionOption, Object userState, CancellationToken cancellationToken)
   at GitHub.Services.WebApi.VssHttpClientBase.SendAsync[T](HttpRequestMessage message, Object userState, CancellationToken cancellationToken)
   at GitHub.Services.Location.Client.LocationHttpClient.GetConnectionDataAsync(ConnectOptions connectOptions, Int64 lastChangeId, CancellationToken cancellationToken, Object userState)
   at GitHub.Services.WebApi.Location.VssServerDataProvider.GetConnectionDataAsync(ConnectOptions connectOptions, Int32 lastChangeId, CancellationToken cancellationToken)
   at GitHub.Services.WebApi.Location.VssServerDataProvider.ConnectAsync(ConnectOptions connectOptions, CancellationToken cancellationToken)
   at GitHub.Runner.Common.RunnerService.EstablishVssConnection(Uri serverUrl, VssCredentials credentials, TimeSpan timeout)
[2025-10-01 16:56:53Z ERR  GitHubActionsService] GET request to https://pipelinesghubeus6.actions.githubusercontent.com/hKyNd5hzQTjPqVOxuFp9CyJ2tMUr8ytJJ9FfsFju3bqhBGI0lq/_apis/connectionData?connectOptions=1&lastChangeId=258625537&lastChangeId64=258625537 failed. HTTP Status: NotFound
[2025-10-01 16:56:53Z INFO GitHubActionsService] Finished operation Location.GetConnectionData
[2025-10-01 16:56:53Z INFO RunnerServer] Catch exception during connect. 3 attempt left.
[2025-10-01 16:56:53Z ERR  RunnerServer] GitHub.Services.WebApi.VssServiceResponseException: The resource cannot be found.
   at GitHub.Services.WebApi.VssHttpClientBase.HandleResponseAsync(HttpResponseMessage response, CancellationToken cancellationToken)
   at GitHub.Services.WebApi.VssHttpClientBase.SendAsync(HttpRequestMessage message, HttpCompletionOption completionOption, Object userState, CancellationToken cancellationToken)
   at GitHub.Services.WebApi.VssHttpClientBase.SendAsync[T](HttpRequestMessage message, Object userState, CancellationToken cancellationToken)
   at GitHub.Services.Location.Client.LocationHttpClient.GetConnectionDataAsync(ConnectOptions connectOptions, Int64 lastChangeId, CancellationToken cancellationToken, Object userState)
   at GitHub.Services.WebApi.Location.VssServerDataProvider.GetConnectionDataAsync(ConnectOptions connectOptions, Int32 lastChangeId, CancellationToken cancellationToken)
   at GitHub.Services.WebApi.Location.VssServerDataProvider.ConnectAsync(ConnectOptions connectOptions, CancellationToken cancellationToken)
   at GitHub.Runner.Common.RunnerService.EstablishVssConnection(Uri serverUrl, VssCredentials credentials, TimeSpan timeout)
[2025-10-01 16:56:53Z INFO GitHubActionsService] Starting operation Location.GetConnectionData
[2025-10-01 16:56:53Z ERR  GitHubActionsService] GET request to https://pipelinesghubeus6.actions.githubusercontent.com/hKyNd5hzQTjPqVOxuFp9CyJ2tMUr8ytJJ9FfsFju3bqhBGI0lq/_apis/connectionData?connectOptions=1&lastChangeId=258625537&lastChangeId64=258625537 failed. HTTP Status: NotFound
[2025-10-01 16:56:53Z INFO GitHubActionsService] Finished operation Location.GetConnectionData
[2025-10-01 16:56:53Z INFO RunnerServer] Catch exception during connect. 3 attempt left.
[2025-10-01 16:56:53Z ERR  RunnerServer] GitHub.Services.WebApi.VssServiceResponseException: The resource cannot be found.
   at GitHub.Services.WebApi.VssHttpClientBase.HandleResponseAsync(HttpResponseMessage response, CancellationToken cancellationToken)
   at GitHub.Services.WebApi.VssHttpClientBase.SendAsync(HttpRequestMessage message, HttpCompletionOption completionOption, Object userState, CancellationToken cancellationToken)
   at GitHub.Services.WebApi.VssHttpClientBase.SendAsync[T](HttpRequestMessage message, Object userState, CancellationToken cancellationToken)
   at GitHub.Services.Location.Client.LocationHttpClient.GetConnectionDataAsync(ConnectOptions connectOptions, Int64 lastChangeId, CancellationToken cancellationToken, Object userState)
   at GitHub.Services.WebApi.Location.VssServerDataProvider.GetConnectionDataAsync(ConnectOptions connectOptions, Int32 lastChangeId, CancellationToken cancellationToken)
   at GitHub.Services.WebApi.Location.VssServerDataProvider.ConnectAsync(ConnectOptions connectOptions, CancellationToken cancellationToken)
   at GitHub.Runner.Common.RunnerService.EstablishVssConnection(Uri serverUrl, VssCredentials credentials, TimeSpan timeout)
[2025-10-01 16:56:53Z INFO GitHubActionsService] Starting operation Location.GetConnectionData
[2025-10-01 16:56:53Z INFO GitHubActionsService] Starting operation Location.GetConnectionData
[2025-10-01 16:56:54Z ERR  GitHubActionsService] GET request to https://pipelinesghubeus6.actions.githubusercontent.com/hKyNd5hzQTjPqVOxuFp9CyJ2tMUr8ytJJ9FfsFju3bqhBGI0lq/_apis/connectionData?connectOptions=1&lastChangeId=258625537&lastChangeId64=258625537 failed. HTTP Status: NotFound
[2025-10-01 16:56:54Z INFO GitHubActionsService] Finished operation Location.GetConnectionData
[2025-10-01 16:56:54Z INFO RunnerServer] Catch exception during connect. 2 attempt left.
[2025-10-01 16:56:54Z ERR  RunnerServer] GitHub.Services.WebApi.VssServiceResponseException: The resource cannot be found.
   at GitHub.Services.WebApi.VssHttpClientBase.HandleResponseAsync(HttpResponseMessage response, CancellationToken cancellationToken)
   at GitHub.Services.WebApi.VssHttpClientBase.SendAsync(HttpRequestMessage message, HttpCompletionOption completionOption, Object userState, CancellationToken cancellationToken)
   at GitHub.Services.WebApi.VssHttpClientBase.SendAsync[T](HttpRequestMessage message, Object userState, CancellationToken cancellationToken)
   at GitHub.Services.Location.Client.LocationHttpClient.GetConnectionDataAsync(ConnectOptions connectOptions, Int64 lastChangeId, CancellationToken cancellationToken, Object userState)
   at GitHub.Services.WebApi.Location.VssServerDataProvider.GetConnectionDataAsync(ConnectOptions connectOptions, Int32 lastChangeId, CancellationToken cancellationToken)
   at GitHub.Services.WebApi.Location.VssServerDataProvider.ConnectAsync(ConnectOptions connectOptions, CancellationToken cancellationToken)
   at GitHub.Runner.Common.RunnerService.EstablishVssConnection(Uri serverUrl, VssCredentials credentials, TimeSpan timeout)
[2025-10-01 16:56:54Z ERR  GitHubActionsService] GET request to https://pipelinesghubeus6.actions.githubusercontent.com/hKyNd5hzQTjPqVOxuFp9CyJ2tMUr8ytJJ9FfsFju3bqhBGI0lq/_apis/connectionData?connectOptions=1&lastChangeId=258625537&lastChangeId64=258625537 failed. HTTP Status: NotFound
[2025-10-01 16:56:54Z INFO GitHubActionsService] Finished operation Location.GetConnectionData
[2025-10-01 16:56:54Z INFO RunnerServer] Catch exception during connect. 2 attempt left.
[2025-10-01 16:56:54Z ERR  RunnerServer] GitHub.Services.WebApi.VssServiceResponseException: The resource cannot be found.
   at GitHub.Services.WebApi.VssHttpClientBase.HandleResponseAsync(HttpResponseMessage response, CancellationToken cancellationToken)
   at GitHub.Services.WebApi.VssHttpClientBase.SendAsync(HttpRequestMessage message, HttpCompletionOption completionOption, Object userState, CancellationToken cancellationToken)
   at GitHub.Services.WebApi.VssHttpClientBase.SendAsync[T](HttpRequestMessage message, Object userState, CancellationToken cancellationToken)
   at GitHub.Services.Location.Client.LocationHttpClient.GetConnectionDataAsync(ConnectOptions connectOptions, Int64 lastChangeId, CancellationToken cancellationToken, Object userState)
   at GitHub.Services.WebApi.Location.VssServerDataProvider.GetConnectionDataAsync(ConnectOptions connectOptions, Int32 lastChangeId, CancellationToken cancellationToken)
   at GitHub.Services.WebApi.Location.VssServerDataProvider.ConnectAsync(ConnectOptions connectOptions, CancellationToken cancellationToken)
   at GitHub.Runner.Common.RunnerService.EstablishVssConnection(Uri serverUrl, VssCredentials credentials, TimeSpan timeout)
[2025-10-01 16:56:54Z INFO GitHubActionsService] Starting operation Location.GetConnectionData
[2025-10-01 16:56:54Z ERR  GitHubActionsService] GET request to https://pipelinesghubeus6.actions.githubusercontent.com/hKyNd5hzQTjPqVOxuFp9CyJ2tMUr8ytJJ9FfsFju3bqhBGI0lq/_apis/connectionData?connectOptions=1&lastChangeId=258625537&lastChangeId64=258625537 failed. HTTP Status: NotFound
[2025-10-01 16:56:54Z INFO GitHubActionsService] Finished operation Location.GetConnectionData
[2025-10-01 16:56:54Z INFO RunnerServer] Catch exception during connect. 2 attempt left.
[2025-10-01 16:56:54Z ERR  RunnerServer] GitHub.Services.WebApi.VssServiceResponseException: The resource cannot be found.
   at GitHub.Services.WebApi.VssHttpClientBase.HandleResponseAsync(HttpResponseMessage response, CancellationToken cancellationToken)
   at GitHub.Services.WebApi.VssHttpClientBase.SendAsync(HttpRequestMessage message, HttpCompletionOption completionOption, Object userState, CancellationToken cancellationToken)
   at GitHub.Services.WebApi.VssHttpClientBase.SendAsync[T](HttpRequestMessage message, Object userState, CancellationToken cancellationToken)
   at GitHub.Services.Location.Client.LocationHttpClient.GetConnectionDataAsync(ConnectOptions connectOptions, Int64 lastChangeId, CancellationToken cancellationToken, Object userState)
   at GitHub.Services.WebApi.Location.VssServerDataProvider.GetConnectionDataAsync(ConnectOptions connectOptions, Int32 lastChangeId, CancellationToken cancellationToken)
   at GitHub.Services.WebApi.Location.VssServerDataProvider.ConnectAsync(ConnectOptions connectOptions, CancellationToken cancellationToken)
   at GitHub.Runner.Common.RunnerService.EstablishVssConnection(Uri serverUrl, VssCredentials credentials, TimeSpan timeout)
[2025-10-01 16:56:54Z INFO GitHubActionsService] Starting operation Location.GetConnectionData
[2025-10-01 16:56:54Z INFO GitHubActionsService] Starting operation Location.GetConnectionData
[2025-10-01 16:56:54Z ERR  GitHubActionsService] GET request to https://pipelinesghubeus6.actions.githubusercontent.com/hKyNd5hzQTjPqVOxuFp9CyJ2tMUr8ytJJ9FfsFju3bqhBGI0lq/_apis/connectionData?connectOptions=1&lastChangeId=258625537&lastChangeId64=258625537 failed. HTTP Status: NotFound
[2025-10-01 16:56:54Z INFO GitHubActionsService] Finished operation Location.GetConnectionData
[2025-10-01 16:56:54Z INFO RunnerServer] Catch exception during connect. 1 attempt left.
[2025-10-01 16:56:54Z ERR  RunnerServer] GitHub.Services.WebApi.VssServiceResponseException: The resource cannot be found.
   at GitHub.Services.WebApi.VssHttpClientBase.HandleResponseAsync(HttpResponseMessage response, CancellationToken cancellationToken)
   at GitHub.Services.WebApi.VssHttpClientBase.SendAsync(HttpRequestMessage message, HttpCompletionOption completionOption, Object userState, CancellationToken cancellationToken)
   at GitHub.Services.WebApi.VssHttpClientBase.SendAsync[T](HttpRequestMessage message, Object userState, CancellationToken cancellationToken)
   at GitHub.Services.Location.Client.LocationHttpClient.GetConnectionDataAsync(ConnectOptions connectOptions, Int64 lastChangeId, CancellationToken cancellationToken, Object userState)
   at GitHub.Services.WebApi.Location.VssServerDataProvider.GetConnectionDataAsync(ConnectOptions connectOptions, Int32 lastChangeId, CancellationToken cancellationToken)
   at GitHub.Services.WebApi.Location.VssServerDataProvider.ConnectAsync(ConnectOptions connectOptions, CancellationToken cancellationToken)
   at GitHub.Runner.Common.RunnerService.EstablishVssConnection(Uri serverUrl, VssCredentials credentials, TimeSpan timeout)
[2025-10-01 16:56:54Z ERR  GitHubActionsService] GET request to https://pipelinesghubeus6.actions.githubusercontent.com/hKyNd5hzQTjPqVOxuFp9CyJ2tMUr8ytJJ9FfsFju3bqhBGI0lq/_apis/connectionData?connectOptions=1&lastChangeId=258625537&lastChangeId64=258625537 failed. HTTP Status: NotFound
[2025-10-01 16:56:54Z INFO GitHubActionsService] Finished operation Location.GetConnectionData
[2025-10-01 16:56:54Z INFO RunnerServer] Catch exception during connect. 1 attempt left.
[2025-10-01 16:56:54Z ERR  RunnerServer] GitHub.Services.WebApi.VssServiceResponseException: The resource cannot be found.
   at GitHub.Services.WebApi.VssHttpClientBase.HandleResponseAsync(HttpResponseMessage response, CancellationToken cancellationToken)
   at GitHub.Services.WebApi.VssHttpClientBase.SendAsync(HttpRequestMessage message, HttpCompletionOption completionOption, Object userState, CancellationToken cancellationToken)
   at GitHub.Services.WebApi.VssHttpClientBase.SendAsync[T](HttpRequestMessage message, Object userState, CancellationToken cancellationToken)
   at GitHub.Services.Location.Client.LocationHttpClient.GetConnectionDataAsync(ConnectOptions connectOptions, Int64 lastChangeId, CancellationToken cancellationToken, Object userState)
   at GitHub.Services.WebApi.Location.VssServerDataProvider.GetConnectionDataAsync(ConnectOptions connectOptions, Int32 lastChangeId, CancellationToken cancellationToken)
   at GitHub.Services.WebApi.Location.VssServerDataProvider.ConnectAsync(ConnectOptions connectOptions, CancellationToken cancellationToken)
   at GitHub.Runner.Common.RunnerService.EstablishVssConnection(Uri serverUrl, VssCredentials credentials, TimeSpan timeout)
[2025-10-01 16:56:54Z INFO GitHubActionsService] Starting operation Location.GetConnectionData
[2025-10-01 16:56:55Z ERR  GitHubActionsService] GET request to https://pipelinesghubeus6.actions.githubusercontent.com/hKyNd5hzQTjPqVOxuFp9CyJ2tMUr8ytJJ9FfsFju3bqhBGI0lq/_apis/connectionData?connectOptions=1&lastChangeId=258625537&lastChangeId64=258625537 failed. HTTP Status: NotFound
[2025-10-01 16:56:55Z INFO GitHubActionsService] Finished operation Location.GetConnectionData
[2025-10-01 16:56:55Z INFO RunnerServer] Catch exception during connect. 1 attempt left.
[2025-10-01 16:56:55Z ERR  RunnerServer] GitHub.Services.WebApi.VssServiceResponseException: The resource cannot be found.
   at GitHub.Services.WebApi.VssHttpClientBase.HandleResponseAsync(HttpResponseMessage response, CancellationToken cancellationToken)
   at GitHub.Services.WebApi.VssHttpClientBase.SendAsync(HttpRequestMessage message, HttpCompletionOption completionOption, Object userState, CancellationToken cancellationToken)
   at GitHub.Services.WebApi.VssHttpClientBase.SendAsync[T](HttpRequestMessage message, Object userState, CancellationToken cancellationToken)
   at GitHub.Services.Location.Client.LocationHttpClient.GetConnectionDataAsync(ConnectOptions connectOptions, Int64 lastChangeId, CancellationToken cancellationToken, Object userState)
   at GitHub.Services.WebApi.Location.VssServerDataProvider.GetConnectionDataAsync(ConnectOptions connectOptions, Int32 lastChangeId, CancellationToken cancellationToken)
   at GitHub.Services.WebApi.Location.VssServerDataProvider.ConnectAsync(ConnectOptions connectOptions, CancellationToken cancellationToken)
   at GitHub.Runner.Common.RunnerService.EstablishVssConnection(Uri serverUrl, VssCredentials credentials, TimeSpan timeout)
[2025-10-01 16:56:55Z INFO GitHubActionsService] Starting operation Location.GetConnectionData
[2025-10-01 16:56:55Z INFO GitHubActionsService] Starting operation Location.GetConnectionData
[2025-10-01 16:56:55Z ERR  GitHubActionsService] GET request to https://pipelinesghubeus6.actions.githubusercontent.com/hKyNd5hzQTjPqVOxuFp9CyJ2tMUr8ytJJ9FfsFju3bqhBGI0lq/_apis/connectionData?connectOptions=1&lastChangeId=258625537&lastChangeId64=258625537 failed. HTTP Status: NotFound
[2025-10-01 16:56:55Z INFO GitHubActionsService] Finished operation Location.GetConnectionData
[2025-10-01 16:56:55Z ERR  GitHubActionsService] GET request to https://pipelinesghubeus6.actions.githubusercontent.com/hKyNd5hzQTjPqVOxuFp9CyJ2tMUr8ytJJ9FfsFju3bqhBGI0lq/_apis/connectionData?connectOptions=1&lastChangeId=258625537&lastChangeId64=258625537 failed. HTTP Status: NotFound
[2025-10-01 16:56:55Z INFO GitHubActionsService] Finished operation Location.GetConnectionData
[2025-10-01 16:56:55Z ERR  GitHubActionsService] GET request to https://pipelinesghubeus6.actions.githubusercontent.com/hKyNd5hzQTjPqVOxuFp9CyJ2tMUr8ytJJ9FfsFju3bqhBGI0lq/_apis/connectionData?connectOptions=1&lastChangeId=258625537&lastChangeId64=258625537 failed. HTTP Status: NotFound
[2025-10-01 16:56:55Z INFO GitHubActionsService] Finished operation Location.GetConnectionData
[2025-10-01 16:56:55Z ERR  BrokerMessageListener] Catch exception during create session.
[2025-10-01 16:56:55Z ERR  BrokerMessageListener] GitHub.Services.WebApi.VssServiceResponseException: The resource cannot be found.
   at GitHub.Services.WebApi.VssHttpClientBase.HandleResponseAsync(HttpResponseMessage response, CancellationToken cancellationToken)
   at GitHub.Services.WebApi.VssHttpClientBase.SendAsync(HttpRequestMessage message, HttpCompletionOption completionOption, Object userState, CancellationToken cancellationToken)
   at GitHub.Services.WebApi.VssHttpClientBase.SendAsync[T](HttpRequestMessage message, Object userState, CancellationToken cancellationToken)
   at GitHub.Services.Location.Client.LocationHttpClient.GetConnectionDataAsync(ConnectOptions connectOptions, Int64 lastChangeId, CancellationToken cancellationToken, Object userState)
   at GitHub.Services.WebApi.Location.VssServerDataProvider.GetConnectionDataAsync(ConnectOptions connectOptions, Int32 lastChangeId, CancellationToken cancellationToken)
   at GitHub.Services.WebApi.Location.VssServerDataProvider.ConnectAsync(ConnectOptions connectOptions, CancellationToken cancellationToken)
   at GitHub.Runner.Common.RunnerService.EstablishVssConnection(Uri serverUrl, VssCredentials credentials, TimeSpan timeout)
   at GitHub.Runner.Common.RunnerServer.ConnectAsync(Uri serverUrl, VssCredentials credentials)
   at GitHub.Runner.Listener.BrokerMessageListener.CreateSessionAsync(CancellationToken token)
[2025-10-01 16:56:55Z INFO BrokerMessageListener] Retriable exception: The resource cannot be found.
[2025-10-01 16:56:55Z INFO BrokerMessageListener] Sleeping for 30 seconds before retrying.
[2025-10-01 16:57:12Z INFO HostContext] Runner will be shutdown for UserCancelled
[2025-10-01 16:57:12Z INFO Listener] Runner execution been cancelled.
